date,country,E1_contagio,E2_tend_contagio,E3_presion_hosp,E4_tend_hosp,E5_restriccion,E6_tend_socioec,E7_preocupacion,A1_work,A2_school,A3_ptrans,A4_conf
2020-05-06,ES,0.14286,0.0,0.0485280588776448,0.0,81.94,0.0,0.8539558417663293,3.0,3.0,1.0,2.0
2020-05-07,ES,0.14748,0.00462,0.051858650757228,0.0033305918795831,81.94,0.0,0.8549793483249197,3.0,3.0,1.0,2.0
2020-05-08,ES,0.10766,-0.0398199999999999,0.0434884264671497,-0.0083702242900783,81.94,0.0,0.8489595510872107,3.0,3.0,1.0,2.0
2020-05-09,ES,0.20693,0.09927,0.0430253623188405,-0.0004630641483091,81.94,0.0,0.853713768115942,3.0,3.0,1.0,2.0
2020-05-10,ES,0.08043,-0.1265,0.04763986013986,0.0046144978210195,81.94,0.0,0.8420017482517482,3.0,3.0,1.0,2.0
2020-05-11,ES,0.09129,0.0108599999999999,0.0498203592814369,0.0021804991415768,81.94,0.0,0.8402395209580839,3.0,3.0,1.0,2.0
2020-05-12,ES,0.06164,-0.0296499999999999,0.0477132262051915,-0.0021071330762454,81.94,0.0,0.8393077873918418,3.0,3.0,1.0,2.0
2020-05-13,ES,0.07982,0.01818,0.051592199456924,0.0038789732517325,83.33,1.3900000000000006,0.823747222907924,3.0,3.0,1.0,2.0
2020-05-14,ES,0.07458,-0.00524,0.0556825264907541,0.00409032703383,83.33,0.0,0.827134843133181,3.0,3.0,1.0,2.0
2020-05-15,ES,0.08209,0.00751,0.0481028405556707,-0.0075796859350834,83.33,0.0,0.8080033174372797,3.0,3.0,1.0,2.0
2020-05-16,ES,0.09964,0.01755,0.0516412293539618,0.0035383887982911,83.33,0.0,0.8241689316328664,3.0,3.0,1.0,2.0
2020-05-17,ES,0.0809,-0.01874,0.0471639310201536,-0.0044772983338082,79.17,-4.159999999999997,0.8260959900270102,3.0,3.0,1.0,2.0
2020-05-18,ES,0.07891,-0.00199,0.0521678645954092,0.0050039335752556,79.17,0.0,0.8256434036633434,3.0,3.0,1.0,2.0
2020-05-19,ES,0.08873,0.00982,0.0517277486910994,-0.0004401159043097,79.17,0.0,0.8077486910994764,3.0,3.0,1.0,2.0
2020-05-20,ES,0.08219,-0.00654,0.0557091218371252,0.0039813731460257,79.17,0.0,0.8173506272591963,3.0,3.0,1.0,2.0
2020-05-21,ES,0.11581,0.03362,0.0574506283662477,0.0017415065291224,79.17,0.0,0.8049072411729503,3.0,3.0,1.0,2.0
2020-05-22,ES,0.07308,-0.0427299999999999,0.0570713391739674,-0.0003792891922803,75.46,-3.710000000000008,0.8022528160200251,2.0,3.0,1.0,2.0
2020-05-23,ES,0.13028,0.0572,0.0486185478689226,-0.0084527913050447,75.46,0.0,0.8166630970229171,2.0,3.0,1.0,2.0
2020-05-24,ES,0.02889,-0.10139,0.051770002046245,0.0031514541773223,75.46,0.0,0.8203396766932679,2.0,3.0,1.0,2.0
2020-05-25,ES,0.06667,0.0377799999999999,0.0519310495308748,0.0001610474846297,75.46,0.0,0.8020946977962033,2.0,3.0,1.0,2.0
2020-05-26,ES,0.10687,0.0402,0.0521757956267589,0.000244746095884,71.76,-3.6999999999999886,0.8021216713574367,2.0,2.0,1.0,2.0
2020-05-27,ES,0.06786,-0.03901,0.059096459096459,0.0069206634697,68.06,-3.700000000000003,0.7990231990231991,2.0,2.0,1.0,1.0
2020-05-28,ES,0.0603,-0.00756,0.0553243574051406,-0.0037721016913183,68.06,0.0,0.7818849449204406,2.0,2.0,1.0,1.0
2020-05-29,ES,0.07558,0.0152799999999999,0.0447682119205297,-0.0105561454846109,68.06,0.0,0.7827814569536424,2.0,2.0,1.0,1.0
2020-05-30,ES,0.1,0.02442,0.0442988204456094,-0.0004693914749203,68.06,0.0,0.7834862385321101,2.0,2.0,1.0,1.0
2020-05-31,ES,0.09343,-0.00657,0.0515746234596074,0.007275803013998,68.06,0.0,0.8071656777727065,2.0,2.0,1.0,1.0
2020-06-01,ES,0.09445,0.00102,0.0499139414802064,-0.001660681979401,66.67,-1.3900000000000006,0.8009179575444636,2.0,2.0,1.0,1.0
2020-06-02,ES,0.05567,-0.03878,0.048666483365411,-0.0012474581147953,66.67,0.0,0.7885620016497114,2.0,2.0,1.0,1.0
2020-06-03,ES,0.04492,-0.0107499999999999,0.0493895671476137,0.0007230837822026,66.67,0.0,0.7766370699223085,2.0,2.0,1.0,1.0
2020-06-04,ES,0.04839,0.00347,0.0493317132442283,-5.785390338540475e-05,66.67,0.0,0.7681652490886999,2.0,2.0,1.0,1.0
2020-06-05,ES,0.09784,0.0494499999999999,0.0492801771871537,-5.1536057074502706e-05,66.67,0.0,0.7583056478405316,2.0,2.0,1.0,1.0
2020-06-06,ES,0.05531,-0.04253,0.0499441964285713,0.0006640192414175,66.67,0.0,0.7720424107142857,2.0,2.0,1.0,1.0
2020-06-07,ES,0.07055,0.01524,0.047642928786359,-0.0023012676422123,66.67,0.0,0.7978936810431294,2.0,2.0,1.0,1.0
2020-06-08,ES,0.08305,0.0124999999999999,0.0479490022172948,0.0003060734309357,57.41,-9.260000000000003,0.779379157427938,1.0,2.0,0.0,1.0
2020-06-09,ES,0.07176,-0.0112899999999999,0.0589101620029453,0.0109611597856505,57.41,0.0,0.7561119293078056,1.0,2.0,0.0,1.0
2020-06-10,ES,0.03755,-0.03421,0.0571512309495896,-0.0017589310533557,57.41,0.0,0.7593786635404455,1.0,2.0,0.0,1.0
2020-06-11,ES,0.0568,0.01925,0.0525841346153845,-0.0045670963342051,57.41,0.0,0.7451923076923077,1.0,2.0,0.0,1.0
2020-06-12,ES,0.06602,0.0092199999999999,0.050436742744435,-0.0021473918709494,57.41,0.0,0.7368272752888138,1.0,2.0,0.0,1.0
2020-06-13,ES,0.06875,0.00273,0.0468369829683696,-0.0035997597760653,57.41,0.0,0.7566909975669099,1.0,2.0,0.0,1.0
2020-06-14,ES,0.12381,0.05506,0.0488095238095237,0.001972540841154,57.41,0.0,0.7723214285714286,1.0,2.0,0.0,1.0
2020-06-15,ES,0.10508,-0.0187299999999999,0.0541989279332935,0.0053894041237698,57.41,0.0,0.7581893984514592,1.0,2.0,0.0,1.0
2020-06-16,ES,0.04545,-0.05963,0.054054054054054,-0.0001448738792395,57.41,0.0,0.7594007050528789,1.0,2.0,0.0,1.0
2020-06-17,ES,0.04762,0.00217,0.0465611685940352,-0.0074928854600187,57.41,0.0,0.7452830188679245,1.0,2.0,0.0,1.0
2020-06-18,ES,0.0974,0.04978,0.0427621159328475,-0.0037990526611876,57.41,0.0,0.7529299968324359,1.0,2.0,0.0,1.0
2020-06-19,ES,0.04394,-0.05346,0.0431789737171463,0.0004168577842987,57.41,0.0,0.7546933667083855,1.0,2.0,0.0,1.0
2020-06-20,ES,0.09038,0.04644,0.0446084724005133,0.001429498683367,57.41,0.0,0.7493581514762516,1.0,2.0,0.0,1.0
2020-06-21,ES,0.1,0.00962,0.0425232328921429,-0.0020852395083704,41.2,-16.209999999999994,0.7482399324134047,1.0,2.0,0.0,0.0
2020-06-22,ES,0.05769,-0.04231,0.0442073170731706,0.0016840841810277,41.2,0.0,0.7695121951219512,1.0,2.0,0.0,0.0
2020-06-23,ES,0.09187,0.0341799999999999,0.0429884375926474,-0.0012188794805232,41.2,0.0,0.7518529498962349,1.0,2.0,0.0,0.0
2020-06-24,ES,0.1,0.00813,0.0426711000277084,-0.0003173375649389,41.2,0.0,0.743973399833749,1.0,2.0,0.0,0.0
2020-06-25,ES,0.0087,-0.0913,0.0355841972541327,-0.0070869027735757,41.2,0.0,0.7520313813393107,1.0,2.0,0.0,0.0
2020-06-26,ES,0.04762,0.03892,0.0407659048795552,0.0051817076254224,41.2,0.0,0.7393452748610253,1.0,2.0,0.0,0.0
2020-06-27,ES,0.10129,0.05367,0.0376031794558237,-0.0031627254237314,41.2,0.0,0.7636808315499847,1.0,2.0,0.0,0.0
2020-06-28,ES,0.07755,-0.02374,0.0402397260273972,0.0026365465715734,41.2,0.0,0.776255707762557,1.0,2.0,0.0,0.0
2020-06-29,ES,0.13781,0.0602599999999999,0.0394029850746266,-0.0008367409527705,41.2,0.0,0.7483582089552239,1.0,2.0,0.0,0.0
2020-06-30,ES,0.12439,-0.0134199999999999,0.0389257694628847,-0.0004772156117419,41.2,0.0,0.7459263729631865,1.0,2.0,0.0,0.0
2020-07-01,ES,0.03984,-0.08455,0.036507453605111,-0.0024183158577737,41.2,0.0,0.7261940979616672,1.0,2.0,0.0,0.0
2020-07-02,ES,0.08067,0.04083,0.043525179856115,0.007017726251004,41.2,0.0,0.7241007194244604,1.0,2.0,0.0,0.0
2020-07-03,ES,0.03902,-0.04165,0.046260601387818,0.0027354215317029,41.2,0.0,0.7170393215111797,1.0,2.0,0.0,0.0
2020-07-04,ES,0.11776,0.07874,0.0349361382419233,-0.0113244631458946,56.94,15.739999999999997,0.7359128474830954,1.0,2.0,0.0,1.0
2020-07-05,ES,0.12687,0.00911,0.04314381270903,0.0082076744671066,56.94,0.0,0.7535117056856188,1.0,2.0,0.0,1.0
2020-07-06,ES,0.11511,-0.01176,0.0382145150931277,-0.0049292976159023,56.94,0.0,0.7719974309569685,1.0,2.0,0.0,1.0
2020-07-07,ES,0.01625,-0.09886,0.0342229199372056,-0.003991595155922,56.94,0.0,0.7453689167974882,1.0,2.0,0.0,1.0
2020-07-08,ES,0.15966,0.1434099999999999,0.0382700684505288,0.0040471485133232,56.94,0.0,0.7411325451151214,1.0,2.0,0.0,1.0
2020-07-09,ES,0.10566,-0.0539999999999999,0.0414542983350322,0.0031842298845033,56.94,0.0,0.7373428474345906,1.0,2.0,0.0,1.0
2020-07-10,ES,0.06977,-0.03589,0.0307692307692307,-0.0106850675658015,56.94,0.0,0.7486013986013986,1.0,2.0,0.0,1.0
2020-07-11,ES,0.06,-0.00977,0.0358126721763083,0.0050434414070776,56.94,0.0,0.7333333333333333,1.0,2.0,0.0,1.0
2020-07-12,ES,0.04,-0.0199999999999999,0.0332043842682139,-0.0026082879080944,56.94,0.0,0.750161186331399,1.0,2.0,0.0,1.0
2020-07-13,ES,0.0,-0.04,0.0352409638554216,0.0020365795872077,56.94,0.0,0.7590361445783133,1.0,2.0,0.0,1.0
2020-07-14,ES,0.05,0.05,0.0342756183745582,-0.0009653454808634,56.94,0.0,0.7439929328621908,1.0,2.0,0.0,1.0
2020-07-15,ES,0.08627,0.03627,0.0406607369758576,0.0063851186012994,64.35,7.409999999999997,0.740279542566709,2.0,2.0,0.0,2.0
2020-07-16,ES,0.1098,0.02353,0.0320399764844209,-0.0086207604914366,64.35,0.0,0.7239858906525574,2.0,2.0,0.0,2.0
2020-07-17,ES,0.13333,0.0235299999999999,0.0367932994316481,0.0047533229472271,64.35,0.0,0.7340711935387376,2.0,2.0,0.0,2.0
2020-07-18,ES,0.100665,-0.032665,0.033352668213457,-0.003440631218191,64.35,0.0,0.7621809744779582,2.0,2.0,0.0,2.0
2020-07-19,ES,0.068,-0.032665,0.0373312152501985,0.0039785470367414,64.35,0.0,0.7603918453799312,2.0,2.0,0.0,2.0
2020-07-20,ES,0.11429,0.04629,0.0372818614489687,-4.9353801229799765e-05,64.35,0.0,0.7644103648863035,2.0,2.0,0.0,2.0
2020-07-21,ES,0.06686,-0.04743,0.0369989722507707,-0.000282889198198,64.35,0.0,0.7559095580678314,2.0,2.0,0.0,2.0
2020-07-22,ES,0.07273,0.00587,0.0425361155698233,0.0055371433190525,64.35,0.0,0.7386302835741038,2.0,2.0,0.0,2.0
2020-07-23,ES,0.071365,-0.0013649999999999,0.0362991266375545,-0.0062369889322687,64.35,0.0,0.7311681222707423,2.0,2.0,0.0,2.0
2020-07-24,ES,0.07,-0.001365,0.039296510030228,0.0029973833926734,64.35,0.0,0.7557021159659247,2.0,2.0,0.0,2.0
2020-07-25,ES,0.16,0.09,0.0354374307862679,-0.0038590792439601,64.35,0.0,0.7538759689922481,2.0,2.0,0.0,2.0
2020-07-26,ES,0.15765,-0.0023499999999999,0.0361353152229625,0.0006978844366945,64.35,0.0,0.7816504356740134,2.0,2.0,0.0,2.0
2020-07-27,ES,0.10714,-0.05051,0.0414494264859226,0.0053141112629601,64.35,0.0,0.7927528675703858,2.0,2.0,0.0,2.0
2020-07-28,ES,0.03333,-0.07381,0.0377668308702789,-0.0036825956156436,64.35,0.0,0.7687465790914066,2.0,2.0,0.0,2.0
2020-07-29,ES,0.04817,0.0148399999999999,0.0359442060085836,-0.0018226248616953,64.35,0.0,0.7513412017167382,2.0,2.0,0.0,2.0
2020-07-30,ES,0.06301,0.0148399999999999,0.0427114907688067,0.006767284760223,64.35,0.0,0.737668779278038,2.0,2.0,0.0,2.0
2020-07-31,ES,0.08421,0.0211999999999999,0.0424757281553397,-0.0002357626134669,64.35,0.0,0.7597087378640777,2.0,2.0,0.0,2.0
2020-08-01,ES,0.1,0.01579,0.0377962844330557,-0.0046794437222839,64.35,0.0,0.7783472133247918,2.0,2.0,0.0,2.0
2020-08-02,ES,0.125,0.0249999999999999,0.0376749192680299,-0.0001213651650257,64.35,0.0,0.7752960172228203,2.0,2.0,0.0,2.0
2020-08-03,ES,0.15,0.025,0.0438413361169101,0.0061664168488801,64.35,0.0,0.7626006561288399,2.0,2.0,0.0,2.0
2020-08-04,ES,0.175,0.0249999999999999,0.0424937965260545,-0.0013475395908556,64.35,0.0,0.7583746898263027,2.0,2.0,0.0,2.0
2020-08-05,ES,0.2,0.0249999999999999,0.0366784037558685,-0.005815392770186,64.35,0.0,0.7523474178403756,2.0,2.0,0.0,2.0
2020-08-06,ES,0.13913,-0.06087,0.0385900941962928,0.0019116904404243,64.35,0.0,0.7553934974171984,2.0,2.0,0.0,2.0
2020-08-07,ES,0.07385,-0.06528,0.0358024691358024,-0.0027876250604903,64.35,0.0,0.7638888888888888,2.0,2.0,0.0,2.0
2020-08-08,ES,0.095,0.02115,0.0408345752608047,0.0050321061250023,64.35,0.0,0.7734724292101341,2.0,2.0,0.0,2.0
2020-08-09,ES,0.16667,0.07167,0.0386666666666666,-0.0021679085941381,64.35,0.0,0.7829333333333334,2.0,2.0,0.0,2.0
2020-08-10,ES,0.05882,-0.10785,0.0400860909335485,0.0014194242668819,60.65,-3.699999999999996,0.7877320419693301,2.0,2.0,0.0,1.0
2020-08-11,ES,0.08,0.02118,0.0413472070098575,0.001261116076309,60.65,0.0,0.7620481927710844,2.0,2.0,0.0,1.0
2020-08-12,ES,0.11707,0.0370699999999999,0.0374214695438404,-0.003925737466017,60.65,0.0,0.771100792133297,2.0,2.0,0.0,1.0
2020-08-13,ES,0.07282,-0.04425,0.0414066931366988,0.0039852235928583,60.65,0.0,0.7623369256948384,2.0,2.0,0.0,1.0
2020-08-14,ES,0.09562,0.0228,0.036720751494449,-0.0046859416422497,62.5,1.8500000000000016,0.7677198975234842,2.0,2.0,0.0,1.0
2020-08-15,ES,0.04,-0.0556199999999999,0.0401252134319863,0.0034044619375372,62.5,0.0,0.774046670461013,2.0,2.0,0.0,1.0
2020-08-16,ES,0.03778,-0.0022199999999999,0.0361067503924645,-0.0040184630395218,62.5,0.0,0.7904238618524333,2.0,2.0,0.0,1.0
2020-08-17,ES,0.08808,0.0503,0.0379577653033947,0.0018510149109302,62.5,0.0,0.7735899492114408,2.0,2.0,0.0,1.0
2020-08-18,ES,0.05333,-0.03475,0.0396654074473825,0.0017076421439877,62.5,0.0,0.7806260118726389,2.0,2.0,0.0,1.0
2020-08-19,ES,0.14,0.08667,0.0350235232618922,-0.0046418841854902,62.5,0.0,0.7765290120230005,2.0,2.0,0.0,1.0
2020-08-20,ES,0.01818,-0.12182,0.0425704989154012,0.0075469756535089,62.5,0.0,0.7668112798264642,2.0,2.0,0.0,1.0
2020-08-21,ES,0.05333,0.03515,0.0334572490706319,-0.0091132498447693,62.5,0.0,0.7716409984067977,2.0,2.0,0.0,1.0
2020-08-22,ES,0.05747,0.0041399999999999,0.0378016085790883,0.0043443595084564,62.5,0.0,0.7731903485254692,2.0,2.0,0.0,1.0
2020-08-23,ES,0.05,-0.0074699999999999,0.0361097737120846,-0.0016918348670037,62.5,0.0,0.8040442946557534,2.0,2.0,0.0,1.0
2020-08-24,ES,0.1634,0.1133999999999999,0.0443577869851327,0.0082480132730481,62.5,0.0,0.7933219595417987,2.0,2.0,0.0,1.0
2020-08-25,ES,0.065,-0.0983999999999999,0.0348283638185917,-0.0095294231665409,62.5,0.0,0.7822600851916813,2.0,2.0,0.0,1.0
2020-08-26,ES,0.14,0.075,0.0392251815980629,0.0043968177794712,62.5,0.0,0.763680387409201,2.0,2.0,0.0,1.0
2020-08-27,ES,0.05,-0.09,0.0348749052312357,-0.0043502763668272,62.5,0.0,0.7611827141774071,2.0,2.0,0.0,1.0
2020-08-28,ES,0.06667,0.0166699999999999,0.039284746681116,0.0044098414498803,62.5,0.0,0.759956651314007,2.0,2.0,0.0,1.0
2020-08-29,ES,0.0,-0.06667,0.0385254988913525,-0.0007592477897635,62.5,0.0,0.7779933481152993,2.0,2.0,0.0,1.0
2020-08-30,ES,0.15238,0.15238,0.0374512353706111,-0.0010742635207414,62.5,0.0,0.7836150845253576,2.0,2.0,0.0,1.0
2020-08-31,ES,0.1,-0.0523799999999999,0.0431903253671177,0.0057390899965066,62.5,0.0,0.7817448891448315,2.0,2.0,0.0,1.0
2020-09-01,ES,0.08,-0.02,0.0406926406926406,-0.002497684674477,62.5,0.0,0.7818181818181819,2.0,2.0,0.0,1.0
2020-09-02,ES,0.06,-0.0199999999999999,0.0357649730343457,-0.0049276676582948,62.5,0.0,0.7544706216292932,2.0,2.0,0.0,1.0
2020-09-03,ES,0.04,-0.02,0.0434782608695651,0.0077132878352193,62.5,0.0,0.7596448254745867,2.0,2.0,0.0,1.0
2020-09-04,ES,0.17273,0.13273,0.039843239712606,-0.003635021156959,62.5,0.0,0.7531025473546702,2.0,2.0,0.0,1.0
2020-09-05,ES,0.11143,-0.0612999999999999,0.0432213930348258,0.0033781533222197,62.5,0.0,0.769589552238806,2.0,2.0,0.0,1.0
2020-09-06,ES,0.04242,-0.06901,0.0392731535756154,-0.0039482394592103,62.5,0.0,0.772274325908558,2.0,2.0,0.0,1.0
2020-09-07,ES,0.06154,0.0191199999999999,0.0400734169470785,0.000800263371463,60.65,-1.8500000000000016,0.7821963903334354,2.0,2.0,0.0,1.0
2020-09-08,ES,0.26154,0.2,0.041137326073805,0.0010639091267265,60.65,0.0,0.7743496672716274,2.0,2.0,0.0,1.0
2020-09-09,ES,0.46154,0.2,0.0355472404115995,-0.0055900856622055,60.65,0.0,0.7452447770502026,2.0,2.0,0.0,1.0
2020-09-10,ES,0.1,-0.36154,0.0449438202247189,0.0093965798131194,60.65,0.0,0.7446941323345818,2.0,2.0,0.0,1.0
2020-09-11,ES,0.09,-0.01,0.03744,-0.0075038202247189,60.65,0.0,0.76544,2.0,2.0,0.0,1.0
2020-09-12,ES,0.08,-0.0099999999999999,0.0346232179226069,-0.0028167820773931,60.65,0.0,0.7640868974881195,2.0,2.0,0.0,1.0
2020-09-13,ES,0.17249,0.09249,0.0431282346175962,0.0085050166949893,60.65,0.0,0.7814836112708453,2.0,2.0,0.0,1.0
2020-09-14,ES,0.0814,-0.09109,0.0415537488708219,-0.0015744857467742,60.65,0.0,0.7594098163203854,2.0,2.0,0.0,1.0
2020-09-15,ES,0.15765,0.07625,0.047648514851485,0.0060947659806631,60.65,0.0,0.7530940594059405,2.0,2.0,0.0,1.0
2020-09-16,ES,0.13462,-0.02303,0.0464497041420117,-0.0011988107094733,60.65,0.0,0.7467455621301775,2.0,2.0,0.0,1.0
2020-09-17,ES,0.12281,-0.0118099999999999,0.0398791540785498,-0.0065705500634619,60.65,0.0,0.7447129909365559,2.0,2.0,0.0,1.0
2020-09-18,ES,0.06667,-0.05614,0.0400372439478583,0.0001580898693085,60.65,0.0,0.7247051520794537,2.0,2.0,0.0,1.0
2020-09-19,ES,0.18182,0.11515,0.0367843369919904,-0.0032529069558678,60.65,0.0,0.7356867398398101,2.0,2.0,0.0,1.0
2020-09-20,ES,0.08041,-0.10141,0.0375771172181715,0.0007927802261811,60.65,0.0,0.7484576556365676,2.0,2.0,0.0,1.0
2020-09-21,ES,0.08826,0.00785,0.0429912201029366,0.005414102884765,60.65,0.0,0.7393278837420527,2.0,2.0,0.0,1.0
2020-09-22,ES,0.15679,0.06853,0.0407608695652173,-0.0022303505377192,60.65,0.0,0.7527173913043478,2.0,2.0,0.0,1.0
2020-09-23,ES,0.25,0.0932099999999999,0.039809863339275,-0.0009510062259423,60.65,0.0,0.7358882947118242,2.0,2.0,0.0,1.0
2020-09-24,ES,0.12152,-0.1284799999999999,0.0470967741935482,0.0072869108542732,60.65,0.0,0.7322580645161291,2.0,2.0,0.0,1.0
2020-09-25,ES,0.125695,0.0041749999999999,0.0392282958199356,-0.0078684783736126,60.65,0.0,0.7192926045016077,2.0,2.0,0.0,1.0
2020-09-26,ES,0.12987,0.004175,0.0413902053712479,0.0021619095513122,60.65,0.0,0.7500789889415482,2.0,2.0,0.0,1.0
2020-09-27,ES,0.16429,0.0344199999999999,0.0435588507877664,0.0021686454165185,60.65,0.0,0.7488415199258572,2.0,2.0,0.0,1.0
2020-09-28,ES,0.20847,0.04418,0.0417201540436455,-0.0018386967441208,60.65,0.0,0.743581514762516,2.0,2.0,0.0,1.0
2020-09-29,ES,0.03889,-0.1695799999999999,0.0435772357723577,0.0018570817287121,60.65,0.0,0.7291056910569106,2.0,2.0,0.0,1.0
2020-09-30,ES,0.04,0.0011099999999999,0.0497125464998308,0.006135310727473,60.65,0.0,0.7169428474805546,2.0,2.0,0.0,1.0
2020-10-01,ES,0.26,0.22,0.0471533356618929,-0.0025592108379378,60.65,0.0,0.7408312958435208,2.0,2.0,0.0,1.0
2020-10-02,ES,0.09615,-0.16385,0.0487804878048779,0.0016271521429849,60.65,0.0,0.7080041222947441,2.0,2.0,0.0,1.0
2020-10-03,ES,0.21429,0.11814,0.0392739273927391,-0.0095065604121388,60.65,0.0,0.7313531353135313,2.0,2.0,0.0,1.0
2020-10-04,ES,0.12645,-0.08784,0.039010466222645,-0.0002634611700941,60.65,0.0,0.7532508721852205,2.0,2.0,0.0,1.0
2020-10-05,ES,0.16923,0.0427799999999999,0.0487562189054725,0.0097457526828275,60.65,0.0,0.7469320066334991,2.0,2.0,0.0,1.0
2020-10-06,ES,0.33333,0.1641,0.0441079657669518,-0.0046482531385207,60.65,0.0,0.7363396971691902,2.0,2.0,0.0,1.0
2020-10-07,ES,0.15,-0.18333,0.0422676954042267,-0.001840270362725,64.35,3.699999999999996,0.7071452532707145,2.0,3.0,0.0,1.0
2020-10-08,ES,0.22308,0.07308,0.0396737115313309,-0.0025939838728957,64.35,0.0,0.7067111605487579,2.0,3.0,0.0,1.0
2020-10-09,ES,0.19355,-0.02953,0.044407894736842,0.004734183205511,64.35,0.0,0.7125822368421053,2.0,3.0,0.0,1.0
2020-10-10,ES,1.0,0.80645,0.0409407665505225,-0.0034671281863195,64.35,0.0,0.7260452961672473,2.0,3.0,0.0,1.0
2020-10-11,ES,0.5700000000000001,-0.4299999999999999,0.0434248258910282,0.0024840593405057,64.35,0.0,0.747644408029496,2.0,3.0,0.0,1.0
2020-10-12,ES,0.14,-0.43,0.047521507578861,0.0040966816878328,64.35,0.0,0.7681278164686604,2.0,3.0,0.0,1.0
2020-10-13,ES,0.06433,-0.07567,0.0390930414386238,-0.0084284661402371,64.35,0.0,0.7521501172791243,2.0,3.0,0.0,1.0
2020-10-14,ES,0.14378,0.0794499999999999,0.0347113884555382,-0.0043816529830856,64.35,0.0,0.7265990639625585,2.0,3.0,0.0,1.0
2020-10-15,ES,0.14318,-0.0005999999999999,0.0373532550693702,0.0026418666138319,64.35,0.0,0.7065101387406617,2.0,3.0,0.0,1.0
2020-10-16,ES,0.13918,-0.004,0.0456956344349245,0.0083423793655542,64.35,0.0,0.7192982456140351,2.0,3.0,0.0,1.0
2020-10-17,ES,0.07556,-0.06362,0.0432276657060518,-0.0024679687288726,64.35,0.0,0.722107863318238,2.0,3.0,0.0,1.0
2020-10-18,ES,0.40367,0.3281099999999999,0.0467107824056051,0.0034831166995533,64.35,0.0,0.729466718567536,2.0,3.0,0.0,1.0
2020-10-19,ES,0.12798,-0.27569,0.0433763188745602,-0.0033344635310449,64.35,0.0,0.7248925361469324,2.0,3.0,0.0,1.0
2020-10-20,ES,0.05227,-0.07571,0.0460348162475821,0.0026584973730219,64.35,0.0,0.7315280464216635,2.0,3.0,0.0,1.0
2020-10-21,ES,0.16,0.10773,0.0458142440649729,-0.0002205721826092,64.35,0.0,0.7280299875052062,2.0,3.0,0.0,1.0
2020-10-22,ES,0.11573,-0.04427,0.0463875205254515,0.0005732764604786,58.8,-5.549999999999997,0.6933497536945813,2.0,1.0,0.0,1.0
2020-10-23,ES,0.15,0.0342699999999999,0.0470085470085469,0.0006210264830953,58.8,0.0,0.7055555555555556,2.0,1.0,0.0,1.0
2020-10-24,ES,0.15217,0.00217,0.0437367303609341,-0.0032718166476128,58.8,0.0,0.7138004246284501,2.0,1.0,0.0,1.0
2020-10-25,ES,0.20151,0.0493399999999999,0.035014589412255,-0.008722140948679,71.3,12.5,0.7344726969570654,2.0,1.0,0.0,2.0
2020-10-26,ES,0.10185,-0.09966,0.0286458333333333,-0.0063687560789216,71.3,0.0,0.7135416666666666,2.0,1.0,0.0,2.0
2020-10-27,ES,0.12434,0.02249,0.0377733598409542,0.0091275265076209,71.3,0.0,0.7253147779986746,2.0,1.0,0.0,2.0
2020-10-28,ES,0.14239,0.0180499999999999,0.0455150385946232,0.0077416787536689,71.3,0.0,0.7109395794516902,2.0,1.0,0.0,2.0
2020-10-29,ES,0.10968,-0.0327099999999999,0.0463875205254515,0.0008724819308283,71.3,0.0,0.7023809523809523,2.0,1.0,0.0,2.0
2020-10-30,ES,0.12245,0.01277,0.0455560518088431,-0.0008314687166083,71.3,0.0,0.7092451987494417,2.0,1.0,0.0,2.0
2020-10-31,ES,0.11446,-0.0079899999999999,0.0391264786169244,-0.0064295731919187,71.3,0.0,0.7133757961783439,2.0,1.0,0.0,2.0
2020-11-01,ES,0.21019,0.0957299999999999,0.0382978723404255,-0.0008286062764989,71.3,0.0,0.7370212765957447,2.0,1.0,0.0,2.0
2020-11-02,ES,0.07292,-0.13727,0.0490998363338788,0.0108019639934533,71.3,0.0,0.7377250409165302,2.0,1.0,0.0,2.0
2020-11-03,ES,0.14528,0.07236,0.047921967769296,-0.0011778685645828,71.3,0.0,0.7408821034775234,2.0,1.0,0.0,2.0
2020-11-04,ES,0.25364,0.1083599999999999,0.0438675022381378,-0.0040544655311582,71.3,0.0,0.7130707251566697,2.0,1.0,0.0,2.0
2020-11-05,ES,0.20571,-0.0479299999999999,0.0540037243947856,0.0101362221566478,71.3,0.0,0.6941340782122905,2.0,1.0,0.0,2.0
2020-11-06,ES,0.24742,0.04171,0.0449041372351159,-0.0090995871596697,71.3,0.0,0.6962663975782039,2.0,1.0,0.0,2.0
2020-11-07,ES,0.10606,-0.1413599999999999,0.0376528117359412,-0.0072513254991746,71.3,0.0,0.7246943765281174,2.0,1.0,0.0,2.0
2020-11-08,ES,0.15508,0.0490199999999999,0.0510009532888464,0.0133481415529051,71.3,0.0,0.734509056244042,2.0,1.0,0.0,2.0
2020-11-09,ES,0.09195,-0.0631299999999999,0.0501738698460009,-0.0008270834428455,71.3,0.0,0.7292598112270243,2.0,1.0,0.0,2.0
2020-11-10,ES,0.18929,0.09734,0.0545630130371799,0.004389143191179,71.3,0.0,0.7204249154997586,2.0,1.0,0.0,2.0
2020-11-11,ES,0.12267,-0.06662,0.0473372781065087,-0.0072257349306712,71.3,0.0,0.6933835395373857,2.0,1.0,0.0,2.0
2020-11-12,ES,0.25,0.12733,0.0425160163075131,-0.0048212617989955,71.3,0.0,0.7157833430401864,2.0,1.0,0.0,2.0
2020-11-13,ES,0.22222,-0.02778,0.0408026755852842,-0.0017133407222289,71.3,0.0,0.6956521739130435,2.0,1.0,0.0,2.0
2020-11-14,ES,0.26207,0.03985,0.0480591497227356,0.0072564741374514,71.3,0.0,0.7134935304990758,2.0,1.0,0.0,2.0
2020-11-15,ES,0.18395,-0.07812,0.0499999999999999,0.0019408502772642,71.3,0.0,0.7322222222222222,2.0,1.0,0.0,2.0
2020-11-16,ES,0.0647,-0.11925,0.0492554410080181,-0.0007445589919817,71.3,0.0,0.7193585337915235,2.0,1.0,0.0,2.0
2020-11-17,ES,0.14,0.0753,0.0480324074074073,-0.0012230336006108,71.3,0.0,0.6996527777777778,2.0,1.0,0.0,2.0
2020-11-18,ES,0.17734,0.0373399999999999,0.0390977443609022,-0.0089346630465051,71.3,0.0,0.718796992481203,2.0,1.0,0.0,2.0
2020-11-19,ES,0.11395,-0.06339,0.047084233261339,0.0079864889004368,71.3,0.0,0.7287257019438445,2.0,1.0,0.0,2.0
2020-11-20,ES,0.11667,0.00272,0.0535077288941735,0.0064234956328344,71.3,0.0,0.6971858898137139,2.0,1.0,0.0,2.0
2020-11-21,ES,0.10472,-0.01195,0.0355140186915887,-0.0179937102025848,71.3,0.0,0.7050467289719626,2.0,1.0,0.0,2.0
2020-11-22,ES,0.15691,0.05219,0.0432206343673753,0.0077066156757866,71.3,0.0,0.7288253746950157,2.0,1.0,0.0,2.0
2020-11-23,ES,0.04,-0.1169099999999999,0.0582959641255604,0.0150753297581851,71.3,0.0,0.6485935589074603,2.0,1.0,0.0,2.0
2020-11-24,ES,0.3,0.26,0.0473305566073456,-0.0109654075182148,71.3,0.0,0.6118894358197653,2.0,1.0,0.0,2.0
2020-11-25,ES,0.12935,-0.17065,0.0468461822205827,-0.0004843743867628,71.3,0.0,0.6455182589450388,2.0,1.0,0.0,2.0
2020-11-26,ES,0.0716,-0.0577499999999999,0.0432917316692667,-0.003554450551316,71.3,0.0,0.6037441497659907,2.0,1.0,0.0,2.0
2020-11-27,ES,0.1,0.0284,0.0457564575645755,0.0024647258953088,71.3,0.0,0.6214022140221402,2.0,1.0,0.0,2.0
2020-11-28,ES,0.13793,0.0379299999999999,0.0401740877134247,-0.0055823698511508,71.3,0.0,0.655507197857382,2.0,1.0,0.0,2.0
2020-11-29,ES,0.17647,0.0385399999999999,0.0335336918696614,-0.0066403958437632,71.3,0.0,0.6611831698829485,2.0,1.0,0.0,2.0
2020-11-30,ES,0.11756,-0.0589099999999999,0.0452937013446567,0.0117600094749952,71.3,0.0,0.6560509554140127,2.0,1.0,0.0,2.0
2020-12-01,ES,0.18,0.0624399999999999,0.0495185694635487,0.004224868118892,71.3,0.0,0.6134800550206327,2.0,1.0,0.0,2.0
2020-12-02,ES,0.15714,-0.0228599999999999,0.041757443718228,-0.0077611257453206,71.3,0.0,0.6209150326797386,2.0,1.0,0.0,2.0
2020-12-03,ES,0.14615,-0.01099,0.0365329512893982,-0.0052244924288298,71.3,0.0,0.6142550143266475,2.0,1.0,0.0,2.0
2020-12-04,ES,0.09313,-0.05302,0.0425079702444207,0.0059750189550225,71.3,0.0,0.6277010272759476,2.0,1.0,0.0,2.0
2020-12-05,ES,0.04444,-0.04869,0.0438744515693553,0.0013664813249345,71.3,0.0,0.6361795477556531,2.0,1.0,0.0,2.0
2020-12-06,ES,0.08954,0.0450999999999999,0.0346912794398472,-0.0091831721295081,71.3,0.0,0.6553150859325271,2.0,1.0,0.0,2.0
2020-12-07,ES,0.13529,0.04575,0.0387791741472171,0.0040878947073699,71.3,0.0,0.6746858168761221,2.0,1.0,0.0,2.0
2020-12-08,ES,0.15447,0.01918,0.0387874837027379,8.309555520800982e-06,71.3,0.0,0.6877444589308996,2.0,1.0,0.0,2.0
2020-12-09,ES,0.1651833333333333,0.0107133333333333,0.042407660738714,0.003620177035976,71.3,0.0,0.6761285909712722,2.0,1.0,0.0,2.0
2020-12-10,ES,0.1758966666666666,0.0107133333333333,0.0515647226173541,0.0091570618786401,71.3,0.0,0.6116642958748222,2.0,1.0,0.0,2.0
2020-12-11,ES,0.18661,0.0107133333333333,0.0372604684173171,-0.0143042542000369,71.3,0.0,0.6536550745209369,2.0,1.0,0.0,2.0
2020-12-12,ES,0.1973233333333333,0.0107133333333333,0.0445082555635317,0.0072477871462146,71.3,0.0,0.6629576453697057,2.0,1.0,0.0,2.0
2020-12-13,ES,0.2080366666666666,0.0107133333333333,0.0411184210526315,-0.0033898345109002,71.3,0.0,0.6763157894736842,2.0,1.0,0.0,2.0
2020-12-14,ES,0.21875,0.0107133333333333,0.041802136553646,0.0006837155010144,71.3,0.0,0.683000464468184,2.0,1.0,0.0,2.0
2020-12-15,ES,0.130515,-0.088235,0.0393931328187383,-0.0024090037349076,71.3,0.0,0.6510513707745542,2.0,1.0,0.0,2.0
2020-12-16,ES,0.04228,-0.088235,0.0426390089311436,0.0032458761124053,71.3,0.0,0.641313742437338,2.0,1.0,0.0,2.0
2020-12-17,ES,0.04989,0.0076099999999999,0.0451474201474201,0.0025084112162764,71.3,0.0,0.6332923832923832,2.0,1.0,0.0,2.0
2020-12-18,ES,0.22797,0.17808,0.0422444372782973,-0.0029029828691228,71.3,0.0,0.6165752982908739,2.0,1.0,0.0,2.0
2020-12-19,ES,0.10549,-0.12248,0.0370136032900978,-0.0052308339881994,71.3,0.0,0.6428345460297374,2.0,1.0,0.0,2.0
2020-12-20,ES,0.09911,-0.0063799999999999,0.0401759530791788,0.0031623497890809,71.3,0.0,0.6656891495601173,2.0,1.0,0.0,2.0
2020-12-21,ES,0.14216,0.04305,0.0428873452129264,0.0027113921337476,71.3,0.0,0.640289942615524,2.0,1.0,0.0,2.0
2020-12-22,ES,0.15625,0.0140899999999999,0.0391975308641974,-0.003689814348729,71.3,0.0,0.6401234567901235,2.0,1.0,0.0,2.0
2020-12-23,ES,0.06053,-0.09572,0.0405224380442062,0.0013249071800087,78.7,7.400000000000006,0.6255860683188211,2.0,3.0,0.0,2.0
2020-12-24,ES,0.10455,0.04402,0.0389360061680801,-0.0015864318761261,78.7,0.0,0.6676946800308404,2.0,3.0,0.0,2.0
2020-12-25,ES,0.16545,0.0609,0.0331616226658081,-0.005774383502272,78.7,0.0,0.6889890534449453,2.0,3.0,0.0,2.0
2020-12-26,ES,0.28421,0.11876,0.0430650430650429,0.0099034203992348,78.7,0.0,0.6724086724086724,2.0,3.0,0.0,2.0
2020-12-27,ES,0.09703,-0.18718,0.0397891963109353,-0.0032758467541076,78.7,0.0,0.6990777338603426,2.0,3.0,0.0,2.0
2020-12-28,ES,0.19859,0.1015599999999999,0.042044767090139,0.0022555707792037,78.7,0.0,0.7162734422262553,2.0,3.0,0.0,2.0
2020-12-29,ES,0.21511,0.01652,0.0424168446750076,0.0003720775848685,78.7,0.0,0.6624961855355508,2.0,3.0,0.0,2.0
2020-12-30,ES,0.13385,-0.08126,0.0453720508166968,0.0029552061416892,78.7,0.0,0.6793708408953418,2.0,3.0,0.0,2.0
2020-12-31,ES,0.19079,0.0569399999999999,0.0458819104926664,0.0005098596759695,78.7,0.0,0.6705528394133132,2.0,3.0,0.0,2.0
2021-01-01,ES,0.15385,-0.03694,0.0395761919601121,-0.0063057185325543,78.7,0.0,0.6703022748519788,2.0,3.0,0.0,2.0
2021-01-02,ES,0.11321,-0.0406399999999999,0.0368840365889642,-0.0026921553711478,78.7,0.0,0.7105340808498082,2.0,3.0,0.0,2.0
2021-01-03,ES,0.07268,-0.04053,0.0370466997130185,0.0001626631240543,78.7,0.0,0.7291938429428646,2.0,3.0,0.0,2.0
2021-01-04,ES,0.0989,0.02622,0.0459675199559592,0.0089208202429407,78.7,0.0,0.7079548582438756,2.0,3.0,0.0,2.0
2021-01-05,ES,0.1382,0.0392999999999999,0.0387596899224804,-0.0072078300334787,78.7,0.0,0.7045650301464255,2.0,3.0,0.0,2.0
2021-01-06,ES,0.0,-0.1382,0.0403225806451612,0.0015628907226807,78.7,0.0,0.7085253456221198,2.0,3.0,0.0,2.0
2021-01-07,ES,0.29231,0.29231,0.0416782439566545,0.0013556633114933,71.3,-7.400000000000006,0.7138093914976382,2.0,1.0,0.0,2.0
2021-01-08,ES,0.12857,-0.16374,0.0414312617702448,-0.0002469821864096,71.3,0.0,0.6841538875437181,2.0,1.0,0.0,2.0
2021-01-09,ES,0.1125,-0.0160699999999999,0.0439402642159677,0.0025090024457228,71.3,0.0,0.6918437679494543,2.0,1.0,0.0,2.0
2021-01-10,ES,0.17627,0.06377,0.0411965363421673,-0.0027437278738004,71.3,0.0,0.7110994489635266,2.0,1.0,0.0,2.0
2021-01-11,ES,0.12532,-0.05095,0.045571797076526,0.0043752607343587,71.3,0.0,0.7151046145027229,2.0,1.0,0.0,2.0
2021-01-12,ES,0.13309,0.00777,0.0478841870824052,0.0023123900058791,71.3,0.0,0.6773385300668151,2.0,1.0,0.0,2.0
2021-01-13,ES,0.14375,0.0106599999999999,0.0422306442880346,-0.0056535427943706,71.3,0.0,0.6781266919328641,2.0,1.0,0.0,2.0
2021-01-14,ES,0.13043,-0.0133199999999999,0.0441453566621803,0.0019147123741456,71.3,0.0,0.6452220726783311,2.0,1.0,0.0,2.0
2021-01-15,ES,0.09589,-0.0345399999999999,0.0407264722069344,-0.0034188844552459,71.3,0.0,0.6436433681893231,2.0,1.0,0.0,2.0
2021-01-16,ES,0.11463,0.0187399999999999,0.0458690245924288,0.0051425523854944,71.3,0.0,0.6460348162475822,2.0,1.0,0.0,2.0
2021-01-17,ES,0.19378,0.07915,0.0383699391373378,-0.007499085455091,71.3,0.0,0.6570521301931728,2.0,1.0,0.0,2.0
2021-01-18,ES,0.0974,-0.09638,0.0531826949572885,0.0148127558199507,71.3,0.0,0.6583080738495454,2.0,1.0,0.0,2.0
2021-01-19,ES,0.11608,0.01868,0.0499181669394434,-0.0032645280178451,71.3,0.0,0.6393889798145117,2.0,1.0,0.0,2.0
2021-01-20,ES,0.2814,0.1653199999999999,0.047822602190756,-0.0020955647486873,71.3,0.0,0.6235639861074005,2.0,1.0,0.0,2.0
2021-01-21,ES,0.22295,-0.0584499999999999,0.0550258785072187,0.0072032763164626,71.3,0.0,0.6325251974938709,2.0,1.0,0.0,2.0
2021-01-22,ES,0.15599,-0.06696,0.0482835612615126,-0.006742317245706,71.3,0.0,0.6179179458554284,2.0,1.0,0.0,2.0
2021-01-23,ES,0.18877,0.03278,0.0417391304347825,-0.00654443082673,71.3,0.0,0.6332919254658385,2.0,1.0,0.0,2.0
2021-01-24,ES,0.16593,-0.02284,0.0497305242528172,0.0079913938180347,71.3,0.0,0.656295933365997,2.0,1.0,0.0,2.0
2021-01-25,ES,0.29337,0.12744,0.0414110429447852,-0.008319481308032,71.3,0.0,0.6400817995910021,2.0,1.0,0.0,2.0
2021-01-26,ES,0.16599,-0.12738,0.0522143247676325,0.0108032818228472,71.3,0.0,0.6424275560415528,2.0,1.0,0.0,2.0
2021-01-27,ES,0.13218,-0.03381,0.0542382120468791,0.0020238872792466,71.3,0.0,0.6238757154538022,2.0,1.0,0.0,2.0
2021-01-28,ES,0.20887,0.07669,0.0606875934230194,0.0064493813761403,71.3,0.0,0.6286995515695067,2.0,1.0,0.0,2.0
2021-01-29,ES,0.16193,-0.04694,0.0517916290274012,-0.0088959643956181,71.3,0.0,0.6085516410719662,2.0,1.0,0.0,2.0
2021-01-30,ES,0.29224,0.13031,0.0498143564356435,-0.0019772725917577,71.3,0.0,0.6228341584158416,2.0,1.0,0.0,2.0
2021-01-31,ES,0.05634,-0.2359,0.0458015267175571,-0.0040128297180863,71.3,0.0,0.6646875883517105,2.0,1.0,0.0,2.0
2021-02-01,ES,0.18305,0.12671,0.0468920392584513,0.0010905125408941,71.3,0.0,0.6015994183933115,2.0,1.0,0.0,2.0
2021-02-02,ES,0.19949,0.01644,0.04769805060141,0.0008060113429586,71.3,0.0,0.6545002073828287,2.0,1.0,0.0,2.0
2021-02-03,ES,0.13168,-0.06781,0.0477432820245237,4.5231423113606395e-05,71.3,0.0,0.6420558309418211,2.0,1.0,0.0,2.0
2021-02-04,ES,0.14264,0.0109599999999999,0.0478983382209188,0.0001550561963951,71.3,0.0,0.621049201694363,2.0,1.0,0.0,2.0
2021-02-05,ES,0.08824,-0.0543999999999999,0.0456816559600284,-0.0022166822608904,71.3,0.0,0.6067094932191291,2.0,1.0,0.0,2.0
2021-02-06,ES,0.14516,0.05692,0.0471666101119781,0.0014849541519497,71.3,0.0,0.6087546657617916,2.0,1.0,0.0,2.0
2021-02-07,ES,0.10678,-0.03838,0.0420194418312949,-0.0051471682806831,71.3,0.0,0.6412668548134212,2.0,1.0,0.0,2.0
2021-02-08,ES,0.17914,0.07236,0.0400417827298048,-0.0019776591014901,71.3,0.0,0.6392757660167131,2.0,1.0,0.0,2.0
2021-02-09,ES,0.18359,0.00445,0.0430604982206405,0.0030187154908356,71.3,0.0,0.6316725978647687,2.0,1.0,0.0,2.0
2021-02-10,ES,0.21739,0.0338,0.0477247502774694,0.0046642520568288,71.3,0.0,0.6170921198668147,2.0,1.0,0.0,2.0
2021-02-11,ES,0.2,-0.0173899999999999,0.0553174912349044,0.007592740957435,71.3,0.0,0.6069341643942345,2.0,1.0,0.0,2.0
2021-02-12,ES,0.04,-0.16,0.043131868131868,-0.0121856231030363,71.3,0.0,0.6164835164835165,2.0,1.0,0.0,2.0
2021-02-13,ES,0.15556,0.11556,0.0421299005266237,-0.0010019676052442,71.3,0.0,0.6170275014628438,2.0,1.0,0.0,2.0
2021-02-14,ES,0.11333,-0.04223,0.0468238375900458,0.0046939370634221,71.3,0.0,0.6444007858546169,2.0,1.0,0.0,2.0
2021-02-15,ES,0.11963,0.0063,0.045407636738906,-0.0014162008511398,71.3,0.0,0.6277949776401789,2.0,1.0,0.0,2.0
2021-02-16,ES,0.11917,-0.00046,0.0475370306579399,0.0021293939190339,71.3,0.0,0.6272821219428177,2.0,1.0,0.0,2.0
2021-02-17,ES,0.0,-0.11917,0.0469238790406673,-0.0006131516172726,71.3,0.0,0.6204379562043796,2.0,1.0,0.0,2.0
2021-02-18,ES,0.13374,0.13374,0.0538286580742986,0.0069047790336313,71.3,0.0,0.621683093252464,2.0,1.0,0.0,2.0
2021-02-19,ES,0.16877,0.03503,0.0502209722780232,-0.0036076857962754,68.52,-2.780000000000001,0.6046605062274005,2.0,1.0,0.0,2.0
2021-02-20,ES,0.25616,0.08739,0.042778649921507,-0.0074423223565162,68.52,0.0,0.6200941915227629,2.0,1.0,0.0,2.0
2021-02-21,ES,0.20971,-0.0464499999999999,0.0432011331444759,0.0004224832229689,68.52,0.0,0.6540368271954674,2.0,1.0,0.0,2.0
2021-02-22,ES,0.11444,-0.09527,0.0417282127031018,-0.001472920441374,68.52,0.0,0.6185376661742984,2.0,1.0,0.0,2.0
2021-02-23,ES,0.21106,0.09662,0.0501360279828992,0.0084078152797974,68.52,0.0,0.6078507578701905,2.0,1.0,0.0,2.0
2021-02-24,ES,0.0963,-0.11476,0.0414921964217738,-0.0086438315611254,68.52,0.0,0.5945945945945946,2.0,1.0,0.0,2.0
2021-02-25,ES,0.46763,0.37133,0.0437549721559268,0.002262775734153,68.52,0.0,0.6002386634844868,2.0,1.0,0.0,2.0
2021-02-26,ES,0.18333,-0.2843,0.047513321492007,0.0037583493360801,68.52,0.0,0.6007992895204263,2.0,1.0,0.0,2.0
2021-02-27,ES,0.1841233333333333,0.0007933333333333,0.0457715780296425,-0.0017417434623644,68.52,0.0,0.6176983435047951,2.0,1.0,0.0,2.0
2021-02-28,ES,0.1849166666666666,0.0007933333333333,0.0452261306532662,-0.0005454473763763,68.52,0.0,0.62620796289138,2.0,1.0,0.0,2.0
2021-03-01,ES,0.18571,0.0007933333333333,0.045781309118426,0.0005551784651597,68.52,0.0,0.623155505107832,2.0,1.0,0.0,2.0
2021-03-02,ES,0.00714,-0.1785699999999999,0.045615589016829,-0.0001657201015969,68.52,0.0,0.6142604074402126,2.0,1.0,0.0,2.0
2021-03-03,ES,0.025165,0.018025,0.0443630443630442,-0.0012525446537847,68.52,0.0,0.606023606023606,2.0,1.0,0.0,2.0
2021-03-04,ES,0.04319,0.018025,0.0407816482582837,-0.0035813961047604,68.52,0.0,0.5972812234494478,2.0,1.0,0.0,2.0
2021-03-05,ES,0.19643,0.15324,0.0398370303304662,-0.0009446179278175,68.52,0.0,0.6066093254866456,2.0,1.0,0.0,2.0
2021-03-06,ES,0.151425,-0.0450049999999999,0.048463868455214,0.0086268381247478,68.52,0.0,0.6088273474686283,2.0,1.0,0.0,2.0
2021-03-07,ES,0.10642,-0.045005,0.0476010578012843,-0.0008628106539297,68.52,0.0,0.6229693993199849,2.0,1.0,0.0,2.0
2021-03-08,ES,0.27059,0.1641699999999999,0.0480237994050148,0.0004227416037304,68.52,0.0,0.626859328516787,2.0,1.0,0.0,2.0
2021-03-09,ES,0.09701,-0.17358,0.038007863695937,-0.0100159357090778,68.52,0.0,0.583224115334207,2.0,1.0,0.0,2.0
2021-03-10,ES,0.49074,0.39373,0.0443529949702787,0.0063451312743417,68.52,0.0,0.5756744398719708,2.0,1.0,0.0,2.0
2021-03-11,ES,0.13333,-0.35741,0.0521698984302861,0.0078169034600073,68.52,0.0,0.5766389658356418,2.0,1.0,0.0,2.0
2021-03-12,ES,0.01375,-0.11958,0.0455172413793102,-0.0066526570509758,68.52,0.0,0.5958620689655172,2.0,1.0,0.0,2.0
2021-03-13,ES,0.2,0.18625,0.042364990689013,-0.0031522506902972,66.67,-1.8499999999999943,0.6014897579143389,2.0,1.0,0.0,2.0
2021-03-14,ES,0.02933,-0.17067,0.0436851211072664,0.0013201304182533,66.67,0.0,0.6029411764705882,2.0,1.0,0.0,2.0
2021-03-15,ES,0.88,0.85067,0.0471740097908321,0.0034888886835657,66.67,0.0,0.6194926568758344,2.0,1.0,0.0,2.0
2021-03-16,ES,0.1227,-0.7573,0.0587255310287379,0.0115515212379057,66.67,0.0,0.6014160766347355,2.0,1.0,0.0,2.0
2021-03-17,ES,0.43669,0.31399,0.0510246758678376,-0.0077008551609002,69.44,2.769999999999996,0.6039314094521121,2.0,1.0,0.0,2.0
2021-03-18,ES,0.3623,-0.07439,0.0480568324279147,-0.0029678434399229,69.44,0.0,0.5762641036356039,2.0,1.0,0.0,2.0
2021-03-19,ES,0.28791,-0.07439,0.0433152852977924,-0.0047415471301223,69.44,0.0,0.5860058309037901,2.0,1.0,0.0,2.0
2021-03-20,ES,0.21352,-0.07439,0.0535062829347385,0.0101909976369461,69.44,0.0,0.6035670855289825,2.0,1.0,0.0,2.0
2021-03-21,ES,0.13913,-0.0743899999999999,0.040508339952343,-0.0129979429823955,69.44,0.0,0.6389992057188245,2.0,1.0,0.0,2.0
2021-03-22,ES,0.32308,0.1839499999999999,0.0465994962216624,0.0060911562693194,69.44,0.0,0.6230058774139379,2.0,1.0,0.0,2.0
2021-03-23,ES,0.27711,-0.0459699999999999,0.0500954198473281,0.0034959236256656,69.44,0.0,0.6087786259541985,2.0,1.0,0.0,2.0
2021-03-24,ES,0.37963,0.10252,0.0463001240181892,-0.0037952958291388,69.44,0.0,0.6014882182720133,2.0,1.0,0.0,2.0
2021-03-25,ES,0.18889,-0.19074,0.0565504241281809,0.0102503001099916,69.44,0.0,0.5871819038642789,2.0,1.0,0.0,2.0
2021-03-26,ES,0.08483,-0.10406,0.049256505576208,-0.0072939185519728,69.44,0.0,0.5683085501858736,2.0,1.0,0.0,2.0
2021-03-27,ES,0.19767,0.11284,0.0465838509316769,-0.0026726546445311,69.44,0.0,0.5922803904170364,2.0,1.0,0.0,2.0
2021-03-28,ES,0.14151,-0.05616,0.0395996518711922,-0.0069841990604846,69.44,0.0,0.6057441253263708,2.0,1.0,0.0,2.0
2021-03-29,ES,0.10417,-0.03734,0.0494148244473341,0.0098151725761419,69.44,0.0,0.611616818378847,2.0,1.0,0.0,2.0
2021-03-30,ES,0.17692,0.07275,0.0585365853658535,0.0091217609185193,69.44,0.0,0.6168514412416851,2.0,1.0,0.0,2.0
2021-03-31,ES,0.0,-0.17692,0.0463041631265929,-0.0122324222392605,69.44,0.0,0.586661002548853,2.0,1.0,0.0,2.0
2021-04-01,ES,0.32552,0.32552,0.0490823730260348,0.0027782098994418,69.44,0.0,0.5638070849338455,2.0,1.0,0.0,2.0
2021-04-02,ES,0.04,-0.28552,0.0494836488812391,0.0004012758552042,69.44,0.0,0.6239242685025818,2.0,1.0,0.0,2.0
2021-04-03,ES,0.07156,0.03156,0.0375103050288539,-0.0119733438523852,69.44,0.0,0.6471558120362737,2.0,1.0,0.0,2.0
2021-04-04,ES,0.08533,0.01377,0.0459448661606072,0.0084345611317533,69.44,0.0,0.6815821014782262,2.0,1.0,0.0,2.0
2021-04-05,ES,0.15676,0.07143,0.0531362365161805,0.0071913703555732,69.44,0.0,0.6556132640831003,2.0,1.0,0.0,2.0
2021-04-06,ES,0.32665,0.1698899999999999,0.0424710424710424,-0.010665194045138,69.44,0.0,0.6397683397683398,2.0,1.0,0.0,2.0
2021-04-07,ES,0.13143,-0.19522,0.0493827160493826,0.0069116735783402,69.44,0.0,0.6083439761600681,2.0,1.0,0.0,2.0
2021-04-08,ES,0.34444,0.21301,0.0511775362318839,0.0017948201825012,69.44,0.0,0.6032608695652174,2.0,1.0,0.0,2.0
2021-04-09,ES,0.10784,-0.2366,0.0413448432530667,-0.0098326929788171,69.44,0.0,0.611085870059064,2.0,1.0,0.0,2.0
2021-04-10,ES,0.11966,0.0118199999999999,0.0489270386266093,0.0075821953735426,69.44,0.0,0.605579399141631,2.0,1.0,0.0,2.0
2021-04-11,ES,0.09829,-0.02137,0.0437526293647453,-0.005174409261864,69.44,0.0,0.6243163651661758,2.0,1.0,0.0,2.0
2021-04-12,ES,0.18971,0.0914199999999999,0.0470262793914245,0.0032736500266792,69.44,0.0,0.6053480866758875,2.0,1.0,0.0,2.0
2021-04-13,ES,0.13684,-0.05287,0.0474751834268449,0.0004489040354204,69.44,0.0,0.5904186447993095,2.0,1.0,0.0,2.0
2021-04-14,ES,0.18182,0.04498,0.05121412803532,0.003738944608475,69.44,0.0,0.5818984547461369,2.0,1.0,0.0,2.0
2021-04-15,ES,0.152,-0.02982,0.0533980582524271,0.0021839302171071,69.44,0.0,0.5816416593115622,2.0,1.0,0.0,2.0
2021-04-16,ES,0.12969,-0.0223099999999999,0.0487804878048779,-0.0046175704475492,69.44,0.0,0.5670731707317073,2.0,1.0,0.0,2.0
2021-04-17,ES,0.10853,-0.0211599999999999,0.0498866213151926,0.0011061335103147,69.44,0.0,0.5863945578231292,2.0,1.0,0.0,2.0
2021-04-18,ES,0.11828,0.0097499999999999,0.0459392945036914,-0.0039473268115012,69.44,0.0,0.5988515176374077,2.0,1.0,0.0,2.0
2021-04-19,ES,0.1164,-0.0018799999999999,0.0488869489305979,0.0029476544269065,69.44,0.0,0.5993016150152771,2.0,1.0,0.0,2.0
2021-04-20,ES,0.08344,-0.03296,0.046086956521739,-0.0027999924088589,69.44,0.0,0.5930434782608696,2.0,1.0,0.0,2.0
2021-04-21,ES,0.45625,0.37281,0.0392658984208279,-0.006821058100911,69.44,0.0,0.5983781476739223,2.0,1.0,0.0,2.0
2021-04-22,ES,0.20076,-0.25549,0.0453296703296703,0.0060637719088424,69.44,0.0,0.5723443223443223,2.0,1.0,0.0,2.0
2021-04-23,ES,0.18,-0.02076,0.0469052224371372,0.0015755521074668,69.44,0.0,0.5696324951644101,2.0,1.0,0.0,2.0
2021-04-24,ES,0.23,0.05,0.0456852791878172,-0.0012199432493199,69.44,0.0,0.5908629441624366,2.0,1.0,0.0,2.0
2021-04-25,ES,0.66667,0.43667,0.0415045395590142,-0.0041807396288029,69.44,0.0,0.6095979247730221,2.0,1.0,0.0,2.0
2021-04-26,ES,0.32571,-0.34096,0.0529050543221539,0.0114005147631396,69.44,0.0,0.6079357581483231,2.0,1.0,0.0,2.0
2021-04-27,ES,0.26471,-0.061,0.0492766726943941,-0.0036283816277597,69.44,0.0,0.5881555153707052,2.0,1.0,0.0,2.0
2021-04-28,ES,0.15962,-0.1050899999999999,0.0401132609721565,-0.0091634117222376,69.44,0.0,0.5762151958470977,2.0,1.0,0.0,2.0
2021-04-29,ES,0.17386,0.0142399999999999,0.0418963616317529,0.0017831006595964,69.44,0.0,0.5711135611907387,2.0,1.0,0.0,2.0
2021-04-30,ES,0.17115,-0.0027099999999999,0.0539367637941722,0.0120404021624192,69.44,0.0,0.578425294482331,2.0,1.0,0.0,2.0
2021-05-01,ES,0.08517,-0.08598,0.0470930232558138,-0.0068437405383584,69.44,0.0,0.5593023255813954,2.0,1.0,0.0,2.0
2021-05-02,ES,0.12047,0.0353,0.0427299703264094,-0.0043630529294044,69.44,0.0,0.6100890207715134,2.0,1.0,0.0,2.0
2021-05-03,ES,0.105,-0.0154699999999999,0.0446753246753246,0.0019453543489152,69.44,0.0,0.6031168831168832,2.0,1.0,0.0,2.0
2021-05-04,ES,0.16739,0.06239,0.0442020665901262,-0.0004732580851984,69.44,0.0,0.5746268656716418,2.0,1.0,0.0,2.0
2021-05-05,ES,0.21097,0.0435799999999999,0.0632183908045976,0.0190163242144713,69.44,0.0,0.5568326947637292,2.0,1.0,0.0,2.0
2021-05-06,ES,0.22382,0.01285,0.0597251585623678,-0.0034932322422297,69.44,0.0,0.5480972515856237,2.0,1.0,0.0,2.0
2021-05-07,ES,0.15951,-0.0643099999999999,0.0595840359752669,-0.0001411225871008,69.44,0.0,0.5458122540753232,2.0,1.0,0.0,2.0
2021-05-08,ES,0.15666,-0.00285,0.0440386680988184,-0.0155453678764485,69.44,0.0,0.5746509129967776,2.0,1.0,0.0,2.0
2021-05-09,ES,0.2926,0.13594,0.0410396716826265,-0.0029989964161918,63.43,-6.009999999999998,0.583219334245326,2.0,1.0,0.0,2.0
2021-05-10,ES,0.10563,-0.18697,0.0543992431409649,0.0133595714583383,63.43,0.0,0.5775780510879849,2.0,1.0,0.0,2.0
2021-05-11,ES,0.22043,0.1147999999999999,0.0542857142857142,-0.0001135288552506,63.43,0.0,0.5823809523809523,2.0,1.0,0.0,2.0
2021-05-12,ES,0.15198,-0.0684499999999999,0.0456089277049975,-0.0086767865807167,63.43,0.0,0.5735080058224163,2.0,1.0,0.0,2.0
2021-05-13,ES,0.66667,0.51469,0.0389821331889548,-0.0066267945160426,63.43,0.0,0.558202490525176,2.0,1.0,0.0,2.0
2021-05-14,ES,0.348335,-0.318335,0.0544526375496312,0.0154705043606763,63.43,0.0,0.5450935904707884,2.0,1.0,0.0,2.0
2021-05-15,ES,0.03,-0.318335,0.052065647990945,-0.0023869895586861,63.43,0.0,0.5806451612903226,2.0,1.0,0.0,2.0
2021-05-16,ES,0.05,0.02,0.0563607085346215,0.0042950605436764,63.43,0.0,0.6146001073537305,2.0,1.0,0.0,2.0
2021-05-17,ES,0.14,0.09,0.0520504731861197,-0.0043102353485017,63.43,0.0,0.5867507886435331,2.0,1.0,0.0,2.0
2021-05-18,ES,0.06667,-0.07333,0.0522306855277474,0.0001802123416276,63.43,0.0,0.5816104461371056,2.0,1.0,0.0,2.0
2021-05-19,ES,0.0,-0.06667,0.0455840455840454,-0.006646639943702,63.43,0.0,0.584045584045584,2.0,1.0,0.0,2.0
2021-05-20,ES,0.0391675,0.0391675,0.0564610011641443,0.0108769555800989,63.43,0.0,0.0558789289871944,2.0,1.0,0.0,2.0
2021-05-21,ES,0.078335,0.0391675,0.0422943221320972,-0.0141666790320471,63.43,0.0,0.0695249130938586,2.0,1.0,0.0,2.0
2021-05-22,ES,0.1175025,0.0391675,0.0531177829099307,0.0108234607778335,63.43,0.0,0.0623556581986143,2.0,1.0,0.0,2.0
2021-05-23,ES,0.15667,0.0391674999999999,0.0479825517993455,-0.0051352311105851,63.43,0.0,0.0637949836423118,2.0,1.0,0.0,2.0
2021-05-24,ES,0.18525,0.0285799999999999,0.0672917815774958,0.0193092297781502,63.43,0.0,0.0794263651406508,2.0,1.0,0.0,2.0
2021-05-25,ES,0.15333,-0.03192,0.049114791547687,-0.0181769900298088,63.43,0.0,0.0788121073672187,2.0,1.0,0.0,2.0
2021-05-26,ES,0.27556,0.12223,0.0487668161434977,-0.0003479754041893,63.43,0.0,0.0639013452914798,2.0,1.0,0.0,2.0
2021-05-27,ES,0.28263,0.0070699999999999,0.0492468134414831,0.0004799972979854,63.43,0.0,0.0695249130938586,2.0,1.0,0.0,2.0
2021-05-28,ES,0.2897,0.00707,0.0541746335245377,0.0049278200830546,63.43,0.0,0.070108349267049,2.0,1.0,0.0,2.0
2021-05-29,ES,0.29677,0.0070699999999999,0.0640149160969546,0.0098402825724168,63.43,0.0,0.0752019888129272,2.0,1.0,0.0,2.0
2021-05-30,ES,0.135,-0.1617699999999999,0.0480497456189937,-0.0159651704779609,63.43,0.0,0.0757490107405313,2.0,1.0,0.0,2.0
2021-05-31,ES,0.2,0.065,0.0474160895045284,-0.0006336561144653,63.43,0.0,0.0687266915290357,2.0,1.0,0.0,2.0
2021-06-01,ES,0.24545,0.0454499999999999,0.053018372703412,0.0056022831988836,63.43,0.0,0.0750656167979002,2.0,1.0,0.0,2.0
2021-06-02,ES,0.220976,-0.0244739999999999,0.0452830188679245,-0.0077353538354875,63.43,0.0,0.0587601078167115,2.0,1.0,0.0,2.0
2021-06-03,ES,0.196502,-0.0244739999999999,0.051873198847262,0.0065901799793375,63.43,0.0,0.069164265129683,2.0,1.0,0.0,2.0
2021-06-04,ES,0.172028,-0.024474,0.0485902819436112,-0.0032829169036508,60.65,-2.780000000000001,0.0845830833833233,2.0,1.0,0.0,2.0
2021-06-05,ES,0.147554,-0.0244739999999999,0.0555253130103429,0.0069350310667316,60.65,0.0,0.0734893848666303,2.0,1.0,0.0,2.0
2021-06-06,ES,0.12308,-0.0244739999999999,0.04490022172949,-0.0106250912808529,60.65,0.0,0.0709534368070953,2.0,1.0,0.0,2.0
2021-06-07,ES,0.2,0.07692,0.0486577181208053,0.0037574963913152,60.65,0.0,0.0648769574944071,2.0,1.0,0.0,2.0
2021-06-08,ES,0.2,0.0,0.0343275182892515,-0.0143301998315538,50.46,-10.189999999999998,0.0709060213843556,2.0,1.0,0.0,1.0
2021-06-09,ES,0.2,0.0,0.0558598028477545,0.021532284558503,50.46,0.0,0.0679079956188389,2.0,1.0,0.0,1.0
2021-06-10,ES,0.175,-0.025,0.0471478463329452,-0.0087119565148093,50.46,0.0,0.0803259604190919,2.0,1.0,0.0,1.0
2021-06-11,ES,0.15,-0.0249999999999999,0.0506634499396863,0.0035156036067411,50.46,0.0,0.0663449939686369,2.0,1.0,0.0,1.0
2021-06-12,ES,0.175,0.0249999999999999,0.042647994907702,-0.0080154550319843,50.46,0.0,0.0553787396562698,2.0,1.0,0.0,1.0
2021-06-13,ES,0.2,0.025,0.043258426966292,0.00061043205859,50.46,0.0,0.0151685393258426,2.0,1.0,0.0,1.0
2021-06-14,ES,0.117155,-0.082845,0.0476190476190475,0.0043606206527555,50.46,0.0,0.0071982281284606,2.0,1.0,0.0,1.0
2021-06-15,ES,0.03431,-0.082845,0.0463946338736724,-0.0012244137453751,50.46,0.0,0.0558971492453884,2.0,1.0,0.0,1.0
2021-06-16,ES,0.15116,0.1168499999999999,0.0384823848238482,-0.0079122490498242,50.46,0.0,0.0742547425474254,2.0,1.0,0.0,1.0
2021-06-17,ES,0.28959,0.13843,0.0428211586901762,0.0043387738663279,50.46,0.0,0.0579345088161209,2.0,1.0,0.0,1.0
2021-06-18,ES,0.33333,0.04374,0.0408376963350785,-0.0019834623550976,50.46,0.0,0.0575916230366492,2.0,1.0,0.0,1.0
2021-06-19,ES,0.13333,-0.2,0.0410367170626349,0.0001990207275563,50.46,0.0,0.0021598272138228,2.0,1.0,0.0,1.0
2021-06-20,ES,0.2,0.06667,0.0412147505422993,0.0001780334796644,50.46,0.0,0.0,2.0,1.0,0.0,1.0
2021-06-21,ES,0.05455,-0.14545,0.0456100342075256,0.0043952836652262,48.61,-1.8500000000000016,0.0,1.0,1.0,0.0,1.0
2021-06-22,ES,0.29732,0.2427699999999999,0.0463276836158192,0.0007176494082936,48.61,0.0,0.0,1.0,1.0,0.0,1.0
2021-06-23,ES,0.16263,-0.1346899999999999,0.0381773399014776,-0.0081503437143415,48.61,0.0,0.001231527093596,1.0,1.0,0.0,1.0
2021-06-24,ES,0.1619,-0.00073,0.03315649867374,-0.0050208412277376,48.61,0.0,0.0,1.0,1.0,0.0,1.0
2021-06-25,ES,0.05797,-0.10393,0.0479302832244008,0.0147737845506608,48.61,0.0,0.0,1.0,1.0,0.0,1.0
2021-06-26,ES,0.18245,0.12448,0.0416098226466574,-0.0063204605777433,48.61,0.0,0.0,1.0,1.0,0.0,1.0
2021-06-27,ES,0.19534,0.01289,0.0324675324675324,-0.009142290179125,48.61,0.0,0.0,1.0,1.0,0.0,1.0
2021-06-28,ES,0.1978,0.0024599999999999,0.0381679389312977,0.0057004064637652,48.61,0.0,0.0,1.0,1.0,0.0,1.0
2021-06-29,ES,0.04909,-0.14871,0.0406063887384948,0.0024384498071971,48.61,0.0,0.0,1.0,1.0,0.0,1.0
2021-06-30,ES,0.12241,0.07332,0.0430648769574942,0.0024584882189994,48.61,0.0,0.0,1.0,1.0,0.0,1.0
2020-05-06,GB,0.09091,0.0,0.0453943008614976,0.0,79.63,0.0,0.9102054340622928,3.0,3.0,1.0,2.0
2020-05-07,GB,0.0909099999999997,-3.05311331771918e-16,0.043390514631685,-0.0020037862298126,79.63,0.0,0.9125462495795492,3.0,3.0,1.0,2.0
2020-05-08,GB,0.04545,-0.0454599999999997,0.0429700928154003,-0.0004204218162847,79.63,0.0,0.9064970780336884,3.0,3.0,1.0,2.0
2020-05-09,GB,0.08046,0.03501,0.0401755570560431,-0.0027945357593571,79.63,0.0,0.9166103983794732,3.0,3.0,1.0,2.0
2020-05-10,GB,0.0,-0.08046,0.0406670567583381,0.0004914997022949,79.63,0.0,0.917203042715038,3.0,3.0,1.0,2.0
2020-05-11,GB,0.09877,0.09877,0.0388257575757575,-0.0018412991825806,77.78,-1.8499999999999943,0.9179292929292928,3.0,3.0,1.0,2.0
2020-05-12,GB,0.03571,-0.06306,0.0367063492063491,-0.0021194083694083,77.78,0.0,0.9186507936507936,3.0,3.0,1.0,2.0
2020-05-13,GB,0.0357099999999998,-2.012279232133096e-16,0.0459496255956431,0.009243276389294,71.3,-6.480000000000004,0.9152484683458136,3.0,3.0,1.0,1.0
2020-05-14,GB,0.08511,0.0494000000000002,0.044334975369458,-0.0016146502261851,71.3,0.0,0.910782703886152,3.0,3.0,1.0,1.0
2020-05-15,GB,0.05537,-0.02974,0.048268339241887,0.0039333638724289,71.3,0.0,0.9048268339241888,3.0,3.0,1.0,1.0
2020-05-16,GB,0.0553699999999998,-2.012279232133096e-16,0.0494708994708994,0.0012025602290123,71.3,0.0,0.9108465608465608,3.0,3.0,1.0,1.0
2020-05-17,GB,0.01,-0.0453699999999998,0.0494447382337387,-2.616123716069757e-05,71.3,0.0,0.9037546271813856,3.0,3.0,1.0,1.0
2020-05-18,GB,0.1875,0.1775,0.0381056069678823,-0.0113391312658564,71.3,0.0,0.9153511159499184,3.0,3.0,1.0,1.0
2020-05-19,GB,0.1875,0.0,0.0532544378698223,0.01514883090194,71.3,0.0,0.9055944055944056,3.0,3.0,1.0,1.0
2020-05-20,GB,0.05,-0.1375,0.0491208484510186,-0.0041335894188037,71.3,0.0,0.9106893664526932,3.0,3.0,1.0,1.0
2020-05-21,GB,0.0,-0.05,0.0471403812824955,-0.001980467168523,71.3,0.0,0.897053726169844,3.0,3.0,1.0,1.0
2020-05-22,GB,0.0,0.0,0.045364332293734,-0.0017760489887614,71.3,0.0,0.8953785086475758,3.0,3.0,1.0,1.0
2020-05-23,GB,0.15,0.15,0.0439719739067407,-0.0013923583869933,71.3,0.0,0.9062575501328825,3.0,3.0,1.0,1.0
2020-05-24,GB,0.1499999999999999,-8.326672684688674e-17,0.0398089171974521,-0.0041630567092885,71.3,0.0,0.904723991507431,3.0,3.0,1.0,1.0
2020-05-25,GB,0.03636,-0.1136399999999999,0.0402107598447031,0.0004018426472509,71.3,0.0,0.917914586799778,3.0,3.0,1.0,1.0
2020-05-26,GB,0.0363599999999999,-1.0408340855860844e-16,0.0357142857142857,-0.0044964741304173,71.3,0.0,1.0,3.0,3.0,1.0,1.0
2020-05-27,GB,0.0363599999999998,-9.71445146547012e-17,0.0371552975326558,0.0014410118183701,71.3,0.0,0.9100145137880988,3.0,3.0,1.0,1.0
2020-05-28,GB,0.0363599999999998,0.0,0.0419623572971303,0.0048070597644745,71.3,0.0,0.9074359765504474,3.0,3.0,1.0,1.0
2020-05-29,GB,0.0363599999999998,0.0,0.0377421509686037,-0.0042202063285265,69.44,-1.8599999999999992,0.8954575818303273,2.0,3.0,1.0,1.0
2020-05-30,GB,0.0363599999999998,0.0,0.04,0.0022578490313962,69.44,0.0,0.96,2.0,3.0,1.0,1.0
2020-05-31,GB,0.0125,-0.0238599999999998,0.0301295570955106,-0.0098704429044894,69.44,0.0,0.9105152154263332,2.0,3.0,1.0,1.0
2020-06-01,GB,0.0,-0.0125,0.0316233309908643,0.0014937738953536,67.59,-1.8499999999999943,0.9086437104708364,2.0,3.0,1.0,1.0
2020-06-02,GB,0.07463,0.07463,0.0413983440662373,0.0097750130753729,67.59,0.0,0.90524379024839,2.0,3.0,1.0,1.0
2020-06-03,GB,0.0746299999999999,-9.71445146547012e-17,0.0461930551130932,0.0047947110468559,67.59,0.0,0.8974195603695444,2.0,3.0,1.0,1.0
2020-06-04,GB,0.0746299999999999,0.0,0.0363153232949512,-0.009877731818142,67.59,0.0,0.8978447003247711,2.0,3.0,1.0,1.0
2020-06-05,GB,0.05612,-0.0185099999999999,0.0423362175525339,0.0060208942575827,67.59,0.0,0.8952410383189122,2.0,3.0,1.0,1.0
2020-06-06,GB,0.05814,0.0020199999999999,0.0442561205273068,0.0019199029747729,67.59,0.0,0.896421845574388,2.0,3.0,1.0,1.0
2020-06-07,GB,0.03823,-0.0199099999999999,0.042274052478134,-0.0019820680491728,67.59,0.0,0.8997084548104957,2.0,3.0,1.0,1.0
2020-06-08,GB,0.10906,0.07083,0.045758183032732,0.003484130554598,73.15,5.560000000000002,0.9074816299265196,2.0,3.0,1.0,1.0
2020-06-09,GB,0.04916,-0.0599,0.0431848852901483,-0.0025732977425836,73.15,0.0,0.9055330634278004,2.0,3.0,1.0,1.0
2020-06-10,GB,0.15022,0.1010599999999999,0.0488427501701837,0.0056578648800354,73.15,0.0,0.9011232130701156,2.0,3.0,1.0,1.0
2020-06-11,GB,0.21875,0.06853,0.0414831130690161,-0.0073596371011676,73.15,0.0,0.8997797356828194,2.0,3.0,1.0,1.0
2020-06-12,GB,0.04215,-0.1766,0.0434489727180867,0.0019658596490706,73.15,0.0,0.8999663186257999,2.0,3.0,1.0,1.0
2020-06-13,GB,0.02924,-0.01291,0.0379836705715298,-0.0054653021465569,73.15,0.0,0.8864039758608449,2.0,3.0,1.0,1.0
2020-06-14,GB,0.09091,0.06167,0.0484311050477489,0.010447434476219,73.15,0.0,0.8969986357435198,2.0,3.0,1.0,1.0
2020-06-15,GB,0.0681,-0.02281,0.0454227812718377,-0.0030083237759111,71.3,-1.8500000000000083,0.9140461215932912,2.0,3.0,1.0,1.0
2020-06-16,GB,0.04669,-0.0214099999999999,0.04,-0.0054227812718377,71.3,0.0,0.8,2.0,3.0,1.0,1.0
2020-06-17,GB,0.04255,-0.00414,0.0510349750178443,0.0110349750178442,71.3,0.0,0.8993576017130621,2.0,3.0,1.0,1.0
2020-06-18,GB,0.04762,0.00507,0.0411009174311925,-0.0099340575866518,71.3,0.0,0.8855045871559633,2.0,3.0,1.0,1.0
2020-06-19,GB,0.03846,-0.00916,0.0,-0.0411009174311925,71.3,0.0,0.8888888888888888,2.0,3.0,1.0,1.0
2020-06-20,GB,0.09836,0.0599,0.0427154843630816,0.0427154843630816,71.3,0.0,0.8878718535469108,2.0,3.0,1.0,1.0
2020-06-21,GB,0.09091,-0.0074499999999999,0.0408839779005524,-0.0018315064625292,71.3,0.0,0.8858195211786372,2.0,3.0,1.0,1.0
2020-06-22,GB,0.10345,0.0125399999999999,0.0387192851824272,-0.0021646927181251,71.3,0.0,0.9002233804914371,2.0,3.0,1.0,1.0
2020-06-23,GB,0.07692,-0.0265299999999999,0.0400302114803625,0.0013109262979352,71.3,0.0,0.8931268882175226,2.0,3.0,1.0,1.0
2020-06-24,GB,0.06977,-0.00715,0.0467219291635266,0.006691717683164,71.3,0.0,0.8914845516201959,2.0,3.0,1.0,1.0
2020-06-25,GB,0.46154,0.39177,0.0351681957186543,-0.0115537334448722,71.3,0.0,0.8872324159021406,2.0,3.0,1.0,1.0
2020-06-26,GB,0.15,-0.31154,0.0490609428899961,0.0138927471713417,71.3,0.0,0.9018781142200076,2.0,3.0,1.0,1.0
2020-06-27,GB,0.04878,-0.10122,0.0345842531272994,-0.0144766897626966,71.3,0.0,0.8936718175128772,2.0,3.0,1.0,1.0
2020-06-28,GB,0.06897,0.02019,0.0439844760672703,0.0094002229399709,71.3,0.0,0.889391979301423,2.0,3.0,1.0,1.0
2020-06-29,GB,0.16667,0.0977,0.0353369763205828,-0.0086474997466875,71.3,0.0,0.903096539162113,2.0,3.0,1.0,1.0
2020-06-30,GB,0.07692,-0.08975,0.0426695842450765,0.0073326079244937,71.3,0.0,0.8836615609044494,2.0,3.0,1.0,1.0
2020-07-01,GB,0.05063,-0.02629,0.0407569141193595,-0.001912670125717,71.3,0.0,0.8879184861717613,2.0,3.0,1.0,1.0
2020-07-02,GB,0.08333,0.0327,0.0382409177820267,-0.0025159963373328,71.3,0.0,0.8707456978967495,2.0,3.0,1.0,1.0
2020-07-03,GB,0.02041,-0.06292,0.0364016736401673,-0.0018392441418594,71.3,0.0,0.903347280334728,2.0,3.0,1.0,1.0
2020-07-04,GB,0.06667,0.0462599999999999,0.038236441669918,0.0018347680297507,69.91,-1.3900000000000006,0.8860710105345299,2.0,3.0,1.0,1.0
2020-07-05,GB,0.07159,0.00492,0.0405557641757415,0.0023193225058235,69.91,0.0,0.8820878708223808,2.0,3.0,1.0,1.0
2020-07-06,GB,0.2,0.12841,0.0376260667183862,-0.0029296974573553,64.35,-5.560000000000002,0.8890612878200155,2.0,3.0,1.0,1.0
2020-07-07,GB,0.19565,-0.00435,0.0380917159763313,0.0004656492579451,64.35,0.0,0.8735207100591716,2.0,3.0,1.0,1.0
2020-07-08,GB,0.04688,-0.1487699999999999,0.0416985462892117,0.0036068303128804,64.35,0.0,0.8791124713083397,2.0,3.0,1.0,1.0
2020-07-09,GB,0.0884,0.04152,0.036490364903649,-0.0052081813855627,64.35,0.0,0.8765887658876589,2.0,3.0,1.0,1.0
2020-07-10,GB,0.30556,0.21716,0.0311614730878186,-0.0053288918158303,64.35,0.0,0.8847969782813976,2.0,3.0,1.0,1.0
2020-07-11,GB,0.125,-0.18056,0.035444947209653,0.0042834741218343,64.35,0.0,0.8861236802413273,2.0,3.0,1.0,1.0
2020-07-12,GB,0.06452,-0.06048,0.0406646261477917,0.0052196789381386,64.35,0.0,0.879755137735024,2.0,3.0,1.0,1.0
2020-07-13,GB,0.22222,0.1577,0.0393567498942022,-0.0013078762535894,64.35,0.0,0.8899703766398646,2.0,3.0,1.0,1.0
2020-07-14,GB,0.10345,-0.11877,0.0401753104455806,0.0008185605513783,64.35,0.0,0.8802045288531775,2.0,3.0,1.0,1.0
2020-07-15,GB,0.125,0.02155,0.0435082872928175,0.0033329768472369,64.35,0.0,0.8929558011049724,2.0,3.0,1.0,1.0
2020-07-16,GB,0.07692,-0.04808,0.0413087934560326,-0.0021994938367848,64.35,0.0,0.8875255623721882,2.0,3.0,1.0,1.0
2020-07-17,GB,0.10606,0.02914,0.0496894409937887,0.008380647537756,64.35,0.0,0.8890860692102928,2.0,3.0,1.0,1.0
2020-07-18,GB,0.17647,0.0704099999999999,0.0457545094588648,-0.0039349315349238,64.35,0.0,0.8851737791465024,2.0,3.0,1.0,1.0
2020-07-19,GB,0.125,-0.0514699999999999,0.0413488558811721,-0.0044056535776927,64.35,0.0,0.8747490967482938,2.0,3.0,1.0,1.0
2020-07-20,GB,0.07692,-0.04808,0.0346770697876027,-0.0066717860935693,64.35,0.0,0.9033376679670568,2.0,3.0,1.0,1.0
2020-07-21,GB,0.07692,0.0,0.0362225097024578,0.001545439914855,64.35,0.0,0.894351013367831,2.0,3.0,1.0,1.0
2020-07-22,GB,0.25532,0.1784,0.0381773399014777,0.0019548301990199,64.35,0.0,0.8801313628899836,2.0,3.0,1.0,1.0
2020-07-23,GB,0.05882,-0.1965,0.0495133305120608,0.011335990610583,64.35,0.0,0.8840457046127803,2.0,3.0,1.0,1.0
2020-07-24,GB,0.07009,0.01127,0.0422077922077921,-0.0073055383042687,64.35,0.0,0.87430426716141,2.0,3.0,1.0,1.0
2020-07-25,GB,0.125,0.05491,0.0382536382536382,-0.0039541539541538,64.35,0.0,0.8848232848232849,2.0,3.0,1.0,1.0
2020-07-26,GB,0.125,0.0,0.0427247077791213,0.0044710695254831,64.35,0.0,0.8843208383716243,2.0,3.0,1.0,1.0
2020-07-27,GB,0.04878,-0.07622,0.0467625899280575,0.0040378821489362,64.35,0.0,0.8868904876099121,2.0,3.0,1.0,1.0
2020-07-28,GB,0.06504,0.01626,0.0442986054142739,-0.0024639845137836,64.35,0.0,0.8921246923707957,2.0,3.0,1.0,1.0
2020-07-29,GB,0.08696,0.0219199999999999,0.0392313851080864,-0.0050672203061874,64.35,0.0,0.8843074459567654,2.0,3.0,1.0,1.0
2020-07-30,GB,0.17822,0.09126,0.0422710319104848,0.0030396468023983,64.35,0.0,0.8806464981351015,2.0,3.0,1.0,1.0
2020-07-31,GB,0.02174,-0.1564799999999999,0.0444444444444444,0.0021734125339595,64.35,0.0,0.8714285714285714,2.0,3.0,1.0,1.0
2020-08-01,GB,0.18421,0.16247,0.0370072405470634,-0.0074372038973809,69.91,5.560000000000002,0.8753016894609815,2.0,3.0,1.0,1.0
2020-08-02,GB,0.125,-0.05921,0.0397868561278862,0.0027796155808227,69.91,0.0,0.888809946714032,2.0,3.0,1.0,1.0
2020-08-03,GB,0.12088,-0.0041199999999999,0.0416666666666665,0.0018798105387803,69.91,0.0,0.8974056603773585,2.0,3.0,1.0,1.0
2020-08-04,GB,0.29167,0.17079,0.0372943327239487,-0.0043723339427177,69.91,0.0,0.8738574040219378,2.0,3.0,1.0,1.0
2020-08-05,GB,0.08696,-0.20471,0.0425696594427243,0.0052753267187756,69.91,0.0,0.8823529411764706,2.0,3.0,1.0,1.0
2020-08-06,GB,0.30435,0.21739,0.0394685423993746,-0.0031011170433496,69.91,0.0,0.8663540445486518,2.0,3.0,1.0,1.0
2020-08-07,GB,0.125,-0.17935,0.0503978779840848,0.0109293355847101,69.91,0.0,0.8762157382847038,2.0,3.0,1.0,1.0
2020-08-08,GB,0.05556,-0.06944,0.0388888888888888,-0.011508989095196,69.91,0.0,0.8782051282051282,2.0,3.0,1.0,1.0
2020-08-09,GB,0.125,0.06944,0.0420969023034153,0.0032080134145264,69.91,0.0,0.8931691818903892,2.0,3.0,1.0,1.0
2020-08-10,GB,0.08696,-0.03804,0.0409309791332262,-0.001165923170189,69.91,0.0,0.8912520064205457,2.0,3.0,1.0,1.0
2020-08-11,GB,0.08696,0.0,0.0496842105263157,0.0087532313930894,69.91,0.0,0.8829473684210526,2.0,3.0,1.0,1.0
2020-08-12,GB,0.11268,0.02572,0.0492239467849223,-0.0004602637413933,69.91,0.0,0.8656319290465632,2.0,3.0,1.0,1.0
2020-08-13,GB,0.125,0.0123199999999999,0.0490451388888888,-0.0001788078960335,66.2,-3.7099999999999937,0.8763020833333334,2.0,2.0,1.0,1.0
2020-08-14,GB,0.125,0.0,0.0395994538006371,-0.0094456850882516,66.2,0.0,0.8652708238507055,2.0,2.0,1.0,1.0
2020-08-15,GB,0.11268,-0.0123199999999999,0.0351999999999999,-0.0043994538006372,66.2,0.0,0.8768,2.0,2.0,1.0,1.0
2020-08-16,GB,0.125,0.0123199999999999,0.0435193945127719,0.008319394512772,66.2,0.0,0.8874172185430463,2.0,2.0,1.0,1.0
2020-08-17,GB,0.125,0.0,0.0355086372360843,-0.0080107572766875,66.2,0.0,0.8857965451055663,2.0,2.0,1.0,1.0
2020-08-18,GB,0.46154,0.33654,0.0407955124936256,0.0052868752575412,66.2,0.0,0.8827129015808262,2.0,2.0,1.0,1.0
2020-08-19,GB,0.125,-0.33654,0.0465807730426164,0.0057852605489908,66.2,0.0,0.8701684836471755,2.0,2.0,1.0,1.0
2020-08-20,GB,0.03676,-0.08824,0.0494011976047903,0.0028204245621738,66.2,0.0,0.8707584830339321,2.0,2.0,1.0,1.0
2020-08-21,GB,0.29167,0.2549099999999999,0.0461847389558231,-0.0032164586489671,66.2,0.0,0.8679718875502008,2.0,2.0,1.0,1.0
2020-08-22,GB,0.11268,-0.1789899999999999,0.039167079821517,-0.0070176591343061,66.2,0.0,0.8720872583044125,2.0,2.0,1.0,1.0
2020-08-23,GB,0.06452,-0.04816,0.039714413208389,0.0005473333868719,66.2,0.0,0.8955823293172691,2.0,2.0,1.0,1.0
2020-08-24,GB,0.08696,0.02244,0.0429744084983099,0.0032599952899209,66.2,0.0,0.8942539835828103,2.0,2.0,1.0,1.0
2020-08-25,GB,0.125,0.03804,0.0540796963946868,0.0111052878963769,66.2,0.0,0.877134724857685,2.0,2.0,1.0,1.0
2020-08-26,GB,0.125,0.0,0.0411025145067697,-0.012977181887917,66.2,0.0,0.8728239845261122,2.0,2.0,1.0,1.0
2020-08-27,GB,0.11268,-0.0123199999999999,0.0497344278126508,0.008631913305881,66.2,0.0,0.8778367938194109,2.0,2.0,1.0,1.0
2020-08-28,GB,0.125,0.0123199999999999,0.0408691153647179,-0.0088653124479329,66.2,0.0,0.8768753233316089,2.0,2.0,1.0,1.0
2020-08-29,GB,0.11268,-0.0123199999999999,0.0409157330735508,4.6617708832900895e-05,66.2,0.0,0.8709206039941549,2.0,2.0,1.0,1.0
2020-08-30,GB,0.11538,0.0026999999999999,0.0574548907882239,0.0165391577146731,66.2,0.0,0.8798670465337132,2.0,2.0,1.0,1.0
2020-08-31,GB,0.08696,-0.02842,0.0484094052558781,-0.0090454855323458,66.2,0.0,0.8782849239280774,2.0,2.0,1.0,1.0
2020-09-01,GB,0.125,0.03804,0.0506756756756756,0.0022662704197975,64.35,-1.8500000000000083,0.8793436293436293,2.0,1.0,1.0,1.0
2020-09-02,GB,0.11268,-0.0123199999999999,0.0502994011976047,-0.0003762744780709,64.35,0.0,0.8650698602794411,2.0,1.0,1.0,1.0
2020-09-03,GB,0.33333,0.22065,0.0575985821887461,0.0072991809911414,64.35,0.0,0.8785999113867966,2.0,1.0,1.0,1.0
2020-09-04,GB,0.125,-0.20833,0.0504565112926477,-0.0071420708960983,64.35,0.0,0.8750600672753484,2.0,1.0,1.0,1.0
2020-09-05,GB,0.125,0.0,0.0405822673136303,-0.0098742439790174,64.35,0.0,0.8791354212615792,2.0,1.0,1.0,1.0
2020-09-06,GB,0.09524,-0.0297599999999999,0.0452322738386306,0.0046500065250003,64.35,0.0,0.8891605541972291,2.0,1.0,1.0,1.0
2020-09-07,GB,0.125,0.0297599999999999,0.0561139028475711,0.0108816290089404,64.35,0.0,0.8886097152428811,2.0,1.0,1.0,1.0
2020-09-08,GB,0.11268,-0.0123199999999999,0.0600155884645361,0.0039016856169649,64.35,0.0,0.8807482462977396,2.0,1.0,1.0,1.0
2020-09-09,GB,0.33333,0.22065,0.05401405845357,-0.0060015300109661,64.35,0.0,0.8649648538660747,2.0,1.0,1.0,1.0
2020-09-10,GB,0.125,-0.20833,0.0496254681647939,-0.004388590288776,64.35,0.0,0.8696629213483146,2.0,1.0,1.0,1.0
2020-09-11,GB,0.11268,-0.0123199999999999,0.0521251002405772,0.0024996320757832,64.35,0.0,0.8728949478748997,2.0,1.0,1.0,1.0
2020-09-12,GB,0.1126799999999999,-9.71445146547012e-17,0.0496941896024463,-0.0024309106381308,64.35,0.0,0.8650611620795107,2.0,1.0,1.0,1.0
2020-09-13,GB,0.33333,0.2206500000000001,0.0540250447227191,0.0043308551202728,64.35,0.0,0.8772808586762075,2.0,1.0,1.0,1.0
2020-09-14,GB,0.125,-0.20833,0.0608986260675826,0.0068735813448634,65.74,1.3900000000000006,0.8730040846639435,2.0,1.0,1.0,1.0
2020-09-15,GB,0.125,0.0,0.0664544369279744,0.0055558108603918,65.74,0.0,0.8726621567847195,2.0,1.0,1.0,1.0
2020-09-16,GB,0.12676,0.00176,0.0587989991659715,-0.0076554377620028,65.74,0.0,0.8665554628857381,2.0,1.0,1.0,1.0
2020-09-17,GB,0.46154,0.3347799999999999,0.066994193836534,0.0081951946705624,65.74,0.0,0.8722644037516748,2.0,1.0,1.0,1.0
2020-09-18,GB,0.125,-0.33654,0.0582163501238645,-0.0087778437126695,65.74,0.0,0.8521882741535921,2.0,1.0,1.0,1.0
2020-09-19,GB,0.125,0.0,0.0523622047244093,-0.0058541453994551,65.74,0.0,0.8649606299212599,2.0,1.0,1.0,1.0
2020-09-20,GB,0.125,0.0,0.0510011333585189,-0.0013610713658903,65.74,0.0,0.876463921420476,2.0,1.0,1.0,1.0
2020-09-21,GB,0.125,0.0,0.0610364683301343,0.0100353349716153,65.74,0.0,0.8771593090211133,2.0,1.0,1.0,1.0
2020-09-22,GB,0.125,0.0,0.0601277715144681,-0.0009086968156661,65.74,0.0,0.8650883126644119,2.0,1.0,1.0,1.0
2020-09-23,GB,0.09859,-0.02641,0.0571201904006345,-0.0030075811138336,65.74,0.0,0.8726695755652519,2.0,1.0,1.0,1.0
2020-09-24,GB,0.125,0.02641,0.0462184873949578,-0.0109017030056766,67.59,1.8500000000000083,0.8550420168067226,2.0,1.0,1.0,1.0
2020-09-25,GB,0.125,0.0,0.0564997703261368,0.0102812829311789,67.59,0.0,0.8727606798346348,2.0,1.0,1.0,1.0
2020-09-26,GB,0.14311,0.0181099999999999,0.0486230636833045,-0.0078767066428323,67.59,0.0,0.8691910499139415,2.0,1.0,1.0,1.0
2020-09-27,GB,0.09375,-0.0493599999999999,0.0442407333599043,-0.0043823303234001,67.59,0.0,0.8692706257473097,2.0,1.0,1.0,1.0
2020-09-28,GB,0.125,0.03125,0.0584498094027952,0.0142090760428909,67.59,0.0,0.8759000423549343,2.0,1.0,1.0,1.0
2020-09-29,GB,0.07692,-0.04808,0.0563692853972479,-0.0020805240055472,67.59,0.0,0.8668442077230359,2.0,1.0,1.0,1.0
2020-09-30,GB,0.125,0.04808,0.0646900269541778,0.0083207415569298,67.59,0.0,0.8548966756513926,2.0,1.0,1.0,1.0
2020-10-01,GB,0.09859,-0.02641,0.0536036036036035,-0.0110864233505743,67.59,0.0,0.8617117117117117,2.0,1.0,1.0,1.0
2020-10-02,GB,0.09677,-0.00182,0.0608490566037735,0.00724545300017,67.59,0.0,0.85,2.0,1.0,1.0,1.0
2020-10-03,GB,0.125,0.02823,0.0562714776632302,-0.0045775789405433,67.59,0.0,0.8505154639175257,2.0,1.0,1.0,1.0
2020-10-04,GB,0.16279,0.0377899999999999,0.046416938110749,-0.0098545395524811,67.59,0.0,0.871742671009772,2.0,1.0,1.0,1.0
2020-10-05,GB,0.125,-0.0377899999999999,0.0596816976127319,0.0132647595019829,67.59,0.0,0.876657824933687,2.0,1.0,1.0,1.0
2020-10-06,GB,0.06452,-0.06048,0.0577337354588538,-0.0019479621538781,67.59,0.0,0.8621283929340802,2.0,1.0,1.0,1.0
2020-10-07,GB,0.125,0.06048,0.0560344827586206,-0.0016992527002331,67.59,0.0,0.8685344827586207,2.0,1.0,1.0,1.0
2020-10-08,GB,0.125,0.0,0.0501539815222172,-0.0058805012364034,67.59,0.0,0.8429388473383194,2.0,1.0,1.0,1.0
2020-10-09,GB,0.125,0.0,0.0573770491803277,0.0072230676581105,67.59,0.0,0.863066538090646,2.0,1.0,1.0,1.0
2020-10-10,GB,0.11111,-0.01389,0.0466321243523315,-0.0107449248279962,67.59,0.0,0.8370230805463966,2.0,1.0,1.0,1.0
2020-10-11,GB,0.09677,-0.01434,0.0515734265734265,0.0049413022210949,67.59,0.0,0.8671328671328671,2.0,1.0,1.0,1.0
2020-10-12,GB,0.1875,0.09073,0.0618149934239367,0.0102415668505102,60.19,-7.400000000000006,0.864094695309075,2.0,1.0,1.0,1.0
2020-10-13,GB,0.1875,0.0,0.0481640438721983,-0.0136509495517384,60.19,0.0,0.8469241773962805,2.0,1.0,1.0,1.0
2020-10-14,GB,0.1875,0.0,0.0534452296819786,0.0052811858097803,60.19,0.0,0.8476148409893993,2.0,1.0,1.0,1.0
2020-10-15,GB,0.16038,-0.02712,0.0561484918793502,0.0027032621973715,60.19,0.0,0.8696055684454757,2.0,1.0,1.0,1.0
2020-10-16,GB,0.1875,0.02712,0.0495626822157434,-0.0065858096636067,60.19,0.0,0.8654033041788144,2.0,1.0,1.0,1.0
2020-10-17,GB,0.10256,-0.08494,0.0520930232558138,0.0025303410400704,60.19,0.0,0.8534883720930233,2.0,1.0,1.0,1.0
2020-10-18,GB,0.1875,0.08494,0.0567620927936821,0.0046690695378682,60.19,0.0,0.8687068114511353,2.0,1.0,1.0,1.0
2020-10-19,GB,0.1875,0.0,0.0481283422459892,-0.0086337505476928,65.74,5.549999999999997,0.87311618862421,2.0,3.0,1.0,1.0
2020-10-20,GB,0.1875,0.0,0.0542138984721537,0.0060855562261644,65.74,0.0,0.8462296697880729,2.0,3.0,1.0,1.0
2020-10-21,GB,0.1875,0.0,0.0614583333333332,0.0072444348611795,65.74,0.0,0.8510416666666667,2.0,3.0,1.0,1.0
2020-10-22,GB,0.1875,0.0,0.0573382430299841,-0.0041200903033491,67.59,1.8500000000000083,0.8448185165702262,2.0,3.0,1.0,1.0
2020-10-23,GB,0.1875,0.0,0.0545977011494251,-0.0027405418805589,75.0,7.409999999999997,0.8695402298850575,2.0,3.0,1.0,2.0
2020-10-24,GB,0.1875,0.0,0.0482056775575789,-0.0063920235918462,75.0,0.0,0.8484199250133905,2.0,3.0,1.0,2.0
2020-10-25,GB,0.1875,0.0,0.0619212962962962,0.0137156187387173,75.0,0.0,0.875,2.0,3.0,1.0,2.0
2020-10-26,GB,0.1875,0.0,0.0528301886792452,-0.009091107617051,75.0,0.0,0.8830188679245283,2.0,3.0,1.0,2.0
2020-10-27,GB,0.09677,-0.09073,0.056115107913669,0.0032849192344237,75.0,0.0,0.8586330935251798,2.0,3.0,1.0,2.0
2020-10-28,GB,0.1875,0.09073,0.0465459918729219,-0.009569116040747,75.0,0.0,0.8540820096047285,2.0,3.0,1.0,2.0
2020-10-29,GB,0.1875,0.0,0.0513100436681221,0.0047640517952002,75.0,0.0,0.8640829694323144,2.0,3.0,1.0,2.0
2020-10-30,GB,0.1875,0.0,0.0493550196298371,-0.001955024038285,75.0,0.0,0.8609085810431857,2.0,3.0,1.0,2.0
2020-10-31,GB,0.1875,0.0,0.0558163797600416,0.0064613601302044,75.0,0.0,0.8695878977569118,2.0,3.0,1.0,2.0
2020-11-01,GB,0.1875,0.0,0.0463609172482551,-0.0094554625117865,75.0,0.0,0.86839481555334,2.0,3.0,1.0,2.0
2020-11-02,GB,0.1875,0.0,0.055995475113122,0.0096345578648669,75.0,0.0,0.876131221719457,2.0,3.0,1.0,2.0
2020-11-03,GB,0.13636,-0.0511399999999999,0.0568181818181817,0.0008227067050597,75.0,0.0,0.8708133971291866,2.0,3.0,1.0,2.0
2020-11-04,GB,0.1875,0.0511399999999999,0.0573878627968337,0.0005696809786519,75.0,0.0,0.8568601583113457,2.0,3.0,1.0,2.0
2020-11-05,GB,0.1875,0.0,0.0434520217260108,-0.0139358410708229,75.0,0.0,0.8442969221484611,2.0,3.0,1.0,2.0
2020-11-06,GB,0.1875,0.0,0.0540897097625329,0.010637688036522,72.22,-2.780000000000001,0.8726912928759895,3.0,3.0,1.0,1.0
2020-11-07,GB,0.1875,0.0,0.0532837670384137,-0.0008059427241191,72.22,0.0,0.8680297397769516,3.0,3.0,1.0,1.0
2020-11-08,GB,0.1875,0.0,0.057142857142857,0.0038590901044432,72.22,0.0,0.8633540372670807,3.0,3.0,1.0,1.0
2020-11-09,GB,0.1875,0.0,0.0675159235668789,0.0103730664240218,66.67,-5.549999999999997,0.8713375796178344,3.0,1.0,1.0,1.0
2020-11-10,GB,0.1875,0.0,0.056476365868631,-0.0110395576982478,64.81,-1.8599999999999992,0.8686310620012277,2.0,1.0,1.0,1.0
2020-11-11,GB,0.1875,0.0,0.0596536241180243,0.0031772582493933,64.81,0.0,0.8556767158434894,2.0,1.0,1.0,1.0
2020-11-12,GB,0.1875,0.0,0.0664179104477611,0.0067642863297368,64.81,0.0,0.8507462686567164,2.0,1.0,1.0,1.0
2020-11-13,GB,0.09836,-0.08914,0.0485197368421052,-0.0178981736056559,64.81,0.0,0.8651315789473685,2.0,1.0,1.0,1.0
2020-11-14,GB,0.09677,-0.00159,0.0560941828254846,0.0075744459833794,64.81,0.0,0.8580332409972299,2.0,1.0,1.0,1.0
2020-11-15,GB,0.1875,0.09073,0.0528913963328631,-0.0032027864926215,64.81,0.0,0.8674188998589563,2.0,1.0,1.0,1.0
2020-11-16,GB,0.1875,0.0,0.0764290301862554,0.0235376338533923,64.81,0.0,0.8683365446371226,2.0,1.0,1.0,1.0
2020-11-17,GB,0.1875,0.0,0.0633333333333333,-0.0130956968529221,64.81,0.0,0.8526666666666667,2.0,1.0,1.0,1.0
2020-11-18,GB,0.1875,0.0,0.057977736549165,-0.0053555967841682,64.81,0.0,0.8613172541743971,2.0,1.0,1.0,1.0
2020-11-19,GB,0.1875,0.0,0.057471264367816,-0.0005064721813489,64.81,0.0,0.8670664667666167,2.0,1.0,1.0,1.0
2020-11-20,GB,0.1875,0.0,0.0610870610870609,0.0036157967192449,67.59,2.780000000000001,0.8542568542568543,2.0,1.0,1.0,1.0
2020-11-21,GB,0.1875,0.0,0.0624712907671106,0.0013842296800496,67.59,0.0,0.8543867707854846,2.0,1.0,1.0,1.0
2020-11-22,GB,0.1875,0.0,0.0542770299609205,-0.0081942608061901,67.59,0.0,0.865392965696917,2.0,1.0,1.0,1.0
2020-11-23,GB,0.36,0.1725,0.0619047619047618,0.0076277319438413,67.59,0.0,0.7904761904761904,2.0,1.0,1.0,1.0
2020-11-24,GB,0.1875,-0.1725,0.0676432572167168,0.0057384953119549,67.59,0.0,0.7604480827229643,2.0,1.0,1.0,1.0
2020-11-25,GB,0.1875,0.0,0.0636074511585642,-0.0040358060581525,67.59,0.0,0.7919127669241254,2.0,1.0,1.0,1.0
2020-11-26,GB,0.1875,0.0,0.0656968559361801,0.0020894047776159,67.59,0.0,0.7968090098545284,2.0,1.0,1.0,1.0
2020-11-27,GB,0.1875,0.0,0.0524886877828053,-0.0132081681533748,67.59,0.0,0.7841628959276018,2.0,1.0,1.0,1.0
2020-11-28,GB,0.1875,0.0,0.0602313522138013,0.007742664430996,67.59,0.0,0.7885919425608297,2.0,1.0,1.0,1.0
2020-11-29,GB,0.1875,0.0,0.0520319027725027,-0.0081994494412985,67.59,0.0,0.7873148499810102,2.0,1.0,1.0,1.0
2020-11-30,GB,0.1875,0.0,0.0539736506587334,0.0019417478862306,67.59,0.0,0.7819804504887378,2.0,1.0,1.0,1.0
2020-12-01,GB,0.1875,0.0,0.0657679738562091,0.0117943231974756,67.59,0.0,0.764297385620915,2.0,1.0,1.0,1.0
2020-12-02,GB,0.14286,-0.04464,0.0597546497823506,-0.0060133240738584,67.59,0.0,0.7609814008705975,2.0,1.0,1.0,1.0
2020-12-03,GB,0.1875,0.04464,0.062420382165605,0.0026657323832543,63.89,-3.700000000000003,0.7664543524416136,2.0,1.0,1.0,0.0
2020-12-04,GB,0.1875,0.0,0.0656436487638533,0.0032232665982483,63.89,0.0,0.7612958226768969,2.0,1.0,1.0,0.0
2020-12-05,GB,0.1875,0.0,0.0647302904564314,-0.0009133583074218,63.89,0.0,0.7767634854771784,2.0,1.0,1.0,0.0
2020-12-06,GB,0.1875,0.0,0.0594754340598447,-0.0052548563965867,63.89,0.0,0.7728112301440709,2.0,1.0,1.0,0.0
2020-12-07,GB,0.1875,0.0,0.0718722271517302,0.0123967930918854,63.89,0.0,0.7732919254658385,2.0,1.0,1.0,0.0
2020-12-08,GB,0.1875,0.0,0.0619047619047617,-0.0099674652469683,67.59,3.700000000000003,0.7593073593073593,2.0,1.0,1.0,1.0
2020-12-13,GB,0.1875,0.0,0.0522243713733074,-0.0096803905314543,67.59,0.0,0.7756286266924565,2.0,1.0,1.0,1.0
2020-12-14,GB,0.1875,0.0,0.05968992248062,0.0074655511073126,73.15,5.560000000000002,0.778811369509044,2.0,3.0,1.0,1.0
2020-12-15,GB,0.1875,0.0,0.0596964586846542,6.536204034200688e-06,73.15,0.0,0.7770657672849915,2.0,3.0,1.0,1.0
2020-12-16,GB,0.17647,-0.01103,0.0587016574585634,-0.0009948012260908,73.15,0.0,0.774171270718232,2.0,3.0,1.0,1.0
2020-12-17,GB,0.2125,0.03603,0.066522053506869,0.0078203960483056,73.15,0.0,0.765003615328995,2.0,3.0,1.0,1.0
2020-12-18,GB,0.08108,-0.1314199999999999,0.0590225563909774,-0.0074994971158915,73.15,0.0,0.7699248120300752,2.0,3.0,1.0,1.0
2020-12-19,GB,0.17647,0.0953899999999999,0.0603297088740792,0.0013071524831017,76.85,3.6999999999999886,0.7618379515959313,3.0,3.0,1.0,2.0
2020-12-20,GB,0.17647,0.0,0.0556552962298025,-0.0046744126442766,76.85,0.0,0.7812687013764213,3.0,3.0,1.0,2.0
2020-12-21,GB,0.02183,-0.15464,0.0633590345289976,0.0077037382991951,76.85,0.0,0.7629902782433792,3.0,3.0,1.0,2.0
2020-12-22,GB,0.17647,0.15464,0.065018315018315,0.0016592804893173,76.85,0.0,0.7692307692307693,3.0,3.0,1.0,2.0
2020-12-23,GB,0.02839,-0.14808,0.0631083202511773,-0.0019099947671376,76.85,0.0,0.7695447409733124,3.0,3.0,1.0,2.0
2020-12-24,GB,0.17647,0.14808,0.0539605672777585,-0.0091477529734187,79.63,2.780000000000001,0.7644413697682463,3.0,3.0,1.0,2.0
2020-12-25,GB,0.02538,-0.15109,0.062974542206342,0.0090139749285834,75.46,-4.170000000000002,0.7673068334077713,3.0,3.0,1.0,2.0
2020-12-26,GB,0.17647,0.15109,0.0568824638592078,-0.0060920783471341,79.63,4.170000000000002,0.7891263356379635,3.0,3.0,1.0,2.0
2020-12-27,GB,0.17647,0.0,0.0728314238952536,0.0159489600360457,79.63,0.0,0.8014184397163121,3.0,3.0,1.0,2.0
2020-12-28,GB,0.1619,-0.01457,0.0622968580715058,-0.0105345658237477,79.63,0.0,0.7965872156013001,3.0,3.0,1.0,2.0
2020-12-29,GB,0.17647,0.01457,0.0644736842105262,0.0021768261390203,79.63,0.0,0.8026315789473685,3.0,3.0,1.0,2.0
2020-12-30,GB,0.09375,-0.0827199999999999,0.0684621193053108,0.0039884350947846,79.63,0.0,0.7933551472438963,3.0,3.0,1.0,2.0
2020-12-31,GB,0.05344,-0.04031,0.0682250611579233,-0.0002370581473875,79.63,0.0,0.79532481652623,3.0,3.0,1.0,2.0
2021-01-01,GB,0.17647,0.1230299999999999,0.0644095788604457,-0.0038154822974775,79.63,0.0,0.7751169832094688,3.0,3.0,1.0,2.0
2021-01-02,GB,0.0565,-0.11997,0.0629299363057324,-0.0014796425547133,79.63,0.0,0.8056050955414013,3.0,3.0,1.0,2.0
2021-01-03,GB,0.17647,0.11997,0.0698823529411763,0.0069524166354438,79.63,0.0,0.804235294117647,3.0,3.0,1.0,2.0
2021-01-04,GB,0.17647,0.0,0.0775012960082944,0.0076189430671181,79.63,0.0,0.7967858994297563,3.0,3.0,1.0,2.0
2021-01-05,GB,0.17647,0.0,0.073373087892144,-0.0041282081161504,87.96,8.329999999999998,0.7925849105522427,3.0,3.0,1.0,2.0
2021-01-06,GB,0.17647,0.0,0.0687999999999999,-0.004573087892144,87.96,0.0,0.7917333333333333,3.0,3.0,1.0,2.0
2021-01-07,GB,0.17647,0.0,0.0737521031968592,0.0049521031968593,87.96,0.0,0.7661245092540662,3.0,3.0,1.0,2.0
2021-01-08,GB,0.15,-0.0264699999999999,0.0657150552114192,-0.00803704798544,87.96,0.0,0.7640721788311339,3.0,3.0,1.0,2.0
2021-01-09,GB,0.1,-0.0499999999999999,0.0564063297600816,-0.0093087254513375,87.96,0.0,0.7822868810617662,3.0,3.0,1.0,2.0
2021-01-10,GB,0.17647,0.0764699999999999,0.0626815101645691,0.0062751804044875,87.96,0.0,0.7785575992255567,3.0,3.0,1.0,2.0
2021-01-11,GB,0.06122,-0.1152499999999999,0.0668245198631938,0.0041430096986246,87.96,0.0,0.7629571165482768,3.0,3.0,1.0,2.0
2021-01-12,GB,0.17647,0.1152499999999999,0.0637949836423118,-0.0030295362208819,87.96,0.0,0.7669029443838604,3.0,3.0,1.0,2.0
2021-01-13,GB,0.1764700000000001,1.1102230246251563e-16,0.0682365533850681,0.0044415697427562,87.96,0.0,0.7690660957987691,3.0,3.0,1.0,2.0
2021-01-14,GB,0.1764700000000002,1.1102230246251563e-16,0.0654283337953977,-0.0028082195896703,87.96,0.0,0.7593568062101469,3.0,3.0,1.0,2.0
2021-01-15,GB,0.17647,-2.220446049250313e-16,0.0690846286701208,0.0036562948747231,87.96,0.0,0.7518710420264825,3.0,3.0,1.0,2.0
2021-01-16,GB,0.1764700000000001,1.1102230246251563e-16,0.058222958057395,-0.0108616706127257,87.96,0.0,0.7546909492273731,3.0,3.0,1.0,2.0
2021-01-17,GB,0.13514,-0.04133,0.0651483050847457,0.0069253470273506,87.96,0.0,0.7613877118644068,3.0,3.0,1.0,2.0
2021-01-18,GB,0.1351400000000001,8.326672684688674e-17,0.0643291799478411,-0.0008191251369046,87.96,0.0,0.760069545059403,3.0,3.0,1.0,2.0
2021-01-19,GB,0.17647,0.0413299999999998,0.0592828224407171,-0.0050463575071239,87.96,0.0,0.7608444187391555,3.0,3.0,1.0,2.0
2021-01-20,GB,0.17647,0.0,0.0692241130660512,0.009941290625334,87.96,0.0,0.7603115085087973,3.0,3.0,1.0,2.0
2021-01-21,GB,0.17647,0.0,0.0625178418498429,-0.0067062712162082,87.96,0.0,0.7730516699971453,3.0,3.0,1.0,2.0
2021-01-22,GB,0.2963,0.11983,0.0725308641975307,0.0100130223476877,87.96,0.0,0.7373456790123457,3.0,3.0,1.0,2.0
2021-01-23,GB,0.17647,-0.11983,0.0544157002676181,-0.0181151639299126,87.96,0.0,0.7692536425810288,3.0,3.0,1.0,2.0
2021-01-24,GB,0.10448,-0.0719899999999999,0.0519404727166617,-0.0024752275509564,87.96,0.0,0.7683104756346659,3.0,3.0,1.0,2.0
2021-01-25,GB,0.17647,0.0719899999999999,0.0701647345942647,0.018224261877603,87.96,0.0,0.7745576571079926,3.0,3.0,1.0,2.0
2021-01-26,GB,0.17647,0.0,0.059584712609088,-0.0105800219851766,87.96,0.0,0.773999398134216,3.0,3.0,1.0,2.0
2021-01-27,GB,0.17647,0.0,0.0583153347732181,-0.0012693778358699,87.96,0.0,0.7590249922863314,3.0,3.0,1.0,2.0
2021-01-28,GB,0.17647,0.0,0.0664462809917354,0.0081309462185173,87.96,0.0,0.7619834710743801,3.0,3.0,1.0,2.0
2021-01-29,GB,0.17647,0.0,0.0585348755695758,-0.0079114054221595,87.96,0.0,0.7602523659305994,3.0,3.0,1.0,2.0
2021-01-30,GB,0.17647,0.0,0.0630420280186791,0.0045071524491032,87.96,0.0,0.7484989993328885,3.0,3.0,1.0,2.0
2021-01-31,GB,0.17647,0.0,0.0657472738935214,0.0027052458748423,87.96,0.0,0.758819756254009,3.0,3.0,1.0,2.0
2021-02-01,GB,0.17647,0.0,0.0597701149425285,-0.0059771589509928,87.96,0.0,0.7394636015325671,3.0,3.0,1.0,2.0
2021-02-02,GB,0.17647,0.0,0.0542146305235795,-0.005555484418949,87.96,0.0,0.7582621611585593,3.0,3.0,1.0,2.0
2021-02-03,GB,0.17647,0.0,0.055732024256425,0.0015173937328454,87.96,0.0,0.7499278082587352,3.0,3.0,1.0,2.0
2021-02-04,GB,0.17647,0.0,0.0518152978498413,-0.0039167264065836,87.96,0.0,0.7514980613323934,3.0,3.0,1.0,2.0
2021-02-05,GB,0.55556,0.37909,0.0602230483271375,0.0084077504772961,87.96,0.0,0.7468401486988847,3.0,3.0,1.0,2.0
2021-02-06,GB,0.17647,-0.37909,0.0682534126706334,0.0080303643434958,87.96,0.0,0.7402870143507175,3.0,3.0,1.0,2.0
2021-02-07,GB,0.17647,0.0,0.057181298351833,-0.0110721143188003,87.96,0.0,0.7473932055163135,3.0,3.0,1.0,2.0
2021-02-08,GB,0.1791,0.00263,0.0536550234065538,-0.0035262749452791,87.96,0.0,0.7562117392870004,3.0,3.0,1.0,2.0
2021-02-09,GB,0.17647,-0.00263,0.0528634361233479,-0.0007915872832058,87.96,0.0,0.7602790014684288,3.0,3.0,1.0,2.0
2021-02-10,GB,0.17647,0.0,0.0478395061728394,-0.0050239299505085,87.96,0.0,0.7422839506172839,3.0,3.0,1.0,2.0
2021-02-11,GB,0.1764700000000001,1.1102230246251563e-16,0.0550059358923624,0.0071664297195229,87.96,0.0,0.7388207360506529,3.0,3.0,1.0,2.0
2021-02-12,GB,0.1764700000000001,0.0,0.0518867924528301,-0.0031191434395322,87.96,0.0,0.7329664570230608,3.0,3.0,1.0,2.0
2021-02-13,GB,0.1764700000000002,1.1102230246251563e-16,0.0485522082480256,-0.0033345842048045,87.96,0.0,0.7481719801111436,3.0,3.0,1.0,2.0
2021-02-14,GB,0.17647,-2.220446049250313e-16,0.0499001996007983,0.0013479913527726,87.96,0.0,0.7641383898868929,3.0,3.0,1.0,2.0
2021-02-15,GB,0.17647,0.0,0.0550964187327823,0.005196219131984,87.96,0.0,0.7558539944903582,3.0,3.0,1.0,2.0
2021-02-16,GB,0.1764700000000001,1.1102230246251563e-16,0.0497427101200685,-0.0053537086127138,87.96,0.0,0.7451114922813036,3.0,3.0,1.0,2.0
2021-02-17,GB,0.17647,-1.1102230246251563e-16,0.0592515592515592,0.0095088491314907,87.96,0.0,0.7428967428967429,3.0,3.0,1.0,2.0
2021-02-18,GB,0.17647,0.0,0.0590253946465339,-0.0002261646050253,87.96,0.0,0.7529169526424159,3.0,3.0,1.0,2.0
2021-02-19,GB,0.1764700000000001,1.1102230246251563e-16,0.0490687679083094,-0.0099566267382244,87.96,0.0,0.7446275071633238,3.0,3.0,1.0,2.0
2021-02-20,GB,0.17143,-0.0050400000000001,0.0653357531760435,0.016266985267734,87.96,0.0,0.7448275862068966,3.0,3.0,1.0,2.0
2021-02-21,GB,0.1714300000000001,1.1102230246251563e-16,0.0544968238047474,-0.010838929371296,87.96,0.0,0.7639585422935473,3.0,3.0,1.0,2.0
2021-02-23,GB,0.16667,-0.00476,0.0514944184371623,-0.0030024053675851,86.11,-1.8499999999999943,0.7205617572920417,3.0,3.0,1.0,2.0
2021-02-24,GB,0.1666700000000001,8.326672684688674e-17,0.061774616248596,0.0102801978114336,86.11,0.0,0.7461624859603145,3.0,3.0,1.0,2.0
2021-02-25,GB,0.075,-0.0916700000000001,0.0569136745607333,-0.0048609416878626,86.11,0.0,0.7372039724980901,3.0,3.0,1.0,2.0
2021-02-26,GB,0.075,0.0,0.0531697341513291,-0.0037439404094042,86.11,0.0,0.7329243353783231,3.0,3.0,1.0,2.0
2021-02-28,GB,0.16667,0.09167,0.0514731984380546,-0.0016965357132744,86.11,0.0,0.7532836350727724,3.0,3.0,1.0,2.0
2021-03-01,GB,0.16667,0.0,0.0163934426229508,-0.0350797558151038,86.11,0.0,0.6557377049180327,3.0,3.0,1.0,2.0
2021-03-02,GB,0.1666700000000002,1.942890293094024e-16,0.0532494758909853,0.0368560332680344,86.11,0.0,0.7362683438155136,3.0,3.0,1.0,2.0
2021-03-04,GB,0.16667,-1.942890293094024e-16,0.051373954599761,-0.0018755212912242,86.11,0.0,0.718837116686579,3.0,3.0,1.0,2.0
2021-03-06,GB,0.1666700000000002,1.942890293094024e-16,0.0470633994554647,-0.0043105551442962,86.11,0.0,0.7304550758459744,3.0,3.0,1.0,2.0
2021-03-07,GB,0.1666700000000002,0.0,0.0602150537634408,0.0131516543079761,86.11,0.0,0.7577060931899642,3.0,3.0,1.0,2.0
2021-03-08,GB,0.1666700000000001,-1.1102230246251563e-16,0.0532736884912564,-0.0069413652721843,82.41,-3.700000000000003,0.7437982919886132,3.0,2.0,1.0,2.0
2021-03-09,GB,0.1666700000000001,0.0,0.0488110137672089,-0.0044626747240475,82.41,0.0,0.7329995828118482,3.0,2.0,1.0,2.0
2021-03-10,GB,0.16667,-8.326672684688674e-17,0.0483806477409035,-0.0004303660263053,82.41,0.0,0.7433026789284286,3.0,2.0,1.0,2.0
2021-03-11,GB,0.1666700000000001,8.326672684688674e-17,0.0582978723404254,0.0099172245995219,82.41,0.0,0.74,3.0,2.0,1.0,2.0
2021-03-13,GB,0.1666700000000002,1.1102230246251563e-16,0.0506970849176172,-0.0076007874228082,80.56,-1.8499999999999943,0.7211660329531052,3.0,2.0,1.0,2.0
2021-03-14,GB,0.0,-0.1666700000000002,0.0554614733276883,0.004764388410071,80.56,0.0,0.7358171041490262,3.0,2.0,1.0,2.0
2021-03-15,GB,0.16667,0.16667,0.0448768864177918,-0.0105845869098964,78.7,-1.8599999999999992,0.7640984908657665,3.0,2.0,1.0,2.0
2021-03-16,GB,0.1666700000000001,8.326672684688674e-17,0.0582699963807455,0.0133931099629537,78.7,0.0,0.7477379659790083,3.0,2.0,1.0,2.0
2021-03-17,GB,0.1666700000000002,1.1102230246251563e-16,0.0501531393568146,-0.0081168570239308,78.7,0.0,0.7480857580398163,3.0,2.0,1.0,2.0
2021-03-18,GB,0.1666700000000003,8.326672684688674e-17,0.0436404326743751,-0.0065127066824395,78.7,0.0,0.7433793360686312,3.0,2.0,1.0,2.0
2021-03-19,GB,0.1666700000000002,-8.326672684688674e-17,0.0555130168453292,0.011872584170954,78.7,0.0,0.7224349157733537,3.0,2.0,1.0,2.0
2021-03-20,GB,0.1666700000000002,0.0,0.0562293274531421,0.0007163106078129,78.7,0.0,0.7386990077177509,3.0,2.0,1.0,2.0
2021-03-23,GB,0.1666700000000001,-1.1102230246251563e-16,0.0648714810281517,0.0086421535750095,78.7,0.0,0.7417380660954712,3.0,2.0,1.0,2.0
2021-03-24,GB,0.16667,-8.326672684688674e-17,0.0609756097560975,-0.0038958712720542,78.7,0.0,0.7384356602186711,3.0,2.0,1.0,2.0
2021-03-27,GB,0.1666700000000001,8.326672684688674e-17,0.0544925124792012,-0.0064830972768962,70.37,-8.329999999999998,0.7383527454242929,3.0,2.0,1.0,2.0
2021-03-28,GB,0.1666700000000001,0.0,0.0532724505327245,-0.0012200619464766,70.37,0.0,0.7461948249619482,3.0,2.0,1.0,2.0
2021-03-30,GB,0.1666700000000002,1.1102230246251563e-16,0.0545302013422818,0.0012577508095572,70.37,0.0,0.7399328859060402,3.0,2.0,1.0,2.0
2021-03-31,GB,0.1666700000000002,0.0,0.051663747810858,-0.0028664535314237,70.37,0.0,0.7478108581436077,3.0,2.0,1.0,2.0
2021-04-01,GB,0.1666700000000002,0.0,0.0501061571125264,-0.0015575906983315,70.37,0.0,0.7290870488322717,3.0,2.0,1.0,2.0
2021-04-02,GB,0.1666700000000002,0.0,0.0398305084745762,-0.0102756486379502,70.37,0.0,0.7627118644067796,3.0,2.0,1.0,2.0
2021-04-03,GB,0.1666700000000002,0.0,0.0489451476793248,0.0091146392047486,70.37,0.0,0.7523206751054853,3.0,2.0,1.0,2.0
2021-04-04,GB,0.1666700000000002,0.0,0.0515723270440251,0.0026271793647002,70.37,0.0,0.7647798742138365,3.0,2.0,1.0,2.0
2021-04-05,GB,0.1666700000000002,0.0,0.0520474550325295,0.0004751279885044,70.37,0.0,0.776884806735553,3.0,2.0,1.0,2.0
2021-04-06,GB,0.1666700000000002,0.0,0.0499795165915608,-0.0020679384409687,70.37,0.0,0.7857435477263417,3.0,2.0,1.0,2.0
2021-04-07,GB,0.1666700000000002,0.0,0.0552699228791772,0.0052904062876164,70.37,0.0,0.7750642673521851,3.0,2.0,1.0,2.0
2021-04-08,GB,0.1666700000000002,0.0,0.0534382767191382,-0.001831646160039,70.37,0.0,0.7618061309030655,3.0,2.0,1.0,2.0
2021-04-09,GB,0.1666700000000002,0.0,0.061157796451914,0.0077195197327757,70.37,0.0,0.7558356676003735,3.0,2.0,1.0,2.0
2021-04-10,GB,0.1666700000000002,0.0,0.0602901178603807,-0.0008676785915332,70.37,0.0,0.7533998186763372,3.0,2.0,1.0,2.0
2021-04-11,GB,0.1666700000000002,0.0,0.0624999999999999,0.0022098821396192,70.37,0.0,0.7700892857142857,3.0,2.0,1.0,2.0
2021-04-12,GB,0.1666700000000002,0.0,0.0500242836328314,-0.0124757163671685,61.11,-9.260000000000003,0.7712481787275376,2.0,1.0,1.0,0.0
2021-04-13,GB,0.1666700000000002,0.0,0.0447901933050447,-0.0052340903277867,61.11,0.0,0.7524752475247525,2.0,1.0,1.0,0.0
2021-04-14,GB,0.1666700000000002,0.0,0.0604672469079248,0.0156770536028801,61.11,0.0,0.7540082455336693,2.0,1.0,1.0,0.0
2021-04-15,GB,0.1666700000000002,0.0,0.0508646998982705,-0.0096025470096543,61.11,0.0,0.7502543234994914,2.0,1.0,1.0,0.0
2021-04-16,GB,0.1666700000000002,0.0,0.0505920344456404,-0.00027266545263,61.11,0.0,0.732508073196986,2.0,1.0,1.0,0.0
2021-04-17,GB,0.1666700000000002,0.0,0.0508474576271186,0.0002554231814781,61.11,0.0,0.7354904982023626,2.0,1.0,1.0,0.0
2021-04-18,GB,0.1666700000000002,0.0,0.0429501084598697,-0.0078973491672489,61.11,0.0,0.7318872017353579,2.0,1.0,1.0,0.0
2021-04-19,GB,0.16667,-1.942890293094024e-16,0.0502092050209204,0.0072590965610507,61.11,0.0,0.7578451882845189,2.0,1.0,1.0,0.0
2021-04-20,GB,0.1666700000000002,1.942890293094024e-16,0.0411826821541709,-0.0090265228667494,61.11,0.0,0.737064413938754,2.0,1.0,1.0,0.0
2021-04-21,GB,0.1666700000000002,0.0,0.0591748099891422,0.0179921278349712,61.11,0.0,0.7312703583061889,2.0,1.0,1.0,0.0
2021-04-22,GB,0.1666700000000002,0.0,0.0633727175080557,0.0041979075189135,61.11,0.0,0.7524167561761547,2.0,1.0,1.0,0.0
2021-04-23,GB,0.1666700000000002,0.0,0.0448979591836733,-0.0184747583243824,61.11,0.0,0.7323615160349854,2.0,1.0,1.0,0.0
2021-04-24,GB,0.1666700000000002,0.0,0.0433001755412521,-0.0015977836424211,61.11,0.0,0.7255705090696314,2.0,1.0,1.0,0.0
2021-04-25,GB,0.1666700000000002,0.0,0.0421052631578946,-0.0011949123833575,61.11,0.0,0.7263157894736842,2.0,1.0,1.0,0.0
2021-04-26,GB,0.1666700000000002,0.0,0.047945205479452,0.0058399423215573,61.11,0.0,0.7513171759747103,2.0,1.0,1.0,0.0
2021-04-27,GB,0.1666700000000002,0.0,0.0521064301552105,0.0041612246757585,61.11,0.0,0.753880266075388,2.0,1.0,1.0,0.0
2021-04-28,GB,0.1666700000000002,0.0,0.0398921832884096,-0.0122142468668009,61.11,0.0,0.7331536388140162,2.0,1.0,1.0,0.0
2021-04-29,GB,0.1666700000000003,8.326672684688674e-17,0.0467233009708736,0.006831117682464,61.11,0.0,0.7299757281553398,2.0,1.0,1.0,0.0
2021-04-30,GB,0.1666700000000003,0.0,0.0512635379061371,0.0045402369352634,61.11,0.0,0.7220216606498195,2.0,1.0,1.0,0.0
2021-05-01,GB,0.1666700000000003,0.0,0.0491694352159468,-0.0020941026901903,61.11,0.0,0.717607973421927,2.0,1.0,1.0,0.0
2021-05-02,GB,0.1,-0.0666700000000002,0.0564034505640344,0.0072340153480876,61.11,0.0,0.7465162574651626,2.0,1.0,1.0,0.0
2021-05-03,GB,0.1000000000000002,1.942890293094024e-16,0.0513392857142857,-0.0050641648497487,59.72,-1.3900000000000006,0.7572544642857143,2.0,1.0,1.0,0.0
2021-05-04,GB,0.1000000000000002,0.0,0.0534550195567143,0.0021157338424286,59.72,0.0,0.7457627118644068,2.0,1.0,1.0,0.0
2021-05-05,GB,0.1000000000000002,0.0,0.0477863668306393,-0.0056686527260749,59.72,0.0,0.7427969079409698,2.0,1.0,1.0,0.0
2021-05-06,GB,0.1000000000000002,0.0,0.0527838033261026,0.0049974364954632,59.72,0.0,0.74765003615329,2.0,1.0,1.0,0.0
2021-05-07,GB,0.16667,0.0666699999999998,0.0563475899524779,0.0035637866263752,59.72,0.0,0.7155465037338764,2.0,1.0,1.0,0.0
2021-05-08,GB,0.1666700000000003,2.775557561562891e-16,0.0485854858548585,-0.0077621040976193,59.72,0.0,0.7269372693726938,2.0,1.0,1.0,0.0
2021-05-09,GB,0.1666700000000003,0.0,0.0472392638036809,-0.0013462220511775,59.72,0.0,0.7484662576687117,2.0,1.0,1.0,0.0
2021-05-10,GB,0.1666700000000003,0.0,0.0515796260477111,0.0043403622440301,59.72,0.0,0.769825918762089,2.0,1.0,1.0,0.0
2021-05-11,GB,0.1666700000000003,0.0,0.0523776705720192,0.000798044524308,59.72,0.0,0.7263955892487939,2.0,1.0,1.0,0.0
2021-05-12,GB,0.1666700000000002,-8.326672684688674e-17,0.0551290997906489,0.0027514292186297,59.72,0.0,0.7404047452896022,2.0,1.0,1.0,0.0
2021-05-13,GB,0.1666700000000002,0.0,0.0628019323671497,0.0076728325765008,59.72,0.0,0.7336093857832988,2.0,1.0,1.0,0.0
2021-05-14,GB,0.1666700000000002,0.0,0.0533428165007111,-0.0094591158664385,59.72,0.0,0.732574679943101,2.0,1.0,1.0,0.0
2021-05-15,GB,0.1666700000000003,8.326672684688674e-17,0.0541422048271362,0.000799388326425,59.72,0.0,0.735812133072407,2.0,1.0,1.0,0.0
2021-05-16,GB,0.1666700000000003,0.0,0.0501710376282781,-0.0039711671988581,59.72,0.0,0.7445838084378563,2.0,1.0,1.0,0.0
2021-05-17,GB,0.1666700000000003,0.0,0.0482846251588309,-0.0018864124694471,62.5,2.780000000000001,0.7426937738246506,2.0,1.0,1.0,0.0
2021-05-18,GB,0.1666700000000003,0.0,0.0489949748743717,0.0007103497155407,62.5,0.0,0.7342964824120602,2.0,1.0,1.0,0.0
2021-05-19,GB,0.1666700000000003,0.0,0.0504840940525587,0.001489119178187,62.5,0.0,0.7226832641770401,2.0,1.0,1.0,0.0
2021-05-20,GB,0.1666700000000003,0.0,0.0519568151147098,0.0014727210621511,62.5,0.0,0.0614035087719298,2.0,1.0,1.0,0.0
2021-05-21,GB,0.1666700000000003,0.0,0.0565780504430809,0.0046212353283711,62.5,0.0,0.0749829584185412,2.0,1.0,1.0,0.0
2021-05-22,GB,0.1666700000000003,0.0,0.0583554376657824,0.0017773872227014,62.5,0.0,0.0795755968169761,2.0,1.0,1.0,0.0
2021-05-23,GB,0.1666700000000003,0.0,0.0524710189139719,-0.0058844187518104,62.5,0.0,0.0774862721171446,2.0,1.0,1.0,0.0
2021-05-24,GB,0.1666700000000003,0.0,0.0566037735849056,0.0041327546709336,62.5,0.0,0.0811320754716981,2.0,1.0,1.0,0.0
2021-05-25,GB,0.1666700000000003,0.0,0.0406824146981626,-0.015921358886743,62.5,0.0,0.0846456692913385,2.0,1.0,1.0,0.0
2021-05-26,GB,0.1666700000000003,0.0,0.0539640239840105,0.0132816092858479,62.5,0.0,0.0792804796802131,2.0,1.0,1.0,0.0
2021-05-27,GB,0.1666700000000003,0.0,0.0508960573476702,-0.0030679666363402,62.5,0.0,0.0709677419354838,2.0,1.0,1.0,0.0
2021-05-28,GB,0.1666700000000003,0.0,0.0438472418670436,-0.0070488154806265,62.5,0.0,0.0827439886845827,2.0,1.0,1.0,0.0
2021-05-29,GB,0.1666700000000003,0.0,0.049234863606121,0.0053876217390773,62.5,0.0,0.0765136393878908,2.0,1.0,1.0,0.0
2021-05-30,GB,0.1666700000000003,0.0,0.0483460559796437,-0.0008888076264772,62.5,0.0,0.0687022900763358,2.0,1.0,1.0,0.0
2021-06-01,GB,0.1666700000000003,0.0,0.0544217687074829,0.0060757127278392,62.5,0.0,0.0667903525046382,2.0,1.0,1.0,0.0
2021-06-02,GB,0.1666700000000003,0.0,0.0541516245487364,-0.0002701441587465,62.5,0.0,0.0734055354993983,2.0,1.0,1.0,0.0
2021-06-03,GB,0.1666700000000003,0.0,0.0471464019851116,-0.0070052225636247,62.5,0.0,0.0843672456575682,2.0,1.0,1.0,0.0
2021-06-04,GB,0.1666700000000003,0.0,0.0484276729559747,0.001281270970863,62.5,0.0,0.0792452830188679,2.0,1.0,1.0,0.0
2021-06-05,GB,0.1666700000000003,0.0,0.0522113022113021,0.0037836292553274,51.39,-11.11,0.0761670761670761,2.0,1.0,1.0,0.0
2021-06-06,GB,0.1666700000000003,0.0,0.0567975830815709,0.0045862808702688,51.39,0.0,0.0870090634441087,2.0,1.0,1.0,0.0
2021-06-07,GB,0.15,-0.0166700000000002,0.058175137783221,0.00137755470165,51.39,0.0,0.0802204531537048,2.0,1.0,1.0,0.0
2021-06-08,GB,0.1500000000000003,3.05311331771918e-16,0.0531914893617019,-0.004983648421519,51.39,0.0,0.0750938673341677,2.0,1.0,1.0,0.0
2021-06-09,GB,0.1500000000000003,0.0,0.0544394037589111,0.0012479143972091,51.39,0.0,0.0823071937783538,2.0,1.0,1.0,0.0
2021-06-10,GB,0.1500000000000003,0.0,0.053133514986376,-0.001305888772535,51.39,0.0,0.0798492117888965,2.0,1.0,1.0,0.0
2021-06-11,GB,0.1500000000000003,0.0,0.0489604292421193,-0.0041730857442567,51.39,0.0,0.0818242790073776,2.0,1.0,1.0,0.0
2021-06-12,GB,0.1500000000000003,0.0,0.046449900464499,-0.0025105287776202,51.39,0.0,0.0822826808228268,2.0,1.0,1.0,0.0
2021-06-13,GB,0.1500000000000003,0.0,0.062001227747084,0.0155513272825849,51.39,0.0,0.0159607120933087,2.0,1.0,1.0,0.0
2021-06-14,GB,0.1500000000000003,0.0,0.0568603213844251,-0.0051409063626588,51.39,0.0,0.0061804697156983,2.0,1.0,1.0,0.0
2021-06-15,GB,0.1500000000000003,0.0,0.0661478599221789,0.0092875385377538,51.39,0.0,0.0616083009079118,2.0,1.0,1.0,0.0
2021-06-16,GB,0.1500000000000003,0.0,0.0548119821542382,-0.0113358777679407,51.39,0.0,0.070108349267049,2.0,1.0,1.0,0.0
2021-06-17,GB,0.1500000000000003,0.0,0.0460189919649378,-0.0087929901893003,51.39,0.0,0.0737764791818845,2.0,1.0,1.0,0.0
2021-06-18,GB,0.1500000000000003,0.0,0.0526810912511758,0.0066620992862379,51.39,0.0,0.0752587017873941,2.0,1.0,1.0,0.0
2021-06-19,GB,0.1500000000000003,0.0,0.0608604407135361,0.0081793494623602,51.39,0.0,0.0010493179433368,2.0,1.0,1.0,0.0
2021-06-20,GB,0.1500000000000003,0.0,0.0538687561214495,-0.0069916845920866,51.39,0.0,0.0,2.0,1.0,1.0,0.0
2021-06-21,GB,0.1500000000000003,0.0,0.0579150579150578,0.0040463017936082,51.39,0.0,0.0,2.0,1.0,1.0,0.0
2021-06-22,GB,0.1500000000000003,0.0,0.0543130990415334,-0.0036019588735244,51.39,0.0,0.0,2.0,1.0,1.0,0.0
2021-06-23,GB,0.1500000000000003,0.0,0.0631469979296066,0.0088338988880731,51.39,0.0,0.0,2.0,1.0,1.0,0.0
2021-06-24,GB,0.1500000000000003,0.0,0.0703781512605041,0.0072311533308975,51.39,0.0,0.0,2.0,1.0,1.0,0.0
2021-06-25,GB,0.1500000000000003,0.0,0.0520169851380042,-0.0183611661224999,51.39,0.0,0.0,2.0,1.0,1.0,0.0
2021-06-26,GB,0.1500000000000003,0.0,0.0630841121495327,0.0110671270115285,51.39,0.0,0.0,2.0,1.0,1.0,0.0
2021-06-27,GB,0.1500000000000003,0.0,0.0584095707248415,-0.0046745414246912,51.39,0.0,0.0,2.0,1.0,1.0,0.0
2021-06-28,GB,0.1500000000000003,0.0,0.0533783783783783,-0.0050311923464632,51.39,0.0,0.0,2.0,1.0,1.0,0.0
2021-06-29,GB,0.1500000000000003,0.0,0.0503978779840848,-0.0029805003942934,51.39,0.0,0.0,2.0,1.0,1.0,0.0
2021-06-30,GB,0.1500000000000003,0.0,0.067174515235457,0.0167766372513722,51.39,0.0,0.0,2.0,1.0,1.0,0.0
2020-05-06,BR,0.0,0.0,0.0841346153846153,0.0,81.02,0.0,0.8671558704453441,3.0,3.0,2.0,2.0
2020-05-07,BR,0.0,0.0,0.0773553927759535,-0.0067792226086618,81.02,0.0,0.8616443546350089,3.0,3.0,2.0,2.0
2020-05-08,BR,0.0,0.0,0.0756404523094613,-0.0017149404664922,81.02,0.0,0.8644988181179326,3.0,3.0,2.0,2.0
2020-05-09,BR,0.0,0.0,0.074699577784995,-0.0009408745244662,81.02,0.0,0.8582007145177005,3.0,3.0,2.0,2.0
2020-05-10,BR,0.0,0.0,0.0736323049243685,-0.0010672728606264,81.02,0.0,0.8721263410408476,3.0,3.0,2.0,2.0
2020-05-11,BR,0.0,0.0,0.0778108947935822,0.0041785898692136,81.02,0.0,0.8702517597818504,3.0,3.0,2.0,2.0
2020-05-12,BR,0.0,0.0,0.0782648762506581,0.0004539814570758,81.02,0.0,0.8677593470247499,3.0,3.0,2.0,2.0
2020-05-13,BR,0.0,0.0,0.0827102090645505,0.0044453328138924,81.02,0.0,0.8578513657866625,3.0,3.0,2.0,2.0
2020-05-14,BR,0.0,0.0,0.0821423415620036,-0.0005678675025469,81.02,0.0,0.8456763389634763,3.0,3.0,2.0,2.0
2020-05-15,BR,0.00779,0.00779,0.0820060129213841,-0.0001363286406195,81.02,0.0,0.8498688671400243,3.0,3.0,2.0,2.0
2020-05-16,BR,0.01649,0.0087,0.0816450321484895,-0.0003609807728945,81.02,0.0,0.8421691131869465,3.0,3.0,2.0,2.0
2020-05-17,BR,0.02431,0.0078199999999999,0.0797872340425531,-0.0018577981059364,81.02,0.0,0.8581949964928688,3.0,3.0,2.0,2.0
2020-05-18,BR,0.01868,-0.00563,0.0782267115600448,-0.0015605224825082,81.02,0.0,0.8614478114478115,3.0,3.0,2.0,2.0
2020-05-19,BR,0.02299,0.00431,0.0808935028578093,0.0026667912977644,81.02,0.0,0.848652746996384,3.0,3.0,2.0,2.0
2020-05-20,BR,0.06895,0.04596,0.0763623741756334,-0.0045311286821758,81.02,0.0,0.8497049635543215,3.0,3.0,2.0,2.0
2020-05-21,BR,0.02899,-0.0399599999999999,0.0834733465709484,0.0071109723953149,81.02,0.0,0.8447380479608981,3.0,3.0,2.0,2.0
2020-05-22,BR,0.01542,-0.0135699999999999,0.0811521856449,-0.0023211609260483,81.02,0.0,0.838302752293578,3.0,3.0,2.0,2.0
2020-05-23,BR,0.01385,-0.00157,0.0794597989949748,-0.0016923866499252,81.02,0.0,0.8425879396984924,3.0,3.0,2.0,2.0
2020-05-24,BR,0.01,-0.0038499999999999,0.0739898234061658,-0.0054699755888089,81.02,0.0,0.8428614187369051,3.0,3.0,2.0,2.0
2020-05-25,BR,0.03913,0.0291299999999999,0.0748533159485568,0.000863492542391,81.02,0.0,0.8537900788241569,3.0,3.0,2.0,2.0
2020-05-26,BR,0.04365,0.00452,0.1176470588235293,0.0427937428749724,81.02,0.0,0.9294117647058824,3.0,3.0,2.0,2.0
2020-05-27,BR,0.00556,-0.03809,0.0773011346398883,-0.0403459241836409,81.02,0.0,0.8459438140889509,3.0,3.0,2.0,2.0
2020-05-28,BR,0.00455,-0.0010099999999999,0.0871410736579275,0.0098399390180392,81.02,0.0,0.8393882646691635,3.0,3.0,2.0,2.0
2020-05-29,BR,0.01111,0.00656,0.0818429237947122,-0.0052981498632153,81.02,0.0,0.8328797304302747,3.0,3.0,2.0,2.0
2020-05-30,BR,0.0111099999999936,-6.399394902878441e-15,0.1111111111111111,0.0292681873163989,81.02,0.0,0.9393939393939394,3.0,3.0,2.0,2.0
2020-05-31,BR,0.0111099999999936,0.0,0.0784840346165323,-0.0326270764945788,81.02,0.0,0.8451208594449419,3.0,3.0,2.0,2.0
2020-06-01,BR,0.01,-0.0011099999999936,0.0821756534024016,0.0036916187858692,77.31,-3.7099999999999937,0.8595086727886351,2.0,3.0,2.0,2.0
2020-06-02,BR,0.03704,0.0270399999999999,0.0817115919255409,-0.0004640614768607,77.31,0.0,0.8414722591562915,2.0,3.0,2.0,2.0
2020-06-03,BR,0.00995,-0.0270899999999999,0.0823712543779996,0.0006596624524587,77.31,0.0,0.8397976391231029,2.0,3.0,2.0,2.0
2020-06-04,BR,0.00833,-0.00162,0.0795771838851215,-0.0027940704928781,77.31,0.0,0.8322031644728095,2.0,3.0,2.0,2.0
2020-06-05,BR,0.06452,0.0561899999999999,0.0762670394966794,-0.003310144388442,77.31,0.0,0.8300594197832926,2.0,3.0,2.0,2.0
2020-06-06,BR,0.03358,-0.0309399999999999,0.0743362831858406,-0.0019307563108388,77.31,0.0,0.8294758339006126,2.0,3.0,2.0,2.0
2020-06-07,BR,0.14286,0.1092799999999999,0.075737136249759,0.0014008530639184,77.31,0.0,0.8367700905762189,2.0,3.0,2.0,2.0
2020-06-08,BR,0.12766,-0.0151999999999999,0.074942936850114,-0.000794199399645,77.31,0.0,0.849543494800913,2.0,3.0,2.0,2.0
2020-06-09,BR,0.02483,-0.1028299999999999,0.0808681048960082,0.0059251680458942,77.31,0.0,0.8328381346079318,2.0,3.0,2.0,2.0
2020-06-10,BR,0.12875,0.10392,0.0779088689991862,-0.0029592358968219,77.31,0.0,0.8349945755356658,2.0,3.0,2.0,2.0
2020-06-11,BR,0.0668,-0.06195,0.0740479095754928,-0.0038609594236933,77.31,0.0,0.8278851711514996,2.0,3.0,2.0,2.0
2020-06-12,BR,0.07923,0.0124299999999999,0.0744401630647232,0.0003922534892304,77.31,0.0,0.8375495616239459,2.0,3.0,2.0,2.0
2020-06-13,BR,0.15013,0.0709,0.0735491821644633,-0.0008909809002599,77.31,0.0,0.8320076181940399,2.0,3.0,2.0,2.0
2020-06-14,BR,0.14773,-0.0024,0.0750887573964496,0.0015395752319863,77.31,0.0,0.8381656804733728,2.0,3.0,2.0,2.0
2020-06-15,BR,0.08333,-0.0644,0.075268817204301,0.0001800598078514,77.31,0.0,0.8466327108092813,2.0,3.0,2.0,2.0
2020-06-16,BR,0.49845,0.41512,0.12,0.0447311827956989,77.31,0.0,0.94,2.0,3.0,2.0,2.0
2020-06-17,BR,0.27727,-0.22118,0.0785582934902537,-0.0414417065097462,77.31,0.0,0.8257447591026112,2.0,3.0,2.0,2.0
2020-06-18,BR,0.0087,-0.26857,0.0779592784702329,-0.0005990150200207,77.31,0.0,0.8260431988851901,2.0,3.0,2.0,2.0
2020-06-19,BR,0.02632,0.01762,0.1282051282051281,0.0502458497348952,77.31,0.0,0.8717948717948718,2.0,3.0,2.0,2.0
2020-06-20,BR,0.0263199999999959,-4.100886297209172e-15,0.0753315649867372,-0.0528735632183908,77.31,0.0,0.8162182644941266,2.0,3.0,2.0,2.0
2020-06-21,BR,0.23447,0.2081500000000041,0.0771962218592429,0.0018646568725056,77.31,0.0,0.8279241531141254,2.0,3.0,2.0,2.0
2020-06-22,BR,0.1,-0.13447,0.0784612191240572,0.0012649972648142,77.31,0.0,0.8369196706566111,2.0,3.0,2.0,2.0
2020-06-23,BR,0.10667,0.0066699999999999,0.0794348296376419,0.0009736105135847,77.31,0.0,0.8320713899405083,2.0,3.0,2.0,2.0
2020-06-24,BR,0.66667,0.5599999999999999,0.0819178815032766,0.0024830518656347,77.31,0.0,0.8189781998127591,2.0,3.0,2.0,2.0
2020-06-25,BR,0.47012,-0.19655,0.0808756246920531,-0.0010422568112234,77.31,0.0,0.8222003237840502,2.0,3.0,2.0,2.0
2020-06-26,BR,0.02,-0.4501199999999999,0.0808916722582568,1.604756620370018e-05,77.31,0.0,0.814135540147618,2.0,3.0,2.0,2.0
2020-06-27,BR,0.25806,0.23806,0.0760453474676088,-0.004846324790648,77.31,0.0,0.8261925795053003,2.0,3.0,2.0,2.0
2020-06-28,BR,0.04167,-0.21639,0.0707120308663625,-0.0053333166012462,77.31,0.0,0.8239214310768151,2.0,3.0,2.0,2.0
2020-06-29,BR,0.0,-0.04167,0.074101247248716,0.0033892163823534,77.31,0.0,0.8404588808110451,2.0,3.0,2.0,2.0
2020-06-30,BR,0.14758,0.14758,0.0775315328155062,0.0034302855667902,77.31,0.0,0.8263379177652675,2.0,3.0,2.0,2.0
2020-07-01,BR,0.1475799999999982,-1.7763568394002505e-15,0.080598987007267,0.0030674541917607,77.31,0.0,0.8181017397049108,2.0,3.0,2.0,2.0
2020-07-02,BR,0.01993,-0.1276499999999982,0.0781657551535548,-0.0024332318537122,77.31,0.0,0.8152292806058057,2.0,3.0,2.0,2.0
2020-07-03,BR,0.02294,0.0030099999999999,0.0768573138411558,-0.001308441312399,81.02,3.7099999999999937,0.8150807899461401,3.0,3.0,2.0,2.0
2020-07-04,BR,0.06231,0.03937,0.0742644732679531,-0.0025928405732026,81.02,0.0,0.8199936728883265,3.0,3.0,2.0,2.0
2020-07-05,BR,0.04795,-0.0143599999999999,0.0724736048265459,-0.0017908684414072,81.02,0.0,0.8313725490196079,3.0,3.0,2.0,2.0
2020-07-06,BR,0.08152,0.0335699999999999,0.0785612535612535,0.0060876487347076,81.02,0.0,0.8305555555555556,3.0,3.0,2.0,2.0
2020-07-07,BR,0.02,-0.0615199999999999,0.0790081949989492,0.0004469414376957,81.02,0.0,0.8247530993906282,3.0,3.0,2.0,2.0
2020-07-08,BR,0.0,-0.02,0.0783014057833781,-0.0007067892155711,81.02,0.0,0.81710248379343,3.0,3.0,2.0,2.0
2020-07-09,BR,0.06885,0.06885,0.0772711142654363,-0.0010302915179418,81.02,0.0,0.8104151880766501,3.0,3.0,2.0,2.0
2020-07-10,BR,0.06422,-0.0046299999999999,0.0773336123901212,6.24981246849926e-05,81.02,0.0,0.8087065717873587,3.0,3.0,2.0,2.0
2020-07-11,BR,0.0642199999999992,-8.049116928532385e-16,0.0769633051512245,-0.0003703072388967,81.02,0.0,0.8031029373311253,3.0,3.0,2.0,2.0
2020-07-12,BR,0.0642199999999994,2.0816681711721683e-16,0.0760469977654436,-0.0009163073857808,81.02,0.0,0.8122972680746774,3.0,3.0,2.0,2.0
2020-07-13,BR,0.06132,-0.0028999999999994,0.0753589827907486,-0.000688014974695,81.02,0.0,0.8276882604406445,3.0,3.0,2.0,2.0
2020-07-14,BR,0.02,-0.0413199999999999,0.0777268823361007,0.0023678995453521,81.02,0.0,0.819352991697681,3.0,3.0,2.0,2.0
2020-07-15,BR,0.0199999999999997,-3.0184188481996443e-16,0.0804116133774346,0.0026847310413339,81.02,0.0,0.813965453877251,3.0,3.0,2.0,2.0
2020-07-16,BR,0.04,0.0200000000000003,0.0767245424683247,-0.0036870709091099,81.02,0.0,0.810183012670108,3.0,3.0,2.0,2.0
2020-07-17,BR,0.10526,0.06526,0.0782674772036473,0.0015429347353225,81.02,0.0,0.8105369807497467,3.0,3.0,2.0,2.0
2020-07-18,BR,0.105259999999999,-1.0130785099704551e-15,0.0770980392156862,-0.001169437987961,81.02,0.0,0.8033725490196079,3.0,3.0,2.0,2.0
2020-07-19,BR,0.06542,-0.0398399999999989,0.0736384747921192,-0.0034595644235669,81.02,0.0,0.8153419731815117,3.0,3.0,2.0,2.0
2020-07-20,BR,0.0654199999999996,-4.0245584642661925e-16,0.0755014326647563,0.001862957872637,81.02,0.0,0.8281518624641834,3.0,3.0,2.0,2.0
2020-07-21,BR,0.05128,-0.0141399999999996,0.0751804473665403,-0.000320985298216,81.02,0.0,0.8199099549774888,3.0,3.0,2.0,2.0
2020-07-22,BR,0.0512799999999995,-4.996003610813204e-16,0.0755875502858351,0.0004071029192948,81.02,0.0,0.8112075658126897,3.0,3.0,2.0,2.0
2020-07-23,BR,0.11429,0.0630100000000005,0.079907768148207,0.0043202178623718,81.02,0.0,0.7991571916991334,3.0,3.0,2.0,2.0
2020-07-24,BR,0.1142899999999987,-1.304512053934559e-15,0.0728665742929334,-0.0070411938552736,81.02,0.0,0.7959083869916048,3.0,3.0,2.0,2.0
2020-07-25,BR,0.15152,0.0372300000000012,0.0763650856915104,0.003498511398577,81.02,0.0,0.8120366679952172,3.0,3.0,2.0,2.0
2020-07-26,BR,0.1515199999999986,-1.3877787807814457e-15,0.0759963630853159,-0.0003687226061944,81.02,0.0,0.8136838914987119,3.0,3.0,2.0,2.0
2020-07-27,BR,0.06573,-0.0857899999999986,0.0753492309863128,-0.0006471320990031,81.02,0.0,0.8233385071257232,3.0,3.0,2.0,2.0
2020-07-28,BR,0.0748,0.00907,0.0769973782254725,0.0016481472391597,81.02,0.0,0.8145439492203671,3.0,3.0,2.0,2.0
2020-07-29,BR,0.05,-0.0248,0.0763287788826095,-0.000668599342863,72.69,-8.329999999999998,0.8125044709922026,3.0,3.0,2.0,2.0
2020-07-30,BR,0.04854,-0.00146,0.07754914004914,0.0012203611665305,72.69,0.0,0.8002149877149877,3.0,3.0,2.0,2.0
2020-07-31,BR,0.0,-0.04854,0.080242914979757,0.0026937749306169,72.69,0.0,0.7947368421052632,3.0,3.0,2.0,2.0
2020-08-01,BR,1.0408340855860844e-16,1.0408340855860844e-16,0.075272508797528,-0.0049704061822289,72.69,0.0,0.8078276542786027,3.0,3.0,2.0,2.0
2020-08-02,BR,7.6284262017114565e-16,6.587592116125372e-16,0.0732528987778124,-0.0020196100197155,72.69,0.0,0.8106392980256972,3.0,3.0,2.0,2.0
2020-08-03,BR,0.06306,0.0630599999999992,0.0791995054860145,0.005946606708202,72.69,0.0,0.8174934322361305,3.0,3.0,2.0,2.0
2020-08-04,BR,0.02,-0.04306,0.0803180914512922,0.0011185859652776,72.69,0.0,0.8144731610337972,3.0,3.0,2.0,2.0
2020-08-05,BR,0.06604,0.04604,0.0773867709351579,-0.0029313205161343,72.69,0.0,0.805881394591072,3.0,3.0,2.0,2.0
2020-08-06,BR,0.1223,0.05626,0.0811932555123215,0.0038064845771635,72.69,0.0,0.798443579766537,3.0,3.0,2.0,2.0
2020-08-07,BR,0.11667,-0.00563,0.077757520510483,-0.0034357350018384,72.69,0.0,0.8092980856882407,3.0,3.0,2.0,2.0
2020-08-08,BR,1.0,0.88333,0.0769671504965621,-0.0007903700139208,72.69,0.0,0.8052902979373567,3.0,3.0,2.0,2.0
2020-08-09,BR,0.9999999999999876,-1.2434497875801752e-14,0.0727990452584228,-0.0041681052381393,72.69,0.0,0.8178646837418526,3.0,3.0,2.0,2.0
2020-08-10,BR,0.02,-0.9799999999999875,0.0745499246569909,0.001750879398568,72.69,0.0,0.8189388532000952,3.0,3.0,2.0,2.0
2020-08-11,BR,0.06164,0.0416399999999999,0.0750872635765889,0.000537338919598,72.69,0.0,0.8068836756230213,3.0,3.0,2.0,2.0
2020-08-12,BR,0.00917,-0.05247,0.0760463045414067,0.0009590409648178,72.69,0.0,0.8056099732858415,3.0,3.0,2.0,2.0
2020-08-13,BR,0.0,-0.00917,0.081062867045345,0.0050165625039382,72.69,0.0,0.7944546067199384,3.0,3.0,2.0,2.0
2020-08-14,BR,5.885049392251318e-15,5.885049392251318e-15,0.076816387495999,-0.0042464795493459,72.69,0.0,0.7973967779793022,3.0,3.0,2.0,2.0
2020-08-15,BR,2.285103848642399e-15,-3.599945543608919e-15,0.070670037926675,-0.006146349569324,69.91,-2.780000000000001,0.8058154235145386,3.0,3.0,2.0,2.0
2020-08-16,BR,5.833349079667639e-15,3.5482452310252404e-15,0.0699341795956745,-0.0007358583310005,69.91,0.0,0.8072402444757875,3.0,3.0,2.0,2.0
2020-08-17,BR,0.18966,0.1896599999999941,0.0738421677642232,0.0039079881685487,69.91,0.0,0.8156104933606823,3.0,3.0,2.0,2.0
2020-08-18,BR,0.12258,-0.06708,0.0814454635871366,0.0076032958229134,69.91,0.0,0.8050613327439496,3.0,3.0,2.0,2.0
2020-08-19,BR,0.09034,-0.0322399999999999,0.0763789101359566,-0.0050665534511799,69.91,0.0,0.7976124682215099,3.0,3.0,2.0,2.0
2020-08-20,BR,0.11814,0.0277999999999999,0.0731142989356778,-0.0032646112002787,69.91,0.0,0.794886626561777,3.0,3.0,2.0,2.0
2020-08-21,BR,0.16667,0.04853,0.0680765118213139,-0.0050377871143639,69.91,0.0,0.7905429487941071,3.0,3.0,2.0,2.0
2020-08-22,BR,0.04,-0.12667,0.0664865499823798,-0.001589961838934,69.91,0.0,0.7934923058851169,3.0,3.0,2.0,2.0
2020-08-23,BR,0.0,-0.04,0.0690184049079754,0.0025318549255955,69.91,0.0,0.8044478527607362,3.0,3.0,2.0,2.0
2020-08-24,BR,0.06604,0.06604,0.0661429026435926,-0.0028755022643827,73.61,3.700000000000003,0.8129313090561631,3.0,3.0,2.0,3.0
2020-08-25,BR,0.1,0.03396,0.0702505889912186,0.004107686347626,73.61,0.0,0.8085243092739345,3.0,3.0,2.0,3.0
2020-08-26,BR,0.0,-0.1,0.0719128598421695,0.0016622708509508,73.61,0.0,0.794487051239302,3.0,3.0,2.0,3.0
2020-08-27,BR,2.116362640691705e-15,2.116362640691705e-15,0.0750200435230786,0.0031071836809091,73.61,0.0,0.7902874813881572,3.0,3.0,2.0,3.0
2020-08-28,BR,0.0,-2.116362640691705e-15,0.0771060207785705,0.0020859772554918,73.61,0.0,0.7815746651646013,3.0,3.0,2.0,3.0
2020-08-29,BR,1.0786922600192298e-15,1.0786922600192298e-15,0.067823930564166,-0.0092820902144045,73.61,0.0,0.7977681339119653,3.0,3.0,2.0,3.0
2020-08-30,BR,0.06542,0.0654199999999989,0.0710134821013481,0.0031895515371821,73.61,0.0,0.798930729893073,3.0,3.0,2.0,3.0
2020-08-31,BR,0.0654199999999996,-4.0245584642661925e-16,0.069255808732742,-0.001757673368606,69.91,-3.700000000000003,0.8099674486474352,3.0,3.0,2.0,2.0
2020-09-01,BR,0.08,0.0145800000000003,0.0688695652173912,-0.0003862435153508,69.91,0.0,0.8047536231884058,3.0,3.0,2.0,2.0
2020-09-02,BR,0.06604,-0.01396,0.0729643183897529,0.0040947531723617,69.91,0.0,0.7930009149130832,3.0,3.0,2.0,2.0
2020-09-03,BR,0.12698,0.06094,0.0679174484052532,-0.0050468699844996,69.91,0.0,0.7854909318323953,3.0,3.0,2.0,2.0
2020-09-04,BR,0.1269799999999997,-3.05311331771918e-16,0.0714675395526459,0.0035500911473927,69.91,0.0,0.7828696126568467,3.0,3.0,2.0,2.0
2020-09-05,BR,0.1269799999999993,-4.163336342344337e-16,0.0675003361570525,-0.0039672033955933,69.91,0.0,0.7833803953206938,3.0,3.0,2.0,2.0
2020-09-06,BR,0.1269800000000002,9.15933995315754e-16,0.0697977821265491,0.0022974459694966,69.91,0.0,0.7968688845401174,3.0,3.0,2.0,2.0
2020-09-07,BR,0.1269799999999997,-4.996003610813204e-16,0.0621494278662776,-0.0076483542602714,69.91,0.0,0.8150100964774512,3.0,3.0,2.0,2.0
2020-09-08,BR,0.08,-0.0469799999999997,0.0728388176240936,0.0106893897578159,69.91,0.0,0.818851087562744,3.0,3.0,2.0,2.0
2020-09-09,BR,0.0800000000000009,9.020562075079397e-16,0.0711522681983354,-0.0016865494257582,69.91,0.0,0.8111593013714687,3.0,3.0,2.0,2.0
2020-09-10,BR,0.06061,-0.0193900000000009,0.072806586384861,0.0016543181865256,69.91,0.0,0.7969402801671173,3.0,3.0,2.0,2.0
2020-09-11,BR,0.06,-0.0006099999999999,0.0637593154844051,-0.0090472709004559,69.91,0.0,0.79547336461496,3.0,3.0,2.0,2.0
2020-09-12,BR,0.0600000000000011,1.1032841307212493e-15,0.0694855532064833,0.0057262377220781,69.91,0.0,0.7978858350951374,3.0,3.0,2.0,2.0
2020-09-13,BR,0.0600000000000005,-6.03683769639929e-16,0.0643335048893463,-0.0051520483171369,69.91,0.0,0.799408131755018,3.0,3.0,2.0,2.0
2020-09-14,BR,0.0600000000000007,2.012279232133096e-16,0.07046004842615,0.0061265435368036,69.91,0.0,0.8154963680387409,3.0,3.0,2.0,2.0
2020-09-15,BR,0.08,0.0199999999999993,0.065586128910667,-0.004873919515483,69.91,0.0,0.7980902123382334,3.0,3.0,2.0,2.0
2020-09-16,BR,0.0799999999999999,-9.71445146547012e-17,0.0672216699801191,0.0016355410694521,69.91,0.0,0.7911282306163022,3.0,3.0,2.0,2.0
2020-09-17,BR,0.0,-0.0799999999999999,0.0731206353553333,0.0058989653752141,69.91,0.0,0.7765301930713405,3.0,3.0,2.0,2.0
2020-09-18,BR,7.910339050454239e-16,7.910339050454239e-16,0.0702298688478352,-0.002890766507498,69.91,0.0,0.7840925116344662,3.0,3.0,2.0,2.0
2020-09-19,BR,9.540837159837814e-16,1.6304981093835743e-16,0.0704386340905842,0.000208765242749,69.91,0.0,0.7751107301043006,3.0,3.0,2.0,2.0
2020-09-20,BR,7.052452228810496e-16,-2.4883849310273173e-16,0.060715275852509,-0.0097233582380752,69.91,0.0,0.7881896312725256,3.0,3.0,2.0,2.0
2020-09-21,BR,1.2229117668081028e-15,5.176665439270531e-16,0.0653019793605142,0.0045867035080051,69.91,0.0,0.7995263068854678,3.0,3.0,2.0,2.0
2020-09-22,BR,0.08,0.0799999999999987,0.0663735520419378,0.0010715726814236,69.91,0.0,0.784053437050816,3.0,3.0,2.0,2.0
2020-09-23,BR,0.0800000000000001,9.71445146547012e-17,0.0644056183624528,-0.001967933679485,67.13,-2.780000000000001,0.789482699554642,3.0,3.0,2.0,2.0
2020-09-24,BR,0.0799999999999995,-5.967448757360216e-16,0.06297864672493,-0.0014269716375227,67.13,0.0,0.7821425353635463,3.0,3.0,2.0,2.0
2020-09-25,BR,0.08,4.996003610813204e-16,0.0578708088653153,-0.0051078378596147,67.13,0.0,0.7771358211782534,3.0,3.0,2.0,2.0
2020-09-26,BR,0.0799999999999994,-5.967448757360216e-16,0.0587517597372125,0.0008809508718971,67.13,0.0,0.7832942280619427,3.0,3.0,2.0,2.0
2020-09-27,BR,0.0799999999999999,4.996003610813204e-16,0.0607808340727595,0.0020290743355469,67.13,0.0,0.7915705412599823,3.0,3.0,2.0,2.0
2020-09-28,BR,0.0,-0.0799999999999999,0.0632943568886629,0.0025135228159034,67.13,0.0,0.7951194712760549,3.0,3.0,2.0,2.0
2020-09-29,BR,0.08,0.08,0.064237447609272,0.000943090720609,67.13,0.0,0.7929176289453426,3.0,3.0,2.0,2.0
2020-09-30,BR,0.0800000000000006,5.967448757360216e-16,0.0663532333895147,0.0021157857802426,67.13,0.0,0.7863922647032733,3.0,3.0,2.0,2.0
2020-10-01,BR,0.08,-5.967448757360216e-16,0.0686712315173165,0.0023179981278017,67.13,0.0,0.7844596606132778,3.0,3.0,2.0,2.0
2020-10-02,BR,0.0,-0.08,0.0635832115264146,-0.0050880199909019,67.13,0.0,0.7741699728544581,3.0,3.0,2.0,2.0
2020-10-03,BR,7.355227538141662e-16,7.355227538141662e-16,0.0605381165919282,-0.0030450949344863,67.13,0.0,0.7874829401442777,3.0,3.0,2.0,2.0
2020-10-04,BR,1.5924320432450302e-15,8.56909289430864e-16,0.0575494495659178,-0.0029886670260104,67.13,0.0,0.7924460753602435,3.0,3.0,2.0,2.0
2020-10-05,BR,3.2262776528092115e-16,-1.269804277964109e-15,0.0597217202746656,0.0021722707087478,67.13,0.0,0.8029454282616553,3.0,3.0,2.0,2.0
2020-10-06,BR,9.743899566045025e-16,6.517621913235816e-16,0.0662813798085605,0.0065596595338948,67.13,0.0,0.7940220335921979,3.0,3.0,2.0,2.0
2020-10-07,BR,3.804691836539988e-16,-5.939207729505037e-16,0.0603623590312441,-0.0059190207773163,67.13,0.0,0.7841560362359031,3.0,3.0,2.0,2.0
2020-10-08,BR,6.119968503295485e-16,2.315276666755497e-16,0.0636208796713755,0.0032585206401314,63.43,-3.699999999999996,0.7771766356076546,2.0,3.0,2.0,2.0
2020-10-09,BR,0.0,-6.119968503295485e-16,0.0637216133770194,0.0001007337056438,63.43,0.0,0.7816065981245057,2.0,3.0,2.0,2.0
2020-10-10,BR,3.354404987713307e-16,3.354404987713307e-16,0.0635823536847427,-0.0001392596922766,63.43,0.0,0.7733535583364934,2.0,3.0,2.0,2.0
2020-10-11,BR,3.084331777790887e-16,-2.7007320992241978e-17,0.0560058953574059,-0.0075764583273367,63.43,0.0,0.7916973716531565,2.0,3.0,2.0,2.0
2020-10-12,BR,2.821453917255702e-16,-2.6287786053518497e-17,0.0538724507839207,-0.0021334445734852,63.43,0.0,0.8126841919132383,2.0,3.0,2.0,2.0
2020-10-13,BR,2.274469873073873e-16,-5.469840441818291e-17,0.0659787367104439,0.0121062859265232,63.43,0.0,0.810089639357932,2.0,3.0,2.0,2.0
2020-10-14,BR,3.4217008573434093e-16,1.1472309842695362e-16,0.0687704026115341,0.0027916659010902,63.43,0.0,0.7899891186071817,2.0,3.0,2.0,2.0
2020-10-15,BR,0.08333,0.0833299999999996,0.0610349402919061,-0.007735462319628,63.43,0.0,0.7769792127377266,2.0,3.0,2.0,2.0
2020-10-16,BR,0.0,-0.08333,0.0620865139949108,0.0010515737030047,63.43,0.0,0.7732824427480917,2.0,3.0,2.0,2.0
2020-10-17,BR,3.05311331771918e-16,3.05311331771918e-16,0.0629796242392166,0.0008931102443058,63.43,0.0,0.7877745435300344,2.0,3.0,2.0,2.0
2020-10-18,BR,9.642539559247674e-16,6.589426241528493e-16,0.0653821451509312,0.0024025209117145,63.43,0.0,0.7939627488760437,2.0,3.0,2.0,2.0
2020-10-19,BR,0.0,-9.642539559247674e-16,0.0636758321273516,-0.0017063130235795,63.43,0.0,0.7982392667631452,2.0,3.0,2.0,2.0
2020-10-20,BR,9.82834321761721e-16,9.82834321761721e-16,0.0668023921618524,0.0031265600345008,63.43,0.0,0.7936124188828095,2.0,3.0,2.0,2.0
2020-10-21,BR,7.435676193231446e-17,-9.084775598294064e-16,0.0651034844118417,-0.0016989077500107,63.43,0.0,0.7722033010217448,2.0,3.0,2.0,2.0
2020-10-22,BR,6.716621114641629e-16,5.973053495318484e-16,0.0649979814291481,-0.0001055029826936,63.43,0.0,0.7716323509621854,2.0,3.0,2.0,2.0
2020-10-23,BR,0.65,0.6499999999999994,0.0621063424637468,-0.0028916389654013,57.87,-5.560000000000002,0.7647575801962795,2.0,3.0,1.0,2.0
2020-10-24,BR,0.6499999999999921,-7.882583474838611e-15,0.0650695060632947,0.0029631635995479,57.87,0.0,0.7778763679384797,2.0,3.0,1.0,2.0
2020-10-25,BR,0.06542,-0.5845799999999921,0.0607915717539863,-0.0042779343093083,57.87,0.0,0.7884396355353075,2.0,3.0,1.0,2.0
2020-10-26,BR,0.0654200000000014,1.3877787807814457e-15,0.0573748308525033,-0.003416740901483,57.87,0.0,0.7953991880920163,2.0,3.0,1.0,2.0
2020-10-27,BR,0.065419999999999,-2.3869795029440866e-15,0.0683192261185005,0.0109443952659971,57.87,0.0,0.7882708585247884,2.0,3.0,1.0,2.0
2020-10-28,BR,0.08333,0.0179100000000009,0.0666044558497608,-0.0017147702687397,57.87,0.0,0.7783739647731249,2.0,3.0,1.0,2.0
2020-10-29,BR,0.0,-0.08333,0.063157894736842,-0.0034465611129188,57.87,0.0,0.7704397981254506,2.0,3.0,1.0,2.0
2020-10-30,BR,1.3739009929736312e-15,1.3739009929736312e-15,0.0673842524329105,0.0042263576960685,57.87,0.0,0.7673252727808906,2.0,3.0,1.0,2.0
2020-10-31,BR,0.0,-1.3739009929736312e-15,0.0574712643678159,-0.0099129880650945,57.87,0.0,0.7771883289124668,2.0,3.0,1.0,2.0
2020-11-01,BR,3.234347465224366e-16,3.234347465224366e-16,0.058443423319931,0.000972158952115,57.87,0.0,0.7925043078690408,2.0,3.0,1.0,2.0
2020-11-02,BR,0.12308,0.1230799999999996,0.0571541710665257,-0.0012892522534053,57.87,0.0,0.7996304118268216,2.0,3.0,1.0,2.0
2020-11-03,BR,0.1230799999999975,-2.4980018054066026e-15,0.0653594771241829,0.0082053060576572,57.87,0.0,0.8124183006535948,2.0,3.0,1.0,2.0
2020-11-04,BR,0.09174,-0.0313399999999974,0.0700468933177021,0.0046874161935192,57.87,0.0,0.7955744431418523,2.0,3.0,1.0,2.0
2020-11-05,BR,0.1,0.00826,0.0699055741699664,-0.0001413191477356,57.87,0.0,0.7841912884556808,2.0,3.0,1.0,2.0
2020-11-06,BR,0.3125,0.2125,0.0813594232749741,0.0114538491050077,57.87,0.0,0.7851012701682115,2.0,3.0,1.0,2.0
2020-11-07,BR,0.09214,-0.22036,0.0734922354640664,-0.0078671878109077,57.87,0.0,0.7872878295413507,2.0,3.0,1.0,2.0
2020-11-08,BR,0.1,0.00786,0.0741367637102233,0.0006445282461569,57.87,0.0,0.7943466486120515,2.0,3.0,1.0,2.0
2020-11-09,BR,0.0875,-0.0125,0.0761207970112079,0.0019840333009845,57.87,0.0,0.7959215442092155,2.0,3.0,1.0,2.0
2020-11-10,BR,0.07442,-0.0130799999999999,0.0813093980992608,0.0051886010880528,57.87,0.0,0.7851863026097451,2.0,3.0,1.0,2.0
2020-11-11,BR,0.05,-0.0244199999999999,0.0766528265729798,-0.004656571526281,57.87,0.0,0.767486426061961,2.0,3.0,1.0,2.0
2020-11-12,BR,0.9,0.85,0.0799375758626668,0.003284749289687,57.87,0.0,0.7643488815675394,2.0,3.0,1.0,2.0
2020-11-13,BR,0.0,-0.9,0.0764829296204462,-0.0034546462422205,57.87,0.0,0.7621590692351707,2.0,3.0,1.0,2.0
2020-11-14,BR,0.11616,0.11616,0.0744937767044398,-0.0019891529160064,57.87,0.0,0.7668586290172766,2.0,3.0,1.0,2.0
2020-11-15,BR,0.27027,0.15411,0.0762927895120173,0.0017990128075775,57.87,0.0,0.7729424617625638,2.0,3.0,1.0,2.0
2020-11-16,BR,0.17222,-0.09805,0.0809080325960418,0.0046152430840245,57.87,0.0,0.7850213426464882,2.0,3.0,1.0,2.0
2020-11-17,BR,0.1383,-0.03392,0.0783025568181817,-0.0026054757778601,57.87,0.0,0.7931463068181818,2.0,3.0,1.0,2.0
2020-11-18,BR,0.24296,0.10466,0.0839694656488548,0.005666908830673,57.87,0.0,0.7846402960906778,2.0,3.0,1.0,2.0
2020-11-19,BR,0.14085,-0.10211,0.0868732394366195,0.0029037737877647,57.87,0.0,0.7746478873239436,2.0,3.0,1.0,2.0
2020-11-20,BR,0.34518,0.2043299999999999,0.0880193033990767,0.0011460639624571,57.87,0.0,0.7621695342005875,2.0,3.0,1.0,2.0
2020-11-21,BR,1.0,0.65482,0.0784250616886599,-0.0095942417104168,57.87,0.0,0.7679433537174123,2.0,3.0,1.0,2.0
2020-11-22,BR,0.19126,-0.80874,0.0818856039825255,0.0034605422938656,57.87,0.0,0.7814690643096617,2.0,3.0,1.0,2.0
2020-11-23,BR,0.26857,0.0773099999999999,0.0887445887445887,0.0068589847620631,57.87,0.0,0.6718426501035196,2.0,3.0,1.0,2.0
2020-11-24,BR,0.16066,-0.1079099999999999,0.0914138569244387,0.0026692681798499,57.87,0.0,0.6510823207531987,2.0,3.0,1.0,2.0
2020-11-25,BR,0.09468,-0.06598,0.0863000772068285,-0.0051137797176102,57.87,0.0,0.6815647250579051,2.0,3.0,1.0,2.0
2020-11-26,BR,0.10326,0.00858,0.0979396834876082,0.0116396062807797,57.87,0.0,0.6752264357519657,2.0,3.0,1.0,2.0
2020-11-27,BR,0.05147,-0.05179,0.0896027917479215,-0.0083368917396867,57.87,0.0,0.6774094221492354,2.0,3.0,1.0,2.0
2020-11-28,BR,0.58333,0.53186,0.0793531402783001,-0.0102496514696214,57.87,0.0,0.688040616773223,2.0,3.0,1.0,2.0
2020-11-29,BR,0.1157,-0.46763,0.0815715622076707,0.0022184219293706,57.87,0.0,0.6930776426566885,2.0,3.0,1.0,2.0
2020-11-30,BR,0.31084,0.19514,0.0804714661239718,-0.0011000960836989,60.65,2.780000000000001,0.7022810141609429,2.0,3.0,1.0,2.0
2020-12-01,BR,0.57143,0.26059,0.0916242480333178,0.011152781909346,60.65,0.0,0.6616535554527225,2.0,3.0,1.0,2.0
2020-12-02,BR,0.2,-0.37143,0.0901555222230992,-0.0014687258102185,60.65,0.0,0.6551669692902818,2.0,3.0,1.0,2.0
2020-12-03,BR,0.26667,0.06667,0.0913242009132419,0.0011686786901426,63.43,2.780000000000001,0.6508423870256652,2.0,3.0,1.0,2.0
2020-12-04,BR,0.17692,-0.08975,0.0869741100323624,-0.0043500908808795,63.43,0.0,0.6571197411003237,2.0,3.0,1.0,2.0
2020-12-05,BR,0.10884,-0.0680799999999999,0.0913991471558451,0.0044250371234827,63.43,0.0,0.6527476064043769,2.0,3.0,1.0,2.0
2020-12-06,BR,0.21667,0.10783,0.079950077086851,-0.011449070068994,63.43,0.0,0.6721973423390353,2.0,3.0,1.0,2.0
2020-12-07,BR,0.38947,0.1727999999999999,0.0852754237288135,0.0053253466419624,63.43,0.0,0.6769824455205811,2.0,3.0,1.0,2.0
2020-12-08,BR,0.32195,-0.0675199999999999,0.0878089085855929,0.0025334848567794,63.43,0.0,0.6651393374896718,2.0,3.0,1.0,2.0
2020-12-13,BR,0.3219499999999977,-2.3314683517128287e-15,0.0816736143276207,-0.0061352942579721,64.35,0.9199999999999946,0.6777057279604756,3.0,3.0,0.0,2.0
2020-12-14,BR,0.27429,-0.0476599999999977,0.0824997367589764,0.0008261224313556,64.35,0.0,0.6785300621248815,3.0,3.0,0.0,2.0
2020-12-15,BR,0.10714,-0.1671499999999999,0.0863529540361807,0.0038532172772043,67.13,2.780000000000001,0.6784172268677925,3.0,3.0,1.0,2.0
2020-12-16,BR,0.11918,0.0120399999999999,0.0858336010279472,-0.0005193530082335,64.35,-2.780000000000001,0.6745904272406039,3.0,3.0,0.0,2.0
2020-12-17,BR,0.21581,0.09663,0.084556786703601,-0.0012768143243461,61.57,-2.779999999999994,0.6664819944598338,3.0,3.0,0.0,2.0
2020-12-18,BR,0.24,0.0241899999999999,0.0789082254945708,-0.0056485612090302,61.57,0.0,0.6630224602112152,3.0,3.0,0.0,2.0
2020-12-19,BR,0.2399999999999994,-5.828670879282072e-16,0.0796315090951673,0.0007232836005964,64.35,2.779999999999994,0.6619564368803186,3.0,3.0,0.0,2.0
2020-12-20,BR,0.06,-0.1799999999999994,0.0714137286139778,-0.0082177804811894,64.35,0.0,0.6813049802590566,3.0,3.0,0.0,2.0
2020-12-21,BR,0.060000000000002,2.005340338229189e-15,0.0764124196113684,0.0049986909973906,64.35,0.0,0.6597745660742688,3.0,3.0,0.0,2.0
2020-12-22,BR,0.08152,0.0215199999999979,0.076626056853738,0.0002136372423695,64.35,0.0,0.6590772917914919,3.0,3.0,0.0,2.0
2020-12-23,BR,0.26577,0.18425,0.0769718756608161,0.0003458188070781,64.35,0.0,0.6597589342355678,3.0,3.0,0.0,2.0
2020-12-24,BR,0.11659,-0.14918,0.0806959258611645,0.0037240502003483,64.35,0.0,0.664014687882497,3.0,3.0,0.0,2.0
2020-12-25,BR,0.25333,0.13674,0.0781414994720167,-0.0025544263891477,64.35,0.0,0.6786091416503244,3.0,3.0,0.0,2.0
2020-12-26,BR,0.26848,0.0151499999999999,0.0752161749745675,-0.0029253244974492,64.35,0.0,0.6934766022380467,3.0,3.0,0.0,2.0
2020-12-27,BR,0.07541,-0.19307,0.0711639122507792,-0.0040522627237883,64.35,0.0,0.7058754337469858,3.0,3.0,0.0,2.0
2020-12-28,BR,0.22388,0.14847,0.0791199618411638,0.0079560495903845,64.35,0.0,0.701407107083234,3.0,3.0,0.0,2.0
2020-12-29,BR,0.02632,-0.1975599999999999,0.0777247069040381,-0.0013952549371256,64.35,0.0,0.7011971962037095,3.0,3.0,0.0,2.0
2020-12-30,BR,0.15238,0.1260599999999999,0.0792105793112706,0.0014858724072324,64.35,0.0,0.6978586292542123,3.0,3.0,0.0,2.0
2020-12-31,BR,0.1523800000000026,2.609024107869118e-15,0.0810147299509001,0.0018041506396295,64.35,0.0,0.6984451718494271,3.0,3.0,0.0,2.0
2021-01-01,BR,0.1523799999999997,-2.886579864025407e-15,0.0791497388276262,-0.0018649911232739,64.35,0.0,0.6564132327336042,3.0,3.0,0.0,2.0
2021-01-02,BR,0.0,-0.1523799999999997,0.0786201852754753,-0.0005295535521508,64.35,0.0,0.7146513895660653,3.0,3.0,0.0,2.0
2021-01-03,BR,0.19,0.19,0.0818780417978814,0.003257856522406,64.35,0.0,0.7219582021185228,3.0,3.0,0.0,2.0
2021-01-04,BR,0.28571,0.09571,0.0838153503893213,0.0019373085914399,64.35,0.0,0.7147385984427141,3.0,3.0,0.0,2.0
2021-01-05,BR,0.16338,-0.12233,0.085342694366116,0.0015273439767946,64.35,0.0,0.6962076307763135,3.0,3.0,0.0,2.0
2021-01-06,BR,0.2,0.03662,0.0860091743119264,0.0006664799458104,64.35,0.0,0.6846933848382424,3.0,3.0,0.0,2.0
2021-01-07,BR,0.0,-0.2,0.0881430942282868,0.0021339199163603,61.57,-2.779999999999994,0.6699858626836315,3.0,3.0,0.0,2.0
2021-01-08,BR,0.21412,0.21412,0.0853047940918763,-0.0028383001364104,61.57,0.0,0.6694204531230442,3.0,3.0,0.0,2.0
2021-01-09,BR,0.11417,-0.09995,0.0796994412690257,-0.0056053528228506,61.57,0.0,0.6626420910667266,3.0,3.0,0.0,2.0
2021-01-10,BR,0.08932,-0.0248499999999999,0.0787095154406225,-0.0009899258284031,61.57,0.0,0.6747426562892292,3.0,3.0,0.0,2.0
2021-01-11,BR,0.1,0.01068,0.0831655378607602,0.0044560224201376,61.57,0.0,0.6776496430532675,3.0,3.0,0.0,2.0
2021-01-12,BR,0.1000000000000009,8.881784197001252e-16,0.0855535637015515,0.0023880258407912,61.57,0.0,0.6720652778636336,3.0,3.0,0.0,2.0
2021-01-13,BR,0.66667,0.5666699999999991,0.0814918001646298,-0.0040617635369216,64.35,2.779999999999994,0.6495915912112962,3.0,3.0,0.0,2.0
2021-01-14,BR,0.30516,-0.36151,0.0811727038734383,-0.0003190962911914,72.69,8.340000000000003,0.6506372025864775,3.0,3.0,2.0,2.0
2021-01-15,BR,0.07273,-0.2324299999999999,0.082053478553509,0.0008807746800706,72.69,0.0,0.6517775194272777,3.0,3.0,2.0,2.0
2021-01-16,BR,0.64,0.56727,0.0812588675351475,-0.0007946110183614,72.69,0.0,0.6533599896814136,3.0,3.0,2.0,2.0
2021-01-17,BR,0.36538,-0.27462,0.0754070265638389,-0.0058518409713086,72.69,0.0,0.6628106255355612,3.0,3.0,2.0,2.0
2021-01-18,BR,0.2,-0.1653799999999999,0.0825434913017396,0.0071364647379007,72.69,0.0,0.6701859628074385,3.0,3.0,2.0,2.0
2021-01-19,BR,0.09434,-0.10566,0.0779807873422488,-0.0045627039594907,72.69,0.0,0.6592578640045206,3.0,3.0,2.0,2.0
2021-01-20,BR,0.2675,0.17316,0.0788507376151516,0.0008699502729027,72.69,0.0,0.6648843651356052,3.0,3.0,2.0,2.0
2021-01-21,BR,0.1,-0.1675,0.0843749999999999,0.0055242623848482,72.69,0.0,0.6494444444444445,3.0,3.0,2.0,2.0
2021-01-22,BR,0.31579,0.21579,0.081807174209172,-0.0025678257908278,72.69,0.0,0.6488572725896776,3.0,3.0,2.0,2.0
2021-01-23,BR,0.21875,-0.09704,0.0758735693170619,-0.00593360489211,72.69,0.0,0.6557265216402638,3.0,3.0,2.0,2.0
2021-01-24,BR,0.26263,0.0438799999999999,0.075245365321701,-0.0006282039953608,72.69,0.0,0.6690657942566339,3.0,3.0,2.0,2.0
2021-01-25,BR,0.29231,0.02968,0.078463876225998,0.0032185109042969,72.69,0.0,0.6762674402541787,3.0,3.0,2.0,2.0
2021-01-26,BR,0.0,-0.29231,0.0771889400921658,-0.0012749361338321,69.91,-2.780000000000001,0.6617223502304147,3.0,3.0,2.0,2.0
2021-01-27,BR,0.23,0.23,0.0703990729340189,-0.0067898671581469,69.91,0.0,0.6647352792061998,3.0,3.0,2.0,2.0
2021-01-28,BR,0.48214,0.25214,0.07949824224992,0.0090991693159011,69.91,0.0,0.6569990412272292,3.0,3.0,2.0,2.0
2021-01-29,BR,0.15152,-0.33062,0.0762439069254115,-0.0032543353245085,69.91,0.0,0.6495907293295319,3.0,3.0,2.0,2.0
2021-01-30,BR,0.38077,0.22925,0.0771707055351873,0.0009267986097758,69.91,0.0,0.6513457927210945,3.0,3.0,2.0,2.0
2021-01-31,BR,0.17714,-0.20363,0.0668939071154664,-0.0102767984197209,69.91,0.0,0.6629740093736685,3.0,3.0,2.0,2.0
2021-02-01,BR,0.0,-0.17714,0.0716270453843778,0.0047331382689114,69.91,0.0,0.6297211073376556,3.0,3.0,2.0,2.0
2021-02-02,BR,0.31081,0.31081,0.0888800845219228,0.017253039137545,69.91,0.0,0.6608557844690967,3.0,3.0,2.0,2.0
2021-02-03,BR,0.5,0.18919,0.0747091705695723,-0.0141709139523505,69.91,0.0,0.6509291433751322,3.0,3.0,2.0,2.0
2021-02-04,BR,0.05357,-0.44643,0.0770273935448874,0.0023182229753151,69.91,0.0,0.6399963836904439,3.0,3.0,2.0,2.0
2021-02-05,BR,0.44248,0.38891,0.0771042391972147,7.684565232730922e-05,69.91,0.0,0.6450952283432316,3.0,3.0,2.0,2.0
2021-02-06,BR,0.06949,-0.37299,0.0789605698806059,0.0018563306833911,69.91,0.0,0.6314838968596368,3.0,3.0,2.0,2.0
2021-02-07,BR,0.48101,0.41152,0.0733898647284474,-0.0055707051521585,69.91,0.0,0.6313345447203715,3.0,3.0,2.0,2.0
2021-02-08,BR,0.56897,0.0879599999999999,0.0819145831306546,0.0085247184022071,69.91,0.0,0.6465609495087071,3.0,3.0,2.0,2.0
2021-02-09,BR,0.11407,-0.4548999999999999,0.0783180550019927,-0.0035965281286619,69.91,0.0,0.636408927859705,3.0,3.0,2.0,2.0
2021-02-10,BR,0.15172,0.0376499999999999,0.0833765425697396,0.0050584875677469,69.91,0.0,0.6293684538006844,3.0,3.0,2.0,2.0
2021-02-11,BR,0.13619,-0.0155299999999999,0.0799579168858494,-0.0034186256838902,69.91,0.0,0.62493424513414,3.0,3.0,2.0,2.0
2021-02-12,BR,0.1,-0.03619,0.0769824723959539,-0.0029754444898954,69.91,0.0,0.6315342444598873,3.0,3.0,2.0,2.0
2021-02-13,BR,0.25,0.15,0.0738698086404277,-0.0031126637555261,69.91,0.0,0.6251357900894126,3.0,3.0,2.0,2.0
2021-02-14,BR,0.17391,-0.0760899999999999,0.0796893778311916,0.0058195691907639,69.91,0.0,0.6416751409817879,3.0,3.0,2.0,2.0
2021-02-15,BR,0.12069,-0.05322,0.0761429758935993,-0.0035464019375923,73.61,3.700000000000003,0.6462177888611804,3.0,3.0,2.0,3.0
2021-02-16,BR,0.60784,0.48715,0.0743232157506151,-0.0018197601429842,73.61,0.0,0.6534864643150123,3.0,3.0,2.0,3.0
2021-02-17,BR,0.05263,-0.5552100000000001,0.0782956724756107,0.0039724567249956,73.61,0.0,0.6579671475027099,3.0,3.0,2.0,3.0
2021-02-18,BR,0.67925,0.6266200000000001,0.0793179504580929,0.0010222779824821,73.61,0.0,0.6450627757041059,3.0,3.0,2.0,3.0
2021-02-19,BR,0.2,-0.47925,0.0789544597143626,-0.0003634907437302,73.61,0.0,0.6385520524566604,3.0,3.0,2.0,3.0
2021-02-20,BR,0.1999999999999969,-3.108624468950439e-15,0.077886077081284,-0.0010683826330785,73.61,0.0,0.6458910846821068,3.0,3.0,2.0,3.0
2021-02-21,BR,0.2000000000000083,1.1407541578023483e-14,0.078471821107352,0.0005857440260679,73.61,0.0,0.6465880023104217,3.0,3.0,2.0,3.0
2021-02-23,BR,0.1999999999999967,-1.1601830607332886e-14,0.0830872376087476,0.0046154165013956,73.61,0.0,0.6385984515923059,3.0,3.0,2.0,3.0
2021-02-24,BR,0.3,0.1000000000000032,0.0748200275014153,-0.0082672101073322,73.61,0.0,0.630510393917334,3.0,3.0,2.0,3.0
2021-02-25,BR,0.0,-0.3,0.0788924558587479,0.0040724283573325,73.61,0.0,0.6260834670947031,3.0,3.0,2.0,3.0
2021-02-26,BR,7.632783294297951e-15,7.632783294297951e-15,0.0810659411011523,0.0021734852424044,76.39,2.780000000000001,0.6286811779769527,3.0,3.0,2.0,3.0
2021-02-28,BR,6.895216882450174e-15,-7.37566411847777e-16,0.0728812382869437,-0.0081847028142086,70.83,-5.560000000000002,0.6419101825501492,3.0,3.0,1.0,3.0
2021-03-01,BR,3.653818157342065e-15,-3.241398725108109e-15,0.0830504952552468,0.010169256968303,67.13,-3.700000000000003,0.6132160421140126,3.0,3.0,1.0,2.0
2021-03-02,BR,6.582180657287285e-15,2.9283624999452196e-15,0.0756560580681183,-0.0073944371871284,67.13,0.0,0.623464544946957,3.0,3.0,1.0,2.0
2021-03-04,BR,3.279370649764936e-15,-3.3028100075223485e-15,0.0794183445190156,0.0037622864508973,67.13,0.0,0.6250932140193886,3.0,3.0,1.0,2.0
2021-03-06,BR,4.5627790202390435e-15,1.2834083704741074e-15,0.0783039505855101,-0.0011143939335055,67.13,0.0,0.6217989962681766,3.0,3.0,1.0,2.0
2021-03-07,BR,0.0,-4.5627790202390435e-15,0.0769924812030073,-0.0013114693825027,67.13,0.0,0.6329022556390977,3.0,3.0,1.0,2.0
2021-03-08,BR,3.809053513518605e-15,3.809053513518605e-15,0.0826582278481012,0.0056657466450938,67.13,0.0,0.6422784810126583,3.0,3.0,1.0,2.0
2021-03-09,BR,4.8436899916170746e-15,1.0346364780984694e-15,0.0838946723821187,0.0012364445340175,67.13,0.0,0.6259644825474586,3.0,3.0,1.0,2.0
2021-03-10,BR,4.693347317287385e-15,-1.5034267432968941e-16,0.0882118311242022,0.0043171587420834,67.13,0.0,0.6189248895434463,3.0,3.0,1.0,2.0
2021-03-11,BR,0.0,-4.693347317287385e-15,0.0854235530494523,-0.0027882780747498,67.13,0.0,0.6189642880290362,3.0,3.0,1.0,2.0
2021-03-13,BR,0.16522,0.16522,0.0858077342397229,0.0003841811902706,67.13,0.0,0.6228435836593343,3.0,3.0,1.0,2.0
2021-03-14,BR,0.1652200000000037,3.6914915568786455e-15,0.0793622032976988,-0.0064455309420241,67.13,0.0,0.6393670350908981,3.0,3.0,1.0,2.0
2021-03-15,BR,0.66667,0.5014499999999963,0.0828992072480181,0.0035370039503192,67.13,0.0,0.638335220838052,3.0,3.0,1.0,2.0
2021-03-16,BR,0.6666699999999983,-1.6653345369377348e-15,0.0855239185883087,0.0026247113402906,67.13,0.0,0.6317734631200874,3.0,3.0,1.0,2.0
2021-03-17,BR,0.6666699999999959,-2.4424906541753444e-15,0.091780821917808,0.0062569033294993,70.83,3.700000000000003,0.6254794520547945,3.0,3.0,1.0,3.0
2021-03-18,BR,0.0,-0.6666699999999959,0.0859766277128546,-0.0058041942049534,70.83,0.0,0.6312743461324429,3.0,3.0,1.0,3.0
2021-03-19,BR,4.6351811278100286e-15,4.6351811278100286e-15,0.079156722354813,-0.0068199053580415,70.83,0.0,0.6276281395613138,3.0,3.0,1.0,3.0
2021-03-20,BR,1.0813386342389352e-14,6.1782052145793225e-15,0.076561187342481,-0.0025955350123319,70.83,0.0,0.6282273872864744,3.0,3.0,1.0,3.0
2021-03-23,BR,5.303306745787047e-15,-5.510079596602305e-15,0.0833285607926235,0.0067673734501425,70.83,0.0,0.6432048565374263,3.0,3.0,1.0,3.0
2021-03-24,BR,1.1593129659370558e-14,6.289822913583511e-15,0.0871817726031975,0.003853211810574,70.83,0.0,0.6306055372959724,3.0,3.0,1.0,3.0
2021-03-27,BR,6.8531521457720575e-15,-4.7399775135985e-15,0.0755799903334943,-0.0116017822697032,70.83,0.0,0.6368414693088449,3.0,3.0,1.0,3.0
2021-03-28,BR,0.0,-6.8531521457720575e-15,0.0755459262215632,-3.406411193110359e-05,70.83,0.0,0.6476423969439534,3.0,3.0,1.0,3.0
2021-03-30,BR,5.355781837630782e-15,5.355781837630782e-15,0.078121255691349,0.0025753294697858,70.83,0.0,0.6427030913012222,3.0,3.0,1.0,3.0
2021-03-31,BR,0.4,0.3999999999999947,0.0774484616830628,-0.0006727940082862,70.83,0.0,0.6458424713327903,3.0,3.0,1.0,3.0
2021-04-01,BR,0.23077,-0.16923,0.0779770967101342,0.0005286350270714,70.83,0.0,0.6068047924803072,3.0,3.0,1.0,3.0
2021-04-02,BR,0.14865,-0.08212,0.0744902765628154,-0.0034868201473187,70.83,0.0,0.6498216809097638,3.0,3.0,1.0,3.0
2021-04-03,BR,0.24215,0.0935,0.0724297542212659,-0.0020605223415494,70.83,0.0,0.6536280070408762,3.0,3.0,1.0,3.0
2021-04-04,BR,0.21896,-0.02319,0.0802745073348863,0.0078447531136204,70.83,0.0,0.6579361581565195,3.0,3.0,1.0,3.0
2021-04-05,BR,0.30345,0.08449,0.0785670916818457,-0.0017074156530406,70.83,0.0,0.659016393442623,3.0,3.0,1.0,3.0
2021-04-06,BR,0.46014,0.15669,0.0804053243794219,0.0018382326975762,70.83,0.0,0.6569132989567095,3.0,3.0,1.0,3.0
2021-04-07,BR,0.33275,-0.12739,0.0776875608963948,-0.0027177634830271,70.83,0.0,0.644105228970445,3.0,3.0,1.0,3.0
2021-04-08,BR,0.43429,0.10154,0.0801880270980229,0.0025004662016281,70.83,0.0,0.650076040370524,3.0,3.0,1.0,3.0
2021-04-09,BR,0.11613,-0.31816,0.0732787248173566,-0.0069093022806663,70.83,0.0,0.6389934322190244,3.0,3.0,1.0,3.0
2021-04-10,BR,0.21572,0.09959,0.0736864896073902,0.0004077647900335,70.83,0.0,0.6333718244803695,3.0,3.0,1.0,3.0
2021-04-11,BR,0.09587,-0.11985,0.0711451042643768,-0.0025413853430134,70.83,0.0,0.6563965654087597,3.0,3.0,1.0,3.0
2021-04-12,BR,0.21795,0.12208,0.0781132333812553,0.0069681291168785,70.83,0.0,0.6565345382350928,3.0,3.0,1.0,3.0
2021-04-13,BR,0.255,0.03705,0.081217237388522,0.0031040040072666,70.83,0.0,0.6500782898767785,3.0,3.0,1.0,3.0
2021-04-14,BR,0.44811,0.19311,0.0817707599041308,0.0005535225156087,70.83,0.0,0.636261102495418,3.0,3.0,1.0,3.0
2021-04-15,BR,0.34394,-0.1041699999999999,0.0733521797351583,-0.0084185801689724,70.83,0.0,0.6359916679065615,3.0,3.0,1.0,3.0
2021-04-16,BR,0.32875,-0.01519,0.0743335749375855,0.0009813952024271,70.83,0.0,0.6220504147539664,3.0,3.0,1.0,3.0
2021-04-17,BR,0.19713,-0.13162,0.0731432253906878,-0.0011903495468977,70.83,0.0,0.6331561140647656,3.0,3.0,1.0,3.0
2021-04-18,BR,0.26362,0.06649,0.0749853971962616,0.0018421718055738,70.83,0.0,0.6425963785046729,3.0,3.0,1.0,3.0
2021-04-19,BR,0.20581,-0.05781,0.0776187424339527,0.002633345237691,63.43,-7.399999999999999,0.6534928434095278,3.0,2.0,1.0,2.0
2021-04-20,BR,0.17326,-0.0325499999999999,0.0743845340582992,-0.0032342083756534,60.65,-2.780000000000001,0.6424256154659417,3.0,2.0,1.0,2.0
2021-04-21,BR,0.19103,0.01777,0.0739322975305861,-0.000452236527713,60.65,0.0,0.6423478195601591,3.0,2.0,1.0,2.0
2021-04-22,BR,0.23085,0.0398199999999999,0.076934772692717,0.0030024751621308,60.65,0.0,0.6426942374942983,3.0,2.0,1.0,2.0
2021-04-23,BR,0.22807,-0.00278,0.0787547328565418,0.0018199601638247,60.65,0.0,0.6379469920067312,3.0,2.0,1.0,2.0
2021-04-24,BR,0.30435,0.07628,0.0752770024528461,-0.0034777304036957,60.65,0.0,0.6340184386365558,3.0,2.0,1.0,2.0
2021-04-25,BR,0.15722,-0.14713,0.075763373383332,0.0004863709304858,60.65,0.0,0.6542435141960664,3.0,2.0,1.0,2.0
2021-04-26,BR,0.23109,0.0738699999999999,0.0713674215892286,-0.0043959517941034,60.65,0.0,0.6578722079539264,3.0,2.0,1.0,2.0
2021-04-27,BR,0.13651,-0.09458,0.0759444573733612,0.0045770357841325,60.65,0.0,0.646652703436506,3.0,2.0,1.0,2.0
2021-04-28,BR,0.2381,0.10159,0.0790835181079083,0.0031390607345471,60.65,0.0,0.6289726533628973,3.0,2.0,1.0,2.0
2021-04-29,BR,0.15009,-0.08801,0.0770252324037184,-0.0020582857041898,60.65,0.0,0.6208056662239929,3.0,2.0,1.0,2.0
2021-04-30,BR,0.28706,0.1369699999999999,0.0768769369189242,-0.0001482954847941,60.65,0.0,0.6272118364490653,3.0,2.0,1.0,2.0
2021-05-01,BR,0.34286,0.0558,0.0734677969404657,-0.0034091399784585,60.65,0.0,0.5990451135145669,3.0,2.0,1.0,2.0
2021-05-02,BR,0.35747,0.01461,0.0725631768953068,-0.0009046200451588,60.65,0.0,0.6425992779783394,3.0,2.0,1.0,2.0
2021-05-03,BR,0.35088,-0.0065899999999999,0.0764412165229232,0.0038780396276164,56.94,-3.710000000000001,0.6523831139355425,2.0,2.0,1.0,2.0
2021-05-04,BR,0.125,-0.22588,0.0803411131059245,0.0038998965830012,56.94,0.0,0.633572710951526,2.0,2.0,1.0,2.0
2021-05-05,BR,0.19565,0.0706499999999999,0.0802369413031771,-0.0001041718027473,56.94,0.0,0.6193681565248609,2.0,2.0,1.0,2.0
2021-05-06,BR,0.20359,0.00794,0.0767735665694848,-0.0034633747336922,56.94,0.0,0.6191359660747416,2.0,2.0,1.0,2.0
2021-05-07,BR,0.08969,-0.1138999999999999,0.0781645866566575,0.0013910200871726,56.94,0.0,0.6266303837853054,2.0,2.0,1.0,2.0
2021-05-08,BR,0.31111,0.22142,0.07205556091444,-0.0061090257422175,56.94,0.0,0.6218771100607697,2.0,2.0,1.0,2.0
2021-05-09,BR,0.12903,-0.18208,0.0769752787203101,0.00491971780587,56.94,0.0,0.6341250605913717,2.0,2.0,1.0,2.0
2021-05-10,BR,0.096,-0.03303,0.0762647233285313,-0.0007105553917787,56.94,0.0,0.643843742055758,2.0,2.0,1.0,2.0
2021-05-11,BR,0.23077,0.13477,0.0789061856519232,0.0026414623233918,56.94,0.0,0.6375092661230541,2.0,2.0,1.0,2.0
2021-05-12,BR,0.18182,-0.0489499999999999,0.08337617823479,0.0044699925828668,56.94,0.0,0.6283633247643531,2.0,2.0,1.0,2.0
2021-05-13,BR,0.17083,-0.01099,0.0840735203588074,0.0006973421240174,56.94,0.0,0.6217571013982939,2.0,2.0,1.0,2.0
2021-05-14,BR,0.475,0.3041699999999999,0.0839729954684175,-0.0001005248903899,56.94,0.0,0.6256358087487284,2.0,2.0,1.0,2.0
2021-05-15,BR,0.13043,-0.34457,0.0781761922096831,-0.0057968032587343,60.65,3.710000000000001,0.6269566800145613,3.0,2.0,1.0,2.0
2021-05-16,BR,0.0,-0.13043,0.0801513587891295,0.0019751665794463,60.65,0.0,0.6368249054007568,3.0,2.0,1.0,2.0
2021-05-17,BR,8.062994716340201e-15,8.062994716340201e-15,0.0766280259120354,-0.003523332877094,60.65,0.0,0.6364643709512444,3.0,2.0,1.0,2.0
2021-05-18,BR,0.25,0.2499999999999919,0.0821484992101105,0.005520473298075,60.65,0.0,0.6321748288572933,3.0,2.0,1.0,2.0
2021-05-19,BR,1.0,0.75,0.0836598746081504,0.0015113753980399,60.65,0.0,0.6433189655172413,3.0,2.0,1.0,2.0
2021-05-20,BR,0.39966,-0.60034,0.1024357369789159,0.0187758623707655,60.65,0.0,0.0496774814672186,3.0,2.0,1.0,2.0
2021-05-21,BR,0.63333,0.2336699999999999,0.094038860592341,-0.0083968763865749,60.65,0.0,0.0496132805131107,3.0,2.0,1.0,2.0
2021-05-22,BR,0.30122,-0.3321099999999999,0.093964141556369,-7.471903597199014e-05,60.65,0.0,0.0538815357176382,3.0,2.0,1.0,2.0
2021-05-23,BR,0.875,0.57378,0.097007042253521,0.0030429006971519,60.65,0.0,0.0496478873239436,3.0,2.0,1.0,2.0
2021-05-24,BR,0.18557,-0.68943,0.0960578412807711,-0.0009492009727498,60.65,0.0,0.0512136340161817,3.0,2.0,1.0,2.0
2021-05-25,BR,0.31402,0.12845,0.0978084761661123,0.0017506348853411,60.65,0.0,0.050567067451181,3.0,2.0,1.0,2.0
2021-05-26,BR,0.36889,0.0548699999999999,0.0960930153030691,-0.0017154608630431,60.65,0.0,0.0464221595280841,3.0,2.0,1.0,2.0
2021-05-27,BR,0.16545,-0.2034399999999999,0.1005070626584569,0.0044140473553878,66.2,5.550000000000004,0.0466316551973922,3.0,2.0,2.0,2.0
2021-05-28,BR,0.51667,0.35122,0.1039534228566061,0.0034463601981492,66.2,0.0,0.0451685604282092,3.0,2.0,2.0,2.0
2021-05-29,BR,0.5166699999999996,-3.3306690738754696e-16,0.0945146911671063,-0.0094387316894998,66.2,0.0,0.0512144091694714,3.0,2.0,2.0,2.0
2021-05-30,BR,0.5166700000000013,1.6653345369377348e-15,0.0952702133041057,0.0007555221369994,66.2,0.0,0.0466233875727173,3.0,2.0,2.0,2.0
2021-06-01,BR,0.5166700000000006,-6.661338147750939e-16,0.0969438054551428,0.001673592151037,66.2,0.0,0.0446927374301676,3.0,2.0,2.0,2.0
2021-06-02,BR,0.27681,-0.2398600000000006,0.1033362598770851,0.0063924544219423,66.2,0.0,0.0481123792800702,3.0,2.0,2.0,2.0
2021-06-03,BR,0.33172,0.05491,0.0928108157486068,-0.0105254441284783,66.2,0.0,0.0516123138759477,3.0,2.0,2.0,2.0
2021-06-04,BR,0.24654,-0.08518,0.0963979096677864,0.0035870939191795,66.2,0.0,0.0474990668159761,3.0,2.0,2.0,2.0
2021-06-05,BR,0.16364,-0.0829,0.1008804108584005,0.004482501190614,66.2,0.0,0.0508070432868672,3.0,2.0,2.0,2.0
2021-06-06,BR,0.18571,0.0220699999999999,0.0947613705014239,-0.0061190403569765,66.2,0.0,0.0489341503408992,3.0,2.0,2.0,2.0
2021-06-07,BR,0.49925,0.31354,0.0953704507947537,0.0006090802933297,60.65,-5.550000000000004,0.0515938504299487,3.0,2.0,1.0,2.0
2021-06-08,BR,0.44932,-0.04993,0.0844066632320108,-0.0109637875627428,60.65,0.0,0.0457667868796153,3.0,2.0,1.0,2.0
2021-06-09,BR,0.27135,-0.17797,0.0861375274323334,0.0017308642003225,60.65,0.0,0.0511155815654718,3.0,2.0,1.0,2.0
2021-06-10,BR,0.23598,-0.0353699999999999,0.0822006472491908,-0.0039368801831426,60.65,0.0,0.0453152567555019,3.0,2.0,1.0,2.0
2021-06-11,BR,0.15,-0.08598,0.0803354890864995,-0.0018651581626912,60.65,0.0,0.0471907841552142,3.0,2.0,1.0,2.0
2021-06-12,BR,0.39,0.24,0.0803048713133767,-3.0617773122798564e-05,60.65,0.0,0.0495968187341212,3.0,2.0,1.0,2.0
2021-06-13,BR,0.24889,-0.14111,0.073768957124134,-0.0065359141892426,60.65,0.0,0.046901329339075,3.0,2.0,1.0,2.0
2021-06-14,BR,0.25169,0.0028,0.0745418964597046,0.0007729393355705,60.65,0.0,0.0477673011919587,3.0,2.0,1.0,2.0
2021-06-15,BR,0.24368,-0.00801,0.0839632091794918,0.0094213127197871,60.65,0.0,0.0476277206083234,3.0,2.0,1.0,2.0
2021-06-16,BR,0.23226,-0.01142,0.0785810941426638,-0.0053821150368279,60.65,0.0,0.0487144790257104,3.0,2.0,1.0,2.0
2021-06-17,BR,0.1129,-0.11936,0.0786970993818354,0.0001160052391716,60.65,0.0,0.0454113171659533,3.0,2.0,1.0,2.0
2021-06-18,BR,0.2506,0.1377,0.0779220779220778,-0.0007750214597576,60.65,0.0,0.0385614385614385,3.0,2.0,1.0,2.0
2021-06-19,BR,0.41138,0.16078,0.0792738970588234,0.0013518191367456,60.65,0.0,0.002297794117647,3.0,2.0,1.0,2.0
2021-06-20,BR,0.30333,-0.10805,0.0766773162939296,-0.0025965807648938,60.65,0.0,0.0,3.0,2.0,1.0,2.0
2021-06-21,BR,0.48837,0.18504,0.0787508486082823,0.0020735323143526,60.65,0.0,0.0,3.0,2.0,1.0,2.0
2021-06-22,BR,0.52101,0.0326399999999999,0.0759999999999999,-0.0027508486082823,60.65,0.0,0.0,3.0,2.0,1.0,2.0
2021-06-23,BR,0.19298,-0.3280299999999999,0.077424204460035,0.0014242044600351,60.65,0.0,0.0,3.0,2.0,1.0,2.0
2021-06-24,BR,0.29185,0.0988699999999999,0.0806100217864923,0.0031858173264572,60.65,0.0,0.0,3.0,2.0,1.0,2.0
2021-06-25,BR,0.28434,-0.00751,0.079847144006436,-0.0007628777800563,60.65,0.0,0.0,3.0,2.0,1.0,2.0
2021-06-26,BR,0.16667,-0.1176699999999999,0.0732720634520961,-0.0065750805543399,60.65,0.0,0.0,3.0,2.0,1.0,2.0
2021-06-27,BR,0.28958,0.1229099999999999,0.0757324488667771,0.002460385414681,60.65,0.0,0.0,3.0,2.0,1.0,2.0
2021-06-28,BR,0.14293,-0.14665,0.0672147539162314,-0.0085176949505457,60.65,0.0,0.0,3.0,2.0,1.0,2.0
2021-06-29,BR,0.14386,0.0009299999999999,0.0689837872205149,0.0017690333042835,60.65,0.0,0.0,3.0,2.0,1.0,2.0
2021-06-30,BR,0.20263,0.05877,0.0740126120146033,0.0050288247940883,60.65,0.0,0.0,3.0,2.0,1.0,2.0
