estado,fase,visitas,d_pi,H_pi_nats,H_pi_norm,action_gap,ventaja_media
c=B dc=- h=B dh=- L=A dL=+ preo=B,calma,2090921,0.122110,4.3028,0.9791,0.38999,1.22106
c=M dc=+ h=B dh=+ L=B dL=- preo=B,prop_rapida,1895185,0.112521,3.9305,0.8944,0.08301,2.06515
c=M dc=+ h=B dh=- L=B dL=- preo=B,prop_rapida,1660887,0.101288,3.9654,0.9024,0.13036,2.03379
c=B dc=- h=B dh=+ L=A dL=+ preo=B,calma,1561634,0.085014,4.2913,0.9765,0.40222,1.21598
c=M dc=+ h=B dh=0 L=B dL=- preo=B,prop_rapida,1012387,0.059918,3.9450,0.8977,0.24214,2.16572
c=B dc=- h=B dh=0 L=A dL=+ preo=B,calma,991023,0.057753,4.3002,0.9786,0.38371,1.16177
c=M dc=+ h=M dh=+ L=B dL=- preo=B,prop_rapida,678853,0.048274,3.8219,0.8697,0.30799,2.51572
c=B dc=- h=M dh=+ L=A dL=+ preo=B,calma,545000,0.035507,4.2646,0.9704,0.37024,1.31368
c=B dc=+ h=B dh=- L=B dL=- preo=B,prop_lenta,532047,0.021342,4.2868,0.9755,0.20147,0.95966
c=B dc=- h=B dh=- L=M dL=+ preo=B,calma,413846,0.020411,4.2838,0.9748,0.20566,1.05804
c=B dc=+ h=B dh=+ L=B dL=- preo=B,prop_lenta,388683,0.017781,4.2900,0.9762,0.32704,1.06781
c=B dc=- h=M dh=- L=A dL=+ preo=B,calma,326612,0.021945,4.2762,0.9731,0.33270,1.22838
c=M dc=- h=B dh=- L=A dL=+ preo=B,calma,275837,0.016438,4.2710,0.9719,0.19067,1.32673
c=M dc=+ h=M dh=- L=B dL=- preo=B,prop_rapida,259547,0.020027,3.8827,0.8835,0.36813,2.34533
c=B dc=- h=B dh=+ L=M dL=+ preo=B,calma,247360,0.012164,4.2523,0.9677,0.29486,1.21310
c=M dc=+ h=M dh=0 L=B dL=- preo=B,prop_rapida,233442,0.015671,3.8815,0.8833,0.31763,2.52764
c=B dc=- h=M dh=0 L=A dL=+ preo=B,calma,232508,0.016329,4.2475,0.9666,0.28937,1.27882
c=B dc=+ h=B dh=0 L=B dL=- preo=B,prop_lenta,231322,0.010466,4.2835,0.9748,0.23912,1.04412
c=M dc=- h=B dh=+ L=A dL=+ preo=B,calma,225552,0.009890,4.2288,0.9623,0.18151,1.43053
c=B dc=+ h=M dh=+ L=B dL=- preo=B,prop_lenta,205000,0.009370,4.2231,0.9610,0.14570,1.08561
c=B dc=- h=B dh=0 L=M dL=+ preo=B,calma,161749,0.008986,4.2327,0.9632,0.25972,1.24921
c=B dc=- h=B dh=+ L=A dL=0 preo=B,calma,161406,0.012658,4.2586,0.9691,0.25715,1.22775
c=B dc=+ h=M dh=- L=B dL=- preo=B,prop_lenta,139883,0.006027,4.2012,0.9560,0.08941,1.07652
c=M dc=- h=B dh=0 L=A dL=+ preo=B,calma,137325,0.007096,4.1957,0.9548,0.18685,1.47831
c=B dc=- h=M dh=+ L=M dL=+ preo=B,calma,133108,0.007233,4.2346,0.9636,0.22276,1.15186
c=B dc=- h=A dh=- L=A dL=+ preo=A,emergencia,116371,0.002055,4.3418,0.9880,0.33869,1.14433
c=A dc=+ h=B dh=+ L=B dL=- preo=B,emergencia,114824,0.007041,3.9233,0.8928,0.86425,2.72609
c=B dc=- h=M dh=- L=M dL=+ preo=B,calma,113376,0.005479,4.2219,0.9607,0.23587,1.17978
c=B dc=- h=B dh=- L=A dL=0 preo=B,calma,104019,0.008493,4.2329,0.9632,0.20733,1.35415
c=B dc=+ h=M dh=0 L=B dL=- preo=B,prop_lenta,97558,0.004575,4.2251,0.9615,0.34685,1.29205
c=B dc=0 h=B dh=- L=M dL=+ preo=B,calma,88982,0.003370,4.2552,0.9683,0.22703,1.09501
c=A dc=+ h=B dh=- L=B dL=- preo=B,emergencia,83769,0.005479,3.7826,0.8608,0.75510,2.86944
c=B dc=- h=B dh=0 L=A dL=0 preo=B,calma,77160,0.006164,4.2308,0.9628,0.25855,1.45052
c=B dc=- h=M dh=0 L=M dL=+ preo=B,calma,70672,0.003397,4.2218,0.9607,0.05546,1.19810
c=M dc=- h=M dh=+ L=A dL=+ preo=B,calma,59307,0.003288,4.1439,0.9430,0.14220,1.51618
c=A dc=+ h=B dh=0 L=B dL=- preo=B,emergencia,55635,0.003315,3.7362,0.8502,0.23643,2.52934
c=B dc=+ h=A dh=- L=B dL=- preo=A,emergencia,55609,0.001397,4.3649,0.9933,0.49847,0.83596
c=B dc=- h=M dh=- L=A dL=+ preo=M,calma,47389,0.002822,4.1652,0.9478,0.28184,1.46599
c=B dc=0 h=B dh=+ L=M dL=+ preo=B,calma,46943,0.002219,4.2637,0.9702,0.15348,1.04160
c=B dc=- h=B dh=- L=A dL=- preo=B,calma,36167,0.001123,4.1302,0.9399,0.37224,1.95471
c=B dc=- h=B dh=+ L=A dL=- preo=B,calma,35520,0.000082,4.0561,0.9230,0.50437,2.11377
c=B dc=0 h=A dh=- L=A dL=+ preo=A,emergencia,34668,0.001068,4.3422,0.9881,0.33348,0.99954
c=B dc=0 h=A dh=- L=B dL=- preo=A,emergencia,33306,0.001096,4.3577,0.9916,0.45958,0.98949
c=B dc=- h=A dh=- L=M dL=- preo=A,emergencia,31789,0.000082,4.3707,0.9946,0.18899,0.52451
c=A dc=- h=A dh=+ L=A dL=+ preo=A,emergencia,31538,0.000521,4.3654,0.9934,0.15847,0.68569
c=A dc=+ h=M dh=+ L=B dL=- preo=B,emergencia,31234,0.002110,3.7497,0.8533,0.61287,3.01631
c=B dc=0 h=B dh=0 L=M dL=+ preo=B,calma,30362,0.001644,4.0919,0.9312,0.23136,1.72816
c=B dc=- h=M dh=+ L=A dL=0 preo=B,calma,28727,0.002548,4.1296,0.9397,0.59573,2.08298
c=M dc=- h=M dh=- L=A dL=+ preo=B,calma,25857,0.002219,3.9208,0.8922,0.38426,2.62388
c=B dc=- h=M dh=+ L=A dL=- preo=B,calma,25536,0.001973,4.0825,0.9290,0.21260,1.90708
c=B dc=0 h=B dh=- L=A dL=+ preo=B,calma,25468,0.000110,3.8644,0.8794,0.64192,2.91709
c=B dc=- h=B dh=- L=M dL=- preo=B,calma,25448,0.000740,4.0864,0.9299,0.46658,2.15765
c=B dc=- h=M dh=- L=M dL=- preo=M,calma,24631,0.001452,3.9286,0.8940,0.19494,2.29595
c=B dc=0 h=B dh=- L=B dL=- preo=B,calma,24320,0.000301,3.8359,0.8729,0.23769,2.52754
c=B dc=+ h=B dh=- L=M dL=+ preo=B,prop_lenta,23109,0.000521,4.0196,0.9147,0.07675,2.06678
c=B dc=- h=A dh=+ L=A dL=+ preo=A,emergencia,23027,0.001452,4.3535,0.9907,0.05373,0.55527
c=B dc=- h=M dh=+ L=A dL=+ preo=M,calma,22685,0.001507,3.9728,0.9041,0.76414,2.61671
c=M dc=- h=M dh=0 L=A dL=+ preo=B,calma,22295,0.001315,3.8727,0.8813,0.32621,2.66813
c=B dc=0 h=M dh=+ L=M dL=+ preo=B,calma,21701,0.001507,4.0152,0.9137,0.21844,2.05755
c=A dc=- h=A dh=+ L=A dL=0 preo=A,emergencia,21358,0.000411,4.3302,0.9854,0.24599,0.83140
c=B dc=- h=M dh=+ L=M dL=- preo=B,calma,20830,0.000986,3.9247,0.8931,0.35248,2.60264
c=B dc=0 h=B dh=- L=M dL=- preo=B,calma,20246,0.000466,3.7856,0.8614,0.29470,3.01508
c=B dc=- h=M dh=- L=M dL=- preo=B,calma,20222,0.001233,3.9584,0.9008,0.17864,2.16174
c=B dc=- h=A dh=- L=B dL=- preo=A,emergencia,19975,0.000466,4.2506,0.9673,0.65104,1.55058
c=B dc=0 h=M dh=- L=M dL=+ preo=B,calma,19961,0.000904,3.8342,0.8725,0.13490,2.93563
c=B dc=- h=A dh=0 L=A dL=+ preo=A,emergencia,19089,0.000356,4.2940,0.9771,0.24687,0.93932
c=B dc=- h=B dh=0 L=A dL=- preo=B,calma,17770,0.000137,3.5225,0.8016,0.39898,4.07211
c=B dc=- h=M dh=0 L=A dL=+ preo=M,calma,16959,0.001288,3.6893,0.8395,0.64682,3.41837
c=B dc=0 h=A dh=- L=M dL=- preo=A,emergencia,14947,0.000192,4.3199,0.9830,0.09059,0.62389
c=M dc=- h=M dh=- L=A dL=+ preo=M,calma,14487,0.000959,3.2847,0.7475,0.37531,4.19122
c=B dc=- h=A dh=- L=A dL=+ preo=M,emergencia,14396,0.000767,3.9403,0.8967,0.30185,2.52464
c=B dc=0 h=M dh=- L=A dL=+ preo=B,calma,14220,0.000137,3.4754,0.7909,0.39320,4.02575
c=B dc=+ h=B dh=- L=M dL=- preo=B,prop_lenta,14166,0.000192,3.5608,0.8103,0.32722,3.85982
c=A dc=- h=A dh=+ L=A dL=+ preo=B,emergencia,13436,0.000192,4.3133,0.9815,0.27410,1.01197
c=B dc=- h=M dh=0 L=M dL=- preo=B,calma,13290,0.000658,3.3029,0.7516,0.55127,5.25871
c=M dc=- h=M dh=+ L=A dL=+ preo=M,calma,13175,0.000548,3.5664,0.8116,0.50784,3.65044
c=B dc=- h=B dh=- L=A dL=+ preo=M,calma,13000,0.000767,3.6240,0.8247,0.16294,4.38052
c=B dc=0 h=B dh=+ L=B dL=- preo=B,calma,12862,0.000110,3.2958,0.7500,0.60181,5.10930
c=B dc=- h=M dh=+ L=M dL=- preo=M,calma,12826,0.000548,3.5791,0.8145,0.74964,4.07872
c=B dc=0 h=M dh=- L=M dL=- preo=B,calma,12816,0.000575,3.6559,0.8319,0.36688,3.87172
c=B dc=- h=M dh=0 L=A dL=- preo=B,calma,12296,0.001123,3.1324,0.7128,1.32812,5.47229
c=B dc=0 h=B dh=+ L=A dL=+ preo=B,calma,12206,0.000055,2.7811,0.6329,0.83099,6.19714
c=B dc=- h=M dh=- L=A dL=- preo=B,calma,12136,0.000904,3.4740,0.7906,0.46182,4.53880
c=B dc=+ h=A dh=- L=A dL=+ preo=A,emergencia,12117,0.000274,4.0760,0.9275,0.51962,2.09756
c=B dc=- h=B dh=+ L=M dL=- preo=B,calma,11845,0.000164,3.0683,0.6982,0.61234,6.10433
c=B dc=0 h=B dh=+ L=M dL=- preo=B,calma,11833,0.000055,3.1954,0.7271,0.56031,5.30784
c=B dc=+ h=M dh=- L=B dL=- preo=M,prop_lenta,11819,0.000438,3.4506,0.7852,0.41715,4.07839
c=B dc=0 h=M dh=0 L=M dL=+ preo=B,calma,11784,0.000521,3.3806,0.7693,0.63063,4.74631
c=A dc=- h=A dh=+ L=A dL=- preo=A,emergencia,11739,0.000274,4.3054,0.9797,0.28434,1.01184
c=B dc=0 h=M dh=- L=M dL=- preo=M,calma,11668,0.000603,3.3665,0.7661,0.40150,4.51717
c=B dc=0 h=M dh=+ L=M dL=- preo=B,calma,11661,0.000384,3.4469,0.7844,0.32573,4.44503
c=B dc=0 h=M dh=+ L=B dL=- preo=B,calma,11160,0.000192,3.4636,0.7882,0.11475,3.97729
c=B dc=0 h=M dh=+ L=A dL=+ preo=B,calma,11111,0.000164,3.1221,0.7105,0.36707,5.99729
c=B dc=0 h=M dh=- L=B dL=- preo=B,calma,10631,0.000110,2.9194,0.6643,0.13909,6.15117
c=M dc=+ h=B dh=- L=B dL=+ preo=B,prop_rapida,10473,0.000000,2.7877,0.6344,0.37117,5.69114
c=M dc=- h=B dh=- L=A dL=+ preo=M,calma,10212,0.000411,2.5437,0.5788,0.40053,6.09940
c=B dc=- h=M dh=0 L=M dL=- preo=M,calma,9702,0.000466,3.1218,0.7104,0.89267,5.71505
c=B dc=+ h=B dh=+ L=M dL=+ preo=B,prop_lenta,9256,0.000219,3.3492,0.7621,0.14719,4.94655
c=M dc=+ h=B dh=- L=M dL=+ preo=B,prop_rapida,9232,0.000247,2.6869,0.6114,0.75985,7.06182
c=B dc=- h=A dh=- L=M dL=0 preo=A,emergencia,9211,0.000055,4.0720,0.9266,0.39313,1.70416
c=B dc=- h=A dh=- L=A dL=- preo=A,emergencia,9201,0.000000,4.0235,0.9156,0.39739,1.96958
c=B dc=+ h=B dh=+ L=M dL=- preo=B,prop_lenta,9195,0.000027,2.9008,0.6601,1.12582,6.53663
c=M dc=0 h=B dh=- L=M dL=+ preo=B,calma,9072,0.000164,2.8780,0.6549,0.63924,6.49229
c=M dc=+ h=M dh=- L=B dL=- preo=M,prop_rapida,8974,0.000575,2.0339,0.4628,0.82770,7.42784
c=B dc=- h=A dh=+ L=A dL=- preo=A,emergencia,8742,0.000301,4.1943,0.9545,0.08256,1.05770
c=B dc=0 h=B dh=0 L=B dL=- preo=B,calma,8724,0.000110,2.5637,0.5834,1.20599,7.94774
c=B dc=- h=B dh=- L=M dL=0 preo=B,calma,8412,0.000137,2.7306,0.6214,0.79516,7.12873
c=B dc=0 h=B dh=0 L=A dL=+ preo=B,calma,8296,0.000000,2.4709,0.5623,0.42867,7.83365
c=A dc=+ h=M dh=- L=B dL=- preo=B,emergencia,7993,0.000740,2.0471,0.4658,1.62351,7.76378
c=B dc=+ h=M dh=- L=M dL=- preo=B,prop_lenta,7990,0.000219,2.9635,0.6744,0.25225,5.75474
c=A dc=+ h=M dh=0 L=B dL=- preo=B,emergencia,7903,0.001068,2.1072,0.4795,1.48083,7.46964
c=B dc=0 h=A dh=- L=A dL=- preo=A,emergencia,7810,0.000000,3.9527,0.8995,0.68455,2.55885
c=M dc=- h=A dh=+ L=A dL=0 preo=A,emergencia,7754,0.000329,4.1824,0.9517,0.36825,1.52083
c=M dc=- h=M dh=0 L=A dL=+ preo=M,calma,7686,0.000438,2.1855,0.4973,2.09414,7.25525
c=M dc=- h=B dh=- L=M dL=+ preo=B,calma,7661,0.000000,2.3810,0.5418,0.86335,7.81054
c=B dc=+ h=A dh=- L=M dL=- preo=A,emergencia,7611,0.000055,3.9784,0.9053,0.44093,2.15481
c=B dc=0 h=B dh=0 L=M dL=- preo=B,calma,7575,0.000110,2.2243,0.5062,2.03431,8.53479
c=B dc=- h=B dh=0 L=M dL=- preo=B,calma,7564,0.000027,2.3198,0.5279,1.30314,7.60853
c=B dc=- h=B dh=- L=B dL=- preo=B,calma,7537,0.000027,2.2351,0.5086,1.64675,8.51406
c=M dc=+ h=B dh=+ L=B dL=+ preo=B,prop_rapida,7536,0.000055,2.0279,0.4615,0.70498,8.52527
c=B dc=0 h=M dh=0 L=A dL=+ preo=B,calma,7399,0.000055,1.7436,0.3968,2.77262,9.62316
c=M dc=0 h=B dh=- L=A dL=+ preo=B,calma,7338,0.000000,2.6070,0.5933,0.86147,7.54788
c=M dc=- h=A dh=+ L=A dL=- preo=A,emergencia,7122,0.000219,4.2039,0.9566,0.17347,1.24354
c=B dc=- h=A dh=0 L=A dL=- preo=A,emergencia,7060,0.000082,4.1101,0.9353,0.11037,1.55483
c=B dc=- h=M dh=- L=M dL=0 preo=B,calma,7047,0.000247,2.5060,0.5703,0.57583,7.62652
c=A dc=- h=B dh=+ L=A dL=+ preo=B,emergencia,7011,0.000712,1.7519,0.3987,2.23461,7.81394
c=M dc=- h=A dh=+ L=A dL=+ preo=A,emergencia,6987,0.000493,4.1416,0.9425,0.10352,1.46791
c=B dc=0 h=M dh=0 L=M dL=- preo=B,calma,6875,0.000274,2.3481,0.5343,0.50219,9.45675
c=B dc=0 h=M dh=0 L=B dL=- preo=B,calma,6845,0.000164,2.4666,0.5613,0.14141,8.31378
c=M dc=+ h=M dh=+ L=B dL=- preo=M,prop_rapida,6811,0.000192,1.7473,0.3976,1.65495,7.58929
c=B dc=- h=A dh=+ L=A dL=+ preo=M,emergencia,6797,0.000575,3.0020,0.6831,0.18876,5.15160
c=B dc=+ h=B dh=- L=A dL=+ preo=B,prop_lenta,6774,0.000000,2.5519,0.5807,0.59814,7.94080
c=A dc=- h=A dh=+ L=A dL=0 preo=B,emergencia,6594,0.000000,4.2766,0.9732,0.38598,1.32066
c=B dc=- h=A dh=+ L=A dL=+ preo=B,emergencia,6218,0.000301,3.0110,0.6852,0.32305,5.86802
c=B dc=+ h=M dh=- L=M dL=- preo=M,prop_lenta,6204,0.000247,2.6825,0.6104,0.90963,7.04995
c=B dc=- h=M dh=+ L=M dL=0 preo=B,calma,6198,0.000164,2.3398,0.5324,1.38176,8.71645
c=A dc=- h=A dh=0 L=A dL=+ preo=A,emergencia,6187,0.000000,4.1943,0.9545,0.36902,1.76616
c=M dc=+ h=A dh=+ L=B dL=- preo=B,emergencia,6179,0.000384,1.8644,0.4243,1.55034,8.47753
c=B dc=0 h=A dh=- L=A dL=+ preo=M,emergencia,6138,0.000329,2.7486,0.6255,1.03000,6.36033
c=A dc=+ h=B dh=- L=B dL=+ preo=B,emergencia,6122,0.000000,1.9725,0.4489,1.94080,7.85671
c=M dc=0 h=B dh=+ L=A dL=+ preo=B,calma,6121,0.000137,1.6142,0.3673,2.07905,9.26775
c=M dc=+ h=B dh=+ L=M dL=+ preo=B,prop_rapida,6120,0.000329,2.1521,0.4897,2.23195,8.64363
c=M dc=+ h=B dh=- L=M dL=- preo=B,prop_rapida,5976,0.000082,1.5376,0.3499,2.02622,9.21244
c=B dc=+ h=M dh=+ L=M dL=- preo=B,prop_lenta,5963,0.000164,2.0031,0.4558,1.10471,9.25972
c=A dc=- h=B dh=+ L=A dL=+ preo=A,emergencia,5957,0.001151,4.1335,0.9406,0.58752,1.77274
c=A dc=- h=A dh=0 L=A dL=0 preo=A,emergencia,5913,0.000000,4.1331,0.9405,0.40585,1.88282
c=B dc=- h=A dh=+ L=M dL=- preo=A,emergencia,5895,0.000603,4.1400,0.9421,0.12685,1.40320
c=B dc=+ h=A dh=- L=A dL=- preo=A,emergencia,5844,0.000000,3.6374,0.8277,0.76839,3.31746
c=B dc=+ h=B dh=0 L=M dL=+ preo=B,prop_lenta,5657,0.000164,1.9273,0.4386,0.84539,8.32800
c=M dc=+ h=B dh=+ L=M dL=- preo=B,prop_rapida,5617,0.000027,1.0485,0.2386,1.83894,10.28231
c=B dc=+ h=A dh=- L=B dL=- preo=M,emergencia,5599,0.000329,2.0950,0.4767,2.02429,7.32686
c=B dc=0 h=A dh=- L=M dL=- preo=M,emergencia,5568,0.000384,2.4550,0.5587,0.55838,6.86170
c=B dc=+ h=B dh=0 L=M dL=- preo=B,prop_lenta,5511,0.000027,1.9095,0.4345,0.94097,8.86187
c=B dc=- h=A dh=+ L=A dL=0 preo=A,emergencia,5382,0.000274,4.1644,0.9476,0.31077,1.45765
c=B dc=+ h=M dh=- L=M dL=+ preo=B,prop_lenta,5334,0.000329,2.3618,0.5374,1.31392,7.07048
c=B dc=0 h=A dh=- L=M dL=0 preo=A,emergencia,5314,0.000082,3.7961,0.8638,0.50640,2.60466
c=B dc=+ h=A dh=+ L=B dL=- preo=B,emergencia,5305,0.000164,2.1239,0.4833,0.74170,8.69374
c=B dc=0 h=M dh=- L=A dL=+ preo=M,calma,5260,0.000055,2.6439,0.6016,0.55765,7.28152
c=A dc=+ h=M dh=+ L=B dL=- preo=M,emergencia,5149,0.000082,2.5270,0.5750,0.81475,6.18232
c=M dc=0 h=B dh=+ L=M dL=+ preo=B,calma,5123,0.000164,2.1244,0.4834,1.79507,8.70570
c=B dc=- h=A dh=0 L=M dL=- preo=A,emergencia,5105,0.000082,3.9166,0.8913,0.38792,2.16620
c=B dc=- h=A dh=- L=M dL=- preo=M,emergencia,5075,0.000356,2.7238,0.6198,0.87597,6.57227
c=B dc=- h=B dh=- L=M dL=- preo=M,calma,5047,0.000329,1.6864,0.3838,1.79525,9.79959
c=B dc=- h=B dh=+ L=M dL=0 preo=B,calma,5039,0.000082,1.6938,0.3854,1.01729,10.28047
c=B dc=+ h=A dh=- L=M dL=- preo=M,emergencia,4974,0.000192,2.6208,0.5964,1.78265,7.07830
c=B dc=- h=A dh=- L=A dL=+ preo=B,emergencia,4944,0.000164,2.6809,0.6101,0.54554,6.75405
c=B dc=+ h=M dh=- L=A dL=+ preo=B,prop_lenta,4862,0.000110,2.3844,0.5426,0.66046,8.05527
c=M dc=+ h=B dh=0 L=B dL=+ preo=B,prop_rapida,4840,0.000000,1.9353,0.4404,1.20233,9.81131
c=B dc=0 h=M dh=- L=M dL=0 preo=B,calma,4689,0.000192,1.8941,0.4310,1.63920,10.24669
c=B dc=0 h=A dh=0 L=B dL=- preo=A,emergencia,4660,0.000110,3.9445,0.8976,0.28828,2.16747
c=A dc=+ h=B dh=+ L=B dL=+ preo=B,emergencia,4527,0.000384,1.4802,0.3368,1.76333,9.61943
c=B dc=- h=A dh=- L=A dL=0 preo=A,emergencia,4521,0.000000,3.7177,0.8460,0.41063,2.81063
c=A dc=0 h=A dh=0 L=B dL=- preo=A,emergencia,4486,0.000000,4.3117,0.9812,0.16800,1.01061
c=B dc=0 h=B dh=- L=M dL=0 preo=B,calma,4437,0.000219,1.5226,0.3465,1.45597,10.53753
c=M dc=0 h=M dh=+ L=M dL=+ preo=B,calma,4406,0.000000,1.2793,0.2911,1.78958,9.82955
c=B dc=- h=A dh=0 L=A dL=0 preo=A,emergencia,4391,0.000000,4.0659,0.9252,0.13342,1.55684
c=M dc=- h=B dh=+ L=A dL=0 preo=B,calma,4347,0.000082,1.5647,0.3561,1.40654,10.18963
c=B dc=+ h=B dh=- L=B dL=+ preo=B,prop_lenta,4310,0.000082,1.5378,0.3499,1.71895,9.87833
c=M dc=+ h=M dh=0 L=B dL=- preo=M,prop_rapida,4263,0.000137,0.6347,0.1444,3.46724,9.67258
c=M dc=0 h=B dh=- L=B dL=- preo=B,calma,4248,0.000055,1.1479,0.2612,2.25024,10.92377
c=B dc=+ h=M dh=+ L=M dL=+ preo=B,prop_lenta,4232,0.000082,2.2778,0.5183,0.94033,8.74208
c=M dc=- h=M dh=+ L=M dL=+ preo=B,calma,4209,0.000000,0.3487,0.0793,3.38579,11.76781
c=B dc=- h=B dh=+ L=B dL=- preo=B,calma,4200,0.000055,2.2375,0.5092,0.40603,8.52343
c=M dc=- h=A dh=0 L=A dL=+ preo=A,emergencia,4181,0.000000,3.9871,0.9073,0.30914,2.10852
c=B dc=+ h=B dh=- L=B dL=- preo=M,prop_lenta,4126,0.000055,1.6471,0.3748,1.90250,8.57540
c=B dc=0 h=M dh=+ L=M dL=- preo=M,calma,4060,0.000219,1.9745,0.4493,0.45923,9.02049
c=B dc=+ h=A dh=0 L=B dL=- preo=A,emergencia,4059,0.000219,3.7172,0.8459,0.58772,2.96938
c=A dc=- h=A dh=0 L=A dL=- preo=A,emergencia,4021,0.000000,4.1456,0.9434,0.30558,1.84797
c=B dc=+ h=A dh=- L=B dL=- preo=B,emergencia,3931,0.000110,1.5180,0.3454,0.70814,8.88341
c=M dc=- h=B dh=+ L=M dL=+ preo=B,calma,3886,0.000000,1.5304,0.3483,1.41721,9.65783
c=M dc=+ h=B dh=0 L=M dL=+ preo=B,prop_rapida,3857,0.000192,1.4846,0.3378,1.98619,10.81774
c=M dc=- h=B dh=+ L=A dL=+ preo=M,calma,3839,0.000219,2.3504,0.5348,0.31721,7.59130
c=B dc=- h=M dh=0 L=M dL=0 preo=B,calma,3825,0.000192,1.8201,0.4142,0.75322,10.25732
c=B dc=0 h=A dh=+ L=M dL=- preo=A,emergencia,3729,0.000219,3.9642,0.9021,0.32402,2.13305
c=B dc=+ h=B dh=- L=B dL=- preo=A,prop_lenta,3727,0.000055,1.8882,0.4297,1.33055,7.77318
c=A dc=- h=A dh=+ L=A dL=- preo=B,emergencia,3726,0.000000,3.9642,0.9021,0.56667,2.45148
c=M dc=+ h=M dh=+ L=M dL=+ preo=B,prop_rapida,3705,0.000082,1.2977,0.2953,3.12891,10.04151
c=A dc=+ h=M dh=- L=B dL=- preo=M,emergencia,3648,0.000027,1.4143,0.3218,2.32625,8.48286
c=B dc=- h=M dh=+ L=B dL=- preo=B,calma,3646,0.000027,0.9836,0.2238,2.36642,10.87359
c=M dc=- h=A dh=0 L=A dL=0 preo=A,emergencia,3645,0.000000,4.1356,0.9411,0.22615,1.79420
c=M dc=0 h=B dh=0 L=A dL=+ preo=B,calma,3614,0.000000,0.3512,0.0799,4.29792,12.45479
c=M dc=0 h=B dh=- L=M dL=- preo=B,calma,3560,0.000000,0.9758,0.2221,2.40571,10.99456
c=M dc=+ h=B dh=- L=B dL=- preo=M,prop_rapida,3524,0.000110,0.4650,0.1058,3.92830,10.47466
c=A dc=+ h=B dh=- L=B dL=- preo=M,emergencia,3504,0.000027,1.8388,0.4184,0.29289,7.65301
c=B dc=- h=A dh=0 L=A dL=+ preo=M,emergencia,3481,0.000082,1.9832,0.4513,1.85022,8.15025
c=A dc=0 h=A dh=0 L=B dL=- preo=B,emergencia,3405,0.000000,4.2777,0.9734,0.44273,1.44166
c=B dc=+ h=A dh=- L=A dL=+ preo=M,emergencia,3374,0.000137,2.4935,0.5674,1.20503,8.13919
c=B dc=0 h=M dh=+ L=M dL=0 preo=B,calma,3344,0.000137,1.0639,0.2421,1.51916,12.07355
c=B dc=- h=A dh=+ L=M dL=- preo=M,emergencia,3339,0.000082,2.4931,0.5673,0.99930,7.62171
c=B dc=+ h=M dh=0 L=M dL=- preo=B,prop_lenta,3330,0.000110,0.7502,0.1707,2.75046,11.26070
c=B dc=- h=A dh=- L=M dL=+ preo=A,emergencia,3321,0.000055,3.4662,0.7888,0.85439,3.62350
c=M dc=0 h=M dh=- L=M dL=+ preo=B,calma,3268,0.000000,0.2246,0.0511,4.66421,12.44462
c=B dc=+ h=B dh=- L=B dL=0 preo=B,prop_lenta,3258,0.000000,1.3299,0.3026,2.55494,9.63779
c=M dc=+ h=B dh=0 L=M dL=- preo=B,prop_rapida,3252,0.000082,0.3500,0.0796,3.43063,11.83993
c=A dc=- h=B dh=+ L=A dL=- preo=A,emergencia,3218,0.000795,4.1103,0.9353,0.61413,2.07128
c=M dc=0 h=B dh=0 L=M dL=+ preo=B,calma,3184,0.000000,1.5526,0.3533,1.63444,10.76012
c=M dc=- h=B dh=0 L=A dL=+ preo=M,calma,3153,0.000082,0.9233,0.2101,1.16081,10.97200
c=B dc=- h=B dh=+ L=A dL=+ preo=M,calma,3143,0.000247,1.3428,0.3056,1.21539,10.39635
c=B dc=0 h=M dh=0 L=M dL=- preo=M,calma,3105,0.000110,1.0990,0.2501,1.61170,10.45744
c=B dc=- h=M dh=- L=B dL=- preo=B,calma,3082,0.000055,1.6333,0.3717,0.96557,11.37711
c=B dc=- h=B dh=0 L=M dL=0 preo=B,calma,3066,0.000027,0.6438,0.1465,3.73775,11.45323
c=A dc=0 h=A dh=0 L=A dL=+ preo=A,emergencia,3054,0.000000,4.3048,0.9796,0.15931,1.13522
c=A dc=- h=A dh=+ L=A dL=+ preo=M,emergencia,3032,0.000137,4.2819,0.9744,0.13980,1.28136
c=B dc=+ h=M dh=- L=M dL=0 preo=B,prop_lenta,3029,0.000055,0.7619,0.1734,3.81260,10.70228
c=B dc=+ h=M dh=- L=B dL=- preo=A,prop_lenta,3016,0.000027,1.5290,0.3479,1.62463,8.09181
c=M dc=- h=M dh=- L=M dL=+ preo=B,calma,2988,0.000000,0.1242,0.0283,5.19251,11.94078
c=B dc=0 h=M dh=- L=B dL=- preo=M,calma,2988,0.000055,1.6036,0.3649,0.82156,9.37437
c=M dc=+ h=M dh=+ L=M dL=- preo=B,prop_rapida,2977,0.000110,0.7881,0.1793,2.08481,11.44350
c=M dc=+ h=M dh=- L=M dL=+ preo=B,prop_rapida,2951,0.000000,1.6487,0.3752,0.28621,10.10904
c=M dc=+ h=M dh=+ L=B dL=+ preo=B,prop_rapida,2935,0.000000,0.3888,0.0885,2.91935,12.18443
c=M dc=0 h=B dh=- L=B dL=+ preo=B,calma,2921,0.000000,1.2970,0.2952,1.42983,10.37987
c=M dc=0 h=M dh=+ L=B dL=- preo=B,calma,2917,0.000027,0.6129,0.1395,2.80967,11.36388
c=B dc=- h=M dh=0 L=A dL=0 preo=B,calma,2901,0.000164,1.2800,0.2913,1.83604,11.19252
c=A dc=+ h=B dh=0 L=B dL=+ preo=B,emergencia,2879,0.000000,1.7776,0.4045,1.16064,9.11261
c=M dc=- h=A dh=0 L=A dL=- preo=A,emergencia,2856,0.000000,3.9737,0.9043,0.74566,2.49074
c=M dc=- h=B dh=- L=A dL=0 preo=B,calma,2845,0.000027,1.3925,0.3169,1.87530,10.89051
c=M dc=0 h=B dh=+ L=B dL=- preo=B,calma,2800,0.000000,0.6706,0.1526,3.07993,11.22818
c=B dc=- h=M dh=- L=A dL=+ preo=A,calma,2786,0.000137,1.6144,0.3674,1.48336,8.70356
c=B dc=+ h=M dh=+ L=A dL=+ preo=B,prop_lenta,2774,0.000082,1.0946,0.2491,2.10849,10.74314
c=M dc=0 h=B dh=+ L=M dL=- preo=B,calma,2770,0.000000,0.2683,0.0611,4.08786,12.90078
c=B dc=- h=A dh=0 L=B dL=- preo=A,emergencia,2723,0.000110,3.8643,0.8794,0.29021,2.50783
c=M dc=+ h=A dh=- L=B dL=- preo=A,emergencia,2706,0.000055,3.2437,0.7381,1.31015,4.03657
c=B dc=- h=B dh=0 L=B dL=- preo=B,calma,2654,0.000000,0.4192,0.0954,3.08555,12.93960
c=B dc=+ h=M dh=0 L=M dL=+ preo=B,prop_lenta,2652,0.000055,0.9140,0.2080,2.79522,11.55817
c=B dc=+ h=A dh=- L=M dL=0 preo=A,emergencia,2645,0.000000,3.4884,0.7938,0.11201,3.06078
c=B dc=+ h=B dh=- L=M dL=0 preo=B,prop_lenta,2642,0.000055,0.7158,0.1629,1.46364,11.62518
c=A dc=- h=A dh=+ L=A dL=0 preo=M,emergencia,2632,0.000247,4.3329,0.9860,0.30949,1.08686
c=B dc=- h=B dh=0 L=A dL=+ preo=M,calma,2616,0.000274,1.0746,0.2445,2.18818,10.88386
c=B dc=+ h=B dh=+ L=A dL=+ preo=B,prop_lenta,2608,0.000000,0.3157,0.0718,4.26035,11.75079
c=M dc=0 h=M dh=+ L=A dL=+ preo=B,calma,2606,0.000000,0.9119,0.2075,1.28156,10.72748
c=B dc=- h=M dh=- L=M dL=0 preo=M,calma,2601,0.000219,0.2990,0.0680,3.68669,12.13333
c=M dc=- h=A dh=- L=A dL=+ preo=A,emergencia,2600,0.000000,3.9461,0.8980,0.39774,2.40167
c=B dc=- h=B dh=+ L=A dL=+ preo=A,calma,2595,0.000575,2.3028,0.5240,0.70752,6.19559
c=B dc=- h=M dh=- L=A dL=0 preo=M,calma,2593,0.000219,0.8090,0.1841,1.61949,11.89246
c=M dc=0 h=M dh=0 L=M dL=+ preo=B,calma,2585,0.000027,0.1984,0.0451,4.45653,12.41546
c=M dc=- h=M dh=0 L=M dL=+ preo=B,calma,2580,0.000000,0.5102,0.1161,2.23041,12.26898
c=A dc=- h=B dh=+ L=A dL=- preo=B,emergencia,2533,0.000000,0.9552,0.2174,2.50474,10.80983
c=A dc=+ h=M dh=0 L=B dL=- preo=M,emergencia,2528,0.000000,0.8040,0.1830,2.67492,8.88213
c=B dc=0 h=B dh=- L=A dL=- preo=B,calma,2527,0.000000,1.0850,0.2469,2.34851,11.67604
c=B dc=- h=M dh=- L=A dL=0 preo=B,calma,2525,0.000137,0.5705,0.1298,2.17728,13.18007
c=B dc=- h=A dh=+ L=M dL=+ preo=B,emergencia,2514,0.000082,1.2717,0.2894,2.41474,10.18530
c=M dc=- h=B dh=0 L=M dL=+ preo=B,calma,2491,0.000000,1.2853,0.2925,2.18497,10.13924
c=B dc=+ h=B dh=+ L=B dL=- preo=A,prop_lenta,2442,0.000247,2.2577,0.5138,0.47761,6.34409
c=B dc=+ h=A dh=+ L=B dL=- preo=A,emergencia,2430,0.000082,3.6615,0.8332,0.67670,3.14547
c=A dc=0 h=A dh=0 L=A dL=+ preo=B,emergencia,2372,0.000000,4.2228,0.9609,0.23412,1.67392
c=M dc=- h=B dh=+ L=A dL=- preo=B,calma,2356,0.000000,0.6275,0.1428,2.76561,11.99562
c=A dc=- h=A dh=- L=A dL=+ preo=A,emergencia,2336,0.000000,4.2321,0.9630,0.64663,1.86576
c=B dc=0 h=A dh=- L=M dL=+ preo=A,emergencia,2325,0.000027,3.2771,0.7457,0.82504,3.95043
c=M dc=+ h=B dh=- L=A dL=+ preo=B,prop_rapida,2300,0.000000,0.7599,0.1729,2.18987,11.79793
c=A dc=0 h=A dh=0 L=M dL=+ preo=A,emergencia,2267,0.000000,4.3141,0.9817,0.22958,1.12653
c=B dc=- h=A dh=0 L=A dL=+ preo=B,emergencia,2246,0.000110,1.3823,0.3146,1.58476,10.07217
c=B dc=0 h=M dh=0 L=M dL=0 preo=B,calma,2245,0.000082,0.2731,0.0621,3.41685,14.05945
c=B dc=0 h=B dh=+ L=A dL=- preo=B,calma,2244,0.000000,0.8373,0.1905,2.32581,13.06391
c=B dc=- h=M dh=+ L=A dL=0 preo=M,calma,2243,0.000192,0.4368,0.0994,3.66887,11.33612
c=B dc=0 h=A dh=0 L=M dL=- preo=A,emergencia,2242,0.000027,3.6928,0.8403,0.65024,3.06098
c=B dc=+ h=M dh=- L=A dL=+ preo=M,prop_lenta,2205,0.000082,1.0355,0.2356,1.65851,10.00677
c=A dc=- h=B dh=- L=A dL=+ preo=M,emergencia,2189,0.000000,0.5968,0.1358,3.36605,9.51538
c=B dc=0 h=M dh=- L=M dL=0 preo=M,calma,2177,0.000082,0.3341,0.0760,4.04029,12.39182
c=A dc=- h=B dh=- L=A dL=+ preo=B,emergencia,2145,0.000000,0.1835,0.0418,4.18185,12.19691
c=B dc=0 h=B dh=- L=M dL=- preo=M,calma,2134,0.000110,1.1571,0.2633,0.90269,11.85192
c=M dc=+ h=B dh=+ L=B dL=- preo=A,prop_rapida,2126,0.000630,2.3172,0.5273,0.84814,5.65205
c=A dc=- h=B dh=+ L=A dL=+ preo=M,emergencia,2116,0.000219,2.7931,0.6356,0.69083,5.47808
c=M dc=+ h=B dh=- L=B dL=0 preo=B,prop_rapida,2103,0.000000,0.1643,0.0374,4.04366,13.46166
c=B dc=- h=M dh=0 L=B dL=- preo=B,calma,2098,0.000027,0.1698,0.0386,3.80241,14.11826
c=M dc=- h=M dh=+ L=M dL=- preo=M,calma,2094,0.000027,1.3857,0.3153,1.63640,9.18827
c=M dc=0 h=B dh=+ L=B dL=+ preo=B,calma,2089,0.000000,0.4667,0.1062,3.60244,11.68073
c=M dc=0 h=M dh=+ L=M dL=- preo=B,calma,2086,0.000000,0.4752,0.1081,3.05174,12.90993
c=M dc=+ h=M dh=0 L=M dL=+ preo=B,prop_rapida,2076,0.000027,0.2816,0.0641,4.04192,12.05590
c=A dc=+ h=A dh=+ L=B dL=- preo=A,emergencia,2063,0.000137,4.2160,0.9594,0.08258,1.89691
c=B dc=0 h=A dh=+ L=M dL=- preo=M,emergencia,1998,0.000110,1.2517,0.2848,2.15504,8.52656
c=B dc=0 h=B dh=+ L=M dL=0 preo=B,calma,1990,0.000027,0.2290,0.0521,4.31121,14.27675
c=M dc=- h=B dh=0 L=A dL=0 preo=B,calma,1976,0.000055,0.4117,0.0937,2.86282,12.71362
c=B dc=0 h=A dh=- L=B dL=- preo=M,emergencia,1956,0.000219,1.3128,0.2987,2.15395,9.16486
c=A dc=+ h=B dh=+ L=B dL=- preo=M,emergencia,1926,0.000247,1.2815,0.2916,2.47190,7.51385
c=A dc=+ h=A dh=+ L=B dL=- preo=B,emergencia,1912,0.000027,4.0587,0.9236,1.71616,2.73932
c=B dc=+ h=M dh=0 L=A dL=+ preo=B,prop_lenta,1902,0.000082,0.9685,0.2204,1.63330,11.48871
c=B dc=0 h=A dh=- L=A dL=0 preo=A,emergencia,1884,0.000000,3.0221,0.6877,2.24151,4.37094
c=A dc=- h=M dh=+ L=A dL=+ preo=M,emergencia,1869,0.000164,2.1505,0.4894,0.76343,6.63824
c=M dc=+ h=M dh=- L=B dL=+ preo=B,prop_rapida,1858,0.000000,0.4243,0.0965,3.90985,12.05778
c=B dc=- h=M dh=- L=M dL=+ preo=M,calma,1858,0.000137,1.0161,0.2312,2.05383,10.13207
c=M dc=- h=B dh=+ L=A dL=+ preo=A,calma,1846,0.000767,2.9155,0.6635,0.43499,4.55545
c=B dc=+ h=B dh=+ L=B dL=0 preo=B,prop_lenta,1839,0.000000,0.2836,0.0645,4.22050,12.31250
c=M dc=- h=M dh=- L=M dL=- preo=M,calma,1833,0.000000,0.5792,0.1318,2.90139,9.96456
c=A dc=- h=B dh=+ L=M dL=+ preo=B,emergencia,1824,0.000000,0.4560,0.1038,3.42742,11.06182
c=B dc=+ h=A dh=- L=M dL=+ preo=A,emergencia,1815,0.000055,2.8773,0.6548,1.76804,4.56090
c=B dc=0 h=A dh=+ L=B dL=- preo=A,emergencia,1805,0.000164,3.7973,0.8641,0.78966,2.99438
c=M dc=0 h=M dh=- L=B dL=- preo=B,calma,1798,0.000027,0.1845,0.0420,4.83635,12.11815
c=B dc=- h=B dh=- L=M dL=+ preo=M,calma,1791,0.000000,0.1021,0.0232,5.57454,13.14519
c=B dc=+ h=A dh=+ L=M dL=- preo=A,emergencia,1788,0.000164,3.8975,0.8869,1.20531,2.83242
c=A dc=0 h=A dh=0 L=M dL=+ preo=B,emergencia,1773,0.000000,4.3081,0.9804,0.88113,1.64297
c=M dc=+ h=A dh=+ L=B dL=- preo=M,emergencia,1746,0.000055,1.4768,0.3361,0.71955,7.68661
c=M dc=0 h=B dh=0 L=B dL=- preo=B,calma,1736,0.000000,0.3794,0.0863,4.21264,12.91670
c=A dc=0 h=B dh=0 L=B dL=- preo=A,emergencia,1693,0.000000,4.1634,0.9474,0.39858,2.00842
c=B dc=+ h=A dh=- L=M dL=- preo=B,emergencia,1689,0.000055,1.0541,0.2399,1.41347,10.44211
c=M dc=- h=B dh=- L=M dL=- preo=B,calma,1675,0.000000,0.2404,0.0547,3.96453,13.96389
c=B dc=- h=B dh=- L=A dL=0 preo=M,calma,1671,0.000110,0.3323,0.0756,3.33700,12.32494
c=M dc=+ h=B dh=+ L=B dL=- preo=M,prop_rapida,1670,0.000219,0.2340,0.0532,3.43905,11.70435
c=B dc=+ h=M dh=+ L=M dL=0 preo=B,prop_lenta,1669,0.000000,0.2435,0.0554,3.96118,12.04840
c=A dc=0 h=A dh=0 L=M dL=- preo=A,emergencia,1665,0.000000,4.3078,0.9803,0.43366,1.46329
c=B dc=0 h=A dh=0 L=A dL=+ preo=A,emergencia,1655,0.000055,3.2804,0.7465,1.18125,3.98657
c=A dc=- h=A dh=+ L=M dL=+ preo=A,emergencia,1624,0.000000,4.3384,0.9873,0.96964,1.59077
c=B dc=+ h=M dh=+ L=B dL=- preo=M,prop_lenta,1612,0.000055,0.6780,0.1543,3.28023,10.13452
c=B dc=0 h=B dh=- L=B dL=+ preo=B,calma,1594,0.000027,0.5490,0.1249,2.50018,13.75735
c=A dc=- h=A dh=+ L=M dL=- preo=A,emergencia,1572,0.000000,4.3199,0.9830,1.05924,1.65520
c=M dc=- h=A dh=+ L=A dL=+ preo=M,emergencia,1565,0.000055,2.4025,0.5467,0.81969,5.82110
c=A dc=- h=A dh=+ L=B dL=- preo=A,emergencia,1556,0.000027,4.3045,0.9795,1.11095,1.79151
c=M dc=0 h=M dh=0 L=B dL=- preo=B,calma,1551,0.000000,0.2597,0.0591,3.70960,12.01090
c=M dc=0 h=B dh=0 L=M dL=- preo=B,calma,1549,0.000027,0.0715,0.0163,5.87954,14.25797
c=M dc=+ h=B dh=+ L=A dL=+ preo=B,prop_rapida,1549,0.000000,0.0545,0.0124,5.94559,13.86857
c=M dc=0 h=M dh=- L=A dL=+ preo=B,calma,1545,0.000027,0.0974,0.0222,4.86524,13.86934
c=B dc=+ h=A dh=0 L=B dL=- preo=B,emergencia,1536,0.000000,0.8446,0.1922,1.89882,11.45966
c=M dc=- h=B dh=+ L=M dL=- preo=B,calma,1531,0.000000,0.0652,0.0148,6.85789,13.19072
c=A dc=0 h=B dh=0 L=B dL=- preo=B,emergencia,1530,0.000000,1.4699,0.3345,2.20223,8.91968
c=B dc=0 h=A dh=- L=A dL=+ preo=B,emergencia,1529,0.000027,0.7111,0.1618,2.36277,10.93693
c=A dc=+ h=B dh=- L=M dL=+ preo=B,emergencia,1519,0.000000,0.5939,0.1351,2.42027,10.73365
c=A dc=- h=M dh=+ L=A dL=+ preo=B,emergencia,1502,0.000164,3.6731,0.8359,0.95530,3.24815
c=B dc=+ h=B dh=0 L=A dL=+ preo=B,prop_lenta,1499,0.000000,0.1075,0.0245,4.50324,13.57135
c=B dc=+ h=M dh=0 L=B dL=- preo=M,prop_lenta,1487,0.000027,0.4538,0.1033,2.13487,11.34575
c=A dc=+ h=A dh=- L=B dL=- preo=A,emergencia,1480,0.000000,4.2616,0.9698,1.19453,2.13122
c=M dc=+ h=B dh=+ L=B dL=0 preo=B,prop_rapida,1471,0.000027,0.7016,0.1597,1.42802,12.32851
c=M dc=+ h=M dh=- L=M dL=- preo=B,prop_rapida,1434,0.000000,0.1545,0.0352,4.79705,12.78563
c=A dc=+ h=M dh=+ L=B dL=+ preo=B,emergencia,1428,0.000082,0.1377,0.0313,4.63368,12.12208
c=M dc=- h=B dh=- L=A dL=- preo=B,calma,1428,0.000000,0.5947,0.1353,2.65336,12.73001
c=A dc=+ h=B dh=+ L=M dL=+ preo=B,emergencia,1427,0.000000,0.4332,0.0986,3.65043,12.65693
c=B dc=+ h=B dh=+ L=B dL=+ preo=B,prop_lenta,1407,0.000000,0.5797,0.1319,2.13740,12.19280
c=A dc=- h=M dh=+ L=A dL=+ preo=A,emergencia,1382,0.000219,4.3596,0.9921,0.18903,0.96266
c=B dc=0 h=B dh=0 L=M dL=0 preo=B,calma,1367,0.000000,0.0954,0.0217,5.07024,14.73628
c=B dc=0 h=A dh=- L=M dL=- preo=B,emergencia,1360,0.000027,0.9899,0.2253,2.41800,10.43244
c=B dc=+ h=M dh=- L=M dL=0 preo=M,prop_lenta,1357,0.000082,0.2421,0.0551,4.26542,11.72442
c=M dc=+ h=M dh=0 L=B dL=+ preo=B,prop_rapida,1349,0.000000,0.3682,0.0838,3.22832,11.28255
c=B dc=+ h=B dh=- L=B dL=0 preo=M,prop_lenta,1347,0.000027,1.1151,0.2538,0.98816,10.80110
c=B dc=- h=M dh=- L=A dL=- preo=M,calma,1338,0.000110,0.1155,0.0263,5.30138,12.84382
c=M dc=+ h=M dh=- L=M dL=- preo=M,prop_rapida,1325,0.000082,1.1100,0.2526,2.41190,8.96359
c=B dc=0 h=M dh=+ L=A dL=- preo=B,calma,1324,0.000000,0.2596,0.0591,3.61397,14.66385
c=M dc=0 h=B dh=0 L=B dL=+ preo=B,calma,1311,0.000000,0.1143,0.0260,5.64752,12.70174
c=A dc=- h=A dh=+ L=A dL=- preo=M,emergencia,1309,0.000027,4.3683,0.9941,0.41199,0.93728
c=M dc=+ h=A dh=+ L=B dL=- preo=A,emergencia,1288,0.000192,3.9526,0.8995,0.76666,2.57010
c=B dc=+ h=A dh=+ L=M dL=- preo=M,emergencia,1287,0.000082,0.8562,0.1948,2.31736,9.12896
c=B dc=0 h=A dh=0 L=M dL=- preo=M,emergencia,1286,0.000082,0.2895,0.0659,3.32882,10.62395
c=A dc=0 h=B dh=0 L=A dL=+ preo=B,emergencia,1280,0.000000,0.3977,0.0905,3.42795,10.97379
c=M dc=+ h=M dh=+ L=A dL=+ preo=B,prop_rapida,1262,0.000000,0.2424,0.0552,3.34263,12.82151
c=B dc=0 h=B dh=0 L=A dL=- preo=B,calma,1247,0.000000,0.1951,0.0444,4.26118,14.84072
c=B dc=+ h=M dh=- L=B dL=0 preo=M,prop_lenta,1244,0.000027,0.8067,0.1836,1.73690,10.54238
c=M dc=+ h=M dh=0 L=M dL=- preo=B,prop_rapida,1231,0.000000,0.0206,0.0047,7.86827,14.28531
c=M dc=0 h=M dh=0 L=A dL=+ preo=B,calma,1226,0.000000,0.3973,0.0904,2.78752,11.87402
c=A dc=0 h=B dh=0 L=M dL=+ preo=B,emergencia,1215,0.000000,0.5811,0.1322,3.03123,10.22978
c=A dc=0 h=A dh=0 L=M dL=- preo=B,emergencia,1206,0.000000,4.3459,0.9890,0.46107,1.27932
c=A dc=0 h=B dh=0 L=A dL=+ preo=A,emergencia,1204,0.000000,4.2294,0.9624,0.93125,2.04829
c=M dc=- h=M dh=0 L=M dL=- preo=M,calma,1194,0.000000,1.0055,0.2288,1.68099,9.48849
c=B dc=+ h=M dh=- L=B dL=0 preo=B,prop_lenta,1192,0.000027,0.0577,0.0131,7.09495,13.28262
c=B dc=+ h=M dh=0 L=M dL=0 preo=B,prop_lenta,1179,0.000055,0.2740,0.0624,2.71540,13.06505
c=B dc=- h=A dh=0 L=M dL=- preo=M,emergencia,1178,0.000000,0.8196,0.1865,1.76294,9.36952
c=A dc=- h=A dh=+ L=M dL=- preo=B,emergencia,1177,0.000082,4.0262,0.9162,1.65209,2.81809
c=B dc=- h=M dh=0 L=A dL=0 preo=M,calma,1174,0.000082,0.5392,0.1227,2.17112,13.16608
c=B dc=- h=M dh=- L=B dL=- preo=M,calma,1161,0.000027,0.5031,0.1145,2.89359,11.29029
c=B dc=+ h=B dh=- L=M dL=- preo=M,prop_lenta,1154,0.000055,0.1314,0.0299,4.81272,12.56778
c=A dc=- h=B dh=0 L=A dL=+ preo=B,emergencia,1150,0.000027,0.2330,0.0530,4.63476,11.52780
c=B dc=- h=M dh=+ L=A dL=- preo=M,calma,1139,0.000137,1.2523,0.2850,0.44138,12.24687
c=B dc=0 h=B dh=0 L=B dL=- preo=A,calma,1124,0.000000,0.7438,0.1692,2.70971,8.39973
c=M dc=0 h=M dh=+ L=B dL=- preo=M,calma,1114,0.000027,0.1039,0.0236,5.40938,11.62906
c=A dc=+ h=B dh=0 L=B dL=- preo=M,emergencia,1114,0.000082,0.0601,0.0137,6.17521,11.27276
c=B dc=+ h=B dh=- L=B dL=0 preo=A,prop_lenta,1108,0.000000,0.7368,0.1677,3.69410,9.08569
c=M dc=- h=A dh=- L=A dL=- preo=A,emergencia,1091,0.000000,3.9528,0.8995,0.61399,2.56627
c=B dc=0 h=A dh=+ L=A dL=- preo=A,emergencia,1090,0.000000,4.0364,0.9185,0.48746,2.30959
c=B dc=+ h=M dh=+ L=M dL=- preo=M,prop_lenta,1088,0.000027,0.3178,0.0723,4.34138,10.52981
c=B dc=- h=M dh=+ L=M dL=0 preo=M,calma,1088,0.000055,0.7464,0.1699,1.93509,12.00049
c=A dc=0 h=B dh=- L=A dL=+ preo=B,emergencia,1079,0.000000,0.8191,0.1864,2.59337,10.85960
c=M dc=0 h=M dh=+ L=M dL=- preo=M,calma,1077,0.000000,0.0857,0.0195,6.11653,11.60846
c=M dc=+ h=A dh=0 L=B dL=- preo=A,emergencia,1073,0.000027,3.7400,0.8511,1.19652,3.18219
c=B dc=0 h=A dh=+ L=A dL=+ preo=A,emergencia,1072,0.000082,3.5761,0.8138,1.40289,3.49846
c=B dc=0 h=M dh=- L=A dL=+ preo=A,calma,1072,0.000027,1.1619,0.2644,0.59113,9.35201
c=M dc=- h=M dh=- L=M dL=+ preo=M,calma,1067,0.000055,0.1745,0.0397,3.98056,11.97716
c=M dc=- h=B dh=- L=B dL=+ preo=B,calma,1053,0.000000,0.3867,0.0880,3.57975,13.57318
c=M dc=+ h=M dh=- L=A dL=+ preo=B,prop_rapida,1052,0.000000,0.5100,0.1161,3.08623,12.11835
c=B dc=0 h=M dh=- L=B dL=- preo=A,calma,1052,0.000000,0.7334,0.1669,2.31409,10.25132
c=B dc=- h=A dh=+ L=B dL=- preo=A,emergencia,1051,0.000027,3.7202,0.8466,1.24971,3.22957
c=B dc=0 h=M dh=- L=A dL=- preo=B,calma,1051,0.000027,0.3100,0.0706,3.78488,13.98831
c=B dc=+ h=B dh=0 L=B dL=0 preo=B,prop_lenta,1041,0.000000,0.0978,0.0223,5.10278,13.29714
c=B dc=+ h=M dh=+ L=B dL=0 preo=B,prop_lenta,1039,0.000000,0.2817,0.0641,3.75694,12.11196
c=M dc=0 h=M dh=- L=M dL=- preo=M,calma,1038,0.000027,0.3915,0.0891,3.55722,10.50736
c=M dc=+ h=M dh=+ L=M dL=- preo=M,prop_rapida,1035,0.000082,0.0826,0.0188,4.87544,12.49336
c=M dc=0 h=M dh=- L=B dL=- preo=M,calma,1033,0.000000,0.5943,0.1352,1.84840,10.85853
c=B dc=- h=A dh=- L=A dL=0 preo=M,emergencia,1031,0.000110,0.4934,0.1123,2.81191,10.18583
c=M dc=- h=A dh=- L=A dL=0 preo=A,emergencia,1020,0.000000,3.9231,0.8927,0.94753,2.73218
c=M dc=+ h=A dh=- L=B dL=- preo=B,emergencia,1014,0.000027,0.4770,0.1085,3.13105,10.65486
c=M dc=0 h=M dh=0 L=M dL=- preo=B,calma,1012,0.000000,0.1484,0.0338,5.92582,12.54207
c=A dc=+ h=A dh=+ L=B dL=- preo=M,emergencia,1011,0.000000,4.0776,0.9279,0.60456,2.49026
c=A dc=+ h=B dh=- L=B dL=0 preo=B,emergencia,1007,0.000000,0.3781,0.0860,3.15700,10.80990
c=M dc=+ h=M dh=+ L=B dL=0 preo=B,prop_rapida,1007,0.000027,0.1731,0.0394,3.82461,13.60490
c=A dc=+ h=A dh=0 L=B dL=- preo=A,emergencia,1005,0.000000,4.3002,0.9785,0.57071,1.69866
c=B dc=+ h=A dh=0 L=M dL=- preo=A,emergencia,1003,0.000082,3.7005,0.8421,0.59822,3.03255
c=B dc=0 h=B dh=- L=B dL=0 preo=B,calma,997,0.000000,0.2681,0.0610,3.50061,14.51647
c=M dc=+ h=B dh=0 L=B dL=- preo=M,prop_rapida,996,0.000082,0.5847,0.1330,2.55687,10.32005
c=A dc=0 h=B dh=+ L=M dL=+ preo=B,emergencia,993,0.000000,0.1791,0.0407,4.15215,12.61204
c=B dc=+ h=A dh=- L=A dL=0 preo=A,emergencia,991,0.000000,3.3784,0.7688,1.12699,3.75644
c=A dc=- h=B dh=0 L=A dL=+ preo=M,emergencia,989,0.000000,0.2327,0.0530,4.63371,10.76965
c=M dc=- h=M dh=+ L=M dL=- preo=B,calma,986,0.000000,0.8401,0.1912,2.27630,11.72120
c=A dc=- h=A dh=- L=A dL=+ preo=B,emergencia,971,0.000000,3.7772,0.8595,0.94074,3.16911
c=A dc=+ h=B dh=+ L=B dL=0 preo=B,emergencia,969,0.000000,0.3279,0.0746,4.35351,10.78357
c=M dc=0 h=M dh=- L=M dL=- preo=B,calma,958,0.000000,0.0720,0.0164,4.89830,14.93557
c=A dc=0 h=A dh=0 L=B dL=+ preo=A,emergencia,958,0.000000,4.3461,0.9890,0.24409,1.10515
c=B dc=+ h=A dh=0 L=M dL=- preo=M,emergencia,956,0.000082,0.6112,0.1391,1.49010,10.40061
c=B dc=+ h=M dh=0 L=M dL=- preo=M,prop_lenta,955,0.000082,0.1915,0.0436,4.73178,10.88271
c=M dc=- h=M dh=+ L=A dL=0 preo=B,calma,951,0.000000,0.0638,0.0145,6.49854,13.29338
c=M dc=+ h=B dh=0 L=A dL=+ preo=B,prop_rapida,946,0.000027,0.4998,0.1137,2.24422,12.82232
c=B dc=+ h=B dh=+ L=M dL=0 preo=B,prop_lenta,940,0.000000,0.0790,0.0180,5.31367,13.40930
c=B dc=+ h=B dh=0 L=B dL=+ preo=B,prop_lenta,934,0.000000,0.1549,0.0353,4.06774,13.50497
c=B dc=0 h=M dh=- L=M dL=+ preo=M,calma,934,0.000000,0.3178,0.0723,3.90343,12.69066
c=M dc=- h=A dh=+ L=A dL=+ preo=B,emergencia,932,0.000000,2.2828,0.5195,1.28587,6.63075
c=A dc=+ h=B dh=+ L=B dL=- preo=A,emergencia,931,0.000082,3.0679,0.6981,2.22741,4.18783
c=A dc=- h=B dh=+ L=A dL=0 preo=A,emergencia,926,0.000000,4.2903,0.9763,0.21230,1.48924
c=B dc=0 h=A dh=0 L=A dL=- preo=A,emergencia,924,0.000000,3.6306,0.8262,1.34011,3.42308
c=M dc=+ h=B dh=0 L=B dL=0 preo=B,prop_rapida,923,0.000000,0.0153,0.0035,8.45960,14.25936
c=A dc=0 h=B dh=0 L=M dL=+ preo=A,emergencia,919,0.000000,4.2995,0.9784,0.41210,1.57606
c=M dc=- h=B dh=- L=M dL=- preo=M,calma,912,0.000027,0.4814,0.1095,2.96472,11.18754
c=A dc=- h=A dh=0 L=A dL=+ preo=B,emergencia,903,0.000000,4.3222,0.9836,0.91984,1.64493
c=M dc=- h=B dh=0 L=A dL=- preo=B,calma,893,0.000027,0.1806,0.0411,4.37032,12.60035
c=A dc=- h=A dh=+ L=B dL=- preo=B,emergencia,891,0.000000,4.2449,0.9660,1.00228,2.18276
c=A dc=0 h=B dh=- L=M dL=+ preo=B,emergencia,880,0.000000,0.1166,0.0265,5.85818,11.87046
c=A dc=- h=A dh=+ L=M dL=+ preo=B,emergencia,879,0.000000,4.3069,0.9801,0.92980,1.81265
c=B dc=- h=B dh=- L=A dL=- preo=M,calma,872,0.000137,0.0198,0.0045,8.06824,14.67816
c=B dc=+ h=M dh=- L=B dL=+ preo=B,prop_lenta,839,0.000000,0.5787,0.1317,2.23353,13.50476
c=A dc=- h=M dh=+ L=A dL=- preo=A,emergencia,838,0.000055,4.3741,0.9954,0.34503,0.67322
c=B dc=0 h=B dh=- L=B dL=- preo=M,calma,837,0.000000,0.0738,0.0168,4.50068,14.55498
c=B dc=+ h=B dh=- L=A dL=- preo=B,prop_lenta,837,0.000000,0.0093,0.0021,8.76255,15.23958
c=B dc=- h=A dh=+ L=M dL=- preo=B,emergencia,827,0.000027,0.0749,0.0171,5.48877,13.53842
c=M dc=- h=B dh=- L=B dL=- preo=B,calma,827,0.000000,0.0330,0.0075,5.98370,15.17651
c=B dc=0 h=B dh=- L=B dL=- preo=A,calma,826,0.000000,0.2775,0.0631,3.67354,10.27476
c=M dc=0 h=B dh=- L=B dL=- preo=M,calma,824,0.000055,0.4794,0.1091,2.77834,10.27862
c=B dc=0 h=A dh=0 L=M dL=+ preo=A,emergencia,824,0.000000,3.4794,0.7918,1.12030,3.54141
c=B dc=+ h=A dh=+ L=B dL=- preo=M,emergencia,823,0.000027,0.1305,0.0297,5.46162,10.83337
c=B dc=- h=B dh=+ L=M dL=- preo=M,calma,822,0.000110,0.2368,0.0539,3.62663,12.97374
c=B dc=+ h=A dh=- L=B dL=0 preo=A,emergencia,821,0.000000,2.3022,0.5239,0.95299,5.10208
c=B dc=- h=B dh=- L=A dL=+ preo=A,calma,821,0.000055,0.3548,0.0807,3.21299,9.12999
c=B dc=- h=M dh=0 L=M dL=0 preo=M,calma,816,0.000027,0.0765,0.0174,4.96209,13.52700
c=B dc=0 h=A dh=+ L=A dL=+ preo=M,emergencia,815,0.000082,0.2573,0.0586,4.18656,9.99142
c=B dc=0 h=A dh=- L=B dL=- preo=B,emergencia,812,0.000000,0.2001,0.0455,3.29475,12.50903
c=B dc=+ h=A dh=- L=A dL=+ preo=B,emergencia,811,0.000000,0.1059,0.0241,4.52932,12.63315
c=A dc=0 h=A dh=0 L=B dL=0 preo=A,emergencia,811,0.000000,4.3651,0.9933,0.35253,0.91937
c=B dc=0 h=A dh=0 L=B dL=- preo=B,emergencia,809,0.000000,0.1940,0.0441,4.49194,11.34749
c=A dc=- h=A dh=- L=A dL=- preo=A,emergencia,806,0.000000,4.2225,0.9609,0.71118,2.14459
c=A dc=- h=M dh=- L=A dL=+ preo=M,emergencia,800,0.000027,0.7140,0.1625,2.49355,8.62650
c=B dc=- h=A dh=- L=B dL=- preo=M,emergencia,800,0.000055,0.5148,0.1171,2.58766,10.21624
c=M dc=+ h=B dh=- L=B dL=0 preo=M,prop_rapida,797,0.000000,0.1709,0.0389,4.17114,10.66394
c=M dc=- h=B dh=0 L=M dL=- preo=B,calma,797,0.000000,0.0641,0.0146,4.97424,14.28909
c=B dc=- h=A dh=- L=M dL=+ preo=M,emergencia,793,0.000055,0.6128,0.1395,2.90556,10.30811
c=A dc=+ h=B dh=0 L=M dL=+ preo=B,emergencia,782,0.000000,0.3721,0.0847,2.10317,12.77518
c=A dc=0 h=A dh=0 L=M dL=0 preo=A,emergencia,781,0.000000,4.3628,0.9928,0.44864,1.06065
c=M dc=- h=B dh=+ L=B dL=+ preo=B,calma,781,0.000000,0.0296,0.0067,5.89651,15.10593
c=M dc=+ h=M dh=- L=B dL=0 preo=M,prop_rapida,780,0.000164,0.1514,0.0344,5.32501,11.47359
c=B dc=0 h=B dh=0 L=A dL=+ preo=A,calma,776,0.000027,0.8337,0.1897,1.92362,8.64650
c=A dc=- h=A dh=- L=A dL=0 preo=A,emergencia,773,0.000000,4.3060,0.9799,0.12239,1.30692
c=B dc=+ h=B dh=- L=B dL=+ preo=A,prop_lenta,772,0.000082,1.1992,0.2729,0.85626,7.76710
c=B dc=- h=B dh=- L=B dL=+ preo=B,calma,767,0.000027,0.0486,0.0111,5.13646,15.74875
c=B dc=0 h=B dh=- L=A dL=+ preo=M,calma,759,0.000000,0.0731,0.0166,5.21204,13.97809
c=B dc=0 h=A dh=+ L=M dL=+ preo=A,emergencia,753,0.000027,3.9077,0.8892,0.37353,2.57160
c=M dc=- h=M dh=+ L=B dL=- preo=B,calma,752,0.000000,0.0182,0.0041,6.63784,14.28234
c=B dc=0 h=A dh=- L=M dL=0 preo=M,emergencia,739,0.000055,0.4018,0.0914,3.68634,10.38128
c=B dc=- h=A dh=- L=M dL=- preo=B,emergencia,738,0.000055,0.0706,0.0161,5.73303,12.53701
c=B dc=0 h=A dh=0 L=A dL=+ preo=M,emergencia,731,0.000055,0.0985,0.0224,5.75880,11.20145
c=A dc=- h=A dh=- L=M dL=+ preo=A,emergencia,730,0.000000,4.2876,0.9757,1.96186,2.04257
c=B dc=+ h=M dh=+ L=B dL=+ preo=B,prop_lenta,729,0.000000,0.0363,0.0083,6.68888,13.19262
c=B dc=+ h=B dh=+ L=B dL=- preo=M,prop_lenta,729,0.000082,0.0577,0.0131,6.15315,12.68979
c=M dc=+ h=A dh=0 L=B dL=- preo=B,emergencia,728,0.000055,0.1509,0.0343,4.55699,11.76710
c=B dc=+ h=A dh=- L=M dL=0 preo=M,emergencia,727,0.000137,0.5453,0.1241,2.82148,10.10450
c=B dc=0 h=M dh=0 L=A dL=- preo=B,calma,726,0.000027,0.0527,0.0120,4.90035,15.77184
c=M dc=0 h=M dh=+ L=B dL=+ preo=B,calma,723,0.000000,0.6155,0.1401,1.31671,11.57150
c=B dc=0 h=A dh=0 L=A dL=+ preo=B,emergencia,719,0.000027,0.5428,0.1235,1.84752,11.65380
c=B dc=0 h=M dh=+ L=A dL=+ preo=M,calma,719,0.000000,0.4607,0.1048,2.78667,13.22360
c=M dc=- h=B dh=+ L=M dL=+ preo=A,calma,718,0.000164,0.6711,0.1527,4.21389,7.56333
c=M dc=+ h=M dh=0 L=A dL=+ preo=B,prop_rapida,718,0.000000,0.1744,0.0397,3.39795,13.09443
c=B dc=0 h=M dh=+ L=M dL=0 preo=M,calma,716,0.000000,0.0585,0.0133,5.61782,12.87358
c=B dc=- h=A dh=+ L=M dL=+ preo=A,emergencia,715,0.000082,3.8421,0.8743,0.90214,2.94511
c=A dc=0 h=A dh=0 L=B dL=+ preo=B,emergencia,709,0.000000,4.3611,0.9924,0.47727,1.17495
c=A dc=+ h=M dh=- L=B dL=+ preo=B,emergencia,706,0.000000,0.2264,0.0515,4.48220,10.88151
c=M dc=+ h=B dh=- L=M dL=- preo=M,prop_rapida,697,0.000000,0.0884,0.0201,5.84902,12.66383
c=B dc=- h=B dh=+ L=A dL=0 preo=M,calma,696,0.000000,0.1165,0.0265,5.00781,13.14180
c=A dc=- h=A dh=0 L=M dL=+ preo=A,emergencia,693,0.000000,4.3319,0.9858,0.86807,1.64486
c=A dc=- h=A dh=+ L=M dL=0 preo=A,emergencia,689,0.000000,4.3318,0.9857,1.29182,1.69632
c=B dc=0 h=A dh=+ L=M dL=- preo=B,emergencia,687,0.000027,0.0894,0.0203,5.05887,12.31850
c=M dc=+ h=A dh=- L=B dL=- preo=M,emergencia,680,0.000000,0.6426,0.1462,3.18694,8.50898
c=M dc=- h=M dh=+ L=M dL=+ preo=M,calma,680,0.000027,0.2845,0.0647,3.64101,10.48941
c=B dc=0 h=B dh=+ L=B dL=- preo=A,calma,680,0.000082,1.1438,0.2603,1.51132,8.06446
c=B dc=0 h=A dh=+ L=A dL=+ preo=B,emergencia,679,0.000000,0.3185,0.0725,4.17573,11.64591
c=B dc=0 h=B dh=- L=M dL=+ preo=M,calma,670,0.000000,0.0683,0.0156,4.71688,14.69014
c=M dc=0 h=B dh=+ L=A dL=- preo=B,calma,669,0.000000,0.0090,0.0020,7.80072,14.83427
c=B dc=0 h=M dh=+ L=B dL=- preo=M,calma,663,0.000027,0.4447,0.1012,3.52659,10.83355
c=M dc=- h=A dh=+ L=A dL=0 preo=M,emergencia,660,0.000055,2.4086,0.5481,1.35985,4.92944
c=M dc=- h=A dh=+ L=A dL=0 preo=B,emergencia,658,0.000000,1.6287,0.3706,0.69776,6.46546
c=A dc=0 h=B dh=0 L=M dL=- preo=A,emergencia,651,0.000000,4.3172,0.9824,0.39837,1.43305
c=M dc=- h=M dh=+ L=A dL=- preo=B,calma,648,0.000000,0.0569,0.0129,6.92900,13.48749
c=A dc=0 h=A dh=+ L=B dL=- preo=A,emergencia,646,0.000000,4.3446,0.9887,1.01967,1.50608
c=B dc=- h=B dh=0 L=M dL=- preo=M,calma,644,0.000082,0.0376,0.0086,6.73926,14.06661
c=B dc=- h=M dh=+ L=A dL=+ preo=A,calma,640,0.000329,1.4388,0.3274,3.15029,5.91293
c=B dc=0 h=B dh=+ L=B dL=+ preo=B,calma,638,0.000000,0.0139,0.0032,8.20816,15.81133
c=B dc=- h=B dh=0 L=A dL=0 preo=M,calma,637,0.000027,0.0575,0.0131,6.11873,13.54242
c=B dc=+ h=B dh=+ L=A dL=- preo=B,prop_lenta,625,0.000000,0.1485,0.0338,3.63928,14.15696
c=M dc=- h=B dh=- L=M dL=+ preo=M,calma,625,0.000055,0.1399,0.0318,4.40328,11.59989
c=A dc=- h=A dh=0 L=M dL=- preo=A,emergencia,617,0.000000,4.3131,0.9815,1.21985,1.84628
c=B dc=0 h=B dh=0 L=B dL=+ preo=B,calma,611,0.000000,0.0119,0.0027,8.41791,16.06669
c=A dc=- h=M dh=0 L=A dL=+ preo=M,emergencia,609,0.000000,0.2581,0.0587,4.21744,9.23796
c=B dc=- h=A dh=- L=M dL=0 preo=M,emergencia,607,0.000000,0.1112,0.0253,5.48900,11.18475
c=M dc=0 h=B dh=- L=M dL=+ preo=M,calma,603,0.000027,0.0259,0.0059,6.39820,13.45469
c=B dc=+ h=M dh=- L=M dL=+ preo=M,prop_lenta,602,0.000027,0.1083,0.0246,5.51932,11.57891
c=M dc=0 h=M dh=0 L=M dL=- preo=M,calma,600,0.000000,0.0454,0.0103,6.66656,12.71652
c=B dc=- h=M dh=0 L=A dL=- preo=M,calma,598,0.000055,0.3321,0.0756,2.61473,12.76403
c=M dc=+ h=M dh=- L=B dL=0 preo=B,prop_rapida,597,0.000000,0.0189,0.0043,7.46088,14.68195
c=B dc=0 h=M dh=0 L=A dL=+ preo=M,calma,596,0.000000,0.1340,0.0305,4.90372,12.13037
c=A dc=0 h=A dh=0 L=M dL=0 preo=B,emergencia,594,0.000000,4.2746,0.9727,1.31250,2.03641
c=B dc=0 h=A dh=- L=M dL=+ preo=M,emergencia,590,0.000027,0.2271,0.0517,4.77934,10.53408
c=A dc=- h=A dh=+ L=B dL=+ preo=A,emergencia,589,0.000000,4.3531,0.9906,1.21034,1.47758
c=B dc=0 h=A dh=0 L=M dL=- preo=B,emergencia,587,0.000000,0.1258,0.0286,5.75960,11.73195
c=M dc=0 h=M dh=- L=M dL=+ preo=M,calma,586,0.000027,0.0135,0.0031,7.66659,12.91255
c=M dc=- h=M dh=+ L=A dL=+ preo=A,calma,584,0.000082,3.1476,0.7163,2.07728,4.09418
c=B dc=+ h=B dh=0 L=B dL=- preo=A,prop_lenta,584,0.000082,1.2950,0.2947,1.70487,8.03895
c=B dc=+ h=B dh=0 L=M dL=0 preo=B,prop_lenta,583,0.000000,0.0787,0.0179,4.65863,14.04277
c=B dc=- h=B dh=+ L=M dL=+ preo=A,calma,581,0.000192,0.5481,0.1247,3.44844,8.16165
c=M dc=0 h=B dh=+ L=B dL=- preo=M,calma,576,0.000082,0.0831,0.0189,4.66673,11.07249
c=B dc=0 h=M dh=0 L=M dL=0 preo=M,calma,568,0.000027,0.3020,0.0687,2.89417,12.22263
c=A dc=0 h=B dh=0 L=M dL=- preo=B,emergencia,564,0.000000,0.0146,0.0033,7.54583,12.54439
c=B dc=0 h=A dh=+ L=M dL=+ preo=B,emergencia,564,0.000000,0.2182,0.0497,3.28478,12.66653
c=B dc=+ h=B dh=+ L=B dL=0 preo=A,prop_lenta,564,0.000164,0.3699,0.0842,3.41862,8.70775
c=B dc=+ h=A dh=+ L=M dL=+ preo=A,emergencia,561,0.000055,3.8240,0.8702,0.79752,2.78094
c=B dc=+ h=M dh=0 L=B dL=0 preo=B,prop_lenta,560,0.000000,0.0483,0.0110,6.40060,12.68555
c=B dc=- h=B dh=- L=M dL=0 preo=M,calma,559,0.000055,0.3928,0.0894,2.34432,13.26531
c=M dc=- h=B dh=+ L=A dL=- preo=A,calma,558,0.000219,0.9081,0.2067,3.57472,6.76071
c=B dc=+ h=A dh=+ L=M dL=- preo=B,emergencia,556,0.000027,0.2690,0.0612,3.70801,11.89371
c=B dc=0 h=B dh=0 L=M dL=+ preo=A,calma,555,0.000000,0.6385,0.1453,2.24291,8.78739
c=M dc=0 h=M dh=0 L=B dL=- preo=M,calma,554,0.000000,0.0733,0.0167,5.92895,10.85517
c=M dc=+ h=M dh=0 L=M dL=- preo=M,prop_rapida,554,0.000027,0.0763,0.0174,5.52028,12.24992
c=B dc=- h=M dh=+ L=M dL=+ preo=M,calma,550,0.000055,0.3647,0.0830,2.40563,12.74522
c=A dc=0 h=A dh=0 L=B dL=0 preo=B,emergencia,548,0.000000,4.3596,0.9921,0.26834,1.07614
c=A dc=- h=A dh=0 L=B dL=- preo=A,emergencia,545,0.000000,4.3145,0.9818,1.56429,1.85329
c=M dc=0 h=B dh=+ L=B dL=- preo=A,calma,544,0.000192,0.9617,0.2188,3.21194,6.58149
c=M dc=0 h=B dh=- L=A dL=- preo=B,calma,542,0.000027,0.0243,0.0055,7.56088,14.26500
c=A dc=0 h=B dh=+ L=A dL=+ preo=B,emergencia,541,0.000000,0.0876,0.0199,6.19457,12.54144
c=M dc=- h=A dh=- L=M dL=+ preo=A,emergencia,541,0.000000,2.9397,0.6690,2.78579,4.28505
c=A dc=+ h=M dh=0 L=B dL=+ preo=B,emergencia,540,0.000000,1.0098,0.2298,2.11590,8.71950
c=B dc=+ h=A dh=- L=M dL=+ preo=B,emergencia,538,0.000000,0.2186,0.0497,3.61879,11.61805
c=A dc=- h=A dh=0 L=A dL=0 preo=B,emergencia,537,0.000000,4.3698,0.9944,0.00125,0.69651
c=A dc=- h=A dh=0 L=A dL=- preo=B,emergencia,532,0.000000,4.3617,0.9926,0.88474,1.17816
c=M dc=- h=A dh=- L=A dL=+ preo=B,emergencia,532,0.000000,0.4052,0.0922,3.17423,8.54948
c=A dc=+ h=B dh=0 L=B dL=0 preo=B,emergencia,532,0.000000,0.3505,0.0798,3.67206,10.96214
c=B dc=+ h=A dh=0 L=B dL=- preo=M,emergencia,532,0.000000,0.1468,0.0334,4.05376,11.42751
c=A dc=- h=M dh=+ L=A dL=- preo=B,emergencia,531,0.000000,2.7772,0.6320,3.37539,4.44952
c=B dc=0 h=A dh=- L=A dL=0 preo=M,emergencia,530,0.000027,0.1049,0.0239,4.66088,11.73926
c=M dc=+ h=B dh=- L=M dL=+ preo=M,prop_rapida,528,0.000000,0.1910,0.0435,4.33548,10.41229
c=M dc=- h=A dh=+ L=A dL=- preo=B,emergencia,524,0.000000,1.3300,0.3026,1.98401,7.26704
c=B dc=+ h=B dh=- L=B dL=+ preo=M,prop_lenta,509,0.000000,0.1093,0.0249,5.40459,12.18954
c=M dc=- h=A dh=+ L=A dL=- preo=M,emergencia,505,0.000027,3.4958,0.7955,1.62298,3.66857
c=B dc=0 h=M dh=+ L=B dL=0 preo=B,calma,501,0.000027,0.0217,0.0049,7.66440,15.08529
c=B dc=0 h=B dh=+ L=B dL=0 preo=B,calma,500,0.000000,0.0094,0.0021,6.84994,17.39140
c=B dc=0 h=M dh=0 L=B dL=- preo=M,calma,495,0.000027,0.0769,0.0175,6.00761,12.63622
c=M dc=0 h=B dh=- L=M dL=- preo=M,calma,492,0.000055,0.4333,0.0986,2.70995,11.21598
c=B dc=0 h=A dh=0 L=M dL=+ preo=B,emergencia,484,0.000000,0.1102,0.0251,5.14658,11.95111
c=A dc=0 h=M dh=+ L=A dL=+ preo=B,emergencia,480,0.000000,0.0770,0.0175,6.23993,11.07716
c=A dc=0 h=B dh=0 L=B dL=+ preo=B,emergencia,479,0.000000,0.6729,0.1531,3.47508,9.36068
c=M dc=+ h=M dh=+ L=B dL=- preo=A,prop_rapida,479,0.000164,2.4358,0.5543,1.73938,4.84668
c=A dc=0 h=B dh=+ L=B dL=- preo=B,emergencia,477,0.000027,0.0325,0.0074,7.15789,12.52107
c=B dc=+ h=M dh=0 L=B dL=+ preo=B,prop_lenta,476,0.000000,0.0972,0.0221,5.61826,12.46362
c=B dc=- h=A dh=+ L=M dL=+ preo=M,emergencia,472,0.000000,0.6699,0.1525,3.33761,8.54770
c=M dc=- h=B dh=0 L=B dL=+ preo=B,calma,472,0.000000,0.3893,0.0886,2.82201,12.77246
c=B dc=- h=M dh=- L=B dL=- preo=A,calma,471,0.000000,0.1452,0.0330,4.83509,10.67442
c=A dc=- h=A dh=+ L=B dL=0 preo=A,emergencia,471,0.000000,4.3530,0.9906,1.30009,1.46134
c=M dc=- h=A dh=+ L=M dL=- preo=A,emergencia,468,0.000000,4.1439,0.9430,1.19859,2.49628
c=B dc=0 h=A dh=- L=A dL=- preo=M,emergencia,465,0.000000,0.0997,0.0227,4.91751,10.91559
c=B dc=+ h=B dh=0 L=B dL=- preo=M,prop_lenta,461,0.000000,0.0804,0.0183,5.09901,11.80326
c=B dc=0 h=M dh=- L=A dL=0 preo=B,calma,457,0.000055,0.0279,0.0063,6.91217,14.63212
c=B dc=0 h=B dh=- L=A dL=0 preo=B,calma,457,0.000000,0.0074,0.0017,8.54037,16.14849
c=B dc=+ h=A dh=- L=A dL=- preo=M,emergencia,457,0.000000,0.0480,0.0109,6.60839,11.46693
c=B dc=- h=A dh=+ L=M dL=0 preo=A,emergencia,456,0.000110,3.7808,0.8603,1.14425,3.08911
c=M dc=- h=A dh=+ L=M dL=- preo=M,emergencia,453,0.000027,1.2370,0.2815,1.76423,6.75181
c=M dc=+ h=A dh=- L=M dL=- preo=A,emergencia,452,0.000000,3.4032,0.7744,1.62856,3.78430
c=B dc=- h=B dh=0 L=A dL=- preo=M,calma,451,0.000027,0.0461,0.0105,6.42659,13.20810
c=M dc=+ h=M dh=0 L=B dL=0 preo=B,prop_rapida,450,0.000000,0.0814,0.0185,4.51116,13.68674
c=M dc=0 h=M dh=+ L=M dL=+ preo=M,calma,450,0.000000,0.0486,0.0111,6.64847,11.57331
c=B dc=0 h=M dh=- L=B dL=0 preo=B,calma,449,0.000000,0.0768,0.0175,4.56454,14.99711
c=M dc=- h=A dh=+ L=M dL=+ preo=M,emergencia,449,0.000000,0.1146,0.0261,5.04269,9.61942
c=M dc=+ h=A dh=0 L=B dL=- preo=M,emergencia,448,0.000000,0.2210,0.0503,4.80175,9.59614
c=A dc=+ h=M dh=+ L=M dL=+ preo=B,emergencia,447,0.000000,0.1791,0.0408,5.16901,11.67230
c=B dc=+ h=M dh=- L=A dL=+ preo=A,prop_lenta,445,0.000000,0.5744,0.1307,3.02128,10.35267
c=M dc=0 h=B dh=+ L=M dL=+ preo=A,calma,445,0.000164,1.0183,0.2317,3.78258,6.18930
c=B dc=0 h=M dh=+ L=B dL=+ preo=B,calma,445,0.000000,0.0345,0.0079,7.00937,14.52741
c=M dc=- h=M dh=- L=B dL=- preo=B,calma,443,0.000000,0.0449,0.0102,6.11365,12.67620
c=B dc=- h=B dh=+ L=A dL=- preo=M,calma,440,0.000000,0.1244,0.0283,3.97507,14.71470
c=M dc=0 h=A dh=+ L=B dL=- preo=M,emergencia,438,0.000000,1.0168,0.2314,3.23122,6.52494
c=M dc=0 h=M dh=- L=B dL=+ preo=B,calma,436,0.000000,0.0135,0.0031,7.47263,14.84704
c=B dc=+ h=B dh=- L=M dL=+ preo=A,prop_lenta,436,0.000027,0.7655,0.1742,2.80325,8.41037
c=M dc=- h=A dh=- L=M dL=- preo=A,emergencia,435,0.000000,3.3219,0.7559,3.85763,3.90853
c=M dc=0 h=M dh=- L=A dL=+ preo=M,calma,433,0.000000,0.0205,0.0047,7.14039,12.79708
c=B dc=0 h=A dh=- L=B dL=0 preo=A,emergencia,433,0.000000,2.8067,0.6387,2.04374,4.45004
c=M dc=0 h=A dh=- L=B dL=- preo=A,emergencia,431,0.000000,2.7582,0.6277,3.10515,4.44979
c=M dc=- h=M dh=0 L=B dL=- preo=B,calma,430,0.000000,0.3198,0.0728,2.32819,13.56952
c=A dc=- h=B dh=+ L=B dL=- preo=A,emergencia,430,0.000000,4.3623,0.9927,0.87213,1.27225
c=M dc=+ h=B dh=- L=B dL=- preo=A,prop_rapida,427,0.000027,0.7439,0.1693,1.93913,7.51870
c=A dc=- h=B dh=+ L=M dL=- preo=A,emergencia,427,0.000000,4.1390,0.9419,1.73037,2.59756
c=B dc=0 h=A dh=- L=M dL=+ preo=B,emergencia,427,0.000000,0.0730,0.0166,5.29819,12.20024
c=B dc=0 h=B dh=0 L=M dL=- preo=M,calma,426,0.000082,0.2886,0.0657,2.47020,14.41292
c=B dc=+ h=B dh=- L=M dL=+ preo=M,prop_lenta,426,0.000000,0.1879,0.0428,3.88941,12.85928
c=B dc=0 h=A dh=+ L=B dL=- preo=B,emergencia,425,0.000027,0.0076,0.0017,7.96576,14.20759
c=B dc=0 h=M dh=- L=B dL=+ preo=B,calma,420,0.000000,0.0264,0.0060,7.07966,14.77187
c=M dc=- h=B dh=+ L=B dL=- preo=B,calma,419,0.000000,0.1079,0.0246,4.11612,14.14874
c=B dc=+ h=M dh=- L=A dL=- preo=B,prop_lenta,419,0.000000,0.0305,0.0069,7.20001,14.02031
c=M dc=- h=M dh=0 L=M dL=+ preo=M,calma,417,0.000000,0.0210,0.0048,6.55004,12.50111
c=B dc=- h=A dh=- L=A dL=- preo=M,emergencia,416,0.000000,0.3317,0.0755,3.60632,9.83571
c=M dc=- h=M dh=0 L=M dL=- preo=B,calma,413,0.000000,0.1157,0.0263,5.44920,12.63210
c=B dc=- h=M dh=- L=M dL=- preo=A,calma,412,0.000000,0.9606,0.2186,1.02923,9.16571
c=B dc=- h=M dh=0 L=M dL=+ preo=M,calma,411,0.000055,0.0020,0.0005,8.93483,14.36162
c=B dc=0 h=B dh=- L=M dL=0 preo=M,calma,411,0.000000,0.0077,0.0018,7.76977,15.46891
c=B dc=- h=B dh=+ L=B dL=+ preo=B,calma,410,0.000000,0.0288,0.0066,7.36381,14.63293
c=A dc=+ h=A dh=- L=B dL=- preo=B,emergencia,408,0.000000,3.2986,0.7506,3.87268,3.93411
c=M dc=+ h=M dh=- L=B dL=- preo=A,prop_rapida,408,0.000027,0.0368,0.0084,6.09259,11.07570
c=A dc=0 h=M dh=0 L=A dL=+ preo=B,emergencia,407,0.000000,2.3570,0.5364,2.65113,4.84373
c=B dc=+ h=A dh=- L=M dL=+ preo=M,emergencia,402,0.000082,0.2088,0.0475,4.27871,10.29551
c=M dc=+ h=A dh=+ L=M dL=- preo=M,emergencia,402,0.000027,0.0711,0.0162,5.80317,10.10049
c=B dc=0 h=B dh=+ L=M dL=- preo=M,calma,393,0.000000,0.0827,0.0188,5.07908,13.53442
c=M dc=- h=B dh=- L=A dL=0 preo=M,calma,392,0.000000,0.0572,0.0130,5.53301,11.78423
c=M dc=+ h=B dh=- L=M dL=0 preo=B,prop_rapida,391,0.000000,0.0281,0.0064,5.57822,16.01651
c=M dc=- h=B dh=- L=M dL=0 preo=B,calma,391,0.000000,0.0140,0.0032,7.68218,14.67389
c=B dc=0 h=A dh=- L=B dL=+ preo=A,emergencia,389,0.000000,3.0442,0.6927,2.00050,4.18284
c=B dc=+ h=A dh=0 L=M dL=- preo=B,emergencia,387,0.000000,0.0506,0.0115,6.06204,13.09716
c=B dc=- h=A dh=0 L=M dL=0 preo=A,emergencia,386,0.000000,3.2629,0.7425,0.38088,3.71239
c=A dc=- h=B dh=+ L=M dL=+ preo=A,emergencia,386,0.000000,4.3364,0.9868,1.50681,1.64270
c=M dc=- h=M dh=+ L=B dL=- preo=M,calma,385,0.000000,0.0689,0.0157,5.71454,10.98956
c=A dc=- h=B dh=- L=M dL=+ preo=B,emergencia,384,0.000000,0.0223,0.0051,7.00869,13.04523
c=A dc=+ h=M dh=+ L=B dL=- preo=A,emergencia,384,0.000027,4.0489,0.9214,2.45720,2.85029
c=A dc=0 h=A dh=+ L=B dL=- preo=B,emergencia,384,0.000000,4.3327,0.9859,1.49871,1.69239
c=M dc=- h=A dh=- L=A dL=+ preo=M,emergencia,382,0.000000,1.7023,0.3874,0.78750,6.70875
c=A dc=0 h=B dh=- L=B dL=+ preo=B,emergencia,379,0.000000,0.5014,0.1141,2.59543,12.53741
c=M dc=+ h=A dh=+ L=M dL=- preo=A,emergencia,377,0.000027,4.1878,0.9530,0.90317,2.25298
c=B dc=0 h=A dh=0 L=M dL=0 preo=A,emergencia,375,0.000000,3.5107,0.7989,1.51622,3.59806
c=B dc=0 h=B dh=0 L=M dL=- preo=A,calma,373,0.000000,0.4727,0.1076,2.54174,8.74769
c=B dc=+ h=M dh=+ L=A dL=- preo=B,prop_lenta,371,0.000000,0.0123,0.0028,7.36733,14.48140
c=B dc=0 h=B dh=- L=M dL=+ preo=A,calma,371,0.000000,0.3239,0.0737,3.58428,9.54241
c=A dc=0 h=A dh=0 L=A dL=0 preo=A,emergencia,371,0.000000,4.3666,0.9937,0.50711,0.84376
c=M dc=0 h=B dh=0 L=B dL=- preo=M,calma,370,0.000000,0.1637,0.0373,4.61731,10.53213
c=B dc=+ h=M dh=+ L=B dL=- preo=A,prop_lenta,369,0.000055,1.3877,0.3158,2.83811,6.05239
c=B dc=+ h=A dh=- L=B dL=+ preo=A,emergencia,368,0.000000,2.6966,0.6136,2.66698,4.51971
c=B dc=0 h=M dh=- L=A dL=0 preo=M,calma,367,0.000000,0.0100,0.0023,7.45009,13.45152
c=B dc=- h=A dh=0 L=M dL=+ preo=A,emergencia,366,0.000000,3.5818,0.8151,0.63941,3.37526
c=B dc=0 h=B dh=0 L=B dL=0 preo=B,calma,365,0.000247,0.0035,0.0008,9.13917,16.32880
c=M dc=0 h=M dh=0 L=B dL=+ preo=B,calma,365,0.000000,0.0125,0.0029,7.60333,14.44981
c=M dc=0 h=B dh=+ L=A dL=0 preo=B,calma,361,0.000027,0.0037,0.0008,9.21755,14.95525
c=M dc=0 h=B dh=- L=M dL=0 preo=B,calma,360,0.000000,0.0067,0.0015,8.05524,15.56048
c=M dc=0 h=M dh=+ L=A dL=- preo=B,calma,358,0.000000,0.0146,0.0033,7.98299,14.88326
c=M dc=+ h=B dh=- L=B dL=+ preo=M,prop_rapida,358,0.000000,0.0214,0.0049,7.09389,12.81401
c=M dc=- h=B dh=+ L=A dL=0 preo=M,calma,357,0.000000,0.1187,0.0270,5.08145,11.34898
c=A dc=0 h=B dh=0 L=B dL=+ preo=A,emergencia,357,0.000000,4.3600,0.9921,0.62194,1.07252
c=M dc=- h=M dh=- L=M dL=- preo=B,calma,356,0.000000,0.0854,0.0194,4.94532,12.57386
c=A dc=- h=A dh=+ L=B dL=+ preo=B,emergencia,356,0.000000,4.3643,0.9931,1.14963,1.30080
c=A dc=0 h=B dh=+ L=B dL=+ preo=B,emergencia,355,0.000027,0.1441,0.0328,3.55478,13.24234
c=B dc=+ h=B dh=0 L=A dL=- preo=B,prop_lenta,350,0.000000,0.0375,0.0085,7.25781,14.03401
c=M dc=0 h=A dh=+ L=B dL=- preo=A,emergencia,347,0.000000,4.1510,0.9446,1.06723,2.37718
c=M dc=- h=A dh=0 L=A dL=+ preo=M,emergencia,347,0.000000,0.7933,0.1805,1.83431,7.99889
c=M dc=- h=A dh=+ L=M dL=+ preo=A,emergencia,347,0.000000,4.0942,0.9317,0.24615,2.32123
c=B dc=- h=A dh=+ L=A dL=- preo=B,emergencia,340,0.000027,0.0645,0.0147,4.97706,12.36022
c=A dc=- h=A dh=0 L=A dL=0 preo=M,emergencia,339,0.000000,4.3791,0.9965,0.53012,0.79344
c=M dc=0 h=A dh=+ L=M dL=- preo=M,emergencia,336,0.000000,0.3446,0.0784,4.30012,7.91860
c=A dc=- h=A dh=- L=A dL=0 preo=B,emergencia,336,0.000000,4.1216,0.9379,1.43973,2.61941
c=B dc=+ h=M dh=+ L=M dL=0 preo=M,prop_lenta,335,0.000000,0.0204,0.0046,7.24977,12.20601
c=M dc=- h=B dh=+ L=M dL=0 preo=B,calma,335,0.000000,0.0383,0.0087,5.17274,16.01902
c=A dc=0 h=A dh=0 L=A dL=- preo=A,emergencia,335,0.000000,4.3666,0.9937,0.59448,0.96463
c=M dc=- h=M dh=+ L=A dL=0 preo=M,calma,334,0.000000,0.2341,0.0533,4.61670,10.67321
c=B dc=0 h=B dh=+ L=A dL=0 preo=B,calma,333,0.000000,0.0078,0.0018,8.33223,15.95888
c=A dc=- h=A dh=+ L=M dL=- preo=M,emergencia,332,0.000082,4.3378,0.9871,1.17846,1.63072
c=B dc=+ h=A dh=0 L=A dL=+ preo=M,emergencia,331,0.000027,0.0639,0.0145,5.28449,11.60209
c=B dc=+ h=A dh=+ L=A dL=+ preo=M,emergencia,331,0.000000,0.0864,0.0197,5.49403,10.64832
c=M dc=+ h=M dh=- L=M dL=+ preo=M,prop_rapida,330,0.000027,0.0200,0.0046,6.56803,12.15252
c=M dc=0 h=A dh=0 L=B dL=- preo=A,emergencia,329,0.000000,3.8361,0.8729,1.66335,3.19892
c=M dc=0 h=A dh=- L=M dL=- preo=A,emergencia,328,0.000000,3.3479,0.7619,2.48449,3.88087
c=A dc=0 h=A dh=0 L=B dL=- preo=M,emergencia,326,0.000000,4.3746,0.9955,0.33876,0.66477
c=M dc=0 h=M dh=+ L=A dL=+ preo=M,calma,325,0.000000,0.3443,0.0783,3.74397,9.60570
c=A dc=- h=A dh=- L=M dL=- preo=A,emergencia,324,0.000000,4.3708,0.9946,0.88765,1.06330
c=A dc=- h=A dh=0 L=M dL=0 preo=A,emergencia,323,0.000000,4.3277,0.9848,1.45420,1.74534
c=M dc=+ h=A dh=- L=M dL=+ preo=A,emergencia,322,0.000000,3.0325,0.6901,2.04168,4.20383
c=A dc=0 h=A dh=- L=B dL=- preo=A,emergencia,319,0.000000,4.3296,0.9852,1.58250,1.70381
c=B dc=- h=A dh=+ L=A dL=0 preo=M,emergencia,317,0.000000,0.1768,0.0402,5.15944,9.90751
c=M dc=- h=B dh=- L=B dL=- preo=M,calma,317,0.000000,0.0332,0.0075,5.55272,13.08597
c=A dc=0 h=M dh=- L=A dL=+ preo=B,emergencia,315,0.000000,0.0831,0.0189,5.21603,11.52172
c=B dc=- h=M dh=+ L=B dL=- preo=M,calma,314,0.000000,0.0058,0.0013,7.57188,14.18557
c=B dc=0 h=M dh=0 L=B dL=+ preo=B,calma,314,0.000000,0.0071,0.0016,8.84306,16.14905
c=A dc=+ h=M dh=+ L=B dL=0 preo=B,emergencia,313,0.000000,0.1807,0.0411,4.38792,9.76047
c=B dc=- h=A dh=- L=A dL=- preo=B,emergencia,313,0.000000,0.1705,0.0388,4.35593,11.05938
c=B dc=0 h=M dh=0 L=B dL=0 preo=B,calma,313,0.000000,0.0982,0.0224,4.31393,16.03579
c=B dc=- h=B dh=- L=B dL=- preo=M,calma,311,0.000000,0.0429,0.0098,5.59275,13.09139
c=B dc=- h=A dh=- L=B dL=+ preo=A,emergencia,308,0.000000,2.9059,0.6613,4.26497,4.30994
c=B dc=- h=B dh=0 L=M dL=+ preo=M,calma,308,0.000000,0.0658,0.0150,5.58287,13.38572
c=B dc=+ h=A dh=+ L=A dL=- preo=A,emergencia,307,0.000000,3.7353,0.8500,1.61360,3.33133
c=B dc=0 h=B dh=- L=A dL=+ preo=A,calma,305,0.000000,0.0188,0.0043,7.12139,11.75150
c=M dc=0 h=B dh=- L=A dL=0 preo=B,calma,305,0.000000,0.0281,0.0064,6.75821,13.96620
c=M dc=+ h=M dh=+ L=M dL=0 preo=B,prop_rapida,304,0.000000,0.1502,0.0342,3.37360,14.11000
c=B dc=+ h=B dh=+ L=B dL=+ preo=A,prop_lenta,303,0.000301,0.6179,0.1406,2.40108,8.23330
c=B dc=0 h=A dh=+ L=B dL=- preo=M,emergencia,302,0.000055,0.0831,0.0189,5.59324,10.79128
c=B dc=+ h=A dh=0 L=A dL=- preo=A,emergencia,302,0.000000,3.2497,0.7395,2.09910,3.98303
c=B dc=+ h=A dh=0 L=M dL=+ preo=A,emergencia,302,0.000000,3.4948,0.7953,1.52798,3.65782
c=B dc=- h=B dh=0 L=A dL=+ preo=A,calma,301,0.000055,0.3201,0.0728,3.72545,8.31405
c=B dc=- h=A dh=0 L=M dL=+ preo=M,emergencia,301,0.000000,0.3724,0.0847,3.69145,9.41547
c=B dc=- h=B dh=- L=B dL=0 preo=B,calma,299,0.000027,0.0113,0.0026,6.77291,16.59559
c=M dc=0 h=B dh=0 L=A dL=- preo=B,calma,299,0.000000,0.0012,0.0003,9.84544,16.06987
c=M dc=0 h=M dh=+ L=M dL=0 preo=B,calma,297,0.000000,0.0232,0.0053,6.91520,13.90643
c=M dc=+ h=B dh=+ L=M dL=- preo=M,prop_rapida,297,0.000000,0.1544,0.0351,4.12657,11.16257
c=A dc=- h=A dh=0 L=A dL=+ preo=M,emergencia,297,0.000000,4.2483,0.9668,1.84962,2.11889
c=A dc=0 h=A dh=0 L=A dL=0 preo=B,emergencia,296,0.000000,4.1706,0.9491,2.00398,2.48426
c=M dc=0 h=A dh=- L=M dL=+ preo=A,emergencia,295,0.000000,3.0283,0.6891,3.22975,4.20016
c=B dc=- h=B dh=+ L=M dL=+ preo=M,calma,295,0.000055,0.0101,0.0023,7.58804,14.90687
c=A dc=0 h=B dh=0 L=M dL=0 preo=A,emergencia,294,0.000000,4.3147,0.9819,0.27892,1.45057
c=M dc=+ h=M dh=+ L=B dL=0 preo=M,prop_rapida,294,0.000000,0.0175,0.0040,7.03770,12.54216
c=A dc=- h=A dh=+ L=M dL=0 preo=B,emergencia,292,0.000000,4.3775,0.9961,0.88805,1.01539
c=A dc=- h=A dh=- L=B dL=- preo=A,emergencia,290,0.000000,4.3640,0.9931,1.03198,1.19864
c=B dc=0 h=M dh=- L=M dL=- preo=A,calma,290,0.000000,0.0449,0.0102,5.65043,11.16867
c=B dc=- h=B dh=- L=M dL=+ preo=A,calma,288,0.000000,0.0453,0.0103,6.61767,11.35546
c=A dc=0 h=B dh=0 L=B dL=0 preo=A,emergencia,287,0.001041,4.3561,0.9913,0.19949,1.06190
c=A dc=- h=A dh=- L=A dL=- preo=B,emergencia,286,0.000000,4.3280,0.9849,0.55400,1.51762
c=M dc=- h=M dh=- L=B dL=- preo=M,calma,284,0.000027,0.1172,0.0267,4.70855,10.16300
c=M dc=- h=B dh=- L=A dL=- preo=M,calma,278,0.000000,0.0451,0.0103,5.89926,13.27274
c=A dc=- h=A dh=0 L=A dL=- preo=M,emergencia,278,0.000000,4.3715,0.9948,0.60774,0.96109
c=A dc=- h=B dh=+ L=B dL=- preo=B,emergencia,277,0.000000,0.1002,0.0228,5.18936,9.55993
c=B dc=- h=A dh=- L=A dL=0 preo=B,emergencia,275,0.000000,0.1480,0.0337,4.35314,11.54894
c=B dc=+ h=M dh=0 L=M dL=0 preo=M,prop_lenta,275,0.000027,0.0124,0.0028,7.44535,12.16055
c=M dc=- h=A dh=- L=M dL=+ preo=M,emergencia,274,0.000000,0.3537,0.0805,3.73891,8.27763
c=A dc=- h=A dh=- L=B dL=+ preo=A,emergencia,272,0.000000,4.3868,0.9983,0.24663,0.40065
c=A dc=+ h=A dh=- L=B dL=+ preo=A,emergencia,270,0.000000,4.3810,0.9969,0.49817,0.66198
c=M dc=+ h=B dh=0 L=M dL=- preo=M,prop_rapida,269,0.000000,0.0679,0.0155,6.00891,12.38338
c=B dc=+ h=M dh=- L=M dL=- preo=A,prop_lenta,266,0.000000,0.1680,0.0382,5.44868,9.55036
c=M dc=+ h=A dh=0 L=M dL=- preo=A,emergencia,266,0.000000,3.8696,0.8806,1.95112,3.16716
c=B dc=+ h=M dh=- L=A dL=0 preo=B,prop_lenta,262,0.000000,0.0214,0.0049,6.41852,14.19017
c=B dc=+ h=A dh=+ L=M dL=+ preo=B,emergencia,260,0.000000,0.0241,0.0055,6.83165,12.40776
c=M dc=- h=M dh=+ L=B dL=+ preo=B,calma,259,0.000000,0.0180,0.0041,7.68693,14.45592
c=B dc=+ h=A dh=0 L=A dL=+ preo=A,emergencia,258,0.000000,2.6067,0.5932,1.27229,4.58832
c=A dc=+ h=A dh=- L=B dL=0 preo=A,emergencia,257,0.000000,4.3781,0.9963,0.71192,0.85668
c=A dc=- h=A dh=0 L=B dL=+ preo=A,emergencia,257,0.000000,4.3491,0.9897,1.34491,1.50658
c=B dc=0 h=A dh=+ L=M dL=0 preo=A,emergencia,257,0.000027,3.9758,0.9047,0.70554,2.68607
c=B dc=0 h=B dh=- L=B dL=0 preo=A,calma,256,0.000000,0.1675,0.0381,4.26521,10.34585
c=M dc=+ h=M dh=- L=M dL=0 preo=B,prop_rapida,256,0.000000,0.0231,0.0053,6.82375,13.91677
c=M dc=0 h=A dh=+ L=M dL=- preo=A,emergencia,256,0.000000,4.0739,0.9270,1.36890,2.70097
c=M dc=0 h=B dh=- L=A dL=+ preo=M,calma,255,0.000000,0.0770,0.0175,4.89666,11.52596
c=A dc=- h=M dh=+ L=A dL=0 preo=A,emergencia,255,0.000055,4.3711,0.9947,0.63453,0.92555
c=B dc=- h=B dh=+ L=B dL=- preo=A,calma,254,0.000082,0.6146,0.1399,2.44435,7.98036
c=A dc=0 h=B dh=0 L=M dL=0 preo=B,emergencia,254,0.000000,0.0673,0.0153,5.36683,10.85386
c=A dc=0 h=B dh=0 L=B dL=0 preo=B,emergencia,254,0.000575,0.0496,0.0113,5.33999,10.81065
c=B dc=0 h=A dh=- L=A dL=0 preo=B,emergencia,253,0.000000,0.0978,0.0222,5.32310,12.30769
c=M dc=- h=B dh=+ L=M dL=+ preo=M,calma,251,0.000055,0.3792,0.0863,3.18762,10.53841
c=B dc=- h=A dh=+ L=A dL=- preo=M,emergencia,250,0.000000,0.1499,0.0341,5.09831,10.17967
c=B dc=- h=A dh=0 L=M dL=- preo=B,emergencia,250,0.000000,0.0262,0.0060,6.96619,12.85444
c=B dc=- h=B dh=0 L=B dL=+ preo=B,calma,250,0.000000,0.3303,0.0752,2.19785,16.30242
c=A dc=- h=M dh=+ L=M dL=- preo=B,emergencia,248,0.000000,2.9612,0.6738,2.68616,4.27140
c=B dc=- h=B dh=- L=B dL=- preo=A,calma,248,0.000000,0.3444,0.0784,3.25545,9.56495
c=B dc=- h=A dh=+ L=M dL=0 preo=M,emergencia,248,0.000000,0.1297,0.0295,3.82393,11.58081
c=A dc=0 h=B dh=+ L=B dL=- preo=M,emergencia,247,0.000027,0.6761,0.1539,3.68620,6.85875
c=M dc=- h=B dh=0 L=B dL=- preo=B,calma,247,0.000000,0.0031,0.0007,8.35346,15.75382
c=B dc=0 h=M dh=+ L=A dL=0 preo=B,calma,247,0.000000,0.0256,0.0058,7.25495,14.69405
c=M dc=- h=M dh=0 L=A dL=0 preo=B,calma,246,0.000000,0.0062,0.0014,7.58938,15.01163
c=M dc=- h=B dh=0 L=A dL=0 preo=M,calma,246,0.000000,0.0208,0.0047,7.09697,12.32671
c=A dc=- h=M dh=0 L=A dL=+ preo=B,emergencia,246,0.000000,0.0259,0.0059,6.72069,11.00681
c=A dc=0 h=A dh=+ L=M dL=- preo=A,emergencia,245,0.000000,4.3393,0.9874,1.37165,1.58051
c=M dc=+ h=M dh=+ L=M dL=+ preo=M,prop_rapida,245,0.000000,0.0837,0.0190,4.80447,10.61493
c=A dc=- h=M dh=- L=A dL=+ preo=B,emergencia,244,0.000000,0.0217,0.0049,6.35058,11.82843
c=M dc=- h=A dh=- L=M dL=0 preo=A,emergencia,244,0.000000,2.8328,0.6446,2.28129,4.38500
c=B dc=0 h=B dh=+ L=B dL=- preo=M,calma,244,0.000027,0.0055,0.0012,8.06486,15.26638
c=A dc=0 h=M dh=+ L=M dL=+ preo=B,emergencia,243,0.000000,0.0167,0.0038,7.15451,12.07991
c=M dc=+ h=B dh=+ L=M dL=0 preo=B,prop_rapida,243,0.000000,0.0149,0.0034,7.44595,14.53139
c=M dc=- h=M dh=0 L=A dL=- preo=B,calma,243,0.000027,0.0196,0.0045,6.22963,14.94191
c=M dc=- h=B dh=+ L=A dL=- preo=M,calma,243,0.000027,0.4328,0.0985,2.08733,10.95001
c=A dc=- h=A dh=+ L=M dL=+ preo=M,emergencia,242,0.000000,4.3405,0.9877,0.51526,1.48983
c=A dc=- h=M dh=+ L=M dL=+ preo=B,emergencia,242,0.000000,0.0704,0.0160,8.83911,9.27259
c=B dc=- h=A dh=- L=M dL=+ preo=B,emergencia,240,0.000000,0.0506,0.0115,5.99171,12.22442
c=A dc=- h=A dh=+ L=B dL=0 preo=B,emergencia,239,0.000000,4.3667,0.9937,0.93861,1.16197
c=A dc=- h=A dh=- L=M dL=0 preo=A,emergencia,239,0.000000,4.3558,0.9912,1.24267,1.40546
c=M dc=0 h=B dh=+ L=M dL=0 preo=B,calma,239,0.000000,0.0017,0.0004,9.30838,16.14714
c=B dc=0 h=A dh=+ L=M dL=0 preo=M,emergencia,238,0.000000,0.0218,0.0049,7.20976,11.73908
c=B dc=0 h=A dh=0 L=B dL=- preo=M,emergencia,236,0.000000,0.0910,0.0207,5.43938,10.58192
c=B dc=- h=M dh=- L=M dL=+ preo=A,calma,236,0.000000,0.1476,0.0336,4.02696,10.34568
c=A dc=+ h=B dh=- L=A dL=+ preo=B,emergencia,236,0.000000,0.0714,0.0162,5.50619,12.30862
c=A dc=0 h=A dh=0 L=A dL=- preo=B,emergencia,235,0.000000,4.3534,0.9906,0.53250,0.84218
c=M dc=+ h=A dh=- L=B dL=0 preo=A,emergencia,233,0.000000,3.6114,0.8218,1.51739,3.52516
c=M dc=0 h=B dh=+ L=M dL=+ preo=M,calma,232,0.000027,0.0025,0.0006,9.81268,13.35972
c=M dc=- h=M dh=+ L=M dL=0 preo=B,calma,232,0.000000,0.0031,0.0007,8.10882,15.25518
c=B dc=- h=M dh=+ L=B dL=+ preo=B,calma,231,0.000000,0.0057,0.0013,9.08266,16.09463
c=M dc=0 h=M dh=0 L=M dL=+ preo=M,calma,230,0.000000,0.0134,0.0031,8.13488,11.47239
c=A dc=+ h=M dh=- L=B dL=+ preo=M,emergencia,228,0.000000,0.0431,0.0098,6.51119,10.42746
c=B dc=+ h=B dh=0 L=M dL=- preo=M,prop_lenta,228,0.000027,0.0316,0.0072,5.92802,13.32605
c=M dc=+ h=B dh=+ L=B dL=0 preo=A,prop_rapida,228,0.000137,0.3359,0.0764,3.24366,8.28838
c=M dc=+ h=M dh=- L=M dL=0 preo=M,prop_rapida,226,0.000000,0.0318,0.0072,6.20933,11.63896
c=B dc=+ h=A dh=+ L=M dL=0 preo=A,emergencia,226,0.000055,3.5657,0.8114,1.38611,3.49757
c=B dc=- h=A dh=- L=B dL=0 preo=A,emergencia,224,0.000000,2.9611,0.6738,3.07376,4.26558
c=A dc=0 h=A dh=- L=M dL=+ preo=A,emergencia,222,0.000000,4.3801,0.9967,0.61544,0.78370
c=M dc=+ h=B dh=0 L=B dL=- preo=A,prop_rapida,222,0.000027,0.4110,0.0935,2.75797,8.32704
c=B dc=+ h=M dh=0 L=B dL=- preo=A,prop_lenta,220,0.000000,0.0854,0.0194,6.10645,9.73229
c=M dc=+ h=B dh=+ L=A dL=- preo=B,prop_rapida,220,0.000000,0.0318,0.0072,6.61974,14.08429
c=B dc=0 h=A dh=0 L=A dL=0 preo=A,emergencia,220,0.000000,3.3519,0.7628,1.94151,3.85377
c=M dc=+ h=M dh=0 L=B dL=0 preo=M,prop_rapida,220,0.000027,0.0525,0.0119,5.12548,11.69498
c=A dc=+ h=A dh=+ L=B dL=+ preo=A,emergencia,220,0.000000,4.3720,0.9949,0.73742,0.95949
c=A dc=+ h=A dh=+ L=B dL=0 preo=A,emergencia,218,0.000000,4.3779,0.9962,0.53975,0.78924
c=M dc=- h=A dh=0 L=A dL=+ preo=B,emergencia,217,0.000000,0.1444,0.0329,4.53873,9.46234
c=M dc=+ h=A dh=- L=M dL=- preo=M,emergencia,216,0.000000,0.4576,0.1041,3.22806,8.81485
c=B dc=0 h=M dh=- L=A dL=- preo=M,calma,216,0.000000,0.0193,0.0044,6.08625,13.30487
c=A dc=- h=A dh=+ L=B dL=- preo=M,emergencia,216,0.000000,4.3805,0.9968,0.45648,0.81663
c=M dc=- h=M dh=+ L=A dL=- preo=M,calma,215,0.000027,0.0084,0.0019,7.64994,13.10583
c=B dc=- h=A dh=+ L=M dL=0 preo=B,emergencia,215,0.000000,0.0182,0.0041,7.41052,13.83736
c=A dc=0 h=B dh=- L=B dL=- preo=B,emergencia,215,0.000000,0.0563,0.0128,5.78696,10.36234
c=B dc=- h=M dh=0 L=A dL=+ preo=A,calma,214,0.000027,0.8145,0.1853,2.43290,8.15249
c=M dc=+ h=B dh=- L=A dL=- preo=B,prop_rapida,213,0.000000,0.0081,0.0018,7.77573,13.96574
c=B dc=+ h=M dh=0 L=A dL=- preo=B,prop_lenta,212,0.000000,0.0048,0.0011,7.86910,14.97159
c=M dc=- h=B dh=+ L=M dL=- preo=M,calma,212,0.000027,0.0678,0.0154,4.50596,11.95373
c=B dc=0 h=B dh=- L=B dL=+ preo=A,calma,211,0.000027,0.2662,0.0606,3.54840,11.18835
c=B dc=+ h=B dh=+ L=M dL=- preo=M,prop_lenta,211,0.000027,0.0379,0.0086,5.16893,14.10120
c=B dc=+ h=B dh=- L=M dL=0 preo=M,prop_lenta,210,0.000000,0.0284,0.0065,6.52097,13.41612
c=M dc=- h=A dh=0 L=M dL=- preo=A,emergencia,209,0.000000,4.1193,0.9374,2.57835,2.68592
c=A dc=0 h=B dh=0 L=B dL=- preo=M,emergencia,209,0.000000,1.0257,0.2334,3.09556,6.23468
c=M dc=- h=A dh=- L=B dL=- preo=A,emergencia,208,0.000000,3.1039,0.7063,4.06192,4.12582
c=A dc=- h=A dh=0 L=B dL=0 preo=A,emergencia,208,0.000000,4.3802,0.9968,0.58897,0.77119
c=A dc=0 h=B dh=+ L=B dL=- preo=A,emergencia,207,0.000027,4.2315,0.9629,1.33852,2.25260
c=A dc=- h=B dh=+ L=M dL=+ preo=M,emergencia,207,0.000000,0.7649,0.1741,3.14829,6.82933
c=A dc=- h=B dh=0 L=M dL=+ preo=B,emergencia,206,0.000000,0.0142,0.0032,7.32353,12.93937
c=B dc=0 h=B dh=0 L=B dL=- preo=M,calma,206,0.000000,0.2031,0.0462,3.72345,15.04609
c=B dc=0 h=B dh=0 L=B dL=+ preo=A,calma,205,0.000000,0.4931,0.1122,2.56713,8.36888
c=M dc=- h=A dh=- L=A dL=- preo=B,emergencia,205,0.000000,0.1736,0.0395,4.99265,9.15395
c=B dc=- h=M dh=0 L=B dL=- preo=M,calma,204,0.000000,0.0778,0.0177,5.32434,12.50298
c=B dc=0 h=M dh=- L=M dL=+ preo=A,calma,202,0.000000,0.0792,0.0180,5.12129,11.45245
c=M dc=- h=B dh=0 L=M dL=- preo=M,calma,202,0.000000,0.0482,0.0110,5.05366,12.59928
c=A dc=- h=A dh=- L=A dL=+ preo=M,emergencia,201,0.000000,4.2374,0.9643,1.41670,2.19868
c=A dc=+ h=B dh=- L=M dL=+ preo=M,emergencia,201,0.000000,0.1265,0.0288,3.98325,10.02206
c=B dc=0 h=B dh=0 L=M dL=0 preo=A,calma,201,0.000000,0.2596,0.0591,3.62347,8.45977
c=M dc=- h=A dh=0 L=M dL=+ preo=M,emergencia,201,0.000000,0.0997,0.0227,5.18495,9.46453
c=M dc=- h=M dh=+ L=M dL=+ preo=A,calma,198,0.000137,2.7423,0.6240,1.72858,4.50658
c=B dc=0 h=M dh=+ L=M dL=+ preo=M,calma,198,0.000000,0.0397,0.0090,6.16414,12.25856
c=M dc=- h=M dh=- L=A dL=- preo=B,calma,197,0.000027,0.0060,0.0014,7.65277,15.61351
c=B dc=+ h=A dh=+ L=A dL=+ preo=B,emergencia,197,0.000000,0.0106,0.0024,6.92133,12.77595
c=B dc=+ h=A dh=+ L=A dL=+ preo=A,emergencia,196,0.000027,3.7605,0.8557,1.21462,3.29294
c=A dc=+ h=A dh=- L=M dL=- preo=A,emergencia,195,0.000000,4.3409,0.9878,0.76663,1.50329
c=A dc=+ h=A dh=0 L=B dL=- preo=B,emergencia,194,0.000000,4.3326,0.9859,1.31837,1.54027
c=A dc=+ h=A dh=- L=M dL=+ preo=A,emergencia,194,0.000000,4.2139,0.9589,2.22749,2.37319
c=B dc=0 h=B dh=0 L=A dL=0 preo=B,calma,194,0.000000,0.0038,0.0009,8.18540,16.08408
c=B dc=0 h=A dh=- L=A dL=- preo=B,emergencia,194,0.000000,0.0402,0.0091,5.69025,12.41940
c=B dc=+ h=B dh=- L=A dL=+ preo=M,prop_lenta,194,0.000000,0.0289,0.0066,5.56184,14.39210
c=M dc=0 h=B dh=0 L=A dL=0 preo=B,calma,194,0.000000,0.0325,0.0074,6.81914,13.93244
c=B dc=+ h=A dh=- L=A dL=0 preo=M,emergencia,193,0.000027,0.0595,0.0135,6.57434,11.58740
c=B dc=0 h=B dh=0 L=B dL=0 preo=A,calma,193,0.000411,0.0765,0.0174,5.65236,9.84021
c=M dc=+ h=M dh=- L=A dL=+ preo=M,prop_rapida,192,0.000000,0.0244,0.0056,6.04128,11.58019
c=M dc=0 h=A dh=- L=A dL=+ preo=A,emergencia,192,0.000000,2.6417,0.6011,2.22057,4.58470
c=M dc=+ h=A dh=- L=B dL=+ preo=A,emergencia,192,0.000000,3.2887,0.7484,1.88133,3.93007
c=B dc=- h=M dh=- L=B dL=+ preo=B,calma,192,0.000000,0.0052,0.0012,8.37949,16.61749
c=A dc=0 h=A dh=- L=B dL=+ preo=A,emergencia,192,0.000000,4.3852,0.9979,0.00637,0.17902
c=M dc=+ h=M dh=- L=B dL=+ preo=M,prop_rapida,192,0.000000,0.1491,0.0339,5.14371,9.34488
c=A dc=0 h=A dh=0 L=A dL=+ preo=M,emergencia,192,0.000000,4.3619,0.9926,0.61955,0.94065
c=M dc=- h=B dh=+ L=B dL=- preo=A,calma,191,0.000082,0.7922,0.1803,3.50852,7.24114
c=A dc=0 h=A dh=+ L=M dL=+ preo=A,emergencia,190,0.000000,4.3728,0.9951,0.18450,0.48582
c=M dc=0 h=M dh=- L=M dL=0 preo=B,calma,189,0.000000,0.0208,0.0047,6.75425,13.92463
c=M dc=- h=M dh=- L=A dL=0 preo=B,calma,189,0.000000,0.0237,0.0054,6.67834,13.48219
c=M dc=- h=B dh=+ L=B dL=- preo=M,calma,188,0.000000,0.0242,0.0055,5.91069,11.90844
c=B dc=- h=A dh=+ L=A dL=0 preo=B,emergencia,188,0.000000,0.0262,0.0060,6.85609,12.42688
c=B dc=+ h=B dh=- L=A dL=+ preo=A,prop_lenta,188,0.000000,0.0904,0.0206,5.17926,10.44487
c=B dc=- h=A dh=- L=B dL=- preo=B,emergencia,185,0.000000,0.0142,0.0032,7.69643,13.09537
c=A dc=+ h=B dh=+ L=M dL=- preo=B,emergencia,185,0.000000,0.0054,0.0012,8.01160,14.94498
c=A dc=+ h=M dh=- L=M dL=+ preo=B,emergencia,185,0.000000,0.0046,0.0010,8.36772,12.82153
c=A dc=- h=B dh=+ L=B dL=+ preo=B,emergencia,184,0.000027,0.0294,0.0067,9.12329,10.22003
c=B dc=+ h=A dh=+ L=M dL=0 preo=M,emergencia,182,0.000000,0.0300,0.0068,5.51011,12.31931
c=B dc=- h=A dh=0 L=M dL=+ preo=B,emergencia,182,0.000000,0.0696,0.0158,5.36202,13.11367
c=M dc=- h=A dh=- L=B dL=+ preo=A,emergencia,180,0.000000,3.9490,0.8986,3.00728,3.06877
c=M dc=0 h=B dh=+ L=M dL=- preo=M,calma,179,0.000055,0.0307,0.0070,6.31833,12.72985
c=M dc=0 h=M dh=0 L=A dL=- preo=B,calma,179,0.000000,0.0057,0.0013,7.97509,14.50692
c=A dc=0 h=B dh=- L=A dL=+ preo=M,emergencia,178,0.000000,0.3222,0.0733,3.47644,8.77350
c=M dc=0 h=A dh=- L=B dL=- preo=M,emergencia,178,0.000000,0.3193,0.0727,4.13749,7.80182
c=M dc=0 h=A dh=0 L=M dL=- preo=A,emergencia,178,0.000000,4.0072,0.9119,1.51112,2.87832
c=A dc=0 h=M dh=+ L=A dL=+ preo=M,emergencia,177,0.000000,0.0259,0.0059,7.43074,10.76829
c=M dc=0 h=M dh=0 L=A dL=+ preo=M,calma,177,0.000000,0.0309,0.0070,5.80839,11.27562
c=A dc=0 h=B dh=- L=B dL=- preo=M,emergencia,176,0.000000,0.0074,0.0017,8.59938,12.56002
c=B dc=+ h=A dh=- L=A dL=0 preo=B,emergencia,176,0.000000,0.0191,0.0043,6.24061,12.13728
c=M dc=+ h=A dh=+ L=M dL=+ preo=A,emergencia,176,0.000027,2.9208,0.6647,3.25614,4.31106
c=B dc=+ h=M dh=0 L=B dL=0 preo=M,prop_lenta,176,0.000000,0.0093,0.0021,7.64590,12.73110
c=M dc=+ h=M dh=0 L=M dL=0 preo=B,prop_rapida,175,0.000000,0.0052,0.0012,7.61596,13.98114
c=B dc=0 h=A dh=+ L=M dL=0 preo=B,emergencia,175,0.000000,0.0186,0.0042,6.82729,12.59670
c=M dc=+ h=B dh=+ L=M dL=+ preo=M,prop_rapida,175,0.000027,0.0168,0.0038,6.25971,13.38557
c=M dc=- h=M dh=- L=A dL=+ preo=A,calma,173,0.000027,0.0645,0.0147,7.61655,9.39210
c=M dc=- h=B dh=0 L=A dL=- preo=M,calma,173,0.000000,0.0388,0.0088,5.46273,11.80888
c=M dc=+ h=B dh=+ L=M dL=+ preo=A,prop_rapida,172,0.000082,2.2894,0.5210,2.00651,4.94933
c=A dc=+ h=M dh=+ L=B dL=+ preo=M,emergencia,172,0.000027,0.0835,0.0190,9.12649,9.06713
c=A dc=0 h=M dh=+ L=B dL=- preo=M,emergencia,171,0.000000,0.2123,0.0483,5.56617,8.11056
c=B dc=0 h=A dh=0 L=B dL=+ preo=A,emergencia,170,0.000000,2.7646,0.6291,0.07651,4.10507
c=M dc=0 h=A dh=- L=A dL=- preo=A,emergencia,170,0.000000,4.1251,0.9387,1.13454,2.57854
c=A dc=+ h=B dh=- L=M dL=- preo=B,emergencia,169,0.000000,0.0079,0.0018,8.00810,14.40203
c=B dc=+ h=M dh=- L=B dL=0 preo=A,prop_lenta,168,0.000027,0.2794,0.0636,4.65960,8.31327
c=A dc=+ h=M dh=0 L=M dL=+ preo=B,emergencia,167,0.000000,0.1583,0.0360,4.81306,9.33639
c=B dc=+ h=B dh=- L=A dL=0 preo=B,prop_lenta,167,0.000000,0.0288,0.0066,6.78696,13.61001
c=B dc=- h=A dh=0 L=A dL=0 preo=M,emergencia,167,0.000000,0.0509,0.0116,5.24933,11.54493
c=M dc=+ h=M dh=+ L=M dL=0 preo=M,prop_rapida,167,0.000000,0.0155,0.0035,6.59588,13.01054
c=A dc=0 h=M dh=0 L=B dL=- preo=A,emergencia,166,0.000000,4.3713,0.9947,0.00400,0.31853
c=B dc=- h=M dh=+ L=B dL=0 preo=B,calma,166,0.000000,0.0021,0.0005,9.18821,16.64649
c=M dc=- h=A dh=- L=A dL=0 preo=B,emergencia,166,0.000000,0.4213,0.0959,3.19402,7.77705
c=A dc=- h=A dh=- L=B dL=0 preo=A,emergencia,166,0.000000,4.3806,0.9969,0.08142,0.30543
c=B dc=+ h=M dh=- L=A dL=- preo=M,prop_lenta,165,0.000000,0.0112,0.0025,6.68599,14.03205
c=B dc=+ h=A dh=- L=A dL=- preo=B,emergencia,164,0.000000,0.0276,0.0063,6.33121,13.94641
c=A dc=- h=B dh=+ L=A dL=- preo=M,emergencia,163,0.000000,0.6843,0.1557,4.04687,6.78652
c=B dc=0 h=M dh=0 L=A dL=0 preo=B,calma,163,0.000000,0.0091,0.0021,7.79173,15.96794
c=B dc=+ h=A dh=0 L=M dL=0 preo=A,emergencia,163,0.000027,3.4354,0.7818,2.00708,3.77074
c=A dc=0 h=A dh=+ L=B dL=+ preo=A,emergencia,162,0.000000,4.3630,0.9929,0.88647,1.13281
c=A dc=+ h=M dh=- L=B dL=- preo=A,emergencia,162,0.000000,2.8836,0.6562,4.30978,4.33067
c=A dc=- h=B dh=+ L=M dL=- preo=B,emergencia,162,0.000000,0.0148,0.0034,6.81573,12.87068
c=B dc=+ h=B dh=0 L=B dL=0 preo=A,prop_lenta,162,0.000027,0.2988,0.0680,3.34109,8.83447
c=M dc=- h=M dh=+ L=M dL=0 preo=M,calma,162,0.000000,0.0433,0.0099,6.55925,10.77800
c=A dc=+ h=A dh=+ L=M dL=- preo=A,emergencia,162,0.000000,4.2610,0.9696,1.66889,2.11312
c=M dc=- h=B dh=0 L=M dL=+ preo=M,calma,162,0.000055,0.0093,0.0021,7.25500,13.23228
c=M dc=- h=A dh=0 L=M dL=+ preo=A,emergencia,162,0.000000,4.1886,0.9531,2.40271,2.47840
c=A dc=0 h=M dh=0 L=B dL=- preo=B,emergencia,161,0.000000,3.0654,0.6976,3.90793,4.17002
c=M dc=+ h=A dh=0 L=M dL=- preo=M,emergencia,161,0.000000,0.0432,0.0098,6.60989,11.67510
c=M dc=- h=M dh=+ L=A dL=- preo=A,calma,161,0.000027,1.6953,0.3858,4.44734,5.39755
c=A dc=+ h=A dh=- L=B dL=- preo=M,emergencia,160,0.000000,4.2034,0.9565,2.14141,2.38232
c=A dc=+ h=A dh=0 L=B dL=- preo=M,emergencia,159,0.000027,4.2016,0.9561,2.14940,2.38761
c=B dc=0 h=M dh=0 L=B dL=- preo=A,calma,158,0.000027,0.0854,0.0194,5.58964,10.09404
c=B dc=- h=M dh=+ L=M dL=+ preo=A,calma,157,0.000082,0.3475,0.0791,4.30731,7.71961
c=M dc=0 h=M dh=- L=A dL=- preo=B,calma,155,0.000000,0.0104,0.0024,7.37686,14.72737
c=M dc=0 h=B dh=0 L=B dL=- preo=A,calma,155,0.000000,0.9123,0.2076,1.91192,6.98587
c=A dc=- h=B dh=- L=M dL=+ preo=M,emergencia,155,0.000000,0.0949,0.0216,6.07514,9.07559
c=B dc=0 h=M dh=0 L=M dL=+ preo=M,calma,155,0.000027,0.0039,0.0009,8.13188,14.57337
c=M dc=0 h=B dh=0 L=M dL=0 preo=B,calma,154,0.000000,0.0138,0.0031,6.87906,14.57245
c=A dc=0 h=M dh=- L=A dL=+ preo=M,emergencia,153,0.000000,0.2420,0.0551,3.33035,8.82424
c=A dc=0 h=M dh=0 L=M dL=+ preo=B,emergencia,152,0.000000,2.7435,0.6243,3.10871,4.46339
c=B dc=0 h=B dh=0 L=M dL=+ preo=M,calma,152,0.000000,0.0235,0.0053,6.44454,14.24276
c=B dc=+ h=M dh=+ L=A dL=+ preo=M,prop_lenta,152,0.000000,0.0068,0.0016,7.91426,13.36236
c=A dc=0 h=B dh=0 L=A dL=0 preo=A,emergencia,152,0.000000,4.3724,0.9950,0.33493,0.83614
c=B dc=- h=M dh=0 L=B dL=+ preo=B,calma,151,0.000000,0.0056,0.0013,8.16472,15.50967
c=M dc=0 h=B dh=0 L=M dL=- preo=M,calma,151,0.000000,0.0822,0.0187,4.87174,12.18029
c=M dc=0 h=M dh=0 L=M dL=0 preo=B,calma,151,0.000000,0.0140,0.0032,7.04177,14.28498
c=B dc=- h=M dh=- L=M dL=0 preo=A,calma,150,0.000000,0.0507,0.0115,9.73121,9.61174
c=A dc=+ h=M dh=0 L=B dL=+ preo=M,emergencia,149,0.000000,0.2403,0.0547,3.45103,8.70680
c=A dc=0 h=B dh=- L=M dL=+ preo=M,emergencia,149,0.000000,0.0167,0.0038,7.27110,11.71014
c=M dc=0 h=A dh=+ L=M dL=- preo=B,emergencia,148,0.000000,0.0786,0.0179,4.81578,10.12313
c=M dc=0 h=A dh=+ L=M dL=+ preo=M,emergencia,148,0.000000,0.0737,0.0168,6.26806,9.62289
c=A dc=0 h=A dh=+ L=B dL=- preo=M,emergencia,147,0.000000,4.2327,0.9632,1.91486,2.24702
c=B dc=+ h=M dh=- L=M dL=+ preo=A,prop_lenta,147,0.000000,0.1246,0.0284,3.98659,10.16694
c=M dc=- h=M dh=0 L=B dL=- preo=M,calma,146,0.000000,0.0351,0.0080,6.26591,12.21515
c=M dc=0 h=A dh=- L=B dL=+ preo=A,emergencia,146,0.000000,1.9939,0.4537,5.05195,5.10614
c=M dc=+ h=B dh=- L=B dL=+ preo=A,prop_rapida,146,0.000000,0.2961,0.0674,4.40852,8.23176
c=B dc=0 h=A dh=0 L=B dL=0 preo=A,emergencia,146,0.000000,2.4477,0.5570,2.54925,4.77227
c=M dc=0 h=B dh=0 L=M dL=+ preo=M,calma,145,0.000000,0.0775,0.0176,4.73954,10.17571
c=B dc=- h=A dh=+ L=B dL=- preo=M,emergencia,145,0.000000,0.0690,0.0157,4.87428,10.94638
c=M dc=0 h=A dh=+ L=M dL=+ preo=A,emergencia,145,0.000000,4.2006,0.9559,1.36348,2.37693
c=A dc=- h=M dh=+ L=M dL=- preo=M,emergencia,144,0.000000,0.0757,0.0172,6.41008,9.46362
c=M dc=- h=A dh=+ L=B dL=- preo=A,emergencia,144,0.000000,4.2725,0.9723,0.99286,1.98588
c=A dc=+ h=B dh=+ L=A dL=+ preo=B,emergencia,143,0.000000,0.0261,0.0059,5.79736,12.45222
c=M dc=- h=B dh=0 L=M dL=0 preo=B,calma,142,0.000000,0.0033,0.0008,7.97554,15.14565
c=A dc=+ h=M dh=+ L=M dL=+ preo=M,emergencia,142,0.000000,0.0128,0.0029,7.97686,11.65793
c=A dc=0 h=B dh=+ L=M dL=- preo=B,emergencia,141,0.000000,0.0079,0.0018,7.41498,14.54486
c=B dc=0 h=B dh=+ L=M dL=+ preo=A,calma,141,0.000055,0.0459,0.0104,7.50840,9.79477
c=B dc=- h=M dh=- L=A dL=- preo=A,calma,141,0.000000,0.5552,0.1263,1.33397,9.39220
c=M dc=- h=B dh=- L=M dL=0 preo=M,calma,141,0.000000,0.0527,0.0120,5.82742,12.33931
c=M dc=+ h=A dh=- L=M dL=0 preo=A,emergencia,140,0.000000,4.1375,0.9415,1.53873,2.60523
c=A dc=0 h=M dh=+ L=M dL=+ preo=M,emergencia,139,0.000000,0.2857,0.0650,4.27725,8.27065
c=M dc=0 h=A dh=0 L=B dL=- preo=M,emergencia,139,0.000000,0.0378,0.0086,6.05709,10.48241
c=B dc=+ h=M dh=- L=A dL=0 preo=M,prop_lenta,139,0.000000,0.0264,0.0060,5.70151,13.05485
c=M dc=+ h=M dh=0 L=B dL=- preo=A,prop_rapida,138,0.000055,0.1466,0.0334,8.22190,8.43910
c=M dc=- h=M dh=- L=A dL=0 preo=M,calma,138,0.000027,0.0290,0.0066,6.22219,11.68541
c=M dc=0 h=A dh=0 L=A dL=+ preo=A,emergencia,138,0.000000,3.7964,0.8639,1.46694,3.27819
c=A dc=- h=M dh=+ L=M dL=- preo=A,emergencia,138,0.000000,4.3414,0.9879,1.04128,1.41225
c=M dc=0 h=A dh=+ L=A dL=+ preo=A,emergencia,138,0.000000,4.1618,0.9471,2.26349,2.55467
c=A dc=0 h=A dh=- L=M dL=- preo=A,emergencia,137,0.000000,4.3550,0.9910,1.19205,1.37556
c=A dc=+ h=B dh=- L=B dL=+ preo=M,emergencia,137,0.000000,0.4322,0.0984,3.57469,7.88095
c=A dc=- h=M dh=+ L=M dL=+ preo=M,emergencia,137,0.000000,1.2542,0.2854,4.33412,5.87023
c=M dc=+ h=M dh=0 L=M dL=+ preo=M,prop_rapida,137,0.000027,0.0105,0.0024,11.45056,11.32314
c=B dc=+ h=M dh=+ L=B dL=0 preo=M,prop_lenta,137,0.000000,0.0054,0.0012,8.50377,12.44595
c=B dc=0 h=B dh=0 L=A dL=+ preo=M,calma,136,0.000000,0.0024,0.0006,8.33929,15.35986
c=B dc=+ h=M dh=- L=B dL=+ preo=M,prop_lenta,135,0.000000,0.0618,0.0141,6.03365,11.45425
c=M dc=0 h=A dh=- L=M dL=0 preo=A,emergencia,135,0.000000,4.0985,0.9327,2.62690,2.74200
c=A dc=0 h=A dh=+ L=M dL=- preo=B,emergencia,134,0.000000,4.1451,0.9433,1.74526,2.56553
c=A dc=0 h=B dh=0 L=A dL=+ preo=M,emergencia,134,0.000000,0.4727,0.1076,3.39739,7.39727
c=B dc=- h=B dh=+ L=B dL=0 preo=B,calma,134,0.000000,0.0030,0.0007,8.75428,15.72293
c=B dc=+ h=B dh=+ L=A dL=0 preo=B,prop_lenta,134,0.000000,0.0407,0.0093,6.00107,13.38716
c=B dc=- h=B dh=+ L=M dL=- preo=A,calma,133,0.000000,0.6216,0.1415,1.70957,8.25367
c=B dc=+ h=A dh=+ L=M dL=0 preo=B,emergencia,133,0.000000,0.0196,0.0045,6.54154,12.18650
c=A dc=- h=M dh=+ L=M dL=+ preo=A,emergencia,132,0.000000,4.3366,0.9868,1.07992,1.40972
c=M dc=- h=M dh=- L=B dL=+ preo=B,calma,132,0.000000,0.0301,0.0068,5.39826,13.48921
c=A dc=0 h=A dh=0 L=M dL=+ preo=M,emergencia,132,0.000000,4.3755,0.9957,0.01406,0.25956
c=B dc=0 h=B dh=+ L=A dL=+ preo=A,calma,131,0.000055,0.6081,0.1384,2.12117,7.69383
c=A dc=0 h=B dh=+ L=A dL=- preo=B,emergencia,131,0.000000,0.0132,0.0030,7.26171,13.33130
c=B dc=0 h=A dh=0 L=M dL=0 preo=B,emergencia,131,0.000000,0.0170,0.0039,6.30041,12.35112
c=B dc=0 h=A dh=0 L=B dL=+ preo=B,emergencia,131,0.000000,0.0494,0.0112,6.37010,11.61880
c=B dc=+ h=M dh=0 L=A dL=+ preo=M,prop_lenta,130,0.000000,0.0665,0.0151,4.97339,12.07955
c=A dc=0 h=B dh=- L=M dL=- preo=B,emergencia,129,0.000000,0.1602,0.0364,4.00169,10.13060
c=M dc=+ h=A dh=- L=M dL=- preo=B,emergencia,129,0.000000,0.2719,0.0619,3.70203,8.24152
c=A dc=0 h=A dh=- L=B dL=0 preo=A,emergencia,129,0.000000,4.3850,0.9979,0.19885,0.38206
c=B dc=0 h=M dh=- L=A dL=- preo=A,calma,128,0.000000,0.0429,0.0098,6.02321,11.13322
c=B dc=+ h=A dh=0 L=A dL=+ preo=B,emergencia,128,0.000000,0.0010,0.0002,13.98920,13.81650
c=A dc=- h=B dh=+ L=M dL=0 preo=A,emergencia,128,0.000000,4.3482,0.9895,1.32543,1.49750
c=B dc=0 h=B dh=+ L=A dL=+ preo=M,calma,127,0.000000,0.0002,0.0001,15.49384,15.30255
c=A dc=+ h=A dh=0 L=B dL=0 preo=A,emergencia,126,0.000000,4.3808,0.9969,0.03448,0.29468
c=M dc=0 h=M dh=+ L=A dL=0 preo=B,calma,125,0.000000,0.0045,0.0010,8.39622,14.72633
c=A dc=+ h=M dh=+ L=B dL=0 preo=M,emergencia,125,0.000000,0.0795,0.0181,5.52763,9.80152
c=B dc=0 h=B dh=+ L=M dL=+ preo=M,calma,125,0.000000,0.0073,0.0017,7.68000,15.25215
c=A dc=0 h=A dh=+ L=B dL=0 preo=A,emergencia,125,0.000000,4.3777,0.9962,0.23218,0.50086
c=A dc=+ h=M dh=- L=B dL=0 preo=M,emergencia,124,0.000000,0.0581,0.0132,6.68842,9.65692
c=A dc=- h=B dh=+ L=B dL=- preo=M,emergencia,124,0.000027,2.7423,0.6240,4.44528,4.46047
c=A dc=- h=B dh=+ L=A dL=0 preo=B,emergencia,123,0.000000,0.1730,0.0394,3.36755,10.17772
c=M dc=- h=B dh=- L=A dL=+ preo=A,calma,123,0.000027,0.3373,0.0768,3.46744,8.42441
c=M dc=+ h=B dh=0 L=M dL=0 preo=B,prop_rapida,123,0.000000,0.0031,0.0007,8.16595,14.48802
c=M dc=- h=B dh=0 L=B dL=- preo=M,calma,123,0.000000,0.1019,0.0232,4.45700,10.96261
c=B dc=+ h=B dh=- L=M dL=- preo=A,prop_lenta,122,0.000000,0.0629,0.0143,7.05677,9.46068
c=M dc=+ h=B dh=0 L=M dL=+ preo=M,prop_rapida,122,0.000055,0.0138,0.0031,6.57507,12.73478
c=A dc=+ h=B dh=- L=B dL=0 preo=M,emergencia,122,0.000000,0.1144,0.0260,4.88099,10.13277
c=B dc=+ h=A dh=- L=M dL=0 preo=B,emergencia,122,0.000000,0.0168,0.0038,6.13190,13.38596
c=A dc=+ h=M dh=- L=M dL=+ preo=M,emergencia,122,0.000000,0.0692,0.0158,5.66698,9.64404
c=A dc=0 h=M dh=+ L=B dL=- preo=B,emergencia,121,0.000000,3.9535,0.8997,0.49857,2.64819
c=B dc=- h=A dh=0 L=A dL=- preo=M,emergencia,120,0.000000,0.0043,0.0010,12.41332,12.26486
c=M dc=- h=M dh=- L=M dL=0 preo=M,calma,120,0.000000,0.0523,0.0119,5.51867,10.61090
c=M dc=0 h=B dh=0 L=M dL=+ preo=A,calma,119,0.000000,0.5532,0.1259,6.97931,6.89885
c=A dc=0 h=B dh=0 L=A dL=0 preo=B,emergencia,119,0.000000,0.1154,0.0263,8.81176,8.70485
c=A dc=+ h=A dh=0 L=B dL=+ preo=A,emergencia,119,0.000000,4.3763,0.9959,0.46624,0.69408
c=M dc=- h=B dh=- L=M dL=+ preo=A,calma,119,0.000000,0.1368,0.0311,3.78581,10.46718
c=M dc=0 h=M dh=+ L=B dL=- preo=A,calma,119,0.000027,4.0597,0.9238,1.39671,2.79342
c=M dc=+ h=A dh=+ L=M dL=- preo=B,emergencia,118,0.000000,0.1743,0.0397,8.15523,8.24371
c=M dc=0 h=B dh=+ L=A dL=+ preo=A,calma,118,0.000082,0.1389,0.0316,4.71218,9.19938
c=A dc=0 h=B dh=0 L=A dL=- preo=A,emergencia,118,0.000000,4.3767,0.9960,0.72347,0.79926
c=A dc=+ h=M dh=- L=B dL=0 preo=B,emergencia,118,0.000000,0.1008,0.0229,5.52131,9.17787
c=A dc=- h=M dh=+ L=B dL=- preo=A,emergencia,118,0.000000,4.3637,0.9930,0.16973,0.52251
c=M dc=- h=A dh=+ L=B dL=- preo=M,emergencia,118,0.000000,1.3976,0.3180,5.74358,5.67514
c=A dc=0 h=M dh=0 L=A dL=+ preo=A,emergencia,117,0.000000,4.3638,0.9930,0.00000,0.24906
c=A dc=+ h=A dh=0 L=M dL=- preo=A,emergencia,117,0.000000,4.3586,0.9918,1.00290,1.28508
c=B dc=- h=M dh=- L=B dL=0 preo=B,calma,116,0.000000,0.0233,0.0053,6.88806,14.58417
c=B dc=0 h=B dh=- L=M dL=- preo=A,calma,116,0.000000,0.0548,0.0125,6.00360,10.33367
c=A dc=+ h=M dh=0 L=B dL=0 preo=B,emergencia,116,0.000000,0.0086,0.0020,7.02700,13.39934
c=M dc=0 h=A dh=- L=B dL=0 preo=A,emergencia,116,0.000000,3.5716,0.8127,3.51219,3.62815
c=A dc=0 h=M dh=+ L=B dL=+ preo=B,emergencia,115,0.000000,0.0272,0.0062,6.21913,11.71298
c=A dc=+ h=A dh=- L=M dL=0 preo=A,emergencia,115,0.000000,4.3839,0.9976,0.20957,0.39912
c=M dc=+ h=B dh=+ L=B dL=+ preo=A,prop_rapida,115,0.000082,0.7492,0.1705,3.76835,6.66570
c=M dc=- h=A dh=+ L=M dL=- preo=B,emergencia,114,0.000000,1.1808,0.2687,1.82200,7.26405
c=B dc=- h=B dh=+ L=M dL=0 preo=M,calma,113,0.000000,0.0012,0.0003,9.38984,16.34014
c=B dc=+ h=B dh=+ L=B dL=0 preo=M,prop_lenta,112,0.000027,0.0074,0.0017,7.06480,14.42530
c=B dc=+ h=B dh=+ L=M dL=+ preo=A,prop_lenta,111,0.000027,0.1426,0.0324,4.38221,9.95928
c=M dc=+ h=B dh=+ L=B dL=0 preo=M,prop_rapida,111,0.000000,0.0005,0.0001,14.03374,14.47206
c=A dc=0 h=M dh=0 L=A dL=+ preo=M,emergencia,111,0.000000,0.8220,0.1871,4.39467,6.46395
c=M dc=0 h=A dh=0 L=B dL=- preo=B,emergencia,110,0.000000,0.0403,0.0092,9.98320,9.86412
c=B dc=- h=B dh=0 L=M dL=+ preo=A,calma,110,0.000000,0.1444,0.0329,5.12013,9.12326
c=M dc=+ h=M dh=+ L=A dL=- preo=B,prop_rapida,109,0.000000,0.0126,0.0029,6.48570,13.55284
c=M dc=0 h=A dh=0 L=M dL=+ preo=A,emergencia,109,0.000000,3.9430,0.8973,1.45399,3.03006
c=A dc=+ h=A dh=+ L=M dL=+ preo=A,emergencia,109,0.000000,4.3741,0.9954,0.29697,0.58117
c=M dc=- h=A dh=- L=B dL=0 preo=A,emergencia,109,0.000000,4.0194,0.9146,2.81149,2.92755
c=M dc=0 h=A dh=+ L=A dL=- preo=A,emergencia,108,0.000000,4.1554,0.9456,1.11503,2.49530
c=B dc=- h=B dh=+ L=B dL=- preo=M,calma,108,0.000027,0.1068,0.0243,4.79048,12.67907
c=A dc=- h=B dh=+ L=B dL=+ preo=A,emergencia,107,0.000027,4.3315,0.9857,1.32674,1.64417
c=B dc=+ h=M dh=+ L=M dL=+ preo=M,prop_lenta,106,0.000027,0.0123,0.0028,7.90721,11.79949
c=B dc=0 h=M dh=- L=B dL=0 preo=M,calma,106,0.000000,0.0042,0.0010,12.45375,12.30000
c=A dc=0 h=B dh=0 L=A dL=- preo=B,emergencia,106,0.000000,0.0037,0.0008,10.47545,12.50740
c=M dc=+ h=M dh=- L=B dL=0 preo=A,prop_rapida,106,0.000000,0.0888,0.0202,9.10144,8.99690
c=A dc=0 h=B dh=0 L=M dL=+ preo=M,emergencia,105,0.000000,0.0595,0.0135,9.55146,9.43708
c=A dc=- h=B dh=+ L=M dL=- preo=M,emergencia,105,0.000000,0.5431,0.1236,6.99365,6.92212
c=M dc=0 h=A dh=- L=M dL=+ preo=M,emergencia,105,0.000000,0.5215,0.1187,3.77998,7.15407
c=M dc=- h=M dh=- L=M dL=0 preo=B,calma,104,0.000000,0.0030,0.0007,8.54268,14.42012
c=M dc=- h=M dh=0 L=M dL=0 preo=B,calma,104,0.000000,0.0060,0.0014,7.71096,13.05359
c=B dc=0 h=A dh=+ L=M dL=+ preo=M,emergencia,104,0.000027,0.0334,0.0076,6.06321,12.21975
c=B dc=+ h=M dh=- L=A dL=- preo=A,prop_lenta,104,0.000000,0.0261,0.0059,10.46549,10.33629
c=A dc=0 h=M dh=- L=M dL=+ preo=M,emergencia,103,0.000000,0.0249,0.0057,6.80245,10.78112
c=B dc=+ h=A dh=0 L=M dL=+ preo=B,emergencia,103,0.000000,0.3278,0.0746,2.34894,12.15139
c=B dc=- h=A dh=0 L=B dL=- preo=M,emergencia,103,0.000000,0.0376,0.0085,6.20093,11.32662
c=A dc=+ h=M dh=+ L=M dL=- preo=B,emergencia,103,0.000000,0.1849,0.0421,5.12631,8.35617
c=A dc=0 h=M dh=0 L=M dL=+ preo=A,emergencia,102,0.000000,4.3698,0.9944,0.29036,0.46790
c=M dc=- h=M dh=0 L=B dL=+ preo=B,calma,102,0.000000,0.0007,0.0002,14.35575,14.17852
c=M dc=+ h=B dh=0 L=A dL=- preo=B,prop_rapida,102,0.000000,0.0096,0.0022,7.51179,14.50600
c=A dc=+ h=A dh=+ L=M dL=- preo=B,emergencia,102,0.000000,4.2233,0.9611,1.65532,2.29077
c=M dc=+ h=A dh=- L=A dL=+ preo=A,emergencia,102,0.000000,3.8744,0.8817,1.31859,3.09534
c=M dc=+ h=M dh=0 L=M dL=0 preo=M,prop_rapida,102,0.000000,0.0299,0.0068,6.50005,10.98347
c=B dc=0 h=A dh=0 L=B dL=0 preo=B,emergencia,102,0.000000,0.0539,0.0123,5.93735,11.63102
c=M dc=0 h=B dh=- L=M dL=+ preo=A,calma,101,0.000000,0.0914,0.0208,7.61417,8.98392
c=A dc=+ h=B dh=+ L=M dL=+ preo=M,emergencia,101,0.000000,0.0882,0.0201,5.35044,10.07471
c=A dc=0 h=M dh=+ L=M dL=- preo=B,emergencia,101,0.000000,0.5077,0.1155,4.00396,7.15015
c=A dc=- h=B dh=- L=B dL=+ preo=B,emergencia,100,0.000000,0.0049,0.0011,7.58339,14.46066
c=A dc=- h=A dh=0 L=M dL=- preo=B,emergencia,100,0.000000,4.3513,0.9902,1.02625,1.27362
c=M dc=0 h=B dh=- L=M dL=0 preo=M,calma,99,0.000000,0.0003,0.0001,15.12063,14.94089
c=A dc=- h=A dh=+ L=B dL=+ preo=M,emergencia,99,0.000000,4.3682,0.9940,0.60549,0.95028
c=M dc=+ h=A dh=0 L=M dL=+ preo=A,emergencia,98,0.000000,3.9913,0.9083,1.09389,2.83841
c=M dc=- h=B dh=+ L=A dL=0 preo=A,calma,98,0.000000,0.5134,0.1168,5.52898,7.01001
c=M dc=0 h=M dh=+ L=M dL=+ preo=A,calma,98,0.000055,1.2959,0.2949,4.31540,5.81160
c=B dc=+ h=B dh=0 L=B dL=+ preo=A,prop_lenta,98,0.000055,0.3999,0.0910,7.36608,7.29141
c=A dc=0 h=A dh=+ L=M dL=0 preo=A,emergencia,98,0.000000,4.3480,0.9894,1.01579,1.35673
c=A dc=+ h=B dh=0 L=M dL=- preo=B,emergencia,97,0.000000,0.0007,0.0002,14.35371,14.17810
c=B dc=0 h=M dh=- L=M dL=0 preo=A,calma,97,0.000000,0.8349,0.1900,1.12887,9.12098
c=M dc=0 h=M dh=+ L=M dL=0 preo=M,calma,96,0.000000,0.0868,0.0197,4.72195,10.47834
c=M dc=- h=B dh=0 L=A dL=+ preo=A,calma,96,0.000027,0.1881,0.0428,3.25920,10.10606
c=M dc=- h=B dh=+ L=M dL=- preo=A,calma,96,0.000000,0.1674,0.0381,7.82657,8.29230
c=A dc=0 h=M dh=+ L=M dL=- preo=M,emergencia,96,0.000000,0.0213,0.0048,10.67945,10.55902
c=M dc=0 h=B dh=+ L=A dL=+ preo=M,calma,96,0.000000,0.0768,0.0175,5.62344,10.03378
c=M dc=- h=B dh=0 L=M dL=+ preo=A,calma,96,0.000000,0.2686,0.0611,4.36047,8.80098
c=B dc=- h=B dh=0 L=B dL=0 preo=B,calma,96,0.000000,0.0031,0.0007,9.16511,15.94919
c=A dc=0 h=B dh=+ L=A dL=+ preo=M,emergencia,95,0.000000,0.0258,0.0059,6.75876,10.74726
c=A dc=+ h=B dh=0 L=A dL=+ preo=B,emergencia,95,0.000000,0.0354,0.0080,6.55228,13.45829
c=M dc=0 h=M dh=- L=M dL=0 preo=M,calma,95,0.000000,0.0042,0.0009,12.45803,12.31224
c=M dc=0 h=A dh=0 L=A dL=+ preo=B,emergencia,95,0.000000,0.4719,0.1074,1.84115,8.92682
c=A dc=+ h=M dh=+ L=M dL=- preo=M,emergencia,94,0.000000,0.0098,0.0022,7.80660,11.80903
c=A dc=0 h=A dh=- L=M dL=0 preo=A,emergencia,94,0.000000,4.3825,0.9973,0.00391,0.23709
c=M dc=+ h=A dh=- L=A dL=+ preo=M,emergencia,94,0.000000,0.3781,0.0860,2.66940,8.42341
c=B dc=0 h=M dh=+ L=B dL=- preo=A,calma,94,0.000000,1.9651,0.4472,3.50802,5.15773
c=A dc=+ h=A dh=+ L=B dL=+ preo=B,emergencia,93,0.000000,3.8245,0.8703,2.97370,3.27695
c=M dc=0 h=B dh=0 L=A dL=+ preo=A,calma,93,0.000000,0.3250,0.0739,4.84849,7.74470
c=M dc=0 h=A dh=+ L=A dL=+ preo=M,emergencia,93,0.000027,2.8680,0.6527,0.40816,4.09177
c=B dc=- h=A dh=0 L=A dL=- preo=B,emergencia,93,0.000000,0.0172,0.0039,6.51453,11.81367
c=M dc=- h=A dh=0 L=B dL=- preo=A,emergencia,93,0.000000,4.1754,0.9502,0.37653,2.25331
c=B dc=0 h=B dh=- L=B dL=+ preo=M,calma,92,0.000000,0.0071,0.0016,7.55079,15.15625
c=M dc=- h=M dh=0 L=A dL=0 preo=M,calma,92,0.000000,0.0094,0.0021,11.57391,11.43574
c=B dc=- h=M dh=0 L=B dL=0 preo=B,calma,91,0.000000,0.0019,0.0004,8.59721,16.13461
c=B dc=0 h=B dh=- L=B dL=0 preo=M,calma,91,0.000000,0.0037,0.0008,8.37420,15.24524
c=B dc=+ h=B dh=- L=M dL=0 preo=A,prop_lenta,90,0.000000,0.4554,0.1036,2.09018,8.52170
c=M dc=0 h=B dh=- L=B dL=0 preo=B,calma,90,0.000000,0.0008,0.0002,10.40251,15.98238
c=M dc=- h=M dh=- L=A dL=- preo=M,calma,89,0.000000,0.0109,0.0025,7.73858,12.06005
c=B dc=- h=B dh=0 L=M dL=0 preo=M,calma,88,0.000000,0.0076,0.0017,7.35285,14.77166
c=A dc=+ h=M dh=+ L=A dL=+ preo=B,emergencia,87,0.000000,0.4749,0.1081,2.42725,8.48142
c=A dc=- h=A dh=+ L=M dL=0 preo=M,emergencia,87,0.000000,2.9973,0.6821,3.72662,4.24163
c=B dc=+ h=A dh=0 L=M dL=0 preo=M,emergencia,87,0.000000,0.0116,0.0026,7.07436,12.70647
c=M dc=- h=M dh=0 L=M dL=0 preo=M,calma,86,0.000000,0.0107,0.0024,11.42961,11.30041
c=M dc=+ h=A dh=+ L=M dL=+ preo=B,emergencia,86,0.000000,0.3056,0.0695,3.07007,8.62799
c=A dc=- h=B dh=0 L=M dL=+ preo=M,emergencia,86,0.000000,0.0673,0.0153,6.41579,9.52942
c=B dc=0 h=B dh=+ L=B dL=0 preo=A,calma,85,0.000000,0.1746,0.0397,4.66601,8.71393
c=B dc=+ h=B dh=0 L=M dL=+ preo=A,prop_lenta,85,0.000000,0.3677,0.0837,2.70217,8.46024
c=M dc=0 h=A dh=+ L=B dL=- preo=B,emergencia,85,0.000000,0.0145,0.0033,7.68985,11.35505
c=A dc=0 h=A dh=0 L=M dL=- preo=M,emergencia,84,0.000000,4.3677,0.9939,0.00000,0.20395
c=B dc=- h=A dh=+ L=B dL=- preo=B,emergencia,84,0.000000,0.0029,0.0007,8.29074,14.35800
c=B dc=- h=B dh=- L=M dL=- preo=A,calma,84,0.000000,0.0217,0.0049,7.86930,10.67114
c=M dc=- h=A dh=0 L=A dL=- preo=B,emergencia,83,0.000000,0.0539,0.0123,5.82880,10.06719
c=M dc=+ h=B dh=- L=B dL=0 preo=A,prop_rapida,83,0.000000,0.1863,0.0424,5.60235,8.27025
c=B dc=0 h=A dh=0 L=M dL=0 preo=M,emergencia,83,0.000000,0.1355,0.0308,3.64160,10.68807
c=B dc=0 h=A dh=- L=M dL=0 preo=B,emergencia,82,0.000000,0.0196,0.0045,6.52528,13.57732
c=B dc=- h=B dh=+ L=M dL=0 preo=A,calma,82,0.000000,0.1366,0.0311,4.85730,8.88575
c=M dc=+ h=M dh=+ L=A dL=+ preo=M,prop_rapida,82,0.000000,0.0086,0.0020,11.66801,11.52734
c=B dc=0 h=B dh=+ L=M dL=- preo=A,calma,82,0.000000,0.4784,0.1089,3.30117,7.40748
c=M dc=+ h=A dh=+ L=M dL=0 preo=A,emergencia,82,0.000027,4.0558,0.9229,1.11172,2.72731
c=B dc=0 h=M dh=0 L=A dL=+ preo=A,calma,81,0.000000,0.0547,0.0124,5.99176,9.88163
c=M dc=+ h=A dh=+ L=A dL=+ preo=M,emergencia,81,0.000000,0.0296,0.0067,6.35121,10.77464
c=M dc=+ h=A dh=+ L=B dL=0 preo=A,emergencia,81,0.000000,4.2241,0.9612,1.26319,2.26580
c=A dc=- h=A dh=- L=M dL=+ preo=B,emergencia,80,0.000000,0.4318,0.0983,7.16297,7.20912
c=B dc=+ h=M dh=+ L=A dL=0 preo=B,prop_lenta,80,0.000000,0.0109,0.0025,7.22167,14.00318
c=A dc=- h=A dh=- L=A dL=0 preo=M,emergencia,80,0.000000,4.3577,0.9916,1.18859,1.37505
c=M dc=+ h=M dh=+ L=B dL=0 preo=A,prop_rapida,79,0.000000,3.9285,0.8940,0.18139,2.58884
c=A dc=0 h=M dh=0 L=B dL=+ preo=B,emergencia,78,0.000000,3.3740,0.7678,3.89837,3.85190
c=M dc=0 h=A dh=0 L=M dL=+ preo=M,emergencia,78,0.000000,0.0470,0.0107,9.81099,9.69689
c=A dc=0 h=M dh=+ L=B dL=- preo=A,emergencia,78,0.000027,4.3650,0.9933,0.00000,0.23569
c=B dc=0 h=A dh=+ L=A dL=0 preo=A,emergencia,78,0.000000,3.8729,0.8813,3.22049,3.20321
c=A dc=- h=B dh=+ L=B dL=0 preo=A,emergencia,77,0.000000,4.3559,0.9912,0.86448,1.16779
c=B dc=0 h=A dh=0 L=M dL=+ preo=M,emergencia,77,0.000000,0.0045,0.0010,12.37395,12.23242
c=A dc=+ h=A dh=+ L=B dL=0 preo=B,emergencia,76,0.000000,4.1035,0.9338,2.43449,2.69433
c=B dc=- h=B dh=- L=B dL=+ preo=A,calma,76,0.000000,0.2316,0.0527,2.97666,10.21651
c=A dc=0 h=M dh=0 L=M dL=+ preo=M,emergencia,76,0.000000,0.0238,0.0054,7.30387,10.67012
c=M dc=0 h=A dh=+ L=A dL=- preo=B,emergencia,76,0.000000,0.4837,0.1101,4.25252,7.18423
c=B dc=- h=B dh=0 L=B dL=- preo=M,calma,76,0.000000,0.0002,0.0001,15.56240,15.37027
c=A dc=+ h=M dh=0 L=M dL=+ preo=M,emergencia,75,0.000000,0.0385,0.0088,6.68959,10.16284
c=M dc=+ h=M dh=+ L=B dL=+ preo=M,prop_rapida,75,0.000000,0.0057,0.0013,8.01620,12.70178
c=B dc=- h=A dh=0 L=M dL=0 preo=M,emergencia,75,0.000000,0.0647,0.0147,5.55876,10.38760
c=B dc=+ h=B dh=+ L=M dL=+ preo=M,prop_lenta,75,0.000000,0.0058,0.0013,7.91520,14.44582
c=A dc=0 h=M dh=0 L=B dL=- preo=M,emergencia,74,0.000000,0.0168,0.0038,7.76942,11.09999
c=A dc=+ h=M dh=0 L=B dL=- preo=A,emergencia,74,0.000000,1.8109,0.4121,4.02942,5.28726
c=A dc=+ h=B dh=- L=M dL=- preo=M,emergencia,74,0.000000,0.1325,0.0301,4.57626,9.08671
c=B dc=+ h=B dh=+ L=B dL=+ preo=M,prop_lenta,74,0.000027,0.0032,0.0007,8.19333,14.10724
c=M dc=+ h=M dh=0 L=B dL=+ preo=M,prop_rapida,74,0.000000,0.1709,0.0389,4.09162,9.48330
c=B dc=0 h=B dh=0 L=A dL=- preo=A,calma,74,0.000000,0.5112,0.1163,2.58251,8.89750
c=M dc=- h=M dh=0 L=A dL=+ preo=A,calma,74,0.000000,0.3913,0.0890,6.70947,7.32237
c=B dc=0 h=M dh=0 L=M dL=+ preo=A,calma,73,0.000000,0.0463,0.0105,6.34352,10.00275
c=A dc=+ h=A dh=0 L=M dL=+ preo=A,emergencia,73,0.000000,4.3091,0.9806,1.36558,1.72670
c=A dc=0 h=B dh=+ L=B dL=0 preo=B,emergencia,73,0.000000,0.0017,0.0004,10.03480,14.01027
c=B dc=+ h=M dh=0 L=M dL=+ preo=M,prop_lenta,72,0.000000,0.0064,0.0015,8.26308,12.28562
c=A dc=+ h=B dh=0 L=M dL=+ preo=M,emergencia,72,0.000000,0.0134,0.0030,11.18962,11.05928
c=M dc=- h=A dh=- L=A dL=- preo=M,emergencia,72,0.000000,0.7871,0.1791,6.53954,6.45880
c=A dc=0 h=M dh=- L=B dL=- preo=M,emergencia,72,0.000000,0.1572,0.0358,4.79823,8.68423
c=A dc=0 h=A dh=- L=B dL=- preo=B,emergencia,72,0.000000,4.2998,0.9785,1.79912,1.91769
c=A dc=- h=M dh=- L=A dL=+ preo=A,emergencia,72,0.000000,3.3910,0.7717,3.76473,3.83639
c=A dc=- h=B dh=- L=M dL=- preo=M,emergencia,71,0.000000,0.0420,0.0096,6.05482,10.46266
c=B dc=0 h=A dh=0 L=A dL=- preo=B,emergencia,71,0.000000,0.0023,0.0005,13.11556,12.95364
c=B dc=- h=M dh=- L=A dL=0 preo=A,calma,71,0.000000,0.2859,0.0651,3.41867,8.92214
c=A dc=- h=A dh=0 L=B dL=- preo=B,emergencia,70,0.000000,2.9880,0.6799,4.09437,4.24391
c=B dc=+ h=M dh=+ L=B dL=0 preo=A,prop_lenta,69,0.000000,0.7685,0.1749,6.12709,6.49057
c=M dc=0 h=A dh=- L=M dL=- preo=B,emergencia,69,0.000000,0.3196,0.0727,3.03645,8.50341
c=A dc=- h=A dh=- L=A dL=- preo=M,emergencia,69,0.000000,4.3794,0.9966,0.83874,0.87404
c=M dc=+ h=A dh=+ L=M dL=+ preo=M,emergencia,69,0.000000,0.0737,0.0168,9.30151,9.20252
c=M dc=+ h=M dh=- L=A dL=- preo=B,prop_rapida,69,0.000000,0.0007,0.0002,11.01424,14.51168
c=M dc=- h=A dh=0 L=A dL=0 preo=B,emergencia,68,0.000000,0.2147,0.0489,5.49427,8.11475
c=M dc=0 h=M dh=- L=B dL=+ preo=M,calma,68,0.000000,0.2149,0.0489,4.24344,9.38396
c=M dc=- h=A dh=- L=M dL=+ preo=B,emergencia,68,0.000000,0.3128,0.0712,3.10663,8.37704
c=A dc=+ h=B dh=+ L=B dL=0 preo=A,emergencia,68,0.000000,0.5570,0.1268,6.89120,6.89751
c=B dc=+ h=B dh=0 L=A dL=0 preo=B,prop_lenta,68,0.000000,0.0009,0.0002,9.91483,14.88373
c=M dc=0 h=A dh=0 L=A dL=- preo=A,emergencia,68,0.000000,4.2134,0.9588,1.35140,2.30991
c=A dc=- h=M dh=0 L=A dL=+ preo=A,emergencia,67,0.000000,4.2253,0.9615,2.24943,2.33031
c=A dc=0 h=M dh=+ L=B dL=+ preo=M,emergencia,67,0.000000,0.1707,0.0388,5.04410,8.50502
c=A dc=0 h=B dh=- L=M dL=- preo=M,emergencia,67,0.000000,0.1811,0.0412,4.28249,8.67702
c=B dc=0 h=A dh=0 L=A dL=0 preo=B,emergencia,66,0.000000,0.0051,0.0012,12.23393,12.08289
c=M dc=- h=A dh=+ L=M dL=0 preo=A,emergencia,66,0.000000,3.3009,0.7512,3.81440,3.93435
c=B dc=0 h=B dh=0 L=A dL=0 preo=A,calma,66,0.000000,0.2043,0.0465,4.87453,8.71780
c=B dc=0 h=B dh=- L=M dL=0 preo=A,calma,66,0.000000,0.0197,0.0045,7.11684,11.37480
c=B dc=+ h=M dh=- L=M dL=0 preo=A,prop_lenta,66,0.000000,0.1514,0.0345,4.24519,9.39970
c=A dc=0 h=M dh=0 L=M dL=- preo=B,emergencia,66,0.000000,1.2874,0.2930,5.84049,5.79926
c=M dc=0 h=A dh=- L=A dL=+ preo=M,emergencia,65,0.000000,0.1158,0.0263,5.58457,8.90533
c=M dc=0 h=A dh=+ L=A dL=+ preo=B,emergencia,65,0.000000,0.0094,0.0021,7.29957,12.98562
c=A dc=- h=A dh=- L=M dL=- preo=B,emergencia,65,0.000000,3.9751,0.9046,2.80728,3.01353
c=M dc=+ h=M dh=0 L=A dL=+ preo=M,prop_rapida,65,0.000000,0.0269,0.0061,10.42755,10.30353
c=M dc=0 h=B dh=0 L=A dL=+ preo=M,calma,65,0.000000,0.0018,0.0004,13.35079,13.19401
c=B dc=+ h=B dh=0 L=M dL=+ preo=M,prop_lenta,64,0.000000,0.0023,0.0005,13.11357,12.95167
c=M dc=- h=M dh=+ L=A dL=0 preo=A,calma,64,0.000000,1.2701,0.2890,5.84653,5.81540
c=A dc=- h=M dh=- L=M dL=+ preo=M,emergencia,64,0.000000,0.5041,0.1147,7.07490,7.01324
c=A dc=0 h=M dh=0 L=M dL=- preo=A,emergencia,64,0.000000,4.3800,0.9967,0.24705,0.34311
c=M dc=+ h=A dh=- L=A dL=- preo=A,emergencia,64,0.000000,3.9218,0.8924,3.08452,3.11732
c=M dc=0 h=M dh=+ L=B dL=0 preo=B,calma,64,0.000000,0.0009,0.0002,14.11149,13.93727
c=M dc=+ h=M dh=0 L=A dL=- preo=B,prop_rapida,63,0.000000,0.0218,0.0050,6.00356,13.46256
c=A dc=- h=M dh=- L=M dL=- preo=M,emergencia,63,0.000000,0.0798,0.0182,4.85962,9.93619
c=B dc=0 h=B dh=+ L=M dL=0 preo=A,calma,63,0.000000,0.5833,0.1327,2.46820,7.96718
c=M dc=0 h=B dh=+ L=B dL=0 preo=B,calma,63,0.000000,0.0005,0.0001,14.63739,14.46512
c=A dc=0 h=B dh=0 L=M dL=- preo=M,emergencia,63,0.000000,0.3512,0.0799,5.56633,7.48091
c=A dc=- h=A dh=+ L=B dL=0 preo=M,emergencia,62,0.000000,4.3232,0.9838,0.86476,1.26872
c=A dc=0 h=B dh=- L=B dL=0 preo=B,emergencia,62,0.000000,0.0151,0.0034,11.06541,10.93124
c=M dc=- h=M dh=- L=M dL=+ preo=A,calma,62,0.000000,0.0860,0.0196,9.09436,9.03667
c=A dc=+ h=B dh=+ L=B dL=0 preo=M,emergencia,62,0.000027,0.1301,0.0296,4.87687,8.95906
c=M dc=0 h=A dh=0 L=M dL=- preo=B,emergencia,62,0.000000,0.2332,0.0531,8.00665,7.91318
c=A dc=+ h=M dh=0 L=A dL=+ preo=B,emergencia,62,0.000000,0.0046,0.0010,12.35819,12.20562
c=M dc=- h=A dh=0 L=A dL=- preo=M,emergencia,61,0.000000,3.9149,0.8909,3.09122,3.13178
c=M dc=+ h=A dh=0 L=M dL=- preo=B,emergencia,61,0.000000,0.0170,0.0039,8.18961,10.92444
c=A dc=- h=B dh=0 L=B dL=+ preo=B,emergencia,61,0.000000,0.0087,0.0020,7.49481,13.76231
c=A dc=+ h=M dh=- L=A dL=+ preo=B,emergencia,61,0.000000,0.1784,0.0406,8.31929,8.21658
c=M dc=0 h=A dh=0 L=M dL=+ preo=B,emergencia,61,0.000000,0.2907,0.0662,5.65841,7.70800
c=M dc=- h=A dh=- L=A dL=0 preo=M,emergencia,60,0.000000,0.2608,0.0593,4.59095,8.23471
c=A dc=0 h=B dh=+ L=M dL=+ preo=M,emergencia,60,0.000000,0.0138,0.0031,7.27042,11.53745
c=A dc=+ h=M dh=- L=M dL=- preo=M,emergencia,60,0.000000,0.3155,0.0718,3.28235,8.84956
c=M dc=+ h=B dh=- L=M dL=0 preo=M,prop_rapida,60,0.000000,0.0018,0.0004,13.38822,13.23103
c=M dc=0 h=A dh=- L=A dL=+ preo=B,emergencia,60,0.000000,0.2113,0.0481,8.12303,8.02563
c=A dc=0 h=M dh=- L=M dL=+ preo=B,emergencia,59,0.000000,0.0707,0.0161,9.36292,9.24733
c=M dc=- h=A dh=0 L=A dL=0 preo=M,emergencia,59,0.000000,4.2860,0.9753,1.19913,2.02939
c=A dc=0 h=A dh=0 L=B dL=+ preo=M,emergencia,59,0.000000,4.3699,0.9944,0.00000,0.18383
c=A dc=0 h=A dh=+ L=M dL=+ preo=B,emergencia,58,0.000000,4.2313,0.9629,2.19419,2.29143
c=M dc=- h=A dh=- L=B dL=- preo=M,emergencia,58,0.000000,0.1804,0.0411,6.03973,8.26704
c=B dc=0 h=B dh=+ L=B dL=+ preo=A,calma,58,0.000027,0.0019,0.0004,13.31283,13.15008
c=B dc=- h=B dh=- L=B dL=0 preo=A,calma,58,0.000027,0.0021,0.0005,13.20505,13.04203
c=B dc=- h=A dh=0 L=A dL=0 preo=B,emergencia,58,0.000000,0.4294,0.0977,2.43160,9.95398
c=M dc=0 h=A dh=0 L=M dL=- preo=M,emergencia,58,0.000027,2.5770,0.5864,1.09060,4.56416
c=M dc=- h=A dh=0 L=M dL=0 preo=A,emergencia,57,0.000000,3.8213,0.8696,3.13394,3.28419
c=B dc=+ h=A dh=- L=B dL=0 preo=M,emergencia,57,0.000000,0.0056,0.0013,12.13820,11.99778
c=A dc=+ h=A dh=+ L=B dL=+ preo=M,emergencia,57,0.000000,1.4526,0.3306,5.50918,5.64775
c=A dc=- h=B dh=0 L=A dL=- preo=B,emergencia,57,0.000000,0.0033,0.0007,8.29779,14.71347
c=A dc=+ h=B dh=+ L=M dL=+ preo=A,emergencia,56,0.000027,4.3065,0.9800,1.90228,1.91860
c=A dc=+ h=B dh=+ L=B dL=+ preo=A,emergencia,56,0.000000,3.8274,0.8710,3.24568,3.27611
c=A dc=+ h=M dh=0 L=B dL=0 preo=M,emergencia,56,0.000000,0.0958,0.0218,9.01910,8.91283
c=M dc=+ h=A dh=- L=M dL=+ preo=B,emergencia,56,0.000000,0.0245,0.0056,7.24414,10.64345
c=B dc=- h=B dh=- L=M dL=0 preo=A,calma,56,0.000000,0.0306,0.0070,6.29132,11.40994
c=M dc=- h=A dh=+ L=M dL=+ preo=B,emergencia,56,0.000000,0.8082,0.1839,6.49727,6.42568
c=A dc=+ h=B dh=- L=B dL=- preo=A,emergencia,55,0.000027,0.1481,0.0337,7.52838,8.43583
c=A dc=+ h=B dh=+ L=M dL=- preo=M,emergencia,55,0.000000,0.0079,0.0018,8.30091,11.93743
c=A dc=- h=A dh=0 L=M dL=+ preo=B,emergencia,55,0.000000,4.2993,0.9783,1.67802,1.86229
c=M dc=0 h=A dh=+ L=A dL=0 preo=A,emergencia,55,0.000000,4.2723,0.9722,1.12388,2.07129
c=M dc=0 h=A dh=+ L=M dL=+ preo=B,emergencia,54,0.000000,0.0647,0.0147,4.54000,11.80346
c=M dc=+ h=B dh=- L=M dL=+ preo=A,prop_rapida,54,0.000000,1.5452,0.3516,0.18890,5.79663
c=M dc=0 h=A dh=0 L=A dL=+ preo=M,emergencia,54,0.000000,0.7459,0.1697,6.60591,6.52765
c=M dc=0 h=A dh=- L=A dL=0 preo=A,emergencia,54,0.000000,4.2035,0.9566,0.71873,2.26117
c=A dc=- h=M dh=- L=M dL=+ preo=A,emergencia,54,0.000000,4.3859,0.9980,0.09034,0.23236
c=B dc=0 h=M dh=- L=B dL=+ preo=M,calma,54,0.000000,0.0071,0.0016,7.39724,14.27955
c=B dc=+ h=B dh=+ L=M dL=- preo=A,prop_lenta,53,0.000000,0.1361,0.0310,8.61028,8.52764
c=B dc=+ h=M dh=- L=B dL=+ preo=A,prop_lenta,53,0.000000,0.0702,0.0160,7.00447,9.33179
c=A dc=0 h=A dh=- L=A dL=+ preo=B,emergencia,53,0.000000,4.2408,0.9650,2.30574,2.28570
c=A dc=- h=B dh=+ L=A dL=0 preo=M,emergencia,53,0.000000,0.3573,0.0813,7.51077,7.41989
c=A dc=- h=A dh=0 L=M dL=- preo=M,emergencia,53,0.000000,4.3665,0.9936,0.59007,0.72503
c=A dc=- h=B dh=- L=A dL=- preo=B,emergencia,53,0.000000,0.0038,0.0009,12.57181,12.41660
c=B dc=+ h=M dh=0 L=A dL=0 preo=B,prop_lenta,53,0.000000,0.0003,0.0001,12.53218,15.09012
c=A dc=- h=M dh=+ L=A dL=- preo=M,emergencia,52,0.000000,2.2725,0.5171,4.79508,4.86450
c=B dc=- h=M dh=+ L=B dL=- preo=A,calma,52,0.000027,3.8784,0.8826,1.33315,3.10170
c=A dc=- h=M dh=+ L=B dL=- preo=B,emergencia,52,0.000000,4.3811,0.9970,0.44048,0.50924
c=M dc=+ h=B dh=0 L=B dL=+ preo=M,prop_rapida,52,0.000000,0.0113,0.0026,7.25636,11.94725
c=M dc=- h=B dh=0 L=M dL=0 preo=M,calma,52,0.000000,0.0006,0.0001,10.20437,15.39428
c=A dc=0 h=M dh=0 L=M dL=- preo=M,emergencia,52,0.000000,0.6096,0.1387,3.82495,6.91584
c=M dc=+ h=B dh=- L=A dL=0 preo=B,prop_rapida,52,0.000000,0.0024,0.0006,8.56247,14.27498
c=M dc=- h=B dh=+ L=M dL=0 preo=M,calma,51,0.000027,0.0210,0.0048,6.52131,11.71223
c=A dc=0 h=A dh=+ L=B dL=+ preo=B,emergencia,51,0.000000,4.3661,0.9935,0.03722,0.27119
c=M dc=- h=M dh=+ L=M dL=- preo=A,calma,51,0.000000,4.2362,0.9640,0.88888,2.20307
c=M dc=0 h=A dh=- L=M dL=- preo=M,emergencia,51,0.000000,0.6062,0.1379,6.87118,6.78635
c=A dc=- h=M dh=+ L=M dL=0 preo=A,emergencia,51,0.000000,4.3625,0.9927,0.00000,0.20286
c=M dc=0 h=B dh=0 L=B dL=0 preo=B,calma,51,0.000137,0.0033,0.0008,8.83217,15.81494
c=M dc=+ h=B dh=- L=A dL=+ preo=M,prop_rapida,51,0.000000,0.0194,0.0044,6.27909,11.86385
c=A dc=0 h=A dh=+ L=A dL=+ preo=B,emergencia,50,0.000000,4.3824,0.9973,0.57271,0.62104
c=B dc=+ h=B dh=+ L=M dL=0 preo=A,prop_lenta,50,0.000000,0.5453,0.1241,3.78389,7.08735
c=M dc=- h=M dh=0 L=A dL=- preo=M,calma,50,0.000000,0.0067,0.0015,7.27588,13.76562
c=M dc=0 h=M dh=+ L=B dL=0 preo=M,calma,50,0.000000,0.0596,0.0136,4.94680,10.90958
c=A dc=- h=M dh=+ L=B dL=+ preo=B,emergencia,49,0.000000,0.0409,0.0093,9.96170,9.84804
c=M dc=0 h=A dh=0 L=M dL=0 preo=A,emergencia,49,0.000000,3.8495,0.8760,1.55545,3.20248
c=M dc=- h=A dh=0 L=M dL=- preo=M,emergencia,49,0.000000,0.5157,0.1173,7.06670,6.98397
c=M dc=+ h=A dh=0 L=A dL=+ preo=M,emergencia,49,0.000000,0.1888,0.0430,7.41549,8.15787
c=M dc=+ h=B dh=0 L=B dL=+ preo=A,prop_rapida,49,0.000000,0.1792,0.0408,5.81678,8.30236
c=A dc=0 h=B dh=- L=B dL=+ preo=M,emergencia,48,0.000000,0.0098,0.0022,9.61748,11.44097
c=A dc=+ h=A dh=+ L=B dL=0 preo=M,emergencia,48,0.000000,4.3532,0.9906,1.05044,1.19126
c=B dc=- h=M dh=+ L=M dL=- preo=A,calma,48,0.000000,0.0468,0.0106,8.27242,9.72305
c=A dc=+ h=A dh=+ L=M dL=0 preo=A,emergencia,48,0.000000,4.3521,0.9904,0.00000,0.30805
c=M dc=0 h=M dh=- L=M dL=+ preo=A,calma,48,0.000000,0.5733,0.1305,3.36210,7.09723
c=B dc=+ h=A dh=+ L=M dL=+ preo=M,emergencia,47,0.000000,0.0673,0.0153,5.44315,9.80674
c=B dc=+ h=B dh=0 L=B dL=0 preo=M,prop_lenta,47,0.000000,0.0032,0.0007,8.30778,13.82313
c=B dc=+ h=B dh=0 L=B dL=+ preo=M,prop_lenta,47,0.000000,0.0005,0.0001,14.80382,14.62106
c=B dc=+ h=A dh=0 L=B dL=0 preo=A,emergencia,47,0.000000,3.7227,0.8471,3.40440,3.43103
c=M dc=0 h=M dh=0 L=M dL=0 preo=M,calma,47,0.000000,0.0141,0.0032,7.66845,11.30671
c=A dc=- h=M dh=0 L=M dL=+ preo=M,emergencia,47,0.000000,0.0551,0.0125,7.56701,9.57245
c=A dc=+ h=A dh=0 L=M dL=0 preo=A,emergencia,47,0.000000,4.3586,0.9919,0.04302,0.31614
c=M dc=0 h=M dh=0 L=A dL=0 preo=B,calma,47,0.000000,0.0127,0.0029,6.50488,13.28253
c=M dc=+ h=B dh=+ L=B dL=+ preo=M,prop_rapida,47,0.000027,0.0038,0.0009,12.56707,12.41535
c=M dc=0 h=A dh=- L=A dL=- preo=B,emergencia,47,0.000000,0.0510,0.0116,5.97844,10.01594
c=A dc=0 h=A dh=+ L=M dL=- preo=M,emergencia,47,0.000000,3.6254,0.8250,3.47563,3.56454
c=M dc=- h=A dh=- L=M dL=- preo=M,emergencia,47,0.000000,0.4112,0.0936,6.39935,7.26212
c=B dc=- h=B dh=0 L=B dL=- preo=A,calma,46,0.000000,0.0552,0.0126,6.52730,9.82171
c=M dc=0 h=B dh=0 L=B dL=+ preo=A,calma,46,0.000000,0.5710,0.1299,1.58751,8.45770
c=B dc=+ h=A dh=+ L=B dL=0 preo=A,emergencia,46,0.000000,1.2667,0.2882,5.86072,5.82052
c=A dc=0 h=A dh=0 L=B dL=0 preo=M,emergencia,45,0.000000,4.3745,0.9955,0.00000,0.12717
c=M dc=+ h=B dh=0 L=B dL=0 preo=A,prop_rapida,45,0.000000,0.1953,0.0444,4.12604,8.71643
c=A dc=- h=M dh=0 L=M dL=- preo=M,emergencia,45,0.000000,0.0169,0.0039,7.43689,11.84892
c=M dc=+ h=A dh=- L=M dL=+ preo=M,emergencia,45,0.000000,0.0870,0.0198,8.06533,9.02939
c=A dc=0 h=A dh=+ L=A dL=- preo=A,emergencia,45,0.000000,4.3781,0.9963,0.46750,0.53320
c=A dc=0 h=A dh=+ L=B dL=0 preo=B,emergencia,44,0.000000,4.3581,0.9917,0.37066,0.60039
c=A dc=+ h=B dh=+ L=B dL=+ preo=M,emergencia,44,0.000027,0.3751,0.0854,2.95354,8.06717
c=A dc=0 h=B dh=+ L=M dL=- preo=M,emergencia,44,0.000000,0.0323,0.0074,6.97803,10.32783
c=M dc=- h=M dh=+ L=B dL=- preo=A,calma,44,0.000000,2.8954,0.6589,3.33310,4.32184
c=M dc=+ h=A dh=0 L=M dL=+ preo=B,emergencia,43,0.000000,0.5103,0.1161,2.58516,7.62096
c=M dc=0 h=B dh=+ L=M dL=0 preo=M,calma,43,0.000000,0.0033,0.0008,12.70804,12.55115
c=A dc=- h=M dh=+ L=B dL=- preo=M,emergencia,42,0.000000,0.4478,0.1019,7.22796,7.15435
c=B dc=0 h=M dh=0 L=M dL=- preo=A,calma,42,0.000000,0.0487,0.0111,8.13177,9.68249
c=B dc=- h=M dh=0 L=M dL=+ preo=A,calma,42,0.000027,0.0372,0.0085,7.75976,10.02260
c=M dc=+ h=A dh=+ L=M dL=0 preo=M,emergencia,42,0.000000,0.1015,0.0231,8.94972,8.84888
c=M dc=0 h=A dh=0 L=B dL=+ preo=A,emergencia,42,0.000000,3.4199,0.7782,3.76407,3.80611
c=M dc=- h=A dh=- L=M dL=- preo=B,emergencia,42,0.000000,0.0848,0.0193,9.15953,9.04645
c=A dc=+ h=A dh=- L=M dL=- preo=B,emergencia,42,0.000000,0.1090,0.0248,8.62370,8.77275
c=A dc=0 h=B dh=+ L=M dL=+ preo=A,emergencia,41,0.000000,2.2746,0.5176,4.87568,4.86259
c=M dc=0 h=B dh=- L=B dL=+ preo=A,calma,41,0.000000,0.4274,0.0973,2.89004,7.81662
c=A dc=0 h=B dh=+ L=M dL=- preo=A,emergencia,41,0.000000,2.5262,0.5749,4.63817,4.64699
c=B dc=0 h=A dh=0 L=A dL=0 preo=M,emergencia,41,0.000000,0.0957,0.0218,4.61804,10.64582
c=M dc=+ h=A dh=- L=A dL=+ preo=B,emergencia,41,0.000000,0.0124,0.0028,11.28049,11.14122
c=A dc=0 h=A dh=0 L=M dL=0 preo=M,emergencia,41,0.000000,4.3784,0.9963,0.00000,0.10580
c=M dc=0 h=M dh=0 L=B dL=0 preo=B,calma,41,0.000000,0.0195,0.0044,6.38122,12.66875
c=M dc=0 h=M dh=- L=A dL=0 preo=B,calma,41,0.000000,0.0003,0.0001,15.35998,15.17035
c=M dc=0 h=A dh=+ L=A dL=0 preo=B,emergencia,40,0.000000,0.1046,0.0238,8.92451,8.81433
c=B dc=0 h=A dh=+ L=A dL=- preo=B,emergencia,40,0.000000,0.0033,0.0008,12.70143,12.54462
c=A dc=+ h=M dh=+ L=A dL=+ preo=M,emergencia,40,0.000000,0.0476,0.0108,8.17564,9.70846
c=A dc=+ h=M dh=0 L=M dL=- preo=M,emergencia,40,0.000000,0.0730,0.0166,6.50948,9.34356
c=M dc=+ h=A dh=0 L=M dL=0 preo=A,emergencia,40,0.000000,2.8296,0.6439,4.38906,4.38031
c=M dc=0 h=M dh=- L=A dL=- preo=M,calma,40,0.000000,0.0327,0.0074,10.21603,10.08991
c=B dc=0 h=A dh=+ L=A dL=0 preo=B,emergencia,40,0.000000,0.0071,0.0016,11.87797,11.73133
c=M dc=0 h=B dh=0 L=M dL=- preo=A,calma,40,0.000000,0.7625,0.1735,1.52625,7.30360
c=A dc=0 h=M dh=- L=M dL=- preo=M,emergencia,40,0.000000,0.0608,0.0138,6.27858,9.63128
c=A dc=0 h=A dh=- L=M dL=- preo=B,emergencia,40,0.000000,2.2060,0.5020,4.95524,4.91987
c=M dc=+ h=M dh=- L=M dL=+ preo=A,prop_rapida,40,0.000000,0.5099,0.1160,7.03025,6.99902
c=B dc=0 h=M dh=- L=A dL=0 preo=A,calma,39,0.000000,0.0502,0.0114,5.63503,10.23728
c=M dc=0 h=A dh=+ L=M dL=0 preo=A,emergencia,39,0.000000,4.2685,0.9713,2.01741,2.11032
c=B dc=+ h=B dh=+ L=A dL=+ preo=A,prop_lenta,39,0.000027,0.1959,0.0446,4.28108,8.53697
c=A dc=0 h=M dh=+ L=M dL=+ preo=A,emergencia,39,0.000000,4.3606,0.9923,1.14665,1.24355
c=M dc=+ h=A dh=0 L=B dL=0 preo=A,emergencia,39,0.000000,4.2658,0.9707,2.04464,2.13378
c=M dc=0 h=B dh=0 L=M dL=0 preo=M,calma,38,0.000000,0.0687,0.0156,5.47649,9.75159
c=M dc=0 h=A dh=+ L=A dL=- preo=M,emergencia,38,0.000000,2.5397,0.5779,0.24989,4.41897
c=A dc=0 h=M dh=0 L=M dL=0 preo=A,emergencia,38,0.000000,4.3841,0.9976,0.00000,0.07288
c=A dc=- h=B dh=- L=A dL=- preo=M,emergencia,37,0.000000,0.1427,0.0325,5.98837,8.56202
c=A dc=+ h=M dh=+ L=B dL=0 preo=A,emergencia,37,0.000000,4.1065,0.9345,2.62762,2.71050
c=M dc=0 h=M dh=- L=B dL=- preo=A,calma,37,0.000000,0.0613,0.0139,9.49049,9.40855
c=M dc=0 h=M dh=+ L=B dL=+ preo=M,calma,37,0.000000,0.0065,0.0015,7.78586,12.63569
c=B dc=- h=A dh=0 L=B dL=- preo=B,emergencia,37,0.000000,0.0027,0.0006,9.98222,12.94255
c=B dc=+ h=A dh=0 L=A dL=0 preo=A,emergencia,36,0.000000,3.6431,0.8290,3.57310,3.53744
c=A dc=+ h=M dh=0 L=M dL=- preo=B,emergencia,36,0.000000,0.0021,0.0005,13.22632,13.06304
c=M dc=0 h=M dh=- L=B dL=0 preo=B,calma,36,0.000000,0.0062,0.0014,7.82878,13.50741
c=A dc=0 h=A dh=- L=A dL=+ preo=A,emergencia,36,0.000000,4.3738,0.9953,0.46032,0.59440
c=M dc=0 h=A dh=- L=B dL=- preo=B,emergencia,36,0.000000,2.7181,0.6185,4.53106,4.47537
c=A dc=0 h=A dh=+ L=A dL=0 preo=A,emergencia,36,0.000000,4.3265,0.9845,1.64165,1.69514
c=A dc=+ h=B dh=0 L=B dL=- preo=A,emergencia,36,0.000027,1.6357,0.3722,3.27676,5.47490
c=A dc=0 h=M dh=- L=B dL=+ preo=B,emergencia,36,0.000000,0.0045,0.0010,11.89492,12.22370
c=B dc=0 h=M dh=- L=B dL=0 preo=A,calma,35,0.000000,0.0502,0.0114,9.74432,9.62402
c=M dc=+ h=M dh=- L=B dL=+ preo=A,prop_rapida,35,0.000000,0.0564,0.0128,7.86347,9.52829
c=B dc=- h=A dh=0 L=M dL=0 preo=B,emergencia,35,0.000000,0.0026,0.0006,8.61846,13.94993
c=M dc=+ h=A dh=+ L=B dL=+ preo=B,emergencia,35,0.000000,0.0081,0.0018,11.73992,11.60040
c=A dc=+ h=B dh=0 L=M dL=- preo=M,emergencia,35,0.000000,0.1273,0.0290,8.69419,8.59693
c=B dc=- h=B dh=+ L=A dL=0 preo=A,calma,35,0.000000,0.0680,0.0155,9.40706,9.29093
c=A dc=+ h=B dh=- L=A dL=+ preo=M,emergencia,35,0.000000,0.2585,0.0588,3.41621,8.55657
c=A dc=0 h=M dh=- L=B dL=+ preo=M,emergencia,35,0.000000,0.0366,0.0083,10.08870,9.97022
c=A dc=+ h=A dh=+ L=M dL=- preo=M,emergencia,35,0.000000,4.2301,0.9626,1.78176,2.29434
c=M dc=+ h=B dh=0 L=B dL=0 preo=M,prop_rapida,35,0.000000,0.0065,0.0015,11.98028,11.83237
c=A dc=0 h=M dh=0 L=B dL=0 preo=B,emergencia,35,0.000000,1.5099,0.3436,5.62385,5.55943
c=M dc=0 h=A dh=0 L=A dL=0 preo=A,emergencia,34,0.000000,4.3682,0.9940,1.13930,1.17355
c=A dc=+ h=A dh=- L=B dL=+ preo=B,emergencia,34,0.000000,3.7305,0.8489,3.38671,3.42025
c=B dc=- h=M dh=+ L=A dL=- preo=A,calma,33,0.000000,0.2109,0.0480,7.02146,8.03722
c=A dc=0 h=M dh=0 L=B dL=0 preo=A,emergencia,33,0.000000,4.3742,0.9954,0.00000,0.10497
c=M dc=+ h=M dh=+ L=M dL=+ preo=A,prop_rapida,33,0.000000,0.6429,0.1463,5.15673,6.73792
c=A dc=+ h=M dh=- L=A dL=+ preo=M,emergencia,33,0.000000,0.1800,0.0410,8.30963,8.20705
c=A dc=0 h=M dh=0 L=B dL=+ preo=M,emergencia,33,0.000000,0.0059,0.0013,12.07996,11.94450
c=B dc=0 h=A dh=+ L=A dL=- preo=M,emergencia,33,0.000000,0.0160,0.0036,7.22708,11.30304
c=B dc=0 h=B dh=+ L=M dL=0 preo=M,calma,33,0.000000,0.0006,0.0001,10.13658,15.88101
c=A dc=- h=A dh=- L=B dL=- preo=B,emergencia,32,0.000000,4.0756,0.9274,2.76510,2.79620
c=A dc=+ h=B dh=0 L=B dL=0 preo=M,emergencia,32,0.000027,0.7112,0.1618,3.46700,6.74324
c=M dc=0 h=B dh=- L=B dL=- preo=A,calma,32,0.000027,0.5315,0.1210,7.02972,6.94764
c=M dc=0 h=B dh=- L=B dL=+ preo=M,calma,32,0.000000,0.0334,0.0076,5.68786,11.94854
c=M dc=+ h=B dh=+ L=A dL=0 preo=B,prop_rapida,32,0.000000,0.0029,0.0007,8.18457,14.99251
c=M dc=0 h=A dh=- L=M dL=+ preo=B,emergencia,32,0.000000,0.0184,0.0042,10.84188,10.71576
c=M dc=+ h=B dh=+ L=M dL=0 preo=M,prop_rapida,32,0.000027,0.0013,0.0003,13.73329,13.56942
c=M dc=- h=A dh=0 L=B dL=- preo=M,emergencia,32,0.000000,0.3934,0.0895,7.39621,7.30691
c=M dc=+ h=B dh=0 L=A dL=0 preo=B,prop_rapida,32,0.000000,0.0018,0.0004,13.38832,13.22303
c=A dc=0 h=B dh=0 L=B dL=+ preo=M,emergencia,32,0.000000,3.6691,0.8349,3.54285,3.50334
c=B dc=- h=B dh=0 L=M dL=- preo=A,calma,32,0.000000,0.0927,0.0211,9.05982,8.94850
c=M dc=+ h=A dh=+ L=A dL=+ preo=B,emergencia,32,0.000000,0.0787,0.0179,4.61974,10.33464
c=A dc=- h=A dh=0 L=M dL=+ preo=M,emergencia,32,0.000000,4.3652,0.9933,0.27893,0.45790
c=A dc=+ h=B dh=0 L=B dL=+ preo=M,emergencia,32,0.000000,0.3998,0.0910,3.90628,7.68824
c=A dc=0 h=A dh=+ L=M dL=0 preo=B,emergencia,32,0.000000,4.3673,0.9938,0.74947,0.87406
c=B dc=0 h=A dh=+ L=B dL=0 preo=A,emergencia,31,0.000000,2.6166,0.5954,3.21970,4.57501
c=M dc=0 h=M dh=0 L=B dL=- preo=A,calma,31,0.000000,0.7898,0.1797,6.53272,6.45453
c=A dc=- h=B dh=- L=B dL=- preo=M,emergencia,31,0.000000,0.1995,0.0454,4.77183,8.33055
c=M dc=- h=A dh=+ L=B dL=+ preo=A,emergencia,31,0.000000,4.3097,0.9807,1.81703,1.87547
c=A dc=- h=B dh=- L=M dL=- preo=B,emergencia,31,0.000000,0.0397,0.0090,5.12614,12.37173
c=B dc=0 h=M dh=0 L=B dL=0 preo=M,calma,31,0.000000,0.0005,0.0001,14.76667,14.58783
c=B dc=0 h=B dh=0 L=M dL=0 preo=M,calma,31,0.000000,0.0030,0.0007,8.16128,14.87515
c=A dc=- h=A dh=0 L=B dL=- preo=M,emergencia,31,0.000000,4.3743,0.9954,0.36814,0.47760
c=M dc=- h=M dh=- L=M dL=- preo=A,calma,31,0.000000,0.3189,0.0726,7.61141,7.55604
c=B dc=- h=M dh=+ L=M dL=0 preo=A,calma,30,0.000000,1.0983,0.2499,2.65005,6.18860
c=A dc=0 h=B dh=0 L=B dL=0 preo=M,emergencia,30,0.000137,0.1368,0.0311,8.61962,8.51530
c=B dc=- h=A dh=- L=M dL=0 preo=B,emergencia,30,0.000000,0.0057,0.0013,8.22785,12.49410
c=M dc=0 h=A dh=- L=A dL=0 preo=B,emergencia,30,0.000000,0.1896,0.0431,3.68011,9.07573
c=M dc=+ h=A dh=0 L=M dL=+ preo=M,emergencia,30,0.000000,0.2330,0.0530,3.77521,8.62047
c=A dc=0 h=M dh=- L=M dL=+ preo=A,emergencia,30,0.000000,4.3904,0.9991,0.00000,0.06210
c=B dc=+ h=A dh=0 L=M dL=+ preo=M,emergencia,30,0.000000,0.0578,0.0132,5.30998,10.22328
c=A dc=- h=B dh=- L=A dL=+ preo=A,emergencia,30,0.000000,2.0693,0.4709,5.08207,5.03808
c=B dc=0 h=A dh=0 L=A dL=- preo=M,emergencia,30,0.000000,0.0494,0.0112,9.75887,9.64114
c=A dc=0 h=M dh=+ L=B dL=0 preo=B,emergencia,30,0.000000,0.0949,0.0216,4.82542,9.57618
c=B dc=+ h=B dh=+ L=A dL=+ preo=M,prop_lenta,29,0.000027,0.0175,0.0040,7.18635,13.89418
c=A dc=- h=A dh=- L=M dL=+ preo=M,emergencia,29,0.000000,3.9663,0.9026,2.96642,3.03103
c=A dc=0 h=A dh=- L=M dL=+ preo=B,emergencia,29,0.000000,4.3254,0.9843,1.72816,1.76776
c=M dc=0 h=B dh=0 L=B dL=0 preo=A,calma,29,0.000164,0.3731,0.0849,7.45544,7.36961
c=A dc=0 h=M dh=0 L=B dL=+ preo=A,emergencia,29,0.000000,4.3790,0.9965,0.20486,0.29701
c=A dc=- h=M dh=+ L=B dL=0 preo=A,emergencia,29,0.000000,4.3622,0.9927,0.00000,0.16445
c=M dc=+ h=A dh=+ L=B dL=+ preo=A,emergencia,29,0.000000,4.1725,0.9495,2.48603,2.52414
c=M dc=+ h=M dh=+ L=B dL=+ preo=A,prop_rapida,29,0.000000,0.3781,0.0861,5.02922,7.42442
c=M dc=0 h=A dh=0 L=B dL=0 preo=A,emergencia,29,0.000000,4.2736,0.9725,2.10477,2.11699
c=M dc=0 h=M dh=- L=B dL=0 preo=M,calma,29,0.000000,0.0855,0.0195,9.13483,9.03955
c=A dc=- h=M dh=+ L=B dL=+ preo=A,emergencia,29,0.000000,4.3622,0.9927,0.00000,0.18675
c=A dc=- h=M dh=+ L=A dL=0 preo=M,emergencia,28,0.000000,2.2589,0.5140,0.04262,4.58916
c=M dc=- h=M dh=0 L=M dL=+ preo=A,calma,28,0.000000,0.2751,0.0626,7.80787,7.72462
c=A dc=0 h=B dh=+ L=B dL=+ preo=A,emergencia,28,0.000000,0.9970,0.2269,6.20278,6.15164
c=M dc=+ h=A dh=+ L=B dL=0 preo=M,emergencia,28,0.000000,0.0507,0.0115,9.71945,9.61440
c=M dc=+ h=M dh=- L=M dL=- preo=A,prop_rapida,28,0.000000,0.0279,0.0063,10.37400,10.26616
c=B dc=+ h=M dh=0 L=B dL=0 preo=A,prop_lenta,28,0.000000,0.2540,0.0578,7.91274,7.81505
c=A dc=- h=B dh=+ L=B dL=+ preo=M,emergencia,28,0.000000,0.0256,0.0058,10.47935,10.35902
c=M dc=- h=M dh=- L=B dL=+ preo=M,calma,28,0.000000,0.0694,0.0158,4.88975,10.27321
c=A dc=+ h=A dh=+ L=M dL=+ preo=B,emergencia,28,0.000000,4.3697,0.9944,0.81801,0.91572
c=A dc=0 h=A dh=+ L=M dL=+ preo=M,emergencia,28,0.000000,4.3593,0.9920,1.31679,1.35493
c=A dc=- h=A dh=0 L=M dL=0 preo=B,emergencia,28,0.000000,4.3825,0.9973,0.36554,0.44929
c=A dc=- h=B dh=- L=B dL=+ preo=M,emergencia,27,0.000000,0.2156,0.0491,8.09548,8.00273
c=A dc=0 h=M dh=+ L=M dL=0 preo=M,emergencia,27,0.000000,0.0568,0.0129,9.60044,9.48860
c=M dc=+ h=M dh=+ L=A dL=0 preo=B,prop_rapida,27,0.000000,0.0033,0.0007,12.71628,12.55929
c=B dc=- h=M dh=+ L=A dL=0 preo=A,calma,27,0.000000,0.0158,0.0036,11.01143,10.87653
c=M dc=+ h=A dh=+ L=A dL=+ preo=A,emergencia,27,0.000000,4.3278,0.9848,1.79064,1.77674
c=B dc=0 h=M dh=+ L=B dL=0 preo=M,calma,27,0.000000,0.0013,0.0003,13.75359,13.58379
c=A dc=0 h=B dh=+ L=B dL=+ preo=M,emergencia,27,0.000000,0.3433,0.0781,7.54472,7.46786
c=A dc=- h=B dh=0 L=A dL=- preo=M,emergencia,27,0.000000,0.3037,0.0691,3.94257,7.93928
c=A dc=+ h=M dh=- L=M dL=- preo=B,emergencia,26,0.000000,0.1246,0.0284,3.92452,10.09794
c=A dc=- h=A dh=0 L=B dL=+ preo=B,emergencia,26,0.000000,4.3730,0.9951,0.74678,0.84102
c=A dc=- h=M dh=0 L=M dL=+ preo=A,emergencia,26,0.000000,4.3897,0.9989,0.00608,0.06699
c=A dc=- h=B dh=+ L=B dL=0 preo=B,emergencia,26,0.000000,0.4350,0.0990,7.27735,7.18751
c=M dc=+ h=A dh=0 L=B dL=+ preo=A,emergencia,26,0.000000,4.3840,0.9976,0.00000,0.09462
c=M dc=+ h=B dh=+ L=A dL=+ preo=M,prop_rapida,26,0.000027,0.0037,0.0008,8.84262,12.89574
c=B dc=+ h=M dh=- L=A dL=0 preo=A,prop_lenta,26,0.000000,0.2192,0.0499,8.07940,7.98419
c=A dc=0 h=A dh=+ L=B dL=+ preo=M,emergencia,26,0.000000,4.2439,0.9657,2.14799,2.21879
c=A dc=0 h=B dh=- L=B dL=0 preo=M,emergencia,26,0.000000,0.0146,0.0033,8.80869,11.03454
c=M dc=- h=M dh=+ L=B dL=+ preo=M,calma,26,0.000000,0.0880,0.0200,4.85724,9.71216
c=A dc=- h=B dh=- L=A dL=0 preo=B,emergencia,26,0.000000,0.0116,0.0026,11.34648,11.20899
c=A dc=- h=B dh=- L=B dL=- preo=B,emergencia,26,0.000000,0.0124,0.0028,7.10895,11.89226
c=M dc=0 h=B dh=+ L=B dL=+ preo=A,calma,26,0.000000,0.3122,0.0711,3.90511,7.90718
c=A dc=+ h=B dh=+ L=M dL=- preo=A,emergencia,26,0.000000,4.3857,0.9980,0.12112,0.18929
c=M dc=0 h=M dh=+ L=A dL=+ preo=A,calma,26,0.000000,2.7467,0.6250,4.49982,4.45073
c=M dc=+ h=A dh=- L=A dL=0 preo=A,emergencia,26,0.000000,3.8915,0.8856,3.18545,3.17181
c=B dc=+ h=A dh=0 L=M dL=0 preo=B,emergencia,25,0.000000,0.0009,0.0002,12.79208,13.97775
c=M dc=+ h=M dh=0 L=B dL=0 preo=A,prop_rapida,25,0.000000,0.0520,0.0118,9.70114,9.58459
c=A dc=+ h=A dh=+ L=M dL=0 preo=B,emergencia,25,0.000000,3.4856,0.7932,3.72810,3.73118
c=A dc=- h=A dh=- L=M dL=0 preo=B,emergencia,25,0.000000,4.3864,0.9982,0.09324,0.14597
c=A dc=+ h=M dh=- L=M dL=0 preo=M,emergencia,25,0.000000,0.1596,0.0363,8.44217,8.34296
c=A dc=+ h=A dh=- L=B dL=+ preo=M,emergencia,25,0.000000,4.3820,0.9972,0.47130,0.72269
c=M dc=0 h=A dh=- L=M dL=0 preo=B,emergencia,25,0.000000,0.1381,0.0314,8.61120,8.50489
c=A dc=0 h=M dh=- L=B dL=- preo=A,emergencia,24,0.000000,4.3842,0.9977,0.70568,0.75087
c=A dc=0 h=B dh=0 L=M dL=0 preo=M,emergencia,24,0.000000,0.3367,0.0766,7.57789,7.48959
c=A dc=+ h=M dh=+ L=B dL=+ preo=A,emergencia,24,0.000000,4.1762,0.9503,2.47358,2.51100
c=A dc=0 h=M dh=- L=B dL=- preo=B,emergencia,24,0.000000,0.0292,0.0067,6.65552,10.59105
c=M dc=- h=A dh=+ L=B dL=- preo=B,emergencia,24,0.000000,0.1212,0.0276,8.75841,8.65028
c=B dc=0 h=A dh=+ L=A dL=0 preo=M,emergencia,24,0.000000,0.0011,0.0002,13.93176,13.75977
c=A dc=+ h=B dh=- L=B dL=+ preo=A,emergencia,24,0.000000,0.4469,0.1017,4.31217,7.28389
c=B dc=- h=M dh=- L=B dL=+ preo=A,calma,24,0.000000,0.2094,0.0476,6.61317,8.05959
c=B dc=+ h=B dh=+ L=M dL=0 preo=M,prop_lenta,24,0.000000,0.0067,0.0015,11.94209,11.79466
c=B dc=0 h=M dh=+ L=M dL=0 preo=A,calma,24,0.000000,1.3483,0.3068,5.79945,5.72785
c=A dc=+ h=A dh=- L=M dL=+ preo=B,emergencia,24,0.000000,3.8529,0.8768,3.22609,3.23571
c=B dc=- h=M dh=- L=B dL=0 preo=M,calma,23,0.000000,0.0069,0.0016,7.27827,13.52152
c=A dc=+ h=M dh=+ L=M dL=0 preo=M,emergencia,23,0.000000,0.0254,0.0058,10.48853,10.36815
c=A dc=- h=M dh=+ L=B dL=+ preo=M,emergencia,23,0.000000,0.0316,0.0072,10.24417,10.12770
c=A dc=0 h=B dh=- L=M dL=0 preo=M,emergencia,23,0.000000,0.3886,0.0884,7.40064,7.32206
c=M dc=0 h=A dh=0 L=A dL=- preo=B,emergencia,23,0.000000,0.2783,0.0633,7.80638,7.71001
c=A dc=0 h=A dh=0 L=A dL=0 preo=M,emergencia,23,0.000000,4.3845,0.9977,0.49091,0.51975
c=A dc=0 h=A dh=0 L=A dL=- preo=M,emergencia,23,0.000000,4.3892,0.9988,0.00000,0.02978
c=M dc=0 h=M dh=0 L=M dL=+ preo=A,calma,23,0.000000,1.9224,0.4375,3.39086,5.19008
c=M dc=+ h=B dh=0 L=M dL=+ preo=A,prop_rapida,23,0.000027,0.5836,0.1328,3.37094,7.06379
c=A dc=+ h=A dh=+ L=M dL=+ preo=M,emergencia,23,0.000000,4.2382,0.9644,2.26240,2.28226
c=A dc=- h=B dh=0 L=M dL=- preo=M,emergencia,23,0.000000,0.1389,0.0316,4.45296,9.07631
c=A dc=- h=B dh=- L=B dL=0 preo=B,emergencia,23,0.000000,0.0015,0.0003,13.53619,13.36907
c=B dc=+ h=A dh=- L=B dL=+ preo=M,emergencia,23,0.000000,0.0149,0.0034,11.07834,10.94526
c=M dc=+ h=A dh=+ L=A dL=- preo=A,emergencia,23,0.000000,4.3535,0.9907,1.51179,1.50812
c=A dc=0 h=M dh=0 L=M dL=0 preo=B,emergencia,23,0.000000,4.3092,0.9806,1.92036,1.91159
c=M dc=- h=B dh=- L=B dL=0 preo=B,calma,23,0.000000,0.0005,0.0001,14.71517,14.53350
c=M dc=0 h=B dh=+ L=M dL=- preo=A,calma,22,0.000000,0.1782,0.0406,3.90937,8.98208
c=A dc=- h=B dh=0 L=M dL=- preo=B,emergencia,22,0.000000,0.0020,0.0005,13.23724,13.07438
c=B dc=- h=B dh=- L=B dL=0 preo=M,calma,22,0.000000,0.0001,0.0000,16.54518,16.34091
c=A dc=+ h=M dh=- L=B dL=+ preo=A,emergencia,22,0.000000,4.3896,0.9989,0.00000,0.05603
c=A dc=- h=M dh=+ L=M dL=0 preo=M,emergencia,22,0.000000,0.0485,0.0110,6.07699,10.03597
c=A dc=+ h=A dh=- L=B dL=0 preo=B,emergencia,22,0.000000,2.9596,0.6735,4.27901,4.26118
c=M dc=0 h=M dh=- L=M dL=- preo=A,calma,22,0.000000,4.3665,0.9936,1.30642,1.30967
c=B dc=+ h=A dh=+ L=B dL=+ preo=B,emergencia,22,0.000000,0.0068,0.0016,11.92658,11.77934
c=A dc=0 h=M dh=+ L=B dL=+ preo=A,emergencia,22,0.000000,4.3630,0.9929,1.01667,1.10492
c=M dc=0 h=M dh=- L=A dL=+ preo=A,calma,21,0.000000,1.5891,0.3616,5.53002,5.48154
c=A dc=0 h=B dh=- L=A dL=- preo=B,emergencia,21,0.000000,0.0002,0.0001,15.48017,15.28906
c=B dc=+ h=A dh=0 L=B dL=+ preo=A,emergencia,21,0.000000,4.2851,0.9751,0.20723,1.78617
c=B dc=0 h=M dh=+ L=A dL=+ preo=A,calma,21,0.000000,0.1866,0.0425,6.66580,8.18986
c=B dc=- h=M dh=0 L=B dL=- preo=A,calma,21,0.000000,0.0342,0.0078,10.16697,10.04145
c=A dc=0 h=M dh=+ L=M dL=- preo=A,emergencia,21,0.000000,4.3843,0.9977,0.03663,0.10925
c=B dc=- h=B dh=+ L=B dL=0 preo=A,calma,20,0.000000,0.0284,0.0065,10.36751,10.24330
c=B dc=0 h=B dh=0 L=B dL=0 preo=M,calma,20,0.000027,0.0004,0.0001,15.05903,14.87311
c=B dc=0 h=M dh=+ L=A dL=- preo=M,calma,20,0.000000,0.0013,0.0003,13.74229,13.57263
c=M dc=- h=A dh=+ L=M dL=0 preo=M,emergencia,20,0.000000,0.1263,0.0288,8.70054,8.60506
c=A dc=0 h=M dh=+ L=B dL=0 preo=M,emergencia,20,0.000000,0.2712,0.0617,7.81836,7.74487
c=M dc=0 h=B dh=- L=B dL=0 preo=M,calma,20,0.000000,0.0200,0.0046,10.75451,10.62174
c=M dc=+ h=B dh=+ L=M dL=- preo=A,prop_rapida,20,0.000000,0.4178,0.0951,7.32404,7.23553
c=B dc=- h=A dh=0 L=B dL=0 preo=A,emergencia,20,0.000000,3.8929,0.8859,3.17811,3.16929
c=B dc=+ h=B dh=0 L=M dL=0 preo=A,prop_lenta,20,0.000000,0.0687,0.0156,9.39498,9.27899
c=A dc=+ h=B dh=- L=M dL=0 preo=M,emergencia,20,0.000000,0.4119,0.0937,7.33622,7.25298
c=A dc=0 h=M dh=0 L=M dL=0 preo=M,emergencia,20,0.000000,0.1141,0.0260,4.65591,9.32598
c=B dc=0 h=M dh=- L=B dL=+ preo=A,calma,20,0.000000,0.1556,0.0354,3.65943,9.80628
c=M dc=+ h=M dh=- L=A dL=0 preo=B,prop_rapida,20,0.000000,0.0031,0.0007,12.79642,12.63844
c=M dc=- h=B dh=+ L=B dL=0 preo=B,calma,20,0.000000,0.0014,0.0003,13.66893,13.50334
c=B dc=0 h=M dh=0 L=B dL=+ preo=A,calma,20,0.000000,0.1444,0.0329,4.20207,9.19626
c=B dc=+ h=A dh=0 L=A dL=- preo=M,emergencia,20,0.000000,0.0182,0.0041,10.85951,10.72544
c=A dc=- h=M dh=0 L=M dL=+ preo=B,emergencia,20,0.000000,0.0509,0.0116,9.72897,9.60886
c=B dc=0 h=B dh=0 L=B dL=+ preo=M,calma,20,0.000000,0.0005,0.0001,14.72667,14.54489
c=A dc=+ h=M dh=+ L=M dL=+ preo=A,emergencia,20,0.000000,4.3862,0.9981,0.09664,0.15530
c=M dc=+ h=A dh=+ L=B dL=+ preo=M,emergencia,20,0.000000,0.1066,0.0243,8.88796,8.79445
c=A dc=+ h=A dh=- L=M dL=+ preo=M,emergencia,19,0.000000,3.1613,0.7194,4.06002,4.07539
c=B dc=- h=M dh=- L=B dL=+ preo=M,calma,19,0.000000,0.0059,0.0013,12.08106,11.93641
c=M dc=0 h=B dh=+ L=B dL=0 preo=M,calma,19,0.000000,0.0074,0.0017,11.83391,11.68782
c=B dc=0 h=M dh=0 L=M dL=0 preo=A,calma,19,0.000000,0.0249,0.0057,10.51699,10.38715
c=M dc=+ h=B dh=0 L=M dL=0 preo=M,prop_rapida,19,0.000000,0.0022,0.0005,13.16817,13.00560
c=M dc=+ h=A dh=0 L=A dL=+ preo=A,emergencia,19,0.000000,3.5400,0.8056,3.69763,3.66509
c=A dc=0 h=B dh=+ L=B dL=0 preo=M,emergencia,19,0.000000,0.0124,0.0028,11.27585,11.14012
c=A dc=+ h=M dh=- L=B dL=0 preo=A,emergencia,19,0.000000,3.3758,0.7682,3.86176,3.85111
c=A dc=0 h=A dh=+ L=A dL=- preo=B,emergencia,19,0.000000,4.1440,0.9430,2.62743,2.62067
c=B dc=+ h=M dh=+ L=B dL=+ preo=M,prop_lenta,18,0.000000,0.0047,0.0011,8.34593,12.79601
c=A dc=- h=M dh=- L=M dL=- preo=A,emergencia,18,0.000000,4.3200,0.9831,1.82411,1.83125
c=B dc=+ h=B dh=0 L=A dL=+ preo=A,prop_lenta,18,0.000000,0.0038,0.0009,12.56556,12.41043
c=B dc=0 h=M dh=0 L=B dL=0 preo=A,calma,18,0.000000,0.0520,0.0118,9.70431,9.58451
c=A dc=- h=M dh=+ L=A dL=0 preo=B,emergencia,18,0.000000,1.3673,0.3111,5.75899,5.71135
c=A dc=+ h=M dh=0 L=A dL=+ preo=M,emergencia,18,0.000000,0.1117,0.0254,4.90251,9.20702
c=M dc=0 h=A dh=0 L=M dL=0 preo=B,emergencia,18,0.000000,0.0254,0.0058,10.49058,10.36780
c=M dc=0 h=M dh=+ L=A dL=- preo=M,calma,18,0.000000,0.0354,0.0081,10.12840,10.00336
c=M dc=0 h=M dh=0 L=A dL=- preo=M,calma,18,0.000000,0.0129,0.0029,11.23796,11.09922
c=A dc=+ h=B dh=+ L=A dL=+ preo=M,emergencia,18,0.000000,0.0727,0.0166,9.32878,9.21651
c=A dc=0 h=A dh=+ L=A dL=+ preo=A,emergencia,18,0.000000,4.3541,0.9908,1.39465,1.42783
c=A dc=- h=M dh=+ L=M dL=0 preo=B,emergencia,18,0.000000,3.6536,0.8314,3.55836,3.52385
c=A dc=+ h=M dh=- L=M dL=+ preo=A,emergencia,18,0.000000,2.2905,0.5212,4.87113,4.84674
c=B dc=- h=M dh=0 L=M dL=- preo=A,calma,18,0.000000,0.0117,0.0027,11.34010,11.20121
c=B dc=0 h=M dh=+ L=M dL=- preo=A,calma,18,0.000000,0.0173,0.0039,10.91840,10.78361
c=M dc=- h=M dh=- L=B dL=- preo=A,calma,18,0.000000,0.9235,0.2102,6.31619,6.25269
c=A dc=+ h=A dh=- L=A dL=+ preo=B,emergencia,18,0.000000,4.2873,0.9756,1.11402,1.99714
c=M dc=0 h=A dh=0 L=A dL=0 preo=B,emergencia,18,0.000000,0.0431,0.0098,9.90950,9.78971
c=M dc=0 h=A dh=+ L=A dL=0 preo=M,emergencia,18,0.000000,3.2441,0.7382,0.29355,3.69692
c=A dc=0 h=M dh=- L=M dL=0 preo=M,emergencia,18,0.000000,0.0450,0.0102,9.85761,9.74295
c=M dc=- h=M dh=- L=A dL=- preo=A,calma,18,0.000000,0.0113,0.0026,11.36311,11.24408
c=B dc=+ h=A dh=- L=B dL=0 preo=B,emergencia,18,0.000000,0.0060,0.0014,12.06157,11.91739
c=A dc=0 h=M dh=+ L=A dL=- preo=B,emergencia,18,0.000000,0.1641,0.0373,8.00829,8.31229
c=A dc=0 h=M dh=- L=M dL=- preo=B,emergencia,17,0.000000,0.3138,0.0714,7.66582,7.57118
c=A dc=0 h=M dh=0 L=B dL=0 preo=M,emergencia,17,0.000000,0.1057,0.0241,8.90973,8.80265
c=M dc=+ h=A dh=0 L=A dL=- preo=A,emergencia,17,0.000000,4.2119,0.9585,2.42970,2.40243
c=B dc=+ h=A dh=+ L=B dL=0 preo=M,emergencia,17,0.000000,0.0070,0.0016,11.88755,11.74931
c=M dc=0 h=A dh=0 L=B dL=+ preo=B,emergencia,17,0.000000,0.1183,0.0269,4.63885,9.26449
c=B dc=- h=A dh=0 L=B dL=+ preo=A,emergencia,17,0.000000,4.2445,0.9659,2.25000,2.26061
c=A dc=0 h=A dh=+ L=B dL=0 preo=M,emergencia,17,0.000000,3.2274,0.7344,1.54889,3.98202
c=M dc=0 h=A dh=+ L=B dL=0 preo=A,emergencia,17,0.000000,4.2586,0.9691,2.17518,2.19165
c=A dc=0 h=M dh=0 L=A dL=0 preo=B,emergencia,17,0.000000,2.9872,0.6798,3.21192,4.23873
c=B dc=0 h=M dh=+ L=B dL=0 preo=A,calma,17,0.000000,1.4825,0.3374,4.49165,5.59542
c=B dc=- h=B dh=+ L=B dL=+ preo=A,calma,17,0.000000,0.0450,0.0102,9.86493,9.74314
c=A dc=0 h=A dh=- L=B dL=- preo=M,emergencia,17,0.000000,4.0662,0.9253,2.64572,2.82261
c=M dc=0 h=A dh=+ L=M dL=0 preo=M,emergencia,17,0.000000,0.9285,0.2113,6.31846,6.24444
c=M dc=0 h=B dh=0 L=M dL=0 preo=A,calma,17,0.000000,2.3989,0.5459,2.71058,4.77297
c=M dc=- h=A dh=+ L=B dL=0 preo=A,emergencia,17,0.000000,4.3870,0.9983,0.00000,0.06360
c=A dc=- h=B dh=0 L=B dL=- preo=B,emergencia,17,0.000000,0.0031,0.0007,8.04453,15.45889
c=B dc=+ h=B dh=0 L=A dL=+ preo=M,prop_lenta,16,0.000000,0.0002,0.0000,15.95402,15.75706
c=M dc=+ h=A dh=0 L=A dL=+ preo=B,emergencia,16,0.000000,0.1198,0.0273,5.71077,8.83049
c=B dc=0 h=A dh=0 L=B dL=0 preo=M,emergencia,16,0.000000,0.0282,0.0064,10.37551,10.25048
c=M dc=0 h=M dh=+ L=A dL=0 preo=M,calma,16,0.000000,0.0027,0.0006,12.92257,12.76304
c=A dc=0 h=M dh=- L=B dL=0 preo=M,emergencia,16,0.000000,0.0328,0.0075,10.20851,10.08823
c=M dc=- h=B dh=- L=B dL=+ preo=M,calma,16,0.000000,0.1411,0.0321,4.16891,9.28689
c=A dc=0 h=B dh=+ L=B dL=0 preo=A,emergencia,16,0.000000,4.3899,0.9990,0.00000,0.03938
c=M dc=0 h=M dh=0 L=B dL=0 preo=M,calma,16,0.000000,0.0720,0.0164,9.34240,9.22706
c=B dc=- h=M dh=0 L=A dL=0 preo=A,calma,16,0.000027,0.1182,0.0269,8.78345,8.67905
c=M dc=0 h=M dh=- L=M dL=0 preo=A,calma,16,0.000000,1.0894,0.2479,2.69916,6.19080
c=A dc=- h=B dh=+ L=M dL=0 preo=B,emergencia,16,0.000000,0.9627,0.2191,2.60346,6.56461
c=M dc=0 h=A dh=0 L=B dL=0 preo=B,emergencia,16,0.000000,0.0123,0.0028,10.72150,11.14999
c=M dc=0 h=A dh=+ L=B dL=+ preo=A,emergencia,16,0.000000,4.3890,0.9988,0.00000,0.05363
c=B dc=- h=A dh=+ L=B dL=+ preo=A,emergencia,16,0.000000,1.8696,0.4255,5.26561,5.21719
c=B dc=0 h=A dh=- L=B dL=0 preo=M,emergencia,16,0.000000,0.0219,0.0050,10.65617,10.52461
c=A dc=- h=M dh=- L=B dL=+ preo=M,emergencia,16,0.000000,0.1419,0.0323,8.57278,8.47527
c=B dc=0 h=A dh=0 L=B dL=+ preo=M,emergencia,16,0.000000,0.0155,0.0035,11.03807,10.90180
c=A dc=- h=A dh=0 L=B dL=0 preo=B,emergencia,16,0.000000,4.3873,0.9984,0.00000,0.05516
c=M dc=- h=A dh=0 L=B dL=+ preo=A,emergencia,15,0.000000,4.3894,0.9988,0.00000,0.04493
c=A dc=+ h=M dh=+ L=M dL=- preo=A,emergencia,15,0.000000,4.3884,0.9986,0.00000,0.05093
c=M dc=0 h=M dh=- L=A dL=0 preo=M,calma,15,0.000000,0.0107,0.0024,11.44081,11.29956
c=A dc=0 h=B dh=0 L=A dL=- preo=M,emergencia,15,0.000000,4.1655,0.9479,0.16390,2.22341
c=B dc=0 h=B dh=- L=A dL=- preo=M,calma,15,0.000000,0.0041,0.0009,7.72897,15.14163
c=A dc=- h=B dh=- L=B dL=0 preo=M,emergencia,15,0.000000,0.1394,0.0317,8.59900,8.49434
c=M dc=0 h=M dh=0 L=B dL=+ preo=M,calma,15,0.000000,0.0402,0.0091,9.98570,9.86652
c=B dc=+ h=M dh=0 L=B dL=+ preo=M,prop_lenta,15,0.000000,0.3659,0.0833,2.22697,9.46432
c=M dc=- h=M dh=+ L=M dL=0 preo=A,calma,15,0.000000,0.1615,0.0368,8.35456,8.33121
c=A dc=- h=A dh=- L=M dL=- preo=M,emergencia,15,0.000000,4.3784,0.9964,0.86499,0.89184
c=B dc=+ h=A dh=- L=B dL=+ preo=B,emergencia,15,0.000000,0.0131,0.0030,11.21968,11.08117
c=A dc=0 h=A dh=- L=A dL=- preo=B,emergencia,15,0.000000,4.3901,0.9990,0.57757,0.58316
c=M dc=- h=A dh=- L=M dL=0 preo=B,emergencia,15,0.000000,0.0254,0.0058,10.49369,10.36414
c=B dc=- h=B dh=0 L=M dL=0 preo=A,calma,15,0.000000,0.1247,0.0284,8.72689,8.61915
c=A dc=+ h=A dh=0 L=M dL=- preo=B,emergencia,15,0.000000,0.9575,0.2179,6.26325,6.20593
c=B dc=+ h=A dh=+ L=A dL=- preo=M,emergencia,15,0.000000,0.0365,0.0083,10.09569,9.97106
c=A dc=- h=B dh=- L=M dL=+ preo=A,emergencia,15,0.000000,0.0271,0.0062,10.40948,10.29549
c=B dc=0 h=A dh=+ L=B dL=+ preo=A,emergencia,15,0.000000,4.3408,0.9878,1.62818,1.63698
c=M dc=- h=M dh=- L=M dL=0 preo=A,calma,14,0.000000,3.3699,0.7669,3.89366,3.85678
c=M dc=- h=M dh=0 L=B dL=+ preo=M,calma,14,0.000000,0.0225,0.0051,10.62154,10.49698
c=M dc=- h=M dh=0 L=M dL=- preo=A,calma,14,0.000000,2.1670,0.4931,2.29607,4.99361
c=M dc=+ h=A dh=+ L=M dL=0 preo=B,emergencia,14,0.000000,0.0535,0.0122,9.67209,9.55268
c=B dc=0 h=M dh=+ L=M dL=+ preo=A,calma,14,0.000000,0.2139,0.0487,8.11042,8.01125
c=M dc=- h=A dh=0 L=M dL=- preo=B,emergencia,14,0.000000,1.3801,0.3140,5.75920,5.69492
c=B dc=+ h=M dh=0 L=M dL=+ preo=A,prop_lenta,14,0.000000,0.0332,0.0075,10.19457,10.07816
c=A dc=+ h=M dh=0 L=M dL=0 preo=M,emergencia,14,0.000000,1.2581,0.2863,5.89189,5.82851
c=M dc=+ h=A dh=- L=B dL=+ preo=B,emergencia,14,0.000000,0.1181,0.0269,7.66521,8.69000
c=M dc=+ h=B dh=+ L=A dL=+ preo=A,prop_rapida,14,0.000000,0.1897,0.0432,5.84112,8.26316
c=M dc=+ h=B dh=0 L=A dL=+ preo=M,prop_rapida,14,0.000000,0.0060,0.0014,12.06076,11.91186
c=B dc=0 h=M dh=0 L=A dL=- preo=M,calma,14,0.000000,0.0002,0.0000,15.80352,15.61029
c=B dc=0 h=M dh=0 L=A dL=- preo=A,calma,14,0.000000,0.0726,0.0165,9.33315,9.21792
c=A dc=0 h=A dh=+ L=A dL=- preo=M,emergencia,14,0.000000,4.3915,0.9993,0.05346,0.07557
c=B dc=0 h=B dh=+ L=B dL=+ preo=M,calma,14,0.000000,0.0011,0.0002,13.90894,13.73722
c=A dc=+ h=B dh=- L=M dL=0 preo=B,emergencia,14,0.000000,0.0015,0.0003,13.59168,13.42388
c=B dc=- h=M dh=0 L=A dL=- preo=A,calma,14,0.000000,0.1182,0.0269,5.92323,8.81127
c=A dc=0 h=B dh=+ L=M dL=0 preo=A,emergencia,14,0.000000,2.8061,0.6386,4.41475,4.40051
c=B dc=+ h=A dh=+ L=A dL=0 preo=A,emergencia,14,0.000000,4.1714,0.9492,2.56796,2.54082
c=A dc=- h=B dh=0 L=B dL=0 preo=B,emergencia,14,0.000000,0.0124,0.0028,6.82829,12.28977
c=M dc=+ h=M dh=- L=M dL=0 preo=A,prop_rapida,14,0.000000,0.1240,0.0282,8.72167,8.62614
c=A dc=+ h=B dh=0 L=B dL=+ preo=A,emergencia,14,0.000000,0.7925,0.1803,6.52810,6.45025
c=M dc=0 h=M dh=0 L=A dL=+ preo=A,calma,14,0.000000,4.1345,0.9408,2.68190,2.65152
c=B dc=0 h=M dh=+ L=B dL=+ preo=M,calma,14,0.000000,0.0202,0.0046,10.74331,10.61195
c=M dc=0 h=M dh=+ L=M dL=- preo=A,calma,14,0.000000,1.3797,0.3140,5.75131,5.69555
c=B dc=+ h=B dh=0 L=M dL=- preo=A,prop_lenta,13,0.000000,0.1336,0.0304,5.28315,8.77638
c=A dc=- h=B dh=- L=A dL=0 preo=M,emergencia,13,0.000000,0.2683,0.0610,7.84581,7.75269
c=B dc=0 h=M dh=0 L=A dL=0 preo=A,calma,13,0.000000,0.1036,0.0236,8.93586,8.82554
c=A dc=- h=B dh=0 L=A dL=+ preo=A,emergencia,13,0.000000,4.1618,0.9470,2.59751,2.57104
c=A dc=0 h=A dh=- L=M dL=+ preo=M,emergencia,13,0.000000,2.3993,0.5460,4.77663,4.75679
c=B dc=0 h=M dh=0 L=B dL=+ preo=M,calma,13,0.000000,0.0027,0.0006,12.91654,12.76093
c=M dc=0 h=B dh=- L=M dL=- preo=A,calma,13,0.000000,1.2568,0.2860,5.90224,5.82937
c=A dc=0 h=A dh=- L=A dL=- preo=A,emergencia,13,0.000000,4.3348,0.9864,1.67353,1.68514
c=B dc=+ h=A dh=0 L=A dL=- preo=B,emergencia,13,0.000000,0.0055,0.0012,12.16703,12.01935
c=B dc=+ h=A dh=+ L=B dL=0 preo=B,emergencia,13,0.000000,0.0003,0.0001,15.29634,15.10750
c=M dc=- h=B dh=0 L=B dL=- preo=A,calma,13,0.000000,0.8362,0.1903,6.46070,6.38094
c=A dc=+ h=M dh=0 L=B dL=+ preo=A,emergencia,13,0.000000,4.3907,0.9991,0.39932,0.42100
c=B dc=0 h=B dh=- L=A dL=0 preo=M,calma,13,0.000000,0.0002,0.0001,15.52573,15.33405
c=M dc=0 h=B dh=0 L=B dL=0 preo=M,calma,13,0.000027,0.0003,0.0001,11.17843,15.99834
c=M dc=0 h=A dh=0 L=A dL=- preo=M,emergencia,13,0.000000,1.0150,0.2310,6.19959,6.12557
c=B dc=+ h=M dh=0 L=M dL=- preo=A,prop_lenta,13,0.000000,0.0295,0.0067,10.32197,10.20385
c=A dc=+ h=A dh=- L=B dL=0 preo=M,emergencia,13,0.000000,2.8872,0.6570,4.34872,4.32803
c=M dc=+ h=M dh=- L=A dL=- preo=M,prop_rapida,13,0.000000,0.0201,0.0046,10.74559,10.61994
c=M dc=- h=M dh=- L=A dL=0 preo=A,calma,13,0.000000,1.8797,0.4278,5.25509,5.20752
c=M dc=- h=A dh=0 L=B dL=0 preo=A,emergencia,13,0.000000,4.3894,0.9988,0.00000,0.04328
c=M dc=- h=M dh=+ L=B dL=0 preo=M,calma,13,0.000000,0.0083,0.0019,11.70984,11.57339
c=M dc=- h=M dh=+ L=B dL=0 preo=B,calma,13,0.000000,0.0018,0.0004,13.39363,13.22828
c=B dc=- h=B dh=- L=A dL=- preo=A,calma,13,0.000000,0.2664,0.0606,7.85446,7.76034
c=M dc=+ h=A dh=- L=M dL=0 preo=B,emergencia,13,0.000000,0.0125,0.0028,11.27028,11.13179
c=B dc=+ h=A dh=+ L=B dL=+ preo=A,emergencia,12,0.000000,4.1574,0.9461,2.58760,2.58048
c=M dc=- h=B dh=- L=B dL=0 preo=M,calma,12,0.000000,0.0271,0.0062,10.41380,10.29719
c=A dc=- h=A dh=0 L=B dL=+ preo=M,emergencia,12,0.000000,4.3790,0.9965,0.51330,0.57591
c=M dc=- h=B dh=0 L=B dL=0 preo=B,calma,12,0.000000,0.0006,0.0001,14.47011,14.29147
c=A dc=+ h=A dh=- L=M dL=- preo=M,emergencia,12,0.000000,1.8616,0.4236,5.28789,5.22261
c=B dc=- h=M dh=0 L=M dL=0 preo=A,calma,12,0.000027,1.3721,0.3122,5.77348,5.70220
c=M dc=0 h=B dh=0 L=A dL=0 preo=A,calma,12,0.000000,1.3900,0.3163,5.75406,5.68302
c=B dc=- h=B dh=0 L=B dL=0 preo=A,calma,12,0.000000,0.0478,0.0109,9.79555,9.67627
c=B dc=- h=M dh=- L=B dL=0 preo=A,calma,12,0.000000,0.0159,0.0036,11.01011,10.87436
c=M dc=- h=A dh=0 L=M dL=+ preo=B,emergencia,12,0.000000,0.0053,0.0012,12.20387,12.05851
c=A dc=- h=B dh=+ L=M dL=0 preo=M,emergencia,12,0.000000,3.5904,0.8170,3.64458,3.60369
c=A dc=- h=A dh=- L=B dL=+ preo=B,emergencia,12,0.000000,4.3876,0.9985,0.18981,0.22722
c=M dc=- h=B dh=- L=B dL=+ preo=A,calma,12,0.000000,0.1407,0.0320,8.58681,8.48400
c=M dc=+ h=A dh=+ L=A dL=- preo=B,emergencia,12,0.000000,0.0096,0.0022,11.56264,11.41990
c=A dc=0 h=A dh=- L=A dL=0 preo=B,emergencia,12,0.000000,0.4611,0.1049,7.20709,7.11811
c=A dc=- h=M dh=0 L=B dL=- preo=M,emergencia,12,0.000000,0.3933,0.0895,3.13180,7.84370
c=B dc=+ h=B dh=0 L=M dL=0 preo=M,prop_lenta,12,0.000000,0.0007,0.0002,14.42033,14.24230
c=A dc=0 h=A dh=- L=M dL=- preo=M,emergencia,12,0.000000,4.2501,0.9672,2.24404,2.23865
c=A dc=0 h=A dh=- L=B dL=+ preo=B,emergencia,12,0.000000,4.3877,0.9985,0.08180,0.12563
c=A dc=0 h=B dh=- L=M dL=+ preo=A,emergencia,12,0.000000,3.2527,0.7402,4.01862,3.97845
c=M dc=+ h=M dh=0 L=B dL=+ preo=A,prop_rapida,12,0.000000,1.1246,0.2559,6.05877,5.98556
c=M dc=+ h=A dh=- L=B dL=+ preo=M,emergencia,12,0.000000,1.1139,0.2535,4.16902,6.03071
c=M dc=0 h=B dh=+ L=B dL=0 preo=A,calma,11,0.000000,0.6661,0.1516,6.75293,6.66956
c=B dc=+ h=M dh=+ L=B dL=+ preo=A,prop_lenta,11,0.000027,0.0310,0.0071,10.27577,10.14890
c=M dc=0 h=B dh=- L=A dL=+ preo=A,calma,11,0.000000,1.1024,0.2509,6.08425,6.01361
c=B dc=0 h=B dh=+ L=B dL=0 preo=M,calma,11,0.000000,0.0002,0.0000,15.90051,15.70421
c=B dc=0 h=A dh=- L=B dL=+ preo=M,emergencia,11,0.000000,0.0221,0.0050,10.64532,10.51389
c=A dc=- h=M dh=- L=B dL=- preo=A,emergencia,11,0.000000,4.3921,0.9995,0.00000,0.02746
c=M dc=- h=M dh=0 L=A dL=0 preo=A,calma,11,0.000000,2.8128,0.6401,4.43629,4.39277
c=A dc=0 h=M dh=+ L=M dL=0 preo=B,emergencia,11,0.000000,0.6588,0.1499,6.76679,6.68325
c=M dc=+ h=A dh=0 L=M dL=0 preo=M,emergencia,11,0.000000,0.0042,0.0009,12.45984,12.30838
c=A dc=- h=M dh=- L=M dL=+ preo=B,emergencia,11,0.000000,0.0094,0.0021,11.58055,11.43758
c=A dc=0 h=M dh=+ L=B dL=0 preo=A,emergencia,11,0.000000,4.3890,0.9988,0.00000,0.03620
c=M dc=- h=A dh=- L=B dL=- preo=B,emergencia,11,0.000000,3.5273,0.8027,3.71675,3.68001
c=M dc=- h=B dh=- L=B dL=- preo=A,calma,11,0.000000,0.4884,0.1111,3.43711,7.37777
c=A dc=+ h=B dh=+ L=M dL=0 preo=B,emergencia,11,0.000000,0.0031,0.0007,12.77940,12.62162
c=A dc=0 h=M dh=+ L=A dL=+ preo=A,emergencia,11,0.000000,4.1385,0.9418,2.64358,2.63637
c=A dc=- h=B dh=- L=M dL=0 preo=M,emergencia,11,0.000000,0.0816,0.0186,9.19881,9.08949
c=A dc=+ h=B dh=0 L=B dL=0 preo=A,emergencia,11,0.000000,1.9710,0.4485,5.17810,5.12475
c=M dc=- h=M dh=0 L=B dL=- preo=A,calma,10,0.000000,0.1173,0.0267,8.78720,8.68925
c=M dc=+ h=M dh=- L=A dL=+ preo=A,prop_rapida,10,0.000000,4.3909,0.9992,0.53687,0.53970
c=A dc=- h=A dh=- L=B dL=0 preo=B,emergencia,10,0.000000,4.3862,0.9981,0.26931,0.30479
c=M dc=0 h=M dh=+ L=M dL=0 preo=A,calma,10,0.000000,0.8185,0.1862,4.35382,6.45442
c=A dc=- h=M dh=0 L=M dL=0 preo=M,emergencia,10,0.000000,0.4633,0.1054,7.19652,7.11276
c=A dc=- h=B dh=0 L=B dL=+ preo=M,emergencia,10,0.000000,0.4095,0.0932,4.42301,7.38727
c=B dc=+ h=A dh=0 L=A dL=0 preo=M,emergencia,10,0.000000,0.0199,0.0045,10.76053,10.62999
c=M dc=+ h=A dh=+ L=A dL=- preo=M,emergencia,10,0.000000,0.3533,0.0804,7.52600,7.43309
c=A dc=0 h=M dh=+ L=M dL=0 preo=A,emergencia,10,0.000000,4.3903,0.9990,0.00000,0.03561
c=A dc=0 h=M dh=- L=B dL=0 preo=B,emergencia,10,0.000000,0.0079,0.0018,11.77295,11.62760
c=A dc=- h=A dh=- L=M dL=0 preo=M,emergencia,10,0.000000,4.3394,0.9875,1.59642,1.61923
c=B dc=- h=B dh=+ L=A dL=- preo=A,calma,10,0.000000,0.0825,0.0188,8.68706,9.07907
c=A dc=- h=M dh=0 L=M dL=- preo=B,emergencia,10,0.000000,0.1929,0.0439,8.22991,8.12831
c=B dc=- h=A dh=- L=B dL=0 preo=M,emergencia,10,0.000000,0.0498,0.0113,5.86186,10.95897
c=A dc=+ h=A dh=+ L=A dL=+ preo=B,emergencia,10,0.000000,4.3888,0.9987,0.66725,0.66761
c=A dc=- h=M dh=0 L=B dL=+ preo=M,emergencia,10,0.000000,0.0944,0.0215,9.03924,8.92765
c=B dc=- h=A dh=+ L=B dL=0 preo=A,emergencia,10,0.000000,4.0427,0.9200,2.89852,2.87896
c=A dc=- h=B dh=0 L=A dL=0 preo=M,emergencia,10,0.000000,0.6627,0.1508,3.07951,6.92929
c=A dc=- h=B dh=0 L=A dL=0 preo=B,emergencia,10,0.000000,0.0079,0.0018,8.20524,11.96816
c=A dc=+ h=M dh=0 L=M dL=+ preo=A,emergencia,10,0.000000,4.3909,0.9992,0.27203,0.29626
c=B dc=+ h=M dh=+ L=M dL=- preo=A,prop_lenta,10,0.000000,0.2305,0.0525,8.02492,7.92584
c=A dc=+ h=M dh=- L=M dL=- preo=A,emergencia,10,0.000000,4.3921,0.9995,0.00000,0.02607
c=M dc=- h=B dh=0 L=M dL=- preo=A,calma,10,0.000027,0.2835,0.0645,7.78474,7.68863
c=A dc=+ h=B dh=+ L=A dL=- preo=B,emergencia,10,0.000000,0.0022,0.0005,13.16562,13.00308
c=A dc=- h=A dh=- L=B dL=- preo=M,emergencia,10,0.000000,4.3870,0.9983,0.01423,0.05800
c=B dc=- h=B dh=- L=A dL=0 preo=A,calma,9,0.000000,0.2929,0.0667,7.74643,7.65080
c=A dc=0 h=B dh=- L=M dL=0 preo=B,emergencia,9,0.000000,0.0017,0.0004,13.45022,13.28417
c=B dc=- h=M dh=+ L=B dL=0 preo=M,calma,9,0.000000,0.0090,0.0020,11.62335,11.48388
c=A dc=+ h=B dh=- L=B dL=0 preo=A,emergencia,9,0.000000,1.8589,0.4230,1.67862,5.31582
c=A dc=+ h=A dh=0 L=M dL=- preo=M,emergencia,9,0.000000,1.5583,0.3546,5.56774,5.51285
c=A dc=+ h=A dh=0 L=B dL=0 preo=M,emergencia,9,0.000000,4.2270,0.9619,2.34144,2.33666
c=A dc=+ h=A dh=0 L=B dL=0 preo=B,emergencia,9,0.000000,4.1720,0.9494,2.55717,2.53765
c=A dc=- h=M dh=+ L=B dL=0 preo=M,emergencia,9,0.000000,0.1010,0.0230,8.96185,8.85313
c=A dc=0 h=M dh=0 L=A dL=- preo=B,emergencia,9,0.000000,4.2393,0.9647,2.28663,2.28146
c=A dc=0 h=M dh=0 L=A dL=- preo=A,emergencia,9,0.000000,4.3910,0.9992,0.06184,0.07920
c=A dc=+ h=B dh=0 L=A dL=+ preo=M,emergencia,9,0.000000,0.1367,0.0311,8.62018,8.51595
c=A dc=0 h=A dh=- L=A dL=+ preo=M,emergencia,9,0.000000,1.2185,0.2773,5.94385,5.87363
c=A dc=- h=M dh=- L=M dL=0 preo=M,emergencia,9,0.000000,0.0127,0.0029,11.25321,11.11603
c=M dc=+ h=M dh=+ L=M dL=0 preo=A,prop_rapida,9,0.000027,1.0856,0.2470,6.10951,6.03409
c=B dc=+ h=M dh=+ L=M dL=+ preo=A,prop_lenta,9,0.000000,0.0383,0.0087,10.03763,9.92159
c=M dc=- h=M dh=- L=B dL=0 preo=M,calma,9,0.000000,0.1580,0.0360,8.44605,8.35470
c=M dc=- h=M dh=- L=B dL=+ preo=A,calma,9,0.000000,0.6157,0.1401,6.84117,6.76866
c=M dc=0 h=B dh=- L=A dL=0 preo=M,calma,9,0.000000,0.0026,0.0006,12.96901,12.81614
c=A dc=- h=B dh=0 L=M dL=0 preo=B,emergencia,9,0.000000,0.0004,0.0001,15.02929,14.84571
c=M dc=- h=B dh=+ L=M dL=0 preo=A,calma,9,0.000000,3.2567,0.7411,4.02131,3.97417
c=A dc=- h=M dh=- L=B dL=- preo=M,emergencia,9,0.000000,0.4503,0.1025,7.23576,7.14643
c=M dc=0 h=B dh=- L=B dL=0 preo=A,calma,9,0.000000,0.0108,0.0025,11.42673,11.28566
c=M dc=+ h=A dh=+ L=B dL=0 preo=B,emergencia,9,0.000000,0.1255,0.0286,8.71907,8.61142
c=B dc=+ h=A dh=+ L=A dL=- preo=B,emergencia,9,0.000000,0.0081,0.0019,11.73823,11.59331
c=M dc=- h=B dh=- L=M dL=- preo=A,calma,9,0.000000,2.1622,0.4920,5.01775,4.95581
c=B dc=0 h=A dh=+ L=B dL=+ preo=B,emergencia,9,0.000000,0.0014,0.0003,13.64612,13.47765
c=M dc=+ h=M dh=+ L=A dL=- preo=M,prop_rapida,9,0.000000,0.0190,0.0043,10.81191,10.67842
c=M dc=+ h=M dh=0 L=A dL=0 preo=B,prop_rapida,9,0.000000,0.0022,0.0005,13.17039,13.00779
c=B dc=+ h=M dh=+ L=M dL=0 preo=A,prop_lenta,9,0.000000,0.1311,0.0298,6.78267,8.60050
c=M dc=+ h=A dh=- L=B dL=0 preo=M,emergencia,9,0.000000,0.0927,0.0211,9.05250,8.94912
c=B dc=+ h=M dh=0 L=B dL=+ preo=A,prop_lenta,9,0.000000,0.1787,0.0407,8.31779,8.21510
c=A dc=+ h=M dh=0 L=B dL=0 preo=A,emergencia,8,0.000000,4.3927,0.9996,0.00000,0.02055
c=M dc=- h=M dh=- L=B dL=0 preo=B,calma,8,0.000000,0.0005,0.0001,14.78499,14.60246
c=M dc=0 h=B dh=0 L=B dL=+ preo=M,calma,8,0.000000,0.0544,0.0124,9.64768,9.53582
c=A dc=0 h=M dh=- L=B dL=+ preo=A,emergencia,8,0.000000,4.3923,0.9995,0.00000,0.02114
c=M dc=+ h=M dh=0 L=M dL=+ preo=A,prop_rapida,8,0.000000,0.3923,0.0893,7.39794,7.31025
c=A dc=0 h=B dh=+ L=A dL=0 preo=B,emergencia,8,0.000000,0.0017,0.0004,9.11729,14.32444
c=A dc=- h=B dh=0 L=B dL=- preo=M,emergencia,8,0.000000,0.0850,0.0193,9.15738,9.04433
c=M dc=- h=B dh=+ L=B dL=0 preo=A,calma,8,0.000000,0.3760,0.0856,7.44650,7.36040
c=A dc=0 h=A dh=+ L=M dL=0 preo=M,emergencia,8,0.000000,4.3661,0.9936,1.14089,1.17560
c=M dc=+ h=A dh=0 L=B dL=+ preo=B,emergencia,8,0.000000,0.0026,0.0006,12.96616,12.81182
c=A dc=- h=B dh=- L=M dL=0 preo=B,emergencia,8,0.000000,0.0006,0.0001,14.62933,14.44872
c=M dc=+ h=M dh=+ L=M dL=- preo=A,prop_rapida,8,0.000000,0.9334,0.2124,6.30716,6.23796
c=M dc=0 h=M dh=0 L=A dL=0 preo=M,calma,8,0.000000,0.0029,0.0007,12.85518,12.69647
c=B dc=- h=A dh=- L=B dL=+ preo=M,emergencia,8,0.000000,3.3155,0.7545,3.96263,3.91370
c=B dc=0 h=A dh=+ L=B dL=0 preo=B,emergencia,8,0.000000,0.0018,0.0004,13.37723,13.21207
c=M dc=+ h=A dh=- L=A dL=- preo=B,emergencia,8,0.000000,0.1700,0.0387,8.37497,8.27157
c=M dc=+ h=A dh=0 L=B dL=+ preo=M,emergencia,8,0.000000,0.5848,0.1331,6.91113,6.83093
c=M dc=0 h=A dh=- L=A dL=- preo=M,emergencia,8,0.000000,0.0759,0.0173,9.28392,9.16930
c=A dc=0 h=B dh=- L=A dL=0 preo=B,emergencia,8,0.000000,0.0011,0.0003,13.87902,13.70768
c=B dc=+ h=A dh=0 L=A dL=0 preo=B,emergencia,8,0.000000,0.0011,0.0002,13.94423,13.77208
c=M dc=- h=B dh=+ L=B dL=0 preo=M,calma,8,0.000000,0.0279,0.0064,10.39114,10.26285
c=M dc=0 h=A dh=+ L=B dL=+ preo=B,emergencia,8,0.000000,0.0339,0.0077,10.17619,10.05056
c=A dc=- h=M dh=- L=B dL=+ preo=A,emergencia,8,0.000000,4.3878,0.9985,0.72097,0.72712
c=B dc=- h=B dh=- L=B dL=+ preo=M,calma,8,0.000000,0.0011,0.0003,13.86758,13.69637
c=A dc=- h=M dh=0 L=B dL=+ preo=B,emergencia,8,0.000000,0.0528,0.0120,9.68727,9.56768
c=M dc=- h=M dh=0 L=A dL=- preo=A,calma,8,0.000000,3.9630,0.9018,3.08105,3.04400
c=A dc=+ h=M dh=+ L=M dL=0 preo=B,emergencia,8,0.000000,0.1126,0.0256,8.84176,8.73260
c=B dc=0 h=M dh=+ L=A dL=- preo=A,calma,8,0.000000,0.0301,0.0069,10.30811,10.18085
c=A dc=- h=M dh=0 L=M dL=0 preo=A,emergencia,8,0.000000,4.3853,0.9979,0.72208,0.73714
c=B dc=- h=B dh=0 L=B dL=+ preo=A,calma,8,0.000000,0.2993,0.0681,3.94795,7.96089
c=M dc=0 h=M dh=+ L=B dL=+ preo=A,calma,7,0.000000,2.9609,0.6738,4.30827,4.25837
c=A dc=- h=M dh=- L=B dL=+ preo=B,emergencia,7,0.000000,0.1224,0.0279,8.74759,8.63959
c=A dc=+ h=B dh=0 L=M dL=+ preo=A,emergencia,7,0.000000,2.0517,0.4669,5.10476,5.05338
c=A dc=0 h=B dh=- L=B dL=- preo=A,emergencia,7,0.000000,2.9973,0.6821,4.26748,4.22499
c=M dc=+ h=A dh=+ L=A dL=0 preo=B,emergencia,7,0.000000,0.2159,0.0491,8.10048,8.00047
c=M dc=+ h=A dh=+ L=A dL=0 preo=A,emergencia,7,0.000000,4.0710,0.9264,2.84626,2.81505
c=M dc=- h=M dh=0 L=M dL=0 preo=A,calma,7,0.000000,3.6593,0.8327,3.54962,3.51640
c=M dc=0 h=A dh=+ L=M dL=0 preo=B,emergencia,7,0.000000,0.0124,0.0028,11.27769,11.14078
c=A dc=0 h=A dh=- L=M dL=0 preo=B,emergencia,7,0.000000,4.3927,0.9996,0.00000,0.01725
c=A dc=- h=A dh=0 L=M dL=0 preo=M,emergencia,7,0.000000,4.3908,0.9992,0.00000,0.02541
c=A dc=- h=M dh=+ L=B dL=0 preo=B,emergencia,7,0.000000,4.2776,0.9734,2.13913,2.11272
c=A dc=0 h=M dh=- L=B dL=0 preo=A,emergencia,7,0.000000,4.3928,0.9996,0.00000,0.01867
c=A dc=+ h=M dh=0 L=M dL=- preo=A,emergencia,7,0.000000,4.3921,0.9995,0.00000,0.02100
c=A dc=+ h=A dh=0 L=M dL=+ preo=M,emergencia,7,0.000000,4.3942,0.9999,0.00000,0.00455
c=A dc=- h=B dh=+ L=B dL=0 preo=M,emergencia,7,0.000000,0.1921,0.0437,4.60093,8.44315
c=A dc=- h=B dh=0 L=M dL=+ preo=A,emergencia,7,0.000000,1.8202,0.4142,5.31197,5.26180
c=A dc=- h=M dh=0 L=B dL=- preo=A,emergencia,7,0.000000,4.3779,0.9962,1.06927,1.07374
c=M dc=+ h=A dh=- L=B dL=0 preo=B,emergencia,7,0.000000,1.4397,0.3276,5.70118,5.63079
c=M dc=0 h=B dh=+ L=B dL=+ preo=M,calma,7,0.000000,0.0100,0.0023,11.50904,11.37017
c=B dc=0 h=M dh=+ L=B dL=+ preo=A,calma,7,0.000000,2.8655,0.6521,4.39902,4.34471
c=B dc=0 h=B dh=0 L=A dL=- preo=M,calma,7,0.000000,0.0014,0.0003,13.64150,13.47597
c=M dc=+ h=B dh=+ L=M dL=0 preo=A,prop_rapida,6,0.000000,0.2513,0.0572,7.92513,7.82729
c=A dc=+ h=B dh=- L=M dL=+ preo=A,emergencia,6,0.000000,3.4963,0.7956,3.75187,3.71625
c=A dc=+ h=A dh=+ L=M dL=0 preo=M,emergencia,6,0.000000,4.2218,0.9607,2.38462,2.36273
c=A dc=- h=M dh=0 L=B dL=- preo=B,emergencia,6,0.000000,0.0339,0.0077,10.17718,10.05154
c=B dc=+ h=A dh=+ L=B dL=+ preo=M,emergencia,6,0.000000,0.5685,0.1294,6.94921,6.86530
c=A dc=- h=M dh=- L=M dL=- preo=B,emergencia,6,0.000000,0.0228,0.0052,10.61478,10.48374
c=A dc=0 h=B dh=+ L=A dL=- preo=A,emergencia,6,0.000000,4.3580,0.9917,1.48555,1.46721
c=A dc=0 h=B dh=+ L=M dL=0 preo=B,emergencia,6,0.000000,0.0052,0.0012,12.23131,12.08031
c=A dc=- h=M dh=0 L=M dL=0 preo=B,emergencia,6,0.000000,0.0253,0.0058,10.49272,10.36892
c=M dc=- h=A dh=0 L=M dL=0 preo=M,emergencia,6,0.000000,1.3602,0.3095,5.77870,5.71562
c=A dc=0 h=B dh=0 L=A dL=0 preo=M,emergencia,6,0.000000,1.2477,0.2839,5.90996,5.84003
c=M dc=+ h=M dh=0 L=M dL=- preo=A,prop_rapida,6,0.000000,0.6772,0.1541,6.73197,6.64886
c=A dc=0 h=M dh=0 L=A dL=0 preo=A,emergencia,6,0.000000,4.3924,0.9995,0.00000,0.01681
c=M dc=+ h=A dh=- L=M dL=0 preo=M,emergencia,6,0.000000,0.2157,0.0491,8.10152,8.00150
c=M dc=- h=B dh=- L=B dL=0 preo=A,calma,6,0.000000,0.7196,0.1637,6.65492,6.57276
c=M dc=- h=M dh=0 L=B dL=0 preo=B,calma,6,0.000000,0.0012,0.0003,13.76245,13.59254
c=A dc=- h=M dh=- L=B dL=0 preo=M,emergencia,6,0.000000,0.1853,0.0422,8.27373,8.17426
c=B dc=- h=B dh=+ L=B dL=0 preo=M,calma,6,0.000000,0.0005,0.0001,14.75643,14.57425
c=M dc=- h=B dh=+ L=B dL=+ preo=M,calma,6,0.000000,0.0674,0.0153,9.41640,9.30015
c=A dc=+ h=A dh=- L=M dL=0 preo=B,emergencia,6,0.000000,4.3937,0.9998,0.00000,0.00884
c=A dc=+ h=M dh=- L=M dL=0 preo=A,emergencia,6,0.000000,4.3926,0.9996,0.00000,0.01679
c=A dc=- h=M dh=0 L=A dL=0 preo=M,emergencia,6,0.000000,0.1508,0.0343,8.50828,8.40656
c=M dc=0 h=M dh=- L=B dL=0 preo=A,calma,6,0.000000,0.5484,0.1248,6.98787,6.90988
c=A dc=- h=B dh=0 L=B dL=0 preo=M,emergencia,6,0.000000,0.5908,0.1344,6.90088,6.81822
c=A dc=+ h=B dh=+ L=M dL=0 preo=M,emergencia,6,0.000000,0.1466,0.0334,8.54093,8.43798
c=M dc=- h=M dh=- L=B dL=0 preo=A,calma,6,0.000000,4.3489,0.9896,1.58688,1.57357
c=B dc=0 h=A dh=+ L=B dL=0 preo=M,emergencia,6,0.000000,0.9879,0.2248,5.61513,6.16413
c=A dc=- h=A dh=0 L=B dL=0 preo=M,emergencia,6,0.000000,4.3888,0.9987,0.00000,0.03361
c=M dc=0 h=B dh=+ L=A dL=0 preo=M,calma,6,0.000000,0.0922,0.0210,9.06260,8.95453
c=M dc=- h=M dh=0 L=B dL=0 preo=M,calma,6,0.000000,0.1325,0.0301,4.01813,9.66467
c=M dc=- h=A dh=+ L=M dL=0 preo=B,emergencia,5,0.000000,0.8450,0.1923,6.44699,6.36739
c=M dc=- h=A dh=+ L=B dL=+ preo=M,emergencia,5,0.000000,2.3392,0.5323,4.86292,4.80289
c=A dc=+ h=A dh=0 L=M dL=+ preo=B,emergencia,5,0.000000,4.3933,0.9997,0.03576,0.04670
c=A dc=+ h=B dh=0 L=M dL=0 preo=B,emergencia,5,0.000000,0.0043,0.0010,12.42352,12.27014
c=M dc=- h=B dh=+ L=B dL=+ preo=A,calma,5,0.000000,1.7115,0.3895,5.42325,5.36237
c=M dc=0 h=B dh=- L=A dL=- preo=M,calma,5,0.000000,0.0039,0.0009,12.52462,12.37000
c=A dc=0 h=M dh=- L=A dL=+ preo=A,emergencia,5,0.000000,4.3631,0.9929,1.38928,1.38269
c=A dc=+ h=A dh=0 L=A dL=+ preo=A,emergencia,5,0.000000,4.3591,0.9920,1.40758,1.41099
c=M dc=0 h=B dh=0 L=A dL=- preo=A,calma,5,0.000000,1.4697,0.3344,5.66975,5.59975
c=B dc=0 h=B dh=0 L=A dL=0 preo=M,calma,5,0.000000,0.0017,0.0004,13.42444,13.25871
c=A dc=0 h=M dh=- L=M dL=0 preo=B,emergencia,5,0.000000,0.0778,0.0177,9.25656,9.14229
c=M dc=0 h=B dh=0 L=A dL=- preo=M,calma,5,0.000000,0.0136,0.0031,11.18001,11.04198
c=A dc=+ h=A dh=+ L=A dL=- preo=A,emergencia,5,0.000000,4.3924,0.9995,0.00000,0.01408
c=M dc=0 h=B dh=0 L=A dL=0 preo=M,calma,5,0.000000,0.0326,0.0074,10.22016,10.09398
c=A dc=0 h=M dh=+ L=A dL=- preo=M,emergencia,5,0.000000,0.0219,0.0050,10.65915,10.52755
c=B dc=+ h=M dh=+ L=A dL=- preo=M,prop_lenta,5,0.000000,0.0144,0.0033,11.11680,10.97956
c=M dc=0 h=M dh=0 L=B dL=0 preo=A,calma,5,0.000000,0.4864,0.1107,7.13866,7.05421
c=M dc=0 h=M dh=0 L=M dL=- preo=A,calma,5,0.000000,2.2366,0.5090,4.95245,4.89131
c=M dc=0 h=A dh=- L=B dL=0 preo=M,emergencia,5,0.000000,0.2410,0.0549,7.97104,7.87515
c=M dc=0 h=A dh=- L=M dL=0 preo=M,emergencia,5,0.000000,0.4862,0.1106,7.14273,7.05455
c=A dc=0 h=A dh=+ L=A dL=+ preo=M,emergencia,5,0.000000,4.3056,0.9798,1.96428,1.94507
c=B dc=- h=M dh=+ L=B dL=+ preo=M,calma,5,0.000000,0.0546,0.0124,9.64978,9.53156
c=B dc=- h=B dh=0 L=A dL=0 preo=A,calma,5,0.000000,0.0348,0.0079,10.14852,10.02422
c=M dc=0 h=A dh=- L=A dL=0 preo=M,emergencia,5,0.000000,0.2455,0.0559,7.94964,7.85420
c=A dc=0 h=A dh=+ L=A dL=0 preo=B,emergencia,5,0.000000,3.1407,0.7147,4.13373,4.08937
c=A dc=+ h=B dh=0 L=M dL=0 preo=M,emergencia,5,0.000000,1.4995,0.3412,5.63260,5.56967
c=M dc=0 h=A dh=0 L=B dL=0 preo=M,emergencia,5,0.000000,1.5929,0.3625,5.54228,5.47621
c=A dc=+ h=A dh=0 L=B dL=+ preo=M,emergencia,5,0.000000,0.2734,0.0622,7.81652,7.73177
c=A dc=+ h=B dh=+ L=A dL=0 preo=B,emergencia,5,0.000000,0.0038,0.0009,12.55220,12.39723
c=A dc=+ h=B dh=+ L=A dL=+ preo=A,emergencia,5,0.000000,4.3265,0.9845,1.80204,1.78738
c=B dc=+ h=A dh=0 L=B dL=0 preo=M,emergencia,5,0.000000,0.7959,0.1811,6.52034,6.44498
c=B dc=- h=A dh=+ L=B dL=0 preo=M,emergencia,5,0.000000,0.0221,0.0050,10.64902,10.51755
c=A dc=0 h=A dh=- L=A dL=0 preo=A,emergencia,5,0.000000,4.3908,0.9992,0.17833,0.19349
c=M dc=0 h=M dh=- L=B dL=+ preo=A,calma,5,0.000000,1.5007,0.3415,5.63593,5.56814
c=A dc=+ h=A dh=+ L=A dL=+ preo=A,emergencia,5,0.000000,4.3929,0.9996,0.03845,0.05162
c=A dc=- h=M dh=0 L=B dL=0 preo=M,emergencia,5,0.000000,0.0408,0.0093,9.97178,9.84867
c=A dc=- h=B dh=- L=M dL=0 preo=A,emergencia,5,0.000000,4.3916,0.9993,0.49526,0.49828
c=A dc=- h=M dh=0 L=A dL=- preo=A,emergencia,5,0.000000,4.3936,0.9998,0.27470,0.27431
c=M dc=+ h=A dh=- L=A dL=0 preo=B,emergencia,5,0.000000,1.0855,0.2470,6.10958,6.03416
c=B dc=+ h=B dh=- L=A dL=0 preo=M,prop_lenta,5,0.000000,0.0105,0.0024,11.46121,11.31972
c=M dc=+ h=A dh=0 L=A dL=- preo=B,emergencia,5,0.000000,0.1266,0.0288,8.70985,8.60232
c=B dc=0 h=M dh=0 L=A dL=0 preo=M,calma,5,0.000000,0.0928,0.0211,4.43915,10.10867
c=A dc=- h=M dh=- L=M dL=0 preo=A,emergencia,5,0.000000,4.3929,0.9997,0.00000,0.01423
c=A dc=- h=M dh=0 L=B dL=0 preo=B,emergencia,5,0.000000,1.0660,0.2426,0.59394,6.62078
c=B dc=+ h=M dh=+ L=A dL=+ preo=A,prop_lenta,4,0.000000,0.7482,0.1703,6.60487,6.52333
c=A dc=0 h=A dh=- L=B dL=+ preo=M,emergencia,4,0.000000,4.3927,0.9996,0.00000,0.01041
c=A dc=+ h=A dh=0 L=B dL=+ preo=B,emergencia,4,0.000000,3.4651,0.7885,3.78659,3.75233
c=M dc=+ h=B dh=0 L=M dL=- preo=A,prop_rapida,4,0.000000,0.5353,0.1218,7.02502,6.93829
c=B dc=0 h=A dh=- L=B dL=+ preo=B,emergencia,4,0.000000,0.0282,0.0064,5.81191,11.53263
c=A dc=+ h=A dh=- L=A dL=0 preo=A,emergencia,4,0.000000,4.3931,0.9997,0.09366,0.10269
c=M dc=+ h=B dh=- L=M dL=- preo=A,prop_rapida,4,0.000000,0.1580,0.0360,8.45812,8.35370
c=B dc=- h=A dh=+ L=B dL=+ preo=B,emergencia,4,0.000000,0.0253,0.0058,10.49816,10.36855
c=A dc=+ h=A dh=- L=A dL=- preo=A,emergencia,4,0.000000,4.3923,0.9995,0.46042,0.45868
c=M dc=0 h=A dh=+ L=B dL=+ preo=M,emergencia,4,0.000000,1.5317,0.3485,5.60146,5.53714
c=A dc=- h=M dh=- L=A dL=- preo=A,emergencia,4,0.000000,4.3937,0.9998,0.00000,0.00913
c=M dc=0 h=A dh=0 L=A dL=0 preo=M,emergencia,4,0.000000,0.5144,0.1171,7.07398,6.98664
c=A dc=+ h=A dh=- L=A dL=+ preo=A,emergencia,4,0.000000,4.3929,0.9996,0.00000,0.01369
c=M dc=+ h=A dh=0 L=B dL=0 preo=M,emergencia,4,0.000000,0.2080,0.0473,8.14170,8.04315
c=B dc=+ h=A dh=+ L=A dL=0 preo=M,emergencia,4,0.000000,0.0681,0.0155,9.40541,9.28929
c=A dc=- h=M dh=0 L=A dL=0 preo=A,emergencia,4,0.000000,4.3916,0.9993,0.43857,0.44386
c=A dc=+ h=M dh=+ L=M dL=0 preo=A,emergencia,4,0.000000,4.3928,0.9996,0.00000,0.01340
c=M dc=+ h=A dh=0 L=A dL=0 preo=A,emergencia,4,0.000000,4.3931,0.9997,0.00000,0.01146
c=B dc=0 h=A dh=+ L=B dL=+ preo=M,emergencia,4,0.000000,4.1398,0.9420,2.66510,2.63642
c=A dc=+ h=B dh=0 L=A dL=- preo=B,emergencia,4,0.000000,0.0524,0.0119,9.69366,9.57635
c=A dc=- h=B dh=0 L=A dL=- preo=A,emergencia,4,0.000000,4.3721,0.9949,1.25512,1.24059
c=M dc=0 h=B dh=+ L=A dL=- preo=M,calma,4,0.000000,0.0057,0.0013,12.12319,11.97352
c=M dc=- h=B dh=- L=A dL=0 preo=A,calma,4,0.000000,3.4007,0.7739,3.86687,3.82330
c=A dc=+ h=B dh=+ L=M dL=0 preo=A,emergencia,4,0.000000,4.2851,0.9751,2.09428,2.07109
c=B dc=+ h=B dh=- L=A dL=0 preo=A,prop_lenta,4,0.000000,0.0136,0.0031,11.17559,11.04211
c=A dc=+ h=M dh=0 L=M dL=0 preo=B,emergencia,4,0.000000,0.1745,0.0397,8.34506,8.24203
c=M dc=0 h=M dh=- L=A dL=- preo=A,calma,4,0.000000,0.2135,0.0486,8.11323,8.01352
c=B dc=- h=M dh=0 L=B dL=0 preo=M,calma,4,0.000000,0.0820,0.0186,9.19818,9.08462
c=B dc=+ h=A dh=+ L=A dL=0 preo=B,emergencia,4,0.000000,0.0023,0.0005,13.10168,12.93993
c=B dc=- h=M dh=0 L=B dL=+ preo=M,calma,4,0.000000,0.3761,0.0856,7.44941,7.35963
c=B dc=+ h=M dh=0 L=A dL=- preo=M,prop_lenta,4,0.000000,0.0060,0.0014,9.81226,11.98729
c=M dc=- h=A dh=- L=M dL=0 preo=M,emergencia,4,0.000000,0.9151,0.2082,6.34166,6.26337
c=A dc=0 h=B dh=+ L=A dL=- preo=M,emergencia,4,0.000000,0.0629,0.0143,9.49406,9.37685
c=A dc=+ h=A dh=+ L=A dL=- preo=B,emergencia,4,0.000000,4.3908,0.9992,0.62436,0.61765
c=B dc=0 h=B dh=+ L=A dL=- preo=M,calma,4,0.000000,0.0014,0.0003,13.61794,13.44982
c=A dc=0 h=M dh=0 L=A dL=0 preo=M,emergencia,3,0.000000,0.7319,0.1665,6.63322,6.55133
c=M dc=0 h=A dh=- L=B dL=+ preo=M,emergencia,3,0.000000,2.5215,0.5738,4.70148,4.64624
c=A dc=+ h=B dh=- L=M dL=- preo=A,emergencia,3,0.000000,4.3893,0.9988,0.67945,0.67731
c=A dc=- h=M dh=0 L=A dL=- preo=B,emergencia,3,0.000000,3.3802,0.7692,3.89323,3.84516
c=M dc=- h=A dh=+ L=B dL=+ preo=B,emergencia,3,0.000000,4.3789,0.9965,1.06223,1.05823
c=M dc=+ h=M dh=0 L=M dL=0 preo=A,prop_rapida,3,0.000000,1.8126,0.4125,5.33328,5.26743
c=A dc=+ h=B dh=- L=M dL=0 preo=A,emergencia,3,0.000000,1.6375,0.3726,5.49838,5.43274
c=A dc=0 h=B dh=- L=A dL=0 preo=M,emergencia,3,0.000000,0.0376,0.0086,10.06267,9.93844
c=M dc=0 h=A dh=0 L=B dL=+ preo=M,emergencia,3,0.000000,3.8534,0.8769,3.27294,3.23556
c=B dc=+ h=A dh=0 L=B dL=+ preo=M,emergencia,3,0.000000,3.6573,0.8323,3.56268,3.51870
c=B dc=+ h=A dh=0 L=B dL=+ preo=B,emergencia,3,0.000000,0.2955,0.0672,2.77688,9.04358
c=M dc=0 h=A dh=+ L=B dL=0 preo=B,emergencia,3,0.000000,0.2909,0.0662,7.75448,7.65874
c=M dc=0 h=A dh=+ L=B dL=0 preo=M,emergencia,3,0.000000,0.1540,0.0350,8.48521,8.38309
c=M dc=+ h=M dh=- L=A dL=0 preo=M,prop_rapida,3,0.000000,0.0490,0.0111,9.77108,9.65045
c=A dc=0 h=B dh=- L=M dL=- preo=A,emergencia,3,0.000000,4.2441,0.9658,2.29490,2.27186
c=A dc=+ h=B dh=- L=A dL=- preo=B,emergencia,3,0.000000,0.0094,0.0021,11.57502,11.43211
c=A dc=- h=M dh=0 L=A dL=0 preo=B,emergencia,3,0.000000,0.0636,0.0145,9.47913,9.36470
c=B dc=0 h=M dh=+ L=A dL=0 preo=M,calma,3,0.000000,0.0076,0.0017,11.81409,11.66824
c=B dc=- h=A dh=- L=B dL=+ preo=B,emergencia,3,0.000000,0.0147,0.0033,11.09484,10.95786
c=A dc=- h=M dh=- L=A dL=0 preo=M,emergencia,3,0.000000,0.2365,0.0538,7.99566,7.89694
c=M dc=+ h=M dh=0 L=A dL=- preo=M,prop_rapida,3,0.000000,0.0539,0.0123,9.66445,9.54513
c=B dc=+ h=B dh=0 L=A dL=- preo=M,prop_lenta,3,0.000000,0.0319,0.0073,10.24448,10.11801
c=A dc=- h=B dh=0 L=M dL=0 preo=A,emergencia,3,0.000000,4.3933,0.9997,0.00000,0.01029
c=M dc=0 h=M dh=0 L=A dL=- preo=A,calma,3,0.000000,4.3781,0.9963,1.10524,1.09619
c=A dc=0 h=M dh=- L=M dL=0 preo=A,emergencia,3,0.000000,4.3636,0.9930,1.39185,1.38019
c=A dc=0 h=B dh=+ L=A dL=+ preo=A,emergencia,3,0.000000,4.3406,0.9877,1.68336,1.66503
c=A dc=- h=B dh=- L=A dL=0 preo=A,emergencia,3,0.000000,4.3931,0.9997,0.00000,0.01046
c=A dc=+ h=A dh=+ L=A dL=0 preo=B,emergencia,3,0.000000,4.3933,0.9997,0.38134,0.37663
c=M dc=- h=B dh=0 L=B dL=+ preo=A,calma,3,0.000000,0.5111,0.1163,7.08183,6.99440
c=M dc=- h=A dh=- L=B dL=0 preo=M,emergencia,3,0.000000,3.7437,0.8519,3.43955,3.40124
c=M dc=0 h=B dh=+ L=A dL=0 preo=A,calma,3,0.000000,4.1994,0.9556,2.47865,2.44805
c=B dc=- h=A dh=+ L=B dL=+ preo=M,emergencia,3,0.000000,0.1583,0.0360,8.45625,8.35185
c=A dc=- h=M dh=- L=A dL=- preo=M,emergencia,3,0.000000,0.1778,0.0405,8.32344,8.22068
c=A dc=0 h=M dh=+ L=A dL=0 preo=M,emergencia,3,0.000000,0.2207,0.0502,8.07540,7.97570
c=B dc=- h=B dh=0 L=B dL=+ preo=M,calma,3,0.000000,0.0060,0.0014,12.06227,11.91335
c=A dc=0 h=A dh=- L=M dL=0 preo=M,emergencia,3,0.000000,4.3888,0.9987,0.71838,0.71498
c=M dc=+ h=B dh=- L=A dL=+ preo=A,prop_rapida,3,0.000000,0.1224,0.0279,8.74316,8.64025
c=M dc=+ h=B dh=0 L=A dL=+ preo=A,prop_rapida,3,0.000000,1.3699,0.3117,5.77578,5.70447
c=M dc=- h=A dh=+ L=B dL=0 preo=M,emergencia,3,0.000000,4.3620,0.9926,1.40182,1.39367
c=A dc=0 h=A dh=- L=A dL=- preo=M,emergencia,3,0.000000,4.3931,0.9997,0.00000,0.01060
c=A dc=0 h=A dh=- L=B dL=0 preo=B,emergencia,3,0.000000,4.3935,0.9998,0.13554,0.14078
c=A dc=- h=M dh=0 L=B dL=+ preo=A,emergencia,3,0.000000,4.3940,0.9999,0.00000,0.00625
c=A dc=0 h=A dh=- L=B dL=0 preo=M,emergencia,3,0.000000,4.3892,0.9988,0.00000,0.02443
c=A dc=- h=M dh=0 L=M dL=- preo=A,emergencia,3,0.000000,4.3920,0.9994,0.00000,0.01435
c=B dc=+ h=M dh=+ L=A dL=0 preo=M,prop_lenta,2,0.000000,0.1388,0.0316,8.60487,8.49864
c=M dc=0 h=B dh=+ L=M dL=0 preo=A,calma,2,0.000000,3.8727,0.8813,3.24409,3.20404
c=A dc=+ h=B dh=0 L=M dL=- preo=A,emergencia,2,0.000000,4.3940,0.9999,0.24110,0.23812
c=A dc=- h=B dh=0 L=B dL=- preo=A,emergencia,2,0.000000,3.9271,0.8937,3.14577,3.11010
c=M dc=- h=A dh=0 L=B dL=+ preo=B,emergencia,2,0.000000,1.1699,0.2662,5.99885,5.93213
c=M dc=+ h=M dh=0 L=A dL=+ preo=A,prop_rapida,2,0.000000,4.3909,0.9992,0.57380,0.57085
c=A dc=+ h=M dh=0 L=M dL=0 preo=A,emergencia,2,0.000000,4.3940,0.9999,0.00000,0.00497
c=A dc=0 h=B dh=+ L=A dL=0 preo=M,emergencia,2,0.000000,4.1235,0.9384,2.71567,2.68215
c=M dc=0 h=M dh=0 L=A dL=0 preo=A,calma,2,0.000000,4.2207,0.9605,2.39907,2.36946
c=A dc=0 h=M dh=+ L=A dL=- preo=A,emergencia,2,0.000000,4.3922,0.9995,0.48704,0.48338
c=B dc=- h=A dh=- L=B dL=0 preo=B,emergencia,2,0.000000,0.2914,0.0663,7.75238,7.65667
c=B dc=+ h=B dh=0 L=A dL=0 preo=M,prop_lenta,2,0.000000,0.0275,0.0062,10.40902,10.28051
c=A dc=- h=B dh=0 L=M dL=0 preo=M,emergencia,2,0.000000,2.1591,0.4913,5.01758,4.95870
c=A dc=- h=B dh=- L=B dL=- preo=A,emergencia,2,0.000000,4.3938,0.9999,0.00000,0.00594
c=A dc=+ h=B dh=0 L=M dL=0 preo=A,emergencia,2,0.000000,4.3940,0.9999,0.00000,0.00525
c=A dc=0 h=M dh=+ L=A dL=0 preo=B,emergencia,2,0.000000,1.6264,0.3701,5.51142,5.44338
c=M dc=+ h=A dh=+ L=A dL=0 preo=M,emergencia,2,0.000000,0.2620,0.0596,7.87658,7.77934
c=M dc=- h=B dh=- L=M dL=0 preo=A,calma,2,0.000000,0.2396,0.0545,7.98031,7.88178
c=M dc=0 h=M dh=0 L=B dL=+ preo=A,calma,2,0.000000,4.1982,0.9553,2.48307,2.45241
c=B dc=- h=B dh=0 L=B dL=0 preo=M,calma,2,0.000000,0.0106,0.0024,11.45283,11.31144
c=M dc=+ h=B dh=+ L=A dL=- preo=M,prop_rapida,2,0.000000,2.0603,0.4688,5.10799,5.04493
c=A dc=- h=B dh=- L=M dL=- preo=A,emergencia,2,0.000000,4.3163,0.9822,1.89580,1.87240
c=M dc=- h=B dh=0 L=A dL=0 preo=A,calma,2,0.000000,3.8323,0.8721,3.30999,3.26913
c=B dc=0 h=B dh=+ L=A dL=0 preo=M,calma,2,0.000000,0.0196,0.0045,10.77642,10.64338
c=M dc=- h=B dh=0 L=A dL=- preo=A,calma,2,0.000000,2.5825,0.5877,4.65086,4.59345
c=A dc=+ h=M dh=- L=M dL=0 preo=B,emergencia,2,0.000000,0.2176,0.0495,8.09141,7.99152
c=M dc=- h=B dh=0 L=M dL=0 preo=A,calma,2,0.000000,4.3937,0.9998,0.00000,0.00654
c=A dc=- h=A dh=- L=B dL=+ preo=M,emergencia,2,0.000000,4.3919,0.9994,0.00000,0.01342
c=M dc=- h=B dh=0 L=B dL=+ preo=M,calma,2,0.000000,0.0333,0.0076,10.19813,10.07223
c=A dc=- h=M dh=- L=A dL=0 preo=A,emergencia,2,0.000000,4.3940,0.9999,0.00000,0.00479
c=B dc=+ h=B dh=- L=A dL=- preo=A,prop_lenta,2,0.000000,2.9117,0.6626,4.35679,4.30301
c=M dc=- h=B dh=0 L=B dL=0 preo=M,calma,2,0.000000,2.1274,0.4841,5.04841,4.98609
c=A dc=+ h=M dh=- L=A dL=+ preo=A,emergencia,2,0.000000,4.3938,0.9999,0.00000,0.00609
c=A dc=- h=A dh=- L=B dL=0 preo=M,emergencia,2,0.000000,4.3914,0.9993,0.00000,0.01458
c=A dc=0 h=M dh=- L=M dL=- preo=A,emergencia,2,0.000000,4.3938,0.9999,0.00000,0.00615
c=M dc=+ h=A dh=- L=A dL=- preo=M,emergencia,2,0.000000,2.5821,0.5876,4.65114,4.59372
c=M dc=- h=A dh=0 L=B dL=+ preo=M,emergencia,2,0.000000,3.9706,0.9035,3.06725,3.02938
c=A dc=0 h=B dh=+ L=A dL=0 preo=A,emergencia,2,0.000000,4.1706,0.9491,2.57293,2.54392
c=B dc=- h=M dh=+ L=B dL=+ preo=A,calma,2,0.000000,3.0226,0.6878,4.25362,4.20110
c=M dc=0 h=A dh=- L=B dL=0 preo=B,emergencia,2,0.000000,4.3371,0.9870,1.72128,1.70003
c=M dc=+ h=M dh=+ L=A dL=+ preo=A,prop_rapida,2,0.000000,4.3827,0.9973,0.95427,0.94872
c=M dc=- h=M dh=+ L=B dL=0 preo=A,calma,2,0.000000,1.9989,0.4549,5.16021,5.09937
c=B dc=0 h=A dh=- L=B dL=0 preo=B,emergencia,2,0.000000,0.0411,0.0094,9.96374,9.84073
c=A dc=0 h=B dh=- L=A dL=- preo=M,emergencia,2,0.000000,0.1535,0.0349,8.49128,8.38645
c=A dc=0 h=B dh=- L=M dL=0 preo=A,emergencia,2,0.000000,2.2184,0.5048,4.96624,4.90714
c=M dc=- h=A dh=0 L=B dL=- preo=B,emergencia,2,0.000000,1.2015,0.2734,5.96689,5.89323
c=B dc=+ h=M dh=0 L=A dL=0 preo=M,prop_lenta,2,0.000000,0.0414,0.0094,9.95600,9.83309
c=M dc=0 h=A dh=- L=B dL=+ preo=B,emergencia,2,0.000000,0.6104,0.1389,6.86249,6.77777
c=A dc=+ h=A dh=0 L=A dL=0 preo=B,emergencia,2,0.000000,4.3856,0.9980,0.88373,0.87557
c=A dc=- h=M dh=- L=A dL=- preo=B,emergencia,2,0.000000,0.9939,0.2262,6.22852,6.15376
c=B dc=+ h=M dh=0 L=A dL=+ preo=A,prop_lenta,2,0.000000,0.2975,0.0677,7.72837,7.63296
c=A dc=+ h=A dh=0 L=M dL=0 preo=M,emergencia,2,0.000000,4.3931,0.9997,0.00000,0.00885
c=A dc=+ h=A dh=0 L=A dL=- preo=A,emergencia,2,0.000000,4.3944,1.0000,0.00000,0.00104
c=A dc=+ h=A dh=- L=M dL=0 preo=M,emergencia,2,0.000000,4.3912,0.9993,0.59621,0.58885
c=M dc=0 h=A dh=0 L=M dL=0 preo=M,emergencia,2,0.000000,2.3035,0.5242,4.89404,4.83362
c=A dc=0 h=A dh=+ L=A dL=0 preo=M,emergencia,2,0.000000,4.3913,0.9993,0.52464,0.52288
c=B dc=+ h=B dh=+ L=A dL=- preo=M,prop_lenta,2,0.000000,0.0401,0.0091,9.99302,9.86965
c=M dc=0 h=M dh=+ L=A dL=- preo=A,calma,2,0.000000,2.1721,0.4943,5.00698,4.94734
c=B dc=- h=B dh=0 L=A dL=- preo=A,calma,2,0.000000,1.3524,0.3078,5.79489,5.72335
c=B dc=+ h=M dh=0 L=A dL=- preo=A,prop_lenta,2,0.000000,1.0114,0.2302,6.20677,6.13014
c=B dc=+ h=M dh=0 L=M dL=0 preo=A,prop_lenta,2,0.000000,3.7122,0.8448,3.48827,3.44520
c=M dc=- h=A dh=0 L=M dL=0 preo=B,emergencia,2,0.000000,4.3485,0.9895,1.59812,1.58130
c=M dc=+ h=M dh=- L=A dL=0 preo=A,prop_rapida,2,0.000000,3.1431,0.7152,4.13774,4.08665
c=A dc=+ h=A dh=- L=A dL=- preo=B,emergencia,2,0.000000,3.8777,0.8824,3.22659,3.19561
c=B dc=0 h=M dh=+ L=A dL=0 preo=A,calma,2,0.000000,4.3941,0.9999,0.00000,0.00431
c=M dc=0 h=M dh=+ L=A dL=0 preo=A,calma,2,0.000000,4.3173,0.9824,1.88850,1.86519
c=A dc=0 h=B dh=- L=B dL=+ preo=A,emergencia,2,0.000000,4.3940,0.9999,0.00000,0.00520
c=B dc=- h=M dh=0 L=B dL=0 preo=A,calma,1,0.000000,2.3283,0.5298,4.87235,4.81219
c=M dc=- h=A dh=- L=B dL=+ preo=B,emergencia,1,0.000000,4.3941,0.9999,0.00000,0.00306
c=A dc=+ h=A dh=+ L=A dL=0 preo=A,emergencia,1,0.000000,4.3931,0.9997,0.00000,0.00702
c=A dc=+ h=M dh=- L=A dL=- preo=A,emergencia,1,0.000000,4.3936,0.9998,0.33258,0.32848
c=A dc=+ h=M dh=- L=A dL=0 preo=A,emergencia,1,0.000000,4.3940,0.9999,0.00000,0.00361
c=A dc=+ h=A dh=- L=A dL=+ preo=M,emergencia,1,0.000000,3.7352,0.8500,3.45590,3.41324
c=A dc=+ h=M dh=- L=A dL=0 preo=M,emergencia,1,0.000000,4.3941,0.9999,0.00000,0.00298
c=A dc=- h=M dh=- L=B dL=0 preo=A,emergencia,1,0.000000,4.3940,0.9999,0.00000,0.00376
c=A dc=- h=M dh=- L=A dL=0 preo=B,emergencia,1,0.000000,3.8114,0.8673,3.34283,3.30156
c=A dc=- h=M dh=- L=B dL=0 preo=B,emergencia,1,0.000000,4.3116,0.9811,1.93028,1.90645
c=A dc=- h=M dh=0 L=B dL=0 preo=A,emergencia,1,0.000000,4.3943,1.0000,0.00000,0.00235
c=A dc=+ h=A dh=0 L=A dL=0 preo=A,emergencia,1,0.000000,4.3935,0.9998,0.00000,0.00559
c=M dc=- h=M dh=+ L=B dL=+ preo=A,calma,1,0.000000,4.3699,0.9944,1.29988,1.28383
c=A dc=+ h=M dh=+ L=A dL=- preo=B,emergencia,1,0.000000,1.9039,0.4333,5.24900,5.18420
c=A dc=- h=B dh=0 L=A dL=0 preo=A,emergencia,1,0.000000,4.0379,0.9189,2.92700,2.89086
c=A dc=+ h=A dh=0 L=A dL=- preo=B,emergencia,1,0.000000,3.2722,0.7446,4.00780,3.95832
c=A dc=+ h=M dh=+ L=A dL=- preo=M,emergencia,1,0.000000,4.1633,0.9474,2.59926,2.56717
c=A dc=+ h=M dh=+ L=A dL=0 preo=M,emergencia,1,0.000000,4.1626,0.9472,2.60125,2.56914
c=A dc=+ h=M dh=+ L=A dL=+ preo=A,emergencia,1,0.000000,4.3942,0.9999,0.00000,0.00281
c=B dc=- h=B dh=+ L=B dL=+ preo=M,calma,1,0.000000,1.1962,0.2722,5.97310,5.89936
c=A dc=+ h=A dh=0 L=M dL=0 preo=B,emergencia,1,0.000000,4.3937,0.9998,0.00000,0.00496
c=A dc=+ h=M dh=0 L=A dL=+ preo=A,emergencia,1,0.000000,4.3943,1.0000,0.00000,0.00216
c=M dc=0 h=B dh=- L=M dL=0 preo=A,calma,1,0.000000,2.3157,0.5270,4.88335,4.82307
c=A dc=- h=M dh=0 L=A dL=- preo=M,emergencia,1,0.000000,4.2501,0.9671,2.27536,2.24727
c=A dc=- h=M dh=- L=M dL=0 preo=B,emergencia,1,0.000000,3.2324,0.7356,4.04855,3.99856
c=A dc=- h=M dh=- L=B dL=- preo=B,emergencia,1,0.000000,2.7563,0.6272,4.49731,4.44179
c=M dc=- h=A dh=+ L=B dL=0 preo=B,emergencia,1,0.000000,4.3925,0.9996,0.00000,0.00861
c=A dc=+ h=A dh=- L=A dL=0 preo=B,emergencia,1,0.000000,4.3939,0.9999,0.27760,0.27418
c=M dc=0 h=M dh=0 L=M dL=0 preo=A,calma,1,0.000000,4.3944,1.0000,0.05959,0.05885
c=B dc=+ h=B dh=+ L=A dL=- preo=A,prop_lenta,1,0.000000,3.8682,0.8802,3.25159,3.21145
c=A dc=+ h=B dh=0 L=A dL=+ preo=A,emergencia,1,0.000000,4.3944,1.0000,0.00000,0.00072
c=A dc=0 h=B dh=- L=B dL=0 preo=A,emergencia,1,0.000000,4.2372,0.9642,2.33182,2.30303
c=B dc=0 h=B dh=- L=A dL=- preo=A,calma,1,0.000000,0.3942,0.0897,7.39569,7.30438
c=M dc=0 h=M dh=+ L=B dL=0 preo=A,calma,1,0.000000,4.3941,0.9999,0.00000,0.00333
c=B dc=+ h=M dh=+ L=A dL=- preo=A,prop_lenta,1,0.000000,4.1022,0.9335,2.77276,2.73853
c=A dc=+ h=B dh=- L=A dL=0 preo=B,emergencia,1,0.000000,0.7382,0.1680,6.62215,6.54039
c=M dc=+ h=B dh=- L=M dL=0 preo=A,prop_rapida,1,0.000000,4.3943,1.0000,0.00000,0.00187
c=M dc=+ h=B dh=0 L=A dL=0 preo=M,prop_rapida,1,0.000000,1.9142,0.4356,5.23963,5.17494
c=B dc=0 h=B dh=- L=A dL=0 preo=A,calma,1,0.000000,0.4899,0.1115,7.13351,7.04544
c=B dc=+ h=M dh=+ L=A dL=0 preo=A,prop_lenta,1,0.000000,3.0637,0.6972,4.21454,4.16251
c=A dc=+ h=B dh=0 L=A dL=0 preo=M,emergencia,1,0.000000,1.2704,0.2891,5.88659,5.81391
c=M dc=+ h=B dh=0 L=A dL=- preo=M,prop_rapida,1,0.000000,3.0093,0.6848,4.26617,4.21350
c=A dc=0 h=B dh=+ L=M dL=0 preo=M,emergencia,1,0.000000,3.7549,0.8545,3.42765,3.38533
c=A dc=0 h=M dh=- L=A dL=- preo=A,emergencia,1,0.000000,4.3942,0.9999,0.00000,0.00256
c=A dc=0 h=M dh=- L=A dL=0 preo=M,emergencia,1,0.000000,4.3942,0.9999,0.00000,0.00268
c=M dc=+ h=M dh=0 L=A dL=0 preo=M,prop_rapida,1,0.000000,4.3940,0.9999,0.00000,0.00357
c=B dc=- h=M dh=+ L=B dL=0 preo=A,calma,1,0.000000,2.6396,0.6007,4.60070,4.54390
c=M dc=+ h=B dh=- L=A dL=- preo=M,prop_rapida,1,0.000000,1.7267,0.3929,5.41431,5.34746
c=B dc=- h=A dh=+ L=B dL=0 preo=B,emergencia,1,0.000000,0.5699,0.1297,6.94790,6.86213
c=A dc=- h=B dh=- L=B dL=+ preo=A,emergencia,1,0.000000,4.3941,0.9999,0.00000,0.00317
c=A dc=0 h=A dh=- L=A dL=0 preo=M,emergencia,1,0.000000,4.3053,0.9797,1.97359,1.94922
c=B dc=+ h=B dh=- L=A dL=- preo=M,prop_lenta,1,0.000000,0.3462,0.0788,7.54977,7.45656
c=M dc=0 h=M dh=- L=A dL=0 preo=A,calma,1,0.000000,4.3944,1.0000,0.00000,0.00074
c=M dc=+ h=A dh=0 L=B dL=0 preo=B,emergencia,1,0.000000,3.2175,0.7322,4.06370,4.01353
c=B dc=+ h=B dh=+ L=A dL=0 preo=M,prop_lenta,1,0.000000,3.8329,0.8722,3.30900,3.26815
c=M dc=- h=B dh=0 L=B dL=0 preo=A,calma,1,0.000000,4.2685,0.9713,2.18708,2.16008
