estado,fase,mejor_accion,work,school,ptrans,conf,coste,Q_max,visitas
c=B dc=- h=B dh=- L=B dL=- preo=B,calma,"(2, 1, 2, 0)",2,1,2,0,5.0,17.6607,7537
c=B dc=- h=B dh=- L=B dL=- preo=M,calma,"(0, 0, 1, 1)",0,0,1,1,3.0,13.5902,311
c=B dc=- h=B dh=- L=B dL=- preo=A,calma,"(1, 1, 2, 2)",1,1,2,2,8.0,9.9644,248
c=B dc=- h=B dh=- L=B dL=0 preo=B,calma,"(0, 2, 0, 0)",0,2,0,0,2.0,17.1858,299
c=B dc=- h=B dh=- L=B dL=0 preo=M,calma,"(1, 2, 1, 1)",1,2,1,1,6.0,16.5452,22
c=B dc=- h=B dh=- L=B dL=0 preo=A,calma,"(2, 2, 1, 1)",2,2,1,1,7.0,13.2051,58
c=B dc=- h=B dh=- L=B dL=+ preo=B,calma,"(1, 1, 1, 0)",1,1,1,0,3.0,17.1734,767
c=B dc=- h=B dh=- L=B dL=+ preo=M,calma,"(1, 1, 0, 0)",1,1,0,0,2.0,13.8676,8
c=B dc=- h=B dh=- L=B dL=+ preo=A,calma,"(2, 2, 1, 2)",2,2,1,2,9.0,10.4925,76
c=B dc=- h=B dh=- L=M dL=- preo=B,calma,"(0, 0, 0, 0)",0,0,0,0,0.0,17.9770,25448
c=B dc=- h=B dh=- L=M dL=- preo=M,calma,"(2, 2, 2, 2)",2,2,2,2,10.0,16.1726,5047
c=B dc=- h=B dh=- L=M dL=- preo=A,calma,"(1, 2, 2, 1)",1,2,2,1,7.0,10.8417,84
c=B dc=- h=B dh=- L=M dL=0 preo=B,calma,"(2, 1, 2, 1)",2,1,2,1,7.0,17.5993,8412
c=B dc=- h=B dh=- L=M dL=0 preo=M,calma,"(0, 2, 1, 1)",0,2,1,1,5.0,14.7497,559
c=B dc=- h=B dh=- L=M dL=0 preo=A,calma,"(2, 0, 1, 0)",2,0,1,0,3.0,11.7258,56
c=B dc=- h=B dh=- L=M dL=+ preo=B,calma,"(0, 0, 0, 0)",0,0,0,0,0.0,18.1147,413846
c=B dc=- h=B dh=- L=M dL=+ preo=M,calma,"(2, 2, 1, 1)",2,2,1,1,7.0,15.6716,1791
c=B dc=- h=B dh=- L=M dL=+ preo=A,calma,"(2, 2, 1, 2)",2,2,1,2,9.0,11.8855,288
c=B dc=- h=B dh=- L=A dL=- preo=B,calma,"(0, 0, 0, 0)",0,0,0,0,0.0,18.1663,36167
c=B dc=- h=B dh=- L=A dL=- preo=M,calma,"(2, 1, 1, 1)",2,1,1,1,6.0,16.2583,872
c=B dc=- h=B dh=- L=A dL=- preo=A,calma,"(2, 0, 0, 1)",2,0,0,1,4.0,7.8545,13
c=B dc=- h=B dh=- L=A dL=0 preo=B,calma,"(0, 0, 0, 0)",0,0,0,0,0.0,18.2059,104019
c=B dc=- h=B dh=- L=A dL=0 preo=M,calma,"(0, 0, 1, 0)",0,0,1,0,1.0,15.1958,1671
c=B dc=- h=B dh=- L=A dL=0 preo=A,calma,"(2, 0, 2, 1)",2,0,2,1,6.0,7.7464,9
c=B dc=- h=B dh=- L=A dL=+ preo=B,calma,"(0, 0, 0, 0)",0,0,0,0,0.0,18.2790,2090921
c=B dc=- h=B dh=- L=A dL=+ preo=M,calma,"(1, 0, 1, 2)",1,0,1,2,6.0,14.8269,13000
c=B dc=- h=B dh=- L=A dL=+ preo=A,calma,"(0, 0, 0, 1)",0,0,0,1,2.0,9.6976,821
c=B dc=- h=B dh=0 L=B dL=- preo=B,calma,"(0, 1, 1, 0)",0,1,1,0,2.0,17.4296,2654
c=B dc=- h=B dh=0 L=B dL=- preo=M,calma,"(0, 2, 1, 2)",0,2,1,2,7.0,15.5624,76
c=B dc=- h=B dh=0 L=B dL=- preo=A,calma,"(0, 0, 1, 2)",0,0,1,2,5.0,10.0241,46
c=B dc=- h=B dh=0 L=B dL=0 preo=B,calma,"(2, 0, 2, 0)",2,0,2,0,4.0,16.4926,96
c=B dc=- h=B dh=0 L=B dL=0 preo=M,calma,"(1, 2, 0, 0)",1,2,0,0,3.0,11.4528,2
c=B dc=- h=B dh=0 L=B dL=0 preo=A,calma,"(0, 1, 1, 1)",0,1,1,1,4.0,9.7956,12
c=B dc=- h=B dh=0 L=B dL=+ preo=B,calma,"(0, 0, 1, 1)",0,0,1,1,3.0,17.2009,250
c=B dc=- h=B dh=0 L=B dL=+ preo=M,calma,"(1, 1, 2, 0)",1,1,2,0,4.0,12.0623,3
c=B dc=- h=B dh=0 L=B dL=+ preo=A,calma,"(0, 0, 1, 2)",0,0,1,2,5.0,8.1125,8
c=B dc=- h=B dh=0 L=M dL=- preo=B,calma,"(2, 1, 2, 1)",2,1,2,1,7.0,17.7526,7564
c=B dc=- h=B dh=0 L=M dL=- preo=M,calma,"(2, 1, 1, 0)",2,1,1,0,4.0,15.0789,644
c=B dc=- h=B dh=0 L=M dL=- preo=A,calma,"(1, 2, 2, 2)",1,2,2,2,9.0,9.0598,32
c=B dc=- h=B dh=0 L=M dL=0 preo=B,calma,"(1, 0, 2, 0)",1,0,2,0,3.0,17.0462,3066
c=B dc=- h=B dh=0 L=M dL=0 preo=M,calma,"(1, 1, 2, 1)",1,1,2,1,6.0,15.1353,88
c=B dc=- h=B dh=0 L=M dL=0 preo=A,calma,"(0, 2, 2, 1)",0,2,2,1,6.0,8.7269,15
c=B dc=- h=B dh=0 L=M dL=+ preo=B,calma,"(0, 0, 0, 0)",0,0,0,0,0.0,18.2866,161749
c=B dc=- h=B dh=0 L=M dL=+ preo=M,calma,"(1, 1, 0, 0)",1,1,0,0,2.0,14.0648,308
c=B dc=- h=B dh=0 L=M dL=+ preo=A,calma,"(2, 1, 2, 0)",2,1,2,0,5.0,9.3805,110
c=B dc=- h=B dh=0 L=A dL=- preo=B,calma,"(0, 0, 0, 0)",0,0,0,0,0.0,18.0689,17770
c=B dc=- h=B dh=0 L=A dL=- preo=M,calma,"(0, 1, 0, 2)",0,1,0,2,5.0,14.3173,451
c=B dc=- h=B dh=0 L=A dL=- preo=A,calma,"(1, 0, 0, 1)",1,0,0,1,3.0,5.7949,2
c=B dc=- h=B dh=0 L=A dL=0 preo=B,calma,"(0, 0, 0, 0)",0,0,0,0,0.0,18.2585,77160
c=B dc=- h=B dh=0 L=A dL=0 preo=M,calma,"(2, 0, 1, 0)",2,0,1,0,3.0,14.5279,637
c=B dc=- h=B dh=0 L=A dL=0 preo=A,calma,"(0, 1, 0, 2)",0,1,0,2,5.0,10.1485,5
c=B dc=- h=B dh=0 L=A dL=+ preo=B,calma,"(0, 0, 0, 0)",0,0,0,0,0.0,18.2137,991023
c=B dc=- h=B dh=0 L=A dL=+ preo=M,calma,"(2, 2, 2, 0)",2,2,2,0,6.0,15.9192,2616
c=B dc=- h=B dh=0 L=A dL=+ preo=A,calma,"(1, 2, 1, 0)",1,2,1,0,4.0,8.6148,301
c=B dc=- h=B dh=+ L=B dL=- preo=B,calma,"(0, 0, 0, 2)",0,0,0,2,4.0,15.7236,4200
c=B dc=- h=B dh=+ L=B dL=- preo=M,calma,"(0, 1, 0, 2)",0,1,0,2,5.0,13.1306,108
c=B dc=- h=B dh=+ L=B dL=- preo=A,calma,"(0, 0, 1, 0)",0,0,1,0,1.0,8.3991,254
c=B dc=- h=B dh=+ L=B dL=0 preo=B,calma,"(0, 2, 1, 2)",0,2,1,2,7.0,16.2347,134
c=B dc=- h=B dh=+ L=B dL=0 preo=M,calma,"(2, 2, 0, 1)",2,2,0,1,6.0,14.7564,6
c=B dc=- h=B dh=+ L=B dL=0 preo=A,calma,"(0, 0, 0, 0)",0,0,0,0,0.0,10.3675,20
c=B dc=- h=B dh=+ L=B dL=+ preo=B,calma,"(1, 0, 1, 1)",1,0,1,1,4.0,15.9071,410
c=B dc=- h=B dh=+ L=B dL=+ preo=M,calma,"(1, 0, 1, 0)",1,0,1,0,2.0,5.9731,1
c=B dc=- h=B dh=+ L=B dL=+ preo=A,calma,"(0, 2, 1, 2)",0,2,1,2,7.0,9.8649,17
c=B dc=- h=B dh=+ L=M dL=- preo=B,calma,"(2, 2, 0, 1)",2,2,0,1,6.0,17.4032,11845
c=B dc=- h=B dh=+ L=M dL=- preo=M,calma,"(0, 1, 2, 0)",0,1,2,0,3.0,14.3333,822
c=B dc=- h=B dh=+ L=M dL=- preo=A,calma,"(2, 2, 1, 0)",2,2,1,0,5.0,8.5598,133
c=B dc=- h=B dh=+ L=M dL=0 preo=B,calma,"(0, 2, 0, 0)",0,2,0,0,2.0,17.2894,5039
c=B dc=- h=B dh=+ L=M dL=0 preo=M,calma,"(2, 2, 2, 1)",2,2,2,1,8.0,16.7105,113
c=B dc=- h=B dh=+ L=M dL=0 preo=A,calma,"(0, 0, 2, 1)",0,0,2,1,4.0,9.0491,82
c=B dc=- h=B dh=+ L=M dL=+ preo=B,calma,"(0, 0, 0, 0)",0,0,0,0,0.0,18.2729,247360
c=B dc=- h=B dh=+ L=M dL=+ preo=M,calma,"(2, 2, 1, 0)",2,2,1,0,5.0,15.6431,295
c=B dc=- h=B dh=+ L=M dL=+ preo=A,calma,"(1, 2, 0, 2)",1,2,0,2,7.0,8.7373,581
c=B dc=- h=B dh=+ L=A dL=- preo=B,calma,"(0, 1, 0, 0)",0,1,0,0,1.0,17.6948,35520
c=B dc=- h=B dh=+ L=A dL=- preo=M,calma,"(1, 2, 0, 0)",1,2,0,0,3.0,15.5041,440
c=B dc=- h=B dh=+ L=A dL=- preo=A,calma,"(1, 0, 0, 2)",1,0,0,2,5.0,9.1949,10
c=B dc=- h=B dh=+ L=A dL=0 preo=B,calma,"(0, 0, 0, 0)",0,0,0,0,0.0,18.1977,161406
c=B dc=- h=B dh=+ L=A dL=0 preo=M,calma,"(0, 1, 0, 1)",0,1,0,1,3.0,14.2094,696
c=B dc=- h=B dh=+ L=A dL=0 preo=A,calma,"(2, 1, 1, 1)",2,1,1,1,6.0,9.4071,35
c=B dc=- h=B dh=+ L=A dL=+ preo=B,calma,"(0, 0, 0, 0)",0,0,0,0,0.0,18.2592,1561634
c=B dc=- h=B dh=+ L=A dL=+ preo=M,calma,"(2, 2, 0, 1)",2,2,0,1,6.0,15.0694,3143
c=B dc=- h=B dh=+ L=A dL=+ preo=A,calma,"(1, 1, 1, 0)",1,1,1,0,3.0,7.9847,2595
c=B dc=- h=M dh=- L=B dL=- preo=B,calma,"(0, 2, 2, 0)",0,2,2,0,4.0,15.9171,3082
c=B dc=- h=M dh=- L=B dL=- preo=M,calma,"(1, 1, 1, 2)",1,1,1,2,7.0,13.1708,1161
c=B dc=- h=M dh=- L=B dL=- preo=A,calma,"(2, 1, 2, 1)",2,1,2,1,7.0,11.1869,471
c=B dc=- h=M dh=- L=B dL=0 preo=B,calma,"(0, 1, 2, 1)",0,1,2,1,5.0,15.2935,116
c=B dc=- h=M dh=- L=B dL=0 preo=M,calma,"(0, 2, 1, 1)",0,2,1,1,5.0,13.7717,23
c=B dc=- h=M dh=- L=B dL=0 preo=A,calma,"(0, 0, 2, 2)",0,0,2,2,6.0,11.0101,12
c=B dc=- h=M dh=- L=B dL=+ preo=B,calma,"(0, 1, 1, 0)",0,1,1,0,2.0,17.1419,192
c=B dc=- h=M dh=- L=B dL=+ preo=M,calma,"(1, 0, 0, 0)",1,0,0,0,1.0,12.0811,19
c=B dc=- h=M dh=- L=B dL=+ preo=A,calma,"(2, 0, 1, 1)",2,0,1,1,5.0,8.1843,24
c=B dc=- h=M dh=- L=M dL=- preo=B,calma,"(0, 2, 0, 0)",0,2,0,0,2.0,17.0311,20222
c=B dc=- h=M dh=- L=M dL=- preo=M,calma,"(2, 2, 1, 0)",2,2,1,0,5.0,14.9534,24631
c=B dc=- h=M dh=- L=M dL=- preo=A,calma,"(0, 1, 0, 1)",0,1,0,1,3.0,9.8703,412
c=B dc=- h=M dh=- L=M dL=0 preo=B,calma,"(1, 2, 2, 0)",1,2,2,0,5.0,17.1203,7047
c=B dc=- h=M dh=- L=M dL=0 preo=M,calma,"(2, 2, 0, 1)",2,2,0,1,6.0,15.2998,2601
c=B dc=- h=M dh=- L=M dL=0 preo=A,calma,"(2, 1, 0, 2)",2,1,0,2,7.0,9.7312,150
c=B dc=- h=M dh=- L=M dL=+ preo=B,calma,"(0, 0, 0, 0)",0,0,0,0,0.0,17.9155,113376
c=B dc=- h=M dh=- L=M dL=+ preo=M,calma,"(2, 0, 1, 0)",2,0,1,0,3.0,13.1932,1858
c=B dc=- h=M dh=- L=M dL=+ preo=A,calma,"(0, 2, 1, 1)",0,2,1,1,5.0,10.7158,236
c=B dc=- h=M dh=- L=A dL=- preo=B,calma,"(2, 2, 1, 0)",2,2,1,0,5.0,17.5015,12136
c=B dc=- h=M dh=- L=A dL=- preo=M,calma,"(2, 0, 0, 0)",2,0,0,0,2.0,14.4719,1338
c=B dc=- h=M dh=- L=A dL=- preo=A,calma,"(2, 2, 0, 2)",2,2,0,2,8.0,9.6250,141
c=B dc=- h=M dh=- L=A dL=0 preo=B,calma,"(1, 1, 2, 0)",1,1,2,0,4.0,16.9335,2525
c=B dc=- h=M dh=- L=A dL=0 preo=M,calma,"(2, 2, 0, 1)",2,2,0,1,6.0,15.2819,2593
c=B dc=- h=M dh=- L=A dL=0 preo=A,calma,"(1, 1, 1, 1)",1,1,1,1,5.0,9.1714,71
c=B dc=- h=M dh=- L=A dL=+ preo=B,calma,"(0, 0, 0, 0)",0,0,0,0,0.0,17.9914,326612
c=B dc=- h=M dh=- L=A dL=+ preo=M,calma,"(2, 2, 2, 0)",2,2,2,0,6.0,14.7925,47389
c=B dc=- h=M dh=- L=A dL=+ preo=A,calma,"(2, 0, 0, 1)",2,0,0,1,4.0,11.2775,2786
c=B dc=- h=M dh=0 L=B dL=- preo=B,calma,"(2, 2, 0, 2)",2,2,0,2,8.0,17.1125,2098
c=B dc=- h=M dh=0 L=B dL=- preo=M,calma,"(1, 1, 0, 0)",1,1,0,0,2.0,13.1288,204
c=B dc=- h=M dh=0 L=B dL=- preo=A,calma,"(2, 1, 2, 2)",2,1,2,2,9.0,10.1670,21
c=B dc=- h=M dh=0 L=B dL=0 preo=B,calma,"(2, 1, 2, 1)",2,1,2,1,7.0,16.4343,91
c=B dc=- h=M dh=0 L=B dL=0 preo=M,calma,"(2, 1, 0, 1)",2,1,0,1,5.0,9.1982,4
c=B dc=- h=M dh=0 L=B dL=0 preo=A,calma,"(2, 1, 2, 1)",2,1,2,1,7.0,4.8723,1
c=B dc=- h=M dh=0 L=B dL=+ preo=B,calma,"(1, 0, 0, 2)",1,0,0,2,5.0,16.0493,151
c=B dc=- h=M dh=0 L=B dL=+ preo=M,calma,"(0, 2, 0, 1)",0,2,0,1,4.0,7.4494,4
c=B dc=- h=M dh=0 L=B dL=+ preo=A,calma,"(0, 0, 0, 0)",0,0,0,0,0.0,0.0000,0
c=B dc=- h=M dh=0 L=M dL=- preo=B,calma,"(2, 0, 0, 0)",2,0,0,0,2.0,17.2617,13290
c=B dc=- h=M dh=0 L=M dL=- preo=M,calma,"(2, 1, 0, 2)",2,1,0,2,7.0,15.1549,9702
c=B dc=- h=M dh=0 L=M dL=- preo=A,calma,"(2, 0, 2, 0)",2,0,2,0,4.0,11.3401,18
c=B dc=- h=M dh=0 L=M dL=0 preo=B,calma,"(0, 1, 0, 1)",0,1,0,1,3.0,16.7405,3825
c=B dc=- h=M dh=0 L=M dL=0 preo=M,calma,"(2, 1, 1, 2)",2,1,1,2,8.0,14.9073,816
c=B dc=- h=M dh=0 L=M dL=0 preo=A,calma,"(1, 1, 0, 1)",1,1,0,1,4.0,5.7735,12
c=B dc=- h=M dh=0 L=M dL=+ preo=B,calma,"(0, 0, 0, 0)",0,0,0,0,0.0,17.8298,70672
c=B dc=- h=M dh=0 L=M dL=+ preo=M,calma,"(2, 1, 2, 0)",2,1,2,0,5.0,14.6545,411
c=B dc=- h=M dh=0 L=M dL=+ preo=A,calma,"(0, 1, 1, 1)",0,1,1,1,4.0,10.1849,42
c=B dc=- h=M dh=0 L=A dL=- preo=B,calma,"(0, 0, 0, 0)",0,0,0,0,0.0,18.2081,12296
c=B dc=- h=M dh=0 L=A dL=- preo=M,calma,"(1, 2, 0, 1)",1,2,0,1,5.0,14.5832,598
c=B dc=- h=M dh=0 L=A dL=- preo=A,calma,"(2, 0, 1, 0)",2,0,1,0,3.0,8.9594,14
c=B dc=- h=M dh=0 L=A dL=0 preo=B,calma,"(2, 1, 0, 1)",2,1,0,1,5.0,16.8669,2901
c=B dc=- h=M dh=0 L=A dL=0 preo=M,calma,"(2, 2, 2, 2)",2,2,2,2,10.0,15.5392,1174
c=B dc=- h=M dh=0 L=A dL=0 preo=A,calma,"(1, 0, 0, 0)",1,0,0,0,1.0,8.7834,16
c=B dc=- h=M dh=0 L=A dL=+ preo=B,calma,"(0, 0, 0, 0)",0,0,0,0,0.0,17.9515,232508
c=B dc=- h=M dh=0 L=A dL=+ preo=M,calma,"(2, 2, 0, 1)",2,2,0,1,6.0,14.8526,16959
c=B dc=- h=M dh=0 L=A dL=+ preo=A,calma,"(2, 0, 1, 2)",2,0,1,2,7.0,8.5225,214
c=B dc=- h=M dh=+ L=B dL=- preo=B,calma,"(2, 1, 2, 2)",2,1,2,2,9.0,16.7437,3646
c=B dc=- h=M dh=+ L=B dL=- preo=M,calma,"(2, 2, 2, 1)",2,2,2,1,8.0,14.5071,314
c=B dc=- h=M dh=+ L=B dL=- preo=A,calma,"(1, 0, 1, 1)",1,0,1,1,4.0,3.2054,52
c=B dc=- h=M dh=+ L=B dL=0 preo=B,calma,"(1, 1, 0, 0)",1,1,0,0,2.0,17.0510,166
c=B dc=- h=M dh=+ L=B dL=0 preo=M,calma,"(2, 2, 2, 1)",2,2,2,1,8.0,11.6234,9
c=B dc=- h=M dh=+ L=B dL=0 preo=A,calma,"(2, 0, 2, 2)",2,0,2,2,8.0,4.6007,1
c=B dc=- h=M dh=+ L=B dL=+ preo=B,calma,"(0, 2, 0, 0)",0,2,0,0,2.0,17.0833,231
c=B dc=- h=M dh=+ L=B dL=+ preo=M,calma,"(0, 1, 2, 0)",0,1,2,0,3.0,9.6498,5
c=B dc=- h=M dh=+ L=B dL=+ preo=A,calma,"(2, 2, 0, 2)",2,2,0,2,8.0,4.2536,2
c=B dc=- h=M dh=+ L=M dL=- preo=B,calma,"(2, 2, 2, 0)",2,2,2,0,6.0,17.3708,20830
c=B dc=- h=M dh=+ L=M dL=- preo=M,calma,"(2, 1, 0, 1)",2,1,0,1,5.0,14.5078,12826
c=B dc=- h=M dh=+ L=M dL=- preo=A,calma,"(0, 2, 1, 2)",0,2,1,2,7.0,9.8637,48
c=B dc=- h=M dh=+ L=M dL=0 preo=B,calma,"(2, 0, 1, 0)",2,0,1,0,3.0,16.8224,6198
c=B dc=- h=M dh=+ L=M dL=0 preo=M,calma,"(0, 0, 1, 1)",0,0,1,1,3.0,13.7208,1088
c=B dc=- h=M dh=+ L=M dL=0 preo=A,calma,"(1, 1, 0, 2)",1,1,0,2,6.0,6.3251,30
c=B dc=- h=M dh=+ L=M dL=+ preo=B,calma,"(0, 0, 0, 0)",0,0,0,0,0.0,17.8317,133108
c=B dc=- h=M dh=+ L=M dL=+ preo=M,calma,"(2, 0, 2, 2)",2,0,2,2,8.0,14.0838,550
c=B dc=- h=M dh=+ L=M dL=+ preo=A,calma,"(0, 2, 1, 1)",0,2,1,1,5.0,7.9073,157
c=B dc=- h=M dh=+ L=A dL=- preo=B,calma,"(0, 1, 0, 0)",0,1,0,0,1.0,17.4954,25536
c=B dc=- h=M dh=+ L=A dL=- preo=M,calma,"(1, 0, 1, 0)",1,0,1,0,2.0,13.7746,1139
c=B dc=- h=M dh=+ L=A dL=- preo=A,calma,"(2, 2, 0, 1)",2,2,0,1,6.0,8.1495,33
c=B dc=- h=M dh=+ L=A dL=0 preo=B,calma,"(0, 0, 0, 0)",0,0,0,0,0.0,18.0328,28727
c=B dc=- h=M dh=+ L=A dL=0 preo=M,calma,"(2, 0, 1, 0)",2,0,1,0,3.0,14.1164,2243
c=B dc=- h=M dh=+ L=A dL=0 preo=A,calma,"(2, 2, 1, 2)",2,2,1,2,9.0,11.0114,27
c=B dc=- h=M dh=+ L=A dL=+ preo=B,calma,"(0, 0, 0, 0)",0,0,0,0,0.0,17.9386,545000
c=B dc=- h=M dh=+ L=A dL=+ preo=M,calma,"(1, 2, 2, 0)",1,2,2,0,5.0,14.4649,22685
c=B dc=- h=M dh=+ L=A dL=+ preo=A,calma,"(1, 0, 0, 1)",1,0,0,1,3.0,6.2081,640
c=B dc=- h=A dh=- L=B dL=- preo=B,emergencia,"(2, 2, 2, 2)",2,2,2,2,10.0,13.5899,185
c=B dc=- h=A dh=- L=B dL=- preo=M,emergencia,"(1, 0, 2, 2)",1,0,2,2,7.0,11.4506,800
c=B dc=- h=A dh=- L=B dL=- preo=A,emergencia,"(2, 1, 2, 1)",2,1,2,1,7.0,4.8619,19975
c=B dc=- h=A dh=- L=B dL=0 preo=B,emergencia,"(2, 0, 1, 2)",2,0,1,2,7.0,7.7524,2
c=B dc=- h=A dh=- L=B dL=0 preo=M,emergencia,"(2, 2, 0, 1)",2,2,0,1,6.0,11.2486,10
c=B dc=- h=A dh=- L=B dL=0 preo=A,emergencia,"(2, 0, 2, 2)",2,0,2,2,8.0,3.9984,224
c=B dc=- h=A dh=- L=B dL=+ preo=B,emergencia,"(2, 2, 2, 2)",2,2,2,2,10.0,11.0948,3
c=B dc=- h=A dh=- L=B dL=+ preo=M,emergencia,"(1, 0, 1, 1)",1,0,1,1,4.0,3.9626,8
c=B dc=- h=A dh=- L=B dL=+ preo=A,emergencia,"(2, 2, 1, 1)",2,2,1,1,7.0,3.9377,308
c=B dc=- h=A dh=- L=M dL=- preo=B,emergencia,"(1, 1, 1, 2)",1,1,1,2,7.0,13.5231,738
c=B dc=- h=A dh=- L=M dL=- preo=M,emergencia,"(1, 1, 1, 1)",1,1,1,1,5.0,11.7326,5075
c=B dc=- h=A dh=- L=M dL=- preo=A,emergencia,"(2, 2, 0, 0)",2,2,0,0,4.0,3.9892,31789
c=B dc=- h=A dh=- L=M dL=0 preo=B,emergencia,"(0, 2, 0, 2)",0,2,0,2,6.0,12.7063,30
c=B dc=- h=A dh=- L=M dL=0 preo=M,emergencia,"(0, 2, 1, 2)",0,2,1,2,7.0,12.0347,607
c=B dc=- h=A dh=- L=M dL=0 preo=A,emergencia,"(1, 2, 1, 0)",1,2,1,0,4.0,4.1507,9211
c=B dc=- h=A dh=- L=M dL=+ preo=B,emergencia,"(0, 1, 2, 2)",0,1,2,2,7.0,12.7495,240
c=B dc=- h=A dh=- L=M dL=+ preo=M,emergencia,"(2, 2, 0, 2)",2,2,0,2,8.0,11.4556,793
c=B dc=- h=A dh=- L=M dL=+ preo=A,emergencia,"(1, 2, 1, 2)",1,2,1,2,8.0,4.3019,3321
c=B dc=- h=A dh=- L=A dL=- preo=B,emergencia,"(0, 1, 0, 1)",0,1,0,1,3.0,11.6871,313
c=B dc=- h=A dh=- L=A dL=- preo=M,emergencia,"(0, 1, 1, 2)",0,1,1,2,6.0,10.2448,416
c=B dc=- h=A dh=- L=A dL=- preo=A,emergencia,"(2, 2, 2, 2)",2,2,2,2,10.0,3.5522,9201
c=B dc=- h=A dh=- L=A dL=0 preo=B,emergencia,"(2, 1, 2, 0)",2,1,2,0,5.0,12.2328,275
c=B dc=- h=A dh=- L=A dL=0 preo=M,emergencia,"(0, 0, 1, 0)",0,0,1,0,1.0,11.0872,1031
c=B dc=- h=A dh=- L=A dL=0 preo=A,emergencia,"(2, 1, 2, 2)",2,1,2,2,9.0,3.5661,4521
c=B dc=- h=A dh=- L=A dL=+ preo=B,emergencia,"(2, 0, 1, 1)",2,0,1,1,5.0,12.7387,4944
c=B dc=- h=A dh=- L=A dL=+ preo=M,emergencia,"(1, 2, 2, 0)",1,2,2,0,5.0,11.8066,14396
c=B dc=- h=A dh=- L=A dL=+ preo=A,emergencia,"(2, 2, 0, 0)",2,2,0,0,4.0,4.8136,116371
c=B dc=- h=A dh=0 L=B dL=- preo=B,emergencia,"(0, 2, 0, 0)",0,2,0,0,2.0,13.1439,37
c=B dc=- h=A dh=0 L=B dL=- preo=M,emergencia,"(0, 1, 2, 2)",0,1,2,2,7.0,11.6002,103
c=B dc=- h=A dh=0 L=B dL=- preo=A,emergencia,"(2, 2, 0, 2)",2,2,0,2,8.0,3.4208,2723
c=B dc=- h=A dh=0 L=B dL=0 preo=B,emergencia,"(0, 0, 0, 0)",0,0,0,0,0.0,0.0000,0
c=B dc=- h=A dh=0 L=B dL=0 preo=M,emergencia,"(0, 0, 0, 0)",0,0,0,0,0.0,0.0000,0
c=B dc=- h=A dh=0 L=B dL=0 preo=A,emergencia,"(0, 0, 1, 1)",0,0,1,1,3.0,3.1781,20
c=B dc=- h=A dh=0 L=B dL=+ preo=B,emergencia,"(0, 0, 0, 0)",0,0,0,0,0.0,0.0000,0
c=B dc=- h=A dh=0 L=B dL=+ preo=M,emergencia,"(0, 0, 0, 0)",0,0,0,0,0.0,0.0000,0
c=B dc=- h=A dh=0 L=B dL=+ preo=A,emergencia,"(1, 0, 1, 0)",1,0,1,0,2.0,2.2500,17
c=B dc=- h=A dh=0 L=M dL=- preo=B,emergencia,"(0, 2, 0, 1)",0,2,0,1,4.0,13.3791,250
c=B dc=- h=A dh=0 L=M dL=- preo=M,emergencia,"(0, 1, 1, 1)",0,1,1,1,4.0,10.7643,1178
c=B dc=- h=A dh=0 L=M dL=- preo=A,emergencia,"(2, 2, 1, 1)",2,2,1,1,7.0,3.3749,5105
c=B dc=- h=A dh=0 L=M dL=0 preo=B,emergencia,"(1, 1, 1, 1)",1,1,1,1,5.0,14.1940,35
c=B dc=- h=A dh=0 L=M dL=0 preo=M,emergencia,"(0, 1, 1, 2)",0,1,1,2,6.0,10.6345,75
c=B dc=- h=A dh=0 L=M dL=0 preo=A,emergencia,"(1, 2, 2, 2)",1,2,2,2,9.0,3.8228,386
c=B dc=- h=A dh=0 L=M dL=+ preo=B,emergencia,"(2, 0, 0, 2)",2,0,0,2,6.0,13.6444,182
c=B dc=- h=A dh=0 L=M dL=+ preo=M,emergencia,"(0, 1, 2, 2)",0,1,2,2,7.0,9.9823,301
c=B dc=- h=A dh=0 L=M dL=+ preo=A,emergencia,"(0, 1, 2, 1)",0,1,2,1,5.0,3.3381,366
c=B dc=- h=A dh=0 L=A dL=- preo=B,emergencia,"(0, 0, 0, 2)",0,0,0,2,4.0,12.0273,93
c=B dc=- h=A dh=0 L=A dL=- preo=M,emergencia,"(2, 1, 1, 2)",2,1,1,2,8.0,12.4133,120
c=B dc=- h=A dh=0 L=A dL=- preo=A,emergencia,"(1, 1, 2, 0)",1,1,2,0,4.0,3.0427,7060
c=B dc=- h=A dh=0 L=A dL=0 preo=B,emergencia,"(2, 2, 1, 1)",2,2,1,1,7.0,10.3848,58
c=B dc=- h=A dh=0 L=A dL=0 preo=M,emergencia,"(2, 2, 1, 0)",2,2,1,0,5.0,11.9033,167
c=B dc=- h=A dh=0 L=A dL=0 preo=A,emergencia,"(1, 2, 2, 1)",1,2,2,1,7.0,2.4543,4391
c=B dc=- h=A dh=0 L=A dL=+ preo=B,emergencia,"(2, 0, 0, 0)",2,0,0,0,2.0,13.0013,2246
c=B dc=- h=A dh=0 L=A dL=+ preo=M,emergencia,"(0, 1, 0, 2)",0,1,0,2,5.0,10.8733,3481
c=B dc=- h=A dh=0 L=A dL=+ preo=A,emergencia,"(1, 2, 1, 0)",1,2,1,0,4.0,3.5039,19089
c=B dc=- h=A dh=+ L=B dL=- preo=B,emergencia,"(2, 2, 2, 2)",2,2,2,2,10.0,14.6141,84
c=B dc=- h=A dh=+ L=B dL=- preo=M,emergencia,"(2, 1, 1, 2)",2,1,1,2,8.0,11.2558,145
c=B dc=- h=A dh=+ L=B dL=- preo=A,emergencia,"(1, 0, 2, 1)",1,0,2,1,5.0,3.5799,1051
c=B dc=- h=A dh=+ L=B dL=0 preo=B,emergencia,"(1, 2, 0, 1)",1,2,0,1,5.0,6.9479,1
c=B dc=- h=A dh=+ L=B dL=0 preo=M,emergencia,"(0, 1, 1, 2)",0,1,1,2,6.0,10.6490,5
c=B dc=- h=A dh=+ L=B dL=0 preo=A,emergencia,"(2, 1, 0, 1)",2,1,0,1,5.0,2.8985,10
c=B dc=- h=A dh=+ L=B dL=+ preo=B,emergencia,"(2, 0, 2, 0)",2,0,2,0,4.0,10.4982,4
c=B dc=- h=A dh=+ L=B dL=+ preo=M,emergencia,"(2, 2, 0, 1)",2,2,0,1,6.0,8.4562,3
c=B dc=- h=A dh=+ L=B dL=+ preo=A,emergencia,"(1, 1, 1, 2)",1,1,1,2,7.0,5.2656,16
c=B dc=- h=A dh=+ L=M dL=- preo=B,emergencia,"(2, 2, 2, 1)",2,2,2,1,8.0,14.8520,827
c=B dc=- h=A dh=+ L=M dL=- preo=M,emergencia,"(2, 2, 2, 1)",2,2,2,1,8.0,11.6171,3339
c=B dc=- h=A dh=+ L=M dL=- preo=A,emergencia,"(2, 1, 2, 1)",2,1,2,1,7.0,2.9137,5895
c=B dc=- h=A dh=+ L=M dL=0 preo=B,emergencia,"(2, 2, 0, 2)",2,2,0,2,8.0,14.4180,215
c=B dc=- h=A dh=+ L=M dL=0 preo=M,emergencia,"(1, 2, 0, 2)",1,2,0,2,7.0,12.0540,248
c=B dc=- h=A dh=+ L=M dL=0 preo=A,emergencia,"(1, 2, 1, 2)",1,2,1,2,8.0,3.1669,456
c=B dc=- h=A dh=+ L=M dL=+ preo=B,emergencia,"(1, 0, 0, 0)",1,0,0,0,1.0,13.6642,2514
c=B dc=- h=A dh=+ L=M dL=+ preo=M,emergencia,"(0, 1, 1, 0)",0,1,1,0,2.0,9.1477,472
c=B dc=- h=A dh=+ L=M dL=+ preo=A,emergencia,"(2, 0, 1, 1)",2,0,1,1,5.0,3.0596,715
c=B dc=- h=A dh=+ L=A dL=- preo=B,emergencia,"(1, 2, 0, 0)",1,2,0,0,3.0,12.7665,340
c=B dc=- h=A dh=+ L=A dL=- preo=M,emergencia,"(1, 0, 0, 2)",1,0,0,2,5.0,10.6534,250
c=B dc=- h=A dh=+ L=A dL=- preo=A,emergencia,"(2, 2, 2, 2)",2,2,2,2,10.0,2.3583,8742
c=B dc=- h=A dh=+ L=A dL=0 preo=B,emergencia,"(1, 2, 1, 2)",1,2,1,2,8.0,12.8594,188
c=B dc=- h=A dh=+ L=A dL=0 preo=M,emergencia,"(2, 2, 2, 1)",2,2,2,1,8.0,10.3714,317
c=B dc=- h=A dh=+ L=A dL=0 preo=A,emergencia,"(1, 2, 2, 2)",1,2,2,2,9.0,2.4339,5382
c=B dc=- h=A dh=+ L=A dL=+ preo=B,emergencia,"(0, 2, 0, 0)",0,2,0,0,2.0,12.9673,6218
c=B dc=- h=A dh=+ L=A dL=+ preo=M,emergencia,"(0, 2, 2, 1)",0,2,2,1,6.0,11.1904,6797
c=B dc=- h=A dh=+ L=A dL=+ preo=A,emergencia,"(1, 1, 2, 1)",1,1,2,1,6.0,2.6806,23027
c=B dc=0 h=B dh=- L=B dL=- preo=B,calma,"(0, 1, 0, 0)",0,1,0,0,1.0,17.5928,24320
c=B dc=0 h=B dh=- L=B dL=- preo=M,calma,"(2, 0, 2, 1)",2,0,2,1,6.0,15.3047,837
c=B dc=0 h=B dh=- L=B dL=- preo=A,calma,"(0, 2, 1, 0)",0,2,1,0,3.0,10.9236,826
c=B dc=0 h=B dh=- L=B dL=0 preo=B,calma,"(1, 0, 0, 1)",1,0,0,1,3.0,16.3627,997
c=B dc=0 h=B dh=- L=B dL=0 preo=M,calma,"(2, 0, 2, 1)",2,0,2,1,6.0,15.6095,91
c=B dc=0 h=B dh=- L=B dL=0 preo=A,calma,"(1, 2, 0, 0)",1,2,0,0,3.0,10.8965,256
c=B dc=0 h=B dh=- L=B dL=+ preo=B,calma,"(0, 2, 1, 1)",0,2,1,1,5.0,16.8277,1594
c=B dc=0 h=B dh=- L=B dL=+ preo=M,calma,"(0, 2, 2, 1)",0,2,2,1,6.0,15.5362,92
c=B dc=0 h=B dh=- L=B dL=+ preo=A,calma,"(1, 1, 1, 0)",1,1,1,0,3.0,11.9237,211
c=B dc=0 h=B dh=- L=M dL=- preo=B,calma,"(2, 1, 1, 2)",2,1,1,2,8.0,17.5441,20246
c=B dc=0 h=B dh=- L=M dL=- preo=M,calma,"(2, 0, 2, 0)",2,0,2,0,4.0,15.0454,2134
c=B dc=0 h=B dh=- L=M dL=- preo=A,calma,"(2, 0, 1, 2)",2,0,1,2,7.0,10.5996,116
c=B dc=0 h=B dh=- L=M dL=0 preo=B,calma,"(0, 0, 1, 1)",0,0,1,1,3.0,16.9514,4437
c=B dc=0 h=B dh=- L=M dL=0 preo=M,calma,"(1, 2, 0, 2)",1,2,0,2,7.0,16.0238,411
c=B dc=0 h=B dh=- L=M dL=0 preo=A,calma,"(1, 2, 2, 0)",1,2,2,0,5.0,11.6237,66
c=B dc=0 h=B dh=- L=M dL=+ preo=B,calma,"(0, 0, 0, 0)",0,0,0,0,0.0,18.0955,88982
c=B dc=0 h=B dh=- L=M dL=+ preo=M,calma,"(2, 1, 0, 2)",2,1,0,2,7.0,15.6379,670
c=B dc=0 h=B dh=- L=M dL=+ preo=A,calma,"(0, 0, 0, 1)",0,0,0,1,2.0,10.1835,371
c=B dc=0 h=B dh=- L=A dL=- preo=B,calma,"(2, 0, 2, 1)",2,0,2,1,6.0,16.9693,2527
c=B dc=0 h=B dh=- L=A dL=- preo=M,calma,"(0, 0, 0, 0)",0,0,0,0,0.0,15.4260,15
c=B dc=0 h=B dh=- L=A dL=- preo=A,calma,"(1, 1, 0, 1)",1,1,0,1,4.0,7.3957,1
c=B dc=0 h=B dh=- L=A dL=0 preo=B,calma,"(2, 2, 0, 0)",2,2,0,0,4.0,17.1642,457
c=B dc=0 h=B dh=- L=A dL=0 preo=M,calma,"(0, 1, 2, 1)",0,1,2,1,5.0,15.5257,13
c=B dc=0 h=B dh=- L=A dL=0 preo=A,calma,"(2, 2, 0, 2)",2,2,0,2,8.0,7.1335,1
c=B dc=0 h=B dh=- L=A dL=+ preo=B,calma,"(0, 0, 0, 0)",0,0,0,0,0.0,18.0079,25468
c=B dc=0 h=B dh=- L=A dL=+ preo=M,calma,"(1, 2, 1, 2)",1,2,1,2,8.0,15.4134,759
c=B dc=0 h=B dh=- L=A dL=+ preo=A,calma,"(0, 2, 1, 0)",0,2,1,0,3.0,12.0584,305
c=B dc=0 h=B dh=0 L=B dL=- preo=B,calma,"(1, 2, 0, 1)",1,2,0,1,5.0,17.2684,8724
c=B dc=0 h=B dh=0 L=B dL=- preo=M,calma,"(2, 2, 0, 1)",2,2,0,1,6.0,15.6602,206
c=B dc=0 h=B dh=0 L=B dL=- preo=A,calma,"(1, 0, 0, 1)",1,0,0,1,3.0,9.2656,1124
c=B dc=0 h=B dh=0 L=B dL=0 preo=B,calma,"(1, 2, 2, 1)",1,2,2,1,7.0,17.1908,365
c=B dc=0 h=B dh=0 L=B dL=0 preo=M,calma,"(0, 1, 2, 1)",0,1,2,1,5.0,15.0590,20
c=B dc=0 h=B dh=0 L=B dL=0 preo=A,calma,"(1, 0, 1, 0)",1,0,1,0,2.0,10.0679,193
c=B dc=0 h=B dh=0 L=B dL=+ preo=B,calma,"(0, 2, 2, 1)",0,2,2,1,6.0,17.3725,611
c=B dc=0 h=B dh=0 L=B dL=+ preo=M,calma,"(2, 1, 1, 1)",2,1,1,1,6.0,14.7267,20
c=B dc=0 h=B dh=0 L=B dL=+ preo=A,calma,"(1, 2, 0, 1)",1,2,0,1,5.0,8.6560,205
c=B dc=0 h=B dh=0 L=M dL=- preo=B,calma,"(0, 0, 1, 0)",0,0,1,0,1.0,17.8171,7575
c=B dc=0 h=B dh=0 L=M dL=- preo=M,calma,"(0, 2, 1, 2)",0,2,1,2,7.0,15.3185,426
c=B dc=0 h=B dh=0 L=M dL=- preo=A,calma,"(0, 1, 0, 1)",0,1,0,1,3.0,9.2044,373
c=B dc=0 h=B dh=0 L=M dL=0 preo=B,calma,"(1, 2, 1, 1)",1,2,1,1,6.0,16.7848,1367
c=B dc=0 h=B dh=0 L=M dL=0 preo=M,calma,"(2, 2, 0, 1)",2,2,0,1,6.0,15.1484,31
c=B dc=0 h=B dh=0 L=M dL=0 preo=A,calma,"(1, 2, 0, 0)",1,2,0,0,3.0,8.6603,201
c=B dc=0 h=B dh=0 L=M dL=+ preo=B,calma,"(1, 0, 0, 0)",1,0,0,0,1.0,17.9553,30362
c=B dc=0 h=B dh=0 L=M dL=+ preo=M,calma,"(0, 1, 1, 0)",0,1,1,0,2.0,14.7857,152
c=B dc=0 h=B dh=0 L=M dL=+ preo=A,calma,"(0, 2, 1, 1)",0,2,1,1,5.0,9.3544,555
c=B dc=0 h=B dh=0 L=A dL=- preo=B,calma,"(0, 1, 1, 0)",0,1,1,0,2.0,17.4909,1247
c=B dc=0 h=B dh=0 L=A dL=- preo=M,calma,"(1, 1, 2, 1)",1,1,2,1,6.0,13.6415,7
c=B dc=0 h=B dh=0 L=A dL=- preo=A,calma,"(0, 1, 1, 1)",0,1,1,1,4.0,9.1699,74
c=B dc=0 h=B dh=0 L=A dL=0 preo=B,calma,"(1, 0, 1, 2)",1,0,1,2,6.0,16.5568,194
c=B dc=0 h=B dh=0 L=A dL=0 preo=M,calma,"(2, 2, 2, 2)",2,2,2,2,10.0,13.4244,5
c=B dc=0 h=B dh=0 L=A dL=0 preo=A,calma,"(2, 1, 0, 0)",2,1,0,0,3.0,8.9711,66
c=B dc=0 h=B dh=0 L=A dL=+ preo=B,calma,"(0, 2, 0, 0)",0,2,0,0,2.0,17.3783,8296
c=B dc=0 h=B dh=0 L=A dL=+ preo=M,calma,"(0, 2, 1, 0)",0,2,1,0,3.0,15.6432,136
c=B dc=0 h=B dh=0 L=A dL=+ preo=A,calma,"(2, 0, 0, 0)",2,0,0,0,2.0,9.1638,776
c=B dc=0 h=B dh=+ L=B dL=- preo=B,calma,"(0, 0, 2, 0)",0,0,2,0,2.0,17.2615,12862
c=B dc=0 h=B dh=+ L=B dL=- preo=M,calma,"(1, 2, 1, 1)",1,2,1,1,6.0,15.7205,244
c=B dc=0 h=B dh=+ L=B dL=- preo=A,calma,"(2, 2, 2, 1)",2,2,2,1,8.0,8.9576,680
c=B dc=0 h=B dh=+ L=B dL=0 preo=B,calma,"(0, 0, 0, 0)",0,0,0,0,0.0,18.2053,500
c=B dc=0 h=B dh=+ L=B dL=0 preo=M,calma,"(1, 1, 1, 0)",1,1,1,0,3.0,15.9005,11
c=B dc=0 h=B dh=+ L=B dL=0 preo=A,calma,"(2, 0, 1, 2)",2,0,1,2,7.0,8.9150,85
c=B dc=0 h=B dh=+ L=B dL=+ preo=B,calma,"(1, 1, 0, 2)",1,1,0,2,6.0,16.9881,638
c=B dc=0 h=B dh=+ L=B dL=+ preo=M,calma,"(1, 0, 2, 1)",1,0,2,1,5.0,13.9089,14
c=B dc=0 h=B dh=+ L=B dL=+ preo=A,calma,"(2, 1, 0, 2)",2,1,0,2,7.0,13.3128,58
c=B dc=0 h=B dh=+ L=M dL=- preo=B,calma,"(2, 1, 0, 0)",2,1,0,0,3.0,17.3098,11833
c=B dc=0 h=B dh=+ L=M dL=- preo=M,calma,"(2, 0, 0, 1)",2,0,0,1,4.0,14.2348,393
c=B dc=0 h=B dh=+ L=M dL=- preo=A,calma,"(0, 1, 0, 0)",0,1,0,0,1.0,7.5532,82
c=B dc=0 h=B dh=+ L=M dL=0 preo=B,calma,"(2, 0, 0, 0)",2,0,0,0,2.0,17.4313,1990
c=B dc=0 h=B dh=+ L=M dL=0 preo=M,calma,"(1, 2, 0, 2)",1,2,0,2,7.0,16.1547,33
c=B dc=0 h=B dh=+ L=M dL=0 preo=A,calma,"(2, 0, 0, 0)",2,0,0,0,2.0,8.2002,63
c=B dc=0 h=B dh=+ L=M dL=+ preo=B,calma,"(0, 1, 0, 0)",0,1,0,0,1.0,17.9826,46943
c=B dc=0 h=B dh=+ L=M dL=+ preo=M,calma,"(1, 1, 2, 1)",1,1,2,1,6.0,15.6383,125
c=B dc=0 h=B dh=+ L=M dL=+ preo=A,calma,"(2, 0, 0, 0)",2,0,0,0,2.0,9.9477,141
c=B dc=0 h=B dh=+ L=A dL=- preo=B,calma,"(0, 1, 1, 1)",0,1,1,1,4.0,16.7817,2244
c=B dc=0 h=B dh=+ L=A dL=- preo=M,calma,"(2, 2, 1, 0)",2,2,1,0,5.0,13.6179,4
c=B dc=0 h=B dh=+ L=A dL=- preo=A,calma,"(0, 0, 0, 0)",0,0,0,0,0.0,0.0000,0
c=B dc=0 h=B dh=+ L=A dL=0 preo=B,calma,"(1, 0, 2, 0)",1,0,2,0,3.0,17.0307,333
c=B dc=0 h=B dh=+ L=A dL=0 preo=M,calma,"(1, 0, 2, 0)",1,0,2,0,3.0,10.7764,2
c=B dc=0 h=B dh=+ L=A dL=0 preo=A,calma,"(0, 0, 0, 0)",0,0,0,0,0.0,0.0000,0
c=B dc=0 h=B dh=+ L=A dL=+ preo=B,calma,"(0, 0, 1, 0)",0,0,1,0,1.0,17.8342,12206
c=B dc=0 h=B dh=+ L=A dL=+ preo=M,calma,"(0, 2, 2, 1)",0,2,2,1,6.0,15.4938,127
c=B dc=0 h=B dh=+ L=A dL=+ preo=A,calma,"(2, 2, 2, 2)",2,2,2,2,10.0,7.9230,131
c=B dc=0 h=M dh=- L=B dL=- preo=B,calma,"(2, 2, 1, 1)",2,2,1,1,7.0,17.1972,10631
c=B dc=0 h=M dh=- L=B dL=- preo=M,calma,"(2, 2, 1, 1)",2,2,1,1,7.0,13.3999,2988
c=B dc=0 h=M dh=- L=B dL=- preo=A,calma,"(2, 0, 2, 1)",2,0,2,1,6.0,12.0717,1052
c=B dc=0 h=M dh=- L=B dL=0 preo=B,calma,"(2, 2, 0, 0)",2,2,0,0,4.0,16.1938,449
c=B dc=0 h=M dh=- L=B dL=0 preo=M,calma,"(2, 0, 1, 1)",2,0,1,1,5.0,12.4537,106
c=B dc=0 h=M dh=- L=B dL=0 preo=A,calma,"(1, 0, 2, 2)",1,0,2,2,7.0,9.7443,35
c=B dc=0 h=M dh=- L=B dL=+ preo=B,calma,"(1, 0, 2, 2)",1,0,2,2,7.0,15.8916,420
c=B dc=0 h=M dh=- L=B dL=+ preo=M,calma,"(1, 1, 1, 1)",1,1,1,1,5.0,14.6181,54
c=B dc=0 h=M dh=- L=B dL=+ preo=A,calma,"(2, 2, 0, 2)",2,2,0,2,8.0,10.0210,20
c=B dc=0 h=M dh=- L=M dL=- preo=B,calma,"(2, 0, 1, 0)",2,0,1,0,3.0,16.9249,12816
c=B dc=0 h=M dh=- L=M dL=- preo=M,calma,"(2, 2, 0, 2)",2,2,0,2,8.0,14.7015,11668
c=B dc=0 h=M dh=- L=M dL=- preo=A,calma,"(1, 2, 2, 1)",1,2,2,1,7.0,11.4887,290
c=B dc=0 h=M dh=- L=M dL=0 preo=B,calma,"(2, 1, 1, 2)",2,1,1,2,8.0,17.3137,4689
c=B dc=0 h=M dh=- L=M dL=0 preo=M,calma,"(2, 2, 1, 2)",2,2,1,2,9.0,15.2053,2177
c=B dc=0 h=M dh=- L=M dL=0 preo=A,calma,"(2, 1, 2, 0)",2,1,2,0,5.0,9.4297,97
c=B dc=0 h=M dh=- L=M dL=+ preo=B,calma,"(0, 0, 0, 0)",0,0,0,0,0.0,17.7731,19961
c=B dc=0 h=M dh=- L=M dL=+ preo=M,calma,"(2, 2, 1, 0)",2,2,1,0,5.0,14.2187,934
c=B dc=0 h=M dh=- L=M dL=+ preo=A,calma,"(0, 2, 0, 2)",0,2,0,2,6.0,11.8625,202
c=B dc=0 h=M dh=- L=A dL=- preo=B,calma,"(1, 2, 0, 2)",1,2,0,2,7.0,16.4686,1051
c=B dc=0 h=M dh=- L=A dL=- preo=M,calma,"(1, 0, 1, 2)",1,0,1,2,6.0,13.6699,216
c=B dc=0 h=M dh=- L=A dL=- preo=A,calma,"(1, 2, 2, 2)",1,2,2,2,9.0,11.4437,128
c=B dc=0 h=M dh=- L=A dL=0 preo=B,calma,"(0, 1, 1, 2)",0,1,1,2,6.0,15.5684,457
c=B dc=0 h=M dh=- L=A dL=0 preo=M,calma,"(0, 2, 1, 0)",0,2,1,0,3.0,13.9244,367
c=B dc=0 h=M dh=- L=A dL=0 preo=A,calma,"(1, 0, 2, 0)",1,0,2,0,3.0,10.4251,39
c=B dc=0 h=M dh=- L=A dL=+ preo=B,calma,"(2, 0, 2, 0)",2,0,2,0,4.0,16.9063,14220
c=B dc=0 h=M dh=- L=A dL=+ preo=M,calma,"(1, 2, 1, 0)",1,2,1,0,4.0,13.2960,5260
c=B dc=0 h=M dh=- L=A dL=+ preo=A,calma,"(2, 0, 0, 0)",2,0,0,0,2.0,10.6075,1072
c=B dc=0 h=M dh=0 L=B dL=- preo=B,calma,"(1, 2, 0, 0)",1,2,0,0,3.0,16.5792,6845
c=B dc=0 h=M dh=0 L=B dL=- preo=M,calma,"(0, 2, 2, 1)",0,2,2,1,6.0,13.4052,495
c=B dc=0 h=M dh=0 L=B dL=- preo=A,calma,"(2, 0, 1, 1)",2,0,1,1,5.0,10.3886,158
c=B dc=0 h=M dh=0 L=B dL=0 preo=B,calma,"(1, 1, 1, 1)",1,1,1,1,5.0,16.8707,313
c=B dc=0 h=M dh=0 L=B dL=0 preo=M,calma,"(2, 2, 0, 2)",2,2,0,2,8.0,14.7667,31
c=B dc=0 h=M dh=0 L=B dL=0 preo=A,calma,"(0, 1, 1, 2)",0,1,1,2,6.0,9.7043,18
c=B dc=0 h=M dh=0 L=B dL=+ preo=B,calma,"(2, 1, 2, 1)",2,1,2,1,7.0,17.2990,314
c=B dc=0 h=M dh=0 L=B dL=+ preo=M,calma,"(2, 1, 2, 1)",2,1,2,1,7.0,12.9165,13
c=B dc=0 h=M dh=0 L=B dL=+ preo=A,calma,"(1, 0, 0, 1)",1,0,0,1,3.0,9.3759,20
c=B dc=0 h=M dh=0 L=M dL=- preo=B,calma,"(2, 1, 2, 0)",2,1,2,0,5.0,17.0574,6875
c=B dc=0 h=M dh=0 L=M dL=- preo=M,calma,"(1, 1, 1, 2)",1,1,1,2,7.0,14.1157,3105
c=B dc=0 h=M dh=0 L=M dL=- preo=A,calma,"(2, 0, 1, 0)",2,0,1,0,3.0,9.8247,42
c=B dc=0 h=M dh=0 L=M dL=0 preo=B,calma,"(1, 2, 2, 1)",1,2,2,1,7.0,17.5559,2245
c=B dc=0 h=M dh=0 L=M dL=0 preo=M,calma,"(0, 0, 1, 2)",0,0,1,2,5.0,13.0624,568
c=B dc=0 h=M dh=0 L=M dL=0 preo=A,calma,"(2, 2, 0, 2)",2,2,0,2,8.0,10.5170,19
c=B dc=0 h=M dh=0 L=M dL=+ preo=B,calma,"(2, 0, 0, 0)",2,0,0,0,2.0,17.3169,11784
c=B dc=0 h=M dh=0 L=M dL=+ preo=M,calma,"(2, 2, 1, 2)",2,2,1,2,9.0,14.9016,155
c=B dc=0 h=M dh=0 L=M dL=+ preo=A,calma,"(2, 2, 2, 1)",2,2,2,1,8.0,10.1757,73
c=B dc=0 h=M dh=0 L=A dL=- preo=B,calma,"(2, 0, 2, 0)",2,0,2,0,4.0,16.9863,726
c=B dc=0 h=M dh=0 L=A dL=- preo=M,calma,"(2, 0, 2, 2)",2,0,2,2,8.0,15.8035,14
c=B dc=0 h=M dh=0 L=A dL=- preo=A,calma,"(2, 1, 1, 0)",2,1,1,0,4.0,9.3331,14
c=B dc=0 h=M dh=0 L=A dL=0 preo=B,calma,"(1, 1, 2, 2)",1,1,2,2,8.0,16.5755,163
c=B dc=0 h=M dh=0 L=A dL=0 preo=M,calma,"(2, 0, 2, 1)",2,0,2,1,6.0,10.3068,5
c=B dc=0 h=M dh=0 L=A dL=0 preo=A,calma,"(2, 1, 0, 0)",2,1,0,0,3.0,8.9359,13
c=B dc=0 h=M dh=0 L=A dL=+ preo=B,calma,"(1, 0, 0, 0)",1,0,0,0,1.0,17.4038,7399
c=B dc=0 h=M dh=0 L=A dL=+ preo=M,calma,"(1, 1, 2, 0)",1,1,2,0,4.0,13.1270,596
c=B dc=0 h=M dh=0 L=A dL=+ preo=A,calma,"(1, 1, 0, 1)",1,1,0,1,4.0,10.0560,81
c=B dc=0 h=M dh=+ L=B dL=- preo=B,calma,"(0, 2, 1, 1)",0,2,1,1,5.0,16.1603,11160
c=B dc=0 h=M dh=+ L=B dL=- preo=M,calma,"(1, 0, 2, 1)",1,0,2,1,5.0,11.8654,663
c=B dc=0 h=M dh=+ L=B dL=- preo=A,calma,"(0, 1, 2, 0)",0,1,2,0,3.0,5.2668,94
c=B dc=0 h=M dh=+ L=B dL=0 preo=B,calma,"(2, 0, 1, 2)",2,0,1,2,7.0,16.3556,501
c=B dc=0 h=M dh=+ L=B dL=0 preo=M,calma,"(2, 2, 2, 2)",2,2,2,2,10.0,13.7536,27
c=B dc=0 h=M dh=+ L=B dL=0 preo=A,calma,"(2, 0, 1, 2)",2,0,1,2,7.0,5.6802,17
c=B dc=0 h=M dh=+ L=B dL=+ preo=B,calma,"(0, 0, 2, 1)",0,0,2,1,4.0,15.5655,445
c=B dc=0 h=M dh=+ L=B dL=+ preo=M,calma,"(0, 0, 0, 0)",0,0,0,0,0.0,10.7433,14
c=B dc=0 h=M dh=+ L=B dL=+ preo=A,calma,"(0, 2, 1, 1)",0,2,1,1,5.0,4.3990,7
c=B dc=0 h=M dh=+ L=M dL=- preo=B,calma,"(1, 2, 1, 2)",1,2,1,2,8.0,17.0125,11661
c=B dc=0 h=M dh=+ L=M dL=- preo=M,calma,"(0, 2, 1, 0)",0,2,1,0,3.0,13.1839,4060
c=B dc=0 h=M dh=+ L=M dL=- preo=A,calma,"(0, 2, 0, 1)",0,2,0,1,4.0,10.9184,18
c=B dc=0 h=M dh=+ L=M dL=0 preo=B,calma,"(0, 1, 0, 0)",0,1,0,0,1.0,17.3452,3344
c=B dc=0 h=M dh=+ L=M dL=0 preo=M,calma,"(2, 1, 2, 2)",2,1,2,2,9.0,14.4127,716
c=B dc=0 h=M dh=+ L=M dL=0 preo=A,calma,"(1, 1, 2, 0)",1,1,2,0,4.0,5.7995,24
c=B dc=0 h=M dh=+ L=M dL=+ preo=B,calma,"(0, 1, 1, 0)",0,1,1,0,2.0,17.3613,21701
c=B dc=0 h=M dh=+ L=M dL=+ preo=M,calma,"(1, 1, 0, 2)",1,1,0,2,6.0,12.6937,198
c=B dc=0 h=M dh=+ L=M dL=+ preo=A,calma,"(2, 2, 1, 2)",2,2,1,2,9.0,8.1104,14
c=B dc=0 h=M dh=+ L=A dL=- preo=B,calma,"(2, 2, 2, 2)",2,2,2,2,10.0,16.5925,1324
c=B dc=0 h=M dh=+ L=A dL=- preo=M,calma,"(2, 1, 2, 1)",2,1,2,1,7.0,13.7423,20
c=B dc=0 h=M dh=+ L=A dL=- preo=A,calma,"(1, 2, 1, 0)",1,2,1,0,4.0,10.3081,8
c=B dc=0 h=M dh=+ L=A dL=0 preo=B,calma,"(0, 0, 2, 2)",0,0,2,2,6.0,15.3749,247
c=B dc=0 h=M dh=+ L=A dL=0 preo=M,calma,"(2, 0, 1, 0)",2,0,1,0,3.0,11.8141,3
c=B dc=0 h=M dh=+ L=A dL=0 preo=A,calma,"(0, 0, 0, 0)",0,0,0,0,0.0,0.0000,2
c=B dc=0 h=M dh=+ L=A dL=+ preo=B,calma,"(2, 0, 0, 0)",2,0,0,0,2.0,17.0764,11111
c=B dc=0 h=M dh=+ L=A dL=+ preo=M,calma,"(2, 2, 0, 1)",2,2,0,1,6.0,14.4481,719
c=B dc=0 h=M dh=+ L=A dL=+ preo=A,calma,"(0, 1, 0, 0)",0,1,0,0,1.0,8.3128,21
c=B dc=0 h=A dh=- L=B dL=- preo=B,emergencia,"(2, 2, 1, 1)",2,2,1,1,7.0,13.1553,812
c=B dc=0 h=A dh=- L=B dL=- preo=M,emergencia,"(2, 1, 2, 0)",2,1,2,0,5.0,11.5454,1956
c=B dc=0 h=A dh=- L=B dL=- preo=A,emergencia,"(1, 2, 0, 2)",1,2,0,2,7.0,4.7304,33306
c=B dc=0 h=A dh=- L=B dL=0 preo=B,emergencia,"(1, 0, 2, 2)",1,0,2,2,7.0,9.9637,2
c=B dc=0 h=A dh=- L=B dL=0 preo=M,emergencia,"(1, 0, 2, 0)",1,0,2,0,3.0,10.6562,16
c=B dc=0 h=A dh=- L=B dL=0 preo=A,emergencia,"(2, 0, 0, 1)",2,0,0,1,4.0,4.2446,433
c=B dc=0 h=A dh=- L=B dL=+ preo=B,emergencia,"(2, 0, 2, 1)",2,0,2,1,6.0,11.7510,4
c=B dc=0 h=A dh=- L=B dL=+ preo=M,emergencia,"(2, 1, 1, 2)",2,1,1,2,8.0,10.6453,11
c=B dc=0 h=A dh=- L=B dL=+ preo=A,emergencia,"(1, 2, 2, 2)",1,2,2,2,9.0,3.8783,389
c=B dc=0 h=A dh=- L=M dL=- preo=B,emergencia,"(1, 0, 0, 0)",1,0,0,0,1.0,12.7627,1360
c=B dc=0 h=A dh=- L=M dL=- preo=M,emergencia,"(2, 2, 2, 2)",2,2,2,2,10.0,11.9763,5568
c=B dc=0 h=A dh=- L=M dL=- preo=A,emergencia,"(2, 2, 2, 0)",2,2,2,0,6.0,3.6767,14947
c=B dc=0 h=A dh=- L=M dL=0 preo=B,emergencia,"(0, 0, 0, 2)",0,0,0,2,4.0,13.9954,82
c=B dc=0 h=A dh=- L=M dL=0 preo=M,emergencia,"(0, 1, 1, 1)",0,1,1,1,4.0,11.3714,739
c=B dc=0 h=A dh=- L=M dL=0 preo=A,emergencia,"(2, 1, 2, 1)",2,1,2,1,7.0,4.1734,5314
c=B dc=0 h=A dh=- L=M dL=+ preo=B,emergencia,"(2, 1, 1, 0)",2,1,1,0,4.0,12.8479,427
c=B dc=0 h=A dh=- L=M dL=+ preo=M,emergencia,"(2, 0, 0, 0)",2,0,0,0,2.0,11.4177,590
c=B dc=0 h=A dh=- L=M dL=+ preo=A,emergencia,"(1, 0, 2, 2)",1,0,2,2,7.0,4.4217,2325
c=B dc=0 h=A dh=- L=A dL=- preo=B,emergencia,"(2, 1, 0, 2)",2,1,0,2,7.0,12.8068,194
c=B dc=0 h=A dh=- L=A dL=- preo=M,emergencia,"(1, 1, 0, 2)",1,1,0,2,6.0,11.5187,465
c=B dc=0 h=A dh=- L=A dL=- preo=A,emergencia,"(1, 1, 2, 2)",1,1,2,2,8.0,4.3893,7810
c=B dc=0 h=A dh=- L=A dL=0 preo=B,emergencia,"(1, 1, 0, 2)",1,1,0,2,6.0,13.1262,253
c=B dc=0 h=A dh=- L=A dL=0 preo=M,emergencia,"(2, 1, 1, 2)",2,1,1,2,8.0,12.3783,530
c=B dc=0 h=A dh=- L=A dL=0 preo=A,emergencia,"(1, 2, 1, 0)",1,2,1,0,4.0,4.6463,1884
c=B dc=0 h=A dh=- L=A dL=+ preo=B,emergencia,"(2, 0, 1, 2)",2,0,1,2,7.0,13.2628,1529
c=B dc=0 h=A dh=- L=A dL=+ preo=M,emergencia,"(2, 1, 1, 2)",2,1,1,2,8.0,11.7065,6138
c=B dc=0 h=A dh=- L=A dL=+ preo=A,emergencia,"(2, 0, 1, 0)",2,0,1,0,3.0,4.7476,34668
c=B dc=0 h=A dh=0 L=B dL=- preo=B,emergencia,"(0, 2, 2, 1)",0,2,2,1,6.0,12.7512,809
c=B dc=0 h=A dh=0 L=B dL=- preo=M,emergencia,"(2, 1, 2, 1)",2,1,2,1,7.0,10.9063,236
c=B dc=0 h=A dh=0 L=B dL=- preo=A,emergencia,"(2, 1, 2, 2)",2,1,2,2,9.0,3.5927,4660
c=B dc=0 h=A dh=0 L=B dL=0 preo=B,emergencia,"(1, 0, 0, 2)",1,0,0,2,5.0,12.0487,102
c=B dc=0 h=A dh=0 L=B dL=0 preo=M,emergencia,"(0, 0, 0, 2)",0,0,0,2,4.0,10.3755,16
c=B dc=0 h=A dh=0 L=B dL=0 preo=A,emergencia,"(2, 1, 0, 2)",2,1,0,2,7.0,4.8669,146
c=B dc=0 h=A dh=0 L=B dL=+ preo=B,emergencia,"(1, 1, 2, 1)",1,1,2,1,6.0,12.0918,131
c=B dc=0 h=A dh=0 L=B dL=+ preo=M,emergencia,"(1, 1, 2, 2)",1,1,2,2,8.0,11.0381,16
c=B dc=0 h=A dh=0 L=B dL=+ preo=A,emergencia,"(2, 1, 2, 1)",2,1,2,1,7.0,4.1956,170
c=B dc=0 h=A dh=0 L=M dL=- preo=B,emergencia,"(0, 1, 0, 0)",0,1,0,0,1.0,12.7039,587
c=B dc=0 h=A dh=0 L=M dL=- preo=M,emergencia,"(1, 2, 1, 2)",1,2,1,2,8.0,11.7987,1286
c=B dc=0 h=A dh=0 L=M dL=- preo=A,emergencia,"(2, 2, 1, 1)",2,2,1,1,7.0,3.8949,2242
c=B dc=0 h=A dh=0 L=M dL=0 preo=B,emergencia,"(0, 1, 2, 2)",0,1,2,2,7.0,12.5816,131
c=B dc=0 h=A dh=0 L=M dL=0 preo=M,emergencia,"(0, 2, 0, 0)",0,2,0,0,2.0,10.9047,83
c=B dc=0 h=A dh=0 L=M dL=0 preo=A,emergencia,"(2, 1, 0, 2)",2,1,0,2,7.0,3.7393,375
c=B dc=0 h=A dh=0 L=M dL=+ preo=B,emergencia,"(2, 1, 1, 0)",2,1,1,0,4.0,12.6131,484
c=B dc=0 h=A dh=0 L=M dL=+ preo=M,emergencia,"(2, 1, 1, 2)",2,1,1,2,8.0,12.3740,77
c=B dc=0 h=A dh=0 L=M dL=+ preo=A,emergencia,"(1, 2, 2, 1)",1,2,2,1,7.0,3.9882,824
c=B dc=0 h=A dh=0 L=A dL=- preo=B,emergencia,"(2, 0, 0, 2)",2,0,0,2,6.0,13.1156,71
c=B dc=0 h=A dh=0 L=A dL=- preo=M,emergencia,"(0, 2, 0, 2)",0,2,0,2,6.0,9.7589,30
c=B dc=0 h=A dh=0 L=A dL=- preo=A,emergencia,"(1, 0, 1, 1)",1,0,1,1,4.0,3.7255,924
c=B dc=0 h=A dh=0 L=A dL=0 preo=B,emergencia,"(0, 0, 1, 0)",0,0,1,0,1.0,12.2339,66
c=B dc=0 h=A dh=0 L=A dL=0 preo=M,emergencia,"(1, 2, 1, 0)",1,2,1,0,4.0,10.9220,41
c=B dc=0 h=A dh=0 L=A dL=0 preo=A,emergencia,"(2, 1, 1, 0)",2,1,1,0,4.0,3.9889,220
c=B dc=0 h=A dh=0 L=A dL=+ preo=B,emergencia,"(1, 1, 0, 0)",1,1,0,0,2.0,12.8543,719
c=B dc=0 h=A dh=0 L=A dL=+ preo=M,emergencia,"(0, 2, 2, 1)",0,2,2,1,6.0,12.0413,731
c=B dc=0 h=A dh=0 L=A dL=+ preo=A,emergencia,"(1, 2, 2, 2)",1,2,2,2,9.0,4.7269,1655
c=B dc=0 h=A dh=+ L=B dL=- preo=B,emergencia,"(1, 2, 2, 2)",1,2,2,2,9.0,14.6221,425
c=B dc=0 h=A dh=+ L=B dL=- preo=M,emergencia,"(1, 2, 2, 1)",1,2,2,1,7.0,11.1961,302
c=B dc=0 h=A dh=+ L=B dL=- preo=A,emergencia,"(0, 2, 1, 1)",0,2,1,1,5.0,3.3247,1805
c=B dc=0 h=A dh=+ L=B dL=0 preo=B,emergencia,"(1, 0, 1, 1)",1,0,1,1,4.0,13.3772,8
c=B dc=0 h=A dh=+ L=B dL=0 preo=M,emergencia,"(0, 2, 0, 0)",0,2,0,0,2.0,6.2478,6
c=B dc=0 h=A dh=+ L=B dL=0 preo=A,emergencia,"(2, 2, 1, 0)",2,2,1,0,5.0,4.6096,31
c=B dc=0 h=A dh=+ L=B dL=+ preo=B,emergencia,"(2, 0, 0, 1)",2,0,0,1,4.0,13.6461,9
c=B dc=0 h=A dh=+ L=B dL=+ preo=M,emergencia,"(1, 1, 0, 0)",1,1,0,0,2.0,2.6651,4
c=B dc=0 h=A dh=+ L=B dL=+ preo=A,emergencia,"(2, 2, 2, 0)",2,2,2,0,6.0,1.6282,15
c=B dc=0 h=A dh=+ L=M dL=- preo=B,emergencia,"(1, 2, 0, 2)",1,2,0,2,7.0,13.0871,687
c=B dc=0 h=A dh=+ L=M dL=- preo=M,emergencia,"(0, 1, 2, 2)",0,1,2,2,7.0,10.7543,1998
c=B dc=0 h=A dh=+ L=M dL=- preo=A,emergencia,"(0, 2, 2, 0)",0,2,2,0,4.0,3.1143,3729
c=B dc=0 h=A dh=+ L=M dL=0 preo=B,emergencia,"(2, 2, 0, 1)",2,2,0,1,6.0,12.9195,175
c=B dc=0 h=A dh=+ L=M dL=0 preo=M,emergencia,"(1, 2, 2, 1)",1,2,2,1,7.0,12.0560,238
c=B dc=0 h=A dh=+ L=M dL=0 preo=A,emergencia,"(1, 0, 1, 1)",1,0,1,1,4.0,2.8072,257
c=B dc=0 h=A dh=+ L=M dL=+ preo=B,emergencia,"(2, 2, 2, 2)",2,2,2,2,10.0,13.9245,564
c=B dc=0 h=A dh=+ L=M dL=+ preo=M,emergencia,"(2, 1, 0, 2)",2,1,0,2,7.0,12.6244,104
c=B dc=0 h=A dh=+ L=M dL=+ preo=A,emergencia,"(0, 1, 0, 2)",0,1,0,2,5.0,2.7444,753
c=B dc=0 h=A dh=+ L=A dL=- preo=B,emergencia,"(1, 1, 2, 1)",1,1,2,1,6.0,12.7014,40
c=B dc=0 h=A dh=+ L=A dL=- preo=M,emergencia,"(1, 0, 0, 0)",1,0,0,0,1.0,11.4957,33
c=B dc=0 h=A dh=+ L=A dL=- preo=A,emergencia,"(2, 1, 2, 2)",2,1,2,2,9.0,2.5073,1090
c=B dc=0 h=A dh=+ L=A dL=0 preo=B,emergencia,"(0, 2, 0, 1)",0,2,0,1,4.0,11.8780,40
c=B dc=0 h=A dh=+ L=A dL=0 preo=M,emergencia,"(2, 2, 2, 0)",2,2,2,0,6.0,13.9318,24
c=B dc=0 h=A dh=+ L=A dL=0 preo=A,emergencia,"(1, 1, 2, 0)",1,1,2,0,4.0,3.2205,78
c=B dc=0 h=A dh=+ L=A dL=+ preo=B,emergencia,"(1, 2, 2, 0)",1,2,2,0,5.0,12.9861,679
c=B dc=0 h=A dh=+ L=A dL=+ preo=M,emergencia,"(2, 2, 2, 2)",2,2,2,2,10.0,10.7157,815
c=B dc=0 h=A dh=+ L=A dL=+ preo=A,emergencia,"(0, 0, 1, 2)",0,0,1,2,5.0,3.9663,1072
c=B dc=+ h=B dh=- L=B dL=- preo=B,prop_lenta,"(2, 2, 2, 0)",2,2,2,0,6.0,15.5949,532047
c=B dc=+ h=B dh=- L=B dL=- preo=M,prop_lenta,"(2, 2, 2, 0)",2,2,2,0,6.0,13.9794,4126
c=B dc=+ h=B dh=- L=B dL=- preo=A,prop_lenta,"(1, 0, 0, 0)",1,0,0,0,1.0,9.8258,3727
c=B dc=+ h=B dh=- L=B dL=0 preo=B,prop_lenta,"(0, 0, 2, 0)",0,0,2,0,2.0,14.5856,3258
c=B dc=+ h=B dh=- L=B dL=0 preo=M,prop_lenta,"(1, 0, 1, 0)",1,0,1,0,2.0,12.4931,1347
c=B dc=+ h=B dh=- L=B dL=0 preo=A,prop_lenta,"(0, 0, 0, 0)",0,0,0,0,0.0,10.5076,1108
c=B dc=+ h=B dh=- L=B dL=+ preo=B,prop_lenta,"(2, 2, 0, 1)",2,2,0,1,6.0,15.1279,4310
c=B dc=+ h=B dh=- L=B dL=+ preo=M,prop_lenta,"(2, 0, 1, 1)",2,0,1,1,5.0,12.9220,509
c=B dc=+ h=B dh=- L=B dL=+ preo=A,prop_lenta,"(0, 1, 2, 1)",0,1,2,1,5.0,8.3399,772
c=B dc=+ h=B dh=- L=M dL=- preo=B,prop_lenta,"(0, 2, 0, 1)",0,2,0,1,4.0,14.6028,14166
c=B dc=+ h=B dh=- L=M dL=- preo=M,prop_lenta,"(2, 1, 0, 2)",2,1,0,2,7.0,14.3651,1154
c=B dc=+ h=B dh=- L=M dL=- preo=A,prop_lenta,"(0, 0, 0, 1)",0,0,0,1,2.0,9.5999,122
c=B dc=+ h=B dh=- L=M dL=0 preo=B,prop_lenta,"(1, 2, 0, 2)",1,2,0,2,7.0,15.1897,2642
c=B dc=+ h=B dh=- L=M dL=0 preo=M,prop_lenta,"(1, 2, 0, 2)",1,2,0,2,7.0,13.9148,210
c=B dc=+ h=B dh=- L=M dL=0 preo=A,prop_lenta,"(2, 2, 0, 0)",2,2,0,0,4.0,8.7034,90
c=B dc=+ h=B dh=- L=M dL=+ preo=B,prop_lenta,"(0, 0, 0, 0)",0,0,0,0,0.0,15.1379,23109
c=B dc=+ h=B dh=- L=M dL=+ preo=M,prop_lenta,"(1, 2, 2, 0)",1,2,2,0,5.0,13.8472,426
c=B dc=+ h=B dh=- L=M dL=+ preo=A,prop_lenta,"(2, 2, 1, 2)",2,2,1,2,9.0,9.0479,436
c=B dc=+ h=B dh=- L=A dL=- preo=B,prop_lenta,"(2, 2, 1, 2)",2,2,1,2,9.0,16.4211,837
c=B dc=+ h=B dh=- L=A dL=- preo=M,prop_lenta,"(2, 0, 2, 2)",2,0,2,2,8.0,7.5498,1
c=B dc=+ h=B dh=- L=A dL=- preo=A,prop_lenta,"(0, 0, 0, 0)",0,0,0,0,0.0,4.3568,2
c=B dc=+ h=B dh=- L=A dL=0 preo=B,prop_lenta,"(0, 1, 2, 1)",0,1,2,1,5.0,14.2395,167
c=B dc=+ h=B dh=- L=A dL=0 preo=M,prop_lenta,"(1, 1, 1, 1)",1,1,1,1,5.0,11.4612,5
c=B dc=+ h=B dh=- L=A dL=0 preo=A,prop_lenta,"(2, 0, 2, 2)",2,0,2,2,8.0,11.1756,4
c=B dc=+ h=B dh=- L=A dL=+ preo=B,prop_lenta,"(0, 2, 0, 1)",0,2,0,1,4.0,15.0355,6774
c=B dc=+ h=B dh=- L=A dL=+ preo=M,prop_lenta,"(0, 0, 0, 0)",0,0,0,0,0.0,14.8329,194
c=B dc=+ h=B dh=- L=A dL=+ preo=A,prop_lenta,"(0, 0, 0, 0)",0,0,0,0,0.0,10.8897,188
c=B dc=+ h=B dh=0 L=B dL=- preo=B,prop_lenta,"(2, 2, 1, 0)",2,2,1,0,5.0,15.6902,231322
c=B dc=+ h=B dh=0 L=B dL=- preo=M,prop_lenta,"(0, 0, 1, 2)",0,0,1,2,5.0,12.4121,461
c=B dc=+ h=B dh=0 L=B dL=- preo=A,prop_lenta,"(2, 1, 2, 0)",2,1,2,0,5.0,8.8786,584
c=B dc=+ h=B dh=0 L=B dL=0 preo=B,prop_lenta,"(2, 2, 0, 2)",2,2,0,2,8.0,15.0941,1041
c=B dc=+ h=B dh=0 L=B dL=0 preo=M,prop_lenta,"(1, 2, 2, 2)",1,2,2,2,9.0,14.0679,47
c=B dc=+ h=B dh=0 L=B dL=0 preo=A,prop_lenta,"(0, 0, 1, 1)",0,0,1,1,3.0,9.1726,162
c=B dc=+ h=B dh=0 L=B dL=+ preo=B,prop_lenta,"(2, 1, 2, 1)",2,1,2,1,7.0,15.0495,934
c=B dc=+ h=B dh=0 L=B dL=+ preo=M,prop_lenta,"(2, 0, 0, 2)",2,0,0,2,6.0,14.8038,47
c=B dc=+ h=B dh=0 L=B dL=+ preo=A,prop_lenta,"(0, 1, 0, 2)",0,1,0,2,5.0,7.3661,98
c=B dc=+ h=B dh=0 L=M dL=- preo=B,prop_lenta,"(0, 0, 0, 0)",0,0,0,0,0.0,15.8207,5511
c=B dc=+ h=B dh=0 L=M dL=- preo=M,prop_lenta,"(2, 0, 2, 1)",2,0,2,1,6.0,13.7374,228
c=B dc=+ h=B dh=0 L=M dL=- preo=A,prop_lenta,"(2, 1, 0, 1)",2,1,0,1,5.0,8.9317,13
c=B dc=+ h=B dh=0 L=M dL=0 preo=B,prop_lenta,"(2, 2, 0, 2)",2,2,0,2,8.0,15.2191,583
c=B dc=+ h=B dh=0 L=M dL=0 preo=M,prop_lenta,"(0, 2, 2, 1)",0,2,2,1,6.0,14.4203,12
c=B dc=+ h=B dh=0 L=M dL=0 preo=A,prop_lenta,"(0, 1, 1, 1)",0,1,1,1,4.0,9.3950,20
c=B dc=+ h=B dh=0 L=M dL=+ preo=B,prop_lenta,"(2, 1, 2, 1)",2,1,2,1,7.0,15.1625,5657
c=B dc=+ h=B dh=0 L=M dL=+ preo=M,prop_lenta,"(0, 1, 0, 1)",0,1,0,1,3.0,13.1136,64
c=B dc=+ h=B dh=0 L=M dL=+ preo=A,prop_lenta,"(2, 0, 0, 1)",2,0,0,1,4.0,8.6501,85
c=B dc=+ h=B dh=0 L=A dL=- preo=B,prop_lenta,"(0, 1, 1, 2)",0,1,1,2,6.0,15.1160,350
c=B dc=+ h=B dh=0 L=A dL=- preo=M,prop_lenta,"(2, 1, 1, 1)",2,1,1,1,6.0,10.2445,3
c=B dc=+ h=B dh=0 L=A dL=- preo=A,prop_lenta,"(0, 0, 0, 0)",0,0,0,0,0.0,0.0000,0
c=B dc=+ h=B dh=0 L=A dL=0 preo=B,prop_lenta,"(2, 2, 0, 2)",2,2,0,2,8.0,15.1350,68
c=B dc=+ h=B dh=0 L=A dL=0 preo=M,prop_lenta,"(0, 1, 2, 0)",0,1,2,0,3.0,10.4090,2
c=B dc=+ h=B dh=0 L=A dL=0 preo=A,prop_lenta,"(0, 0, 0, 0)",0,0,0,0,0.0,0.0000,0
c=B dc=+ h=B dh=0 L=A dL=+ preo=B,prop_lenta,"(2, 2, 2, 0)",2,2,2,0,6.0,15.7922,1499
c=B dc=+ h=B dh=0 L=A dL=+ preo=M,prop_lenta,"(1, 2, 1, 2)",1,2,1,2,8.0,15.9540,16
c=B dc=+ h=B dh=0 L=A dL=+ preo=A,prop_lenta,"(1, 1, 0, 1)",1,1,0,1,4.0,12.5656,18
c=B dc=+ h=B dh=+ L=B dL=- preo=B,prop_lenta,"(2, 2, 2, 0)",2,2,2,0,6.0,15.7474,388683
c=B dc=+ h=B dh=+ L=B dL=- preo=M,prop_lenta,"(1, 2, 0, 2)",1,2,0,2,7.0,13.6548,729
c=B dc=+ h=B dh=+ L=B dL=- preo=A,prop_lenta,"(0, 0, 0, 0)",0,0,0,0,0.0,8.1178,2442
c=B dc=+ h=B dh=+ L=B dL=0 preo=B,prop_lenta,"(1, 2, 2, 1)",1,2,2,1,7.0,14.8110,1839
c=B dc=+ h=B dh=+ L=B dL=0 preo=M,prop_lenta,"(2, 1, 1, 2)",2,1,1,2,8.0,14.7011,112
c=B dc=+ h=B dh=+ L=B dL=0 preo=A,prop_lenta,"(0, 2, 1, 0)",0,2,1,0,3.0,9.3171,564
c=B dc=+ h=B dh=+ L=B dL=+ preo=B,prop_lenta,"(2, 0, 0, 0)",2,0,0,0,2.0,14.8402,1407
c=B dc=+ h=B dh=+ L=B dL=+ preo=M,prop_lenta,"(2, 0, 1, 1)",2,0,1,1,5.0,14.3607,74
c=B dc=+ h=B dh=+ L=B dL=+ preo=A,prop_lenta,"(1, 0, 0, 1)",1,0,0,1,3.0,8.4976,303
c=B dc=+ h=B dh=+ L=M dL=- preo=B,prop_lenta,"(2, 2, 0, 2)",2,2,0,2,8.0,15.2544,9195
c=B dc=+ h=B dh=+ L=M dL=- preo=M,prop_lenta,"(0, 0, 1, 0)",0,0,1,0,1.0,14.5294,211
c=B dc=+ h=B dh=+ L=M dL=- preo=A,prop_lenta,"(0, 1, 0, 1)",0,1,0,1,3.0,8.6103,53
c=B dc=+ h=B dh=+ L=M dL=0 preo=B,prop_lenta,"(0, 2, 1, 2)",0,2,1,2,7.0,14.8706,940
c=B dc=+ h=B dh=+ L=M dL=0 preo=M,prop_lenta,"(2, 0, 2, 1)",2,0,2,1,6.0,11.9421,24
c=B dc=+ h=B dh=+ L=M dL=0 preo=A,prop_lenta,"(1, 1, 2, 0)",1,1,2,0,4.0,7.2015,50
c=B dc=+ h=B dh=+ L=M dL=+ preo=B,prop_lenta,"(2, 1, 1, 0)",2,1,1,0,4.0,14.5951,9256
c=B dc=+ h=B dh=+ L=M dL=+ preo=M,prop_lenta,"(1, 2, 2, 2)",1,2,2,2,9.0,14.8475,75
c=B dc=+ h=B dh=+ L=M dL=+ preo=A,prop_lenta,"(1, 0, 0, 0)",1,0,0,0,1.0,10.2600,111
c=B dc=+ h=B dh=+ L=A dL=- preo=B,prop_lenta,"(1, 1, 2, 0)",1,1,2,0,4.0,15.3633,625
c=B dc=+ h=B dh=+ L=A dL=- preo=M,prop_lenta,"(0, 1, 0, 0)",0,1,0,0,1.0,9.9930,2
c=B dc=+ h=B dh=+ L=A dL=- preo=A,prop_lenta,"(2, 0, 2, 1)",2,0,2,1,6.0,3.2516,1
c=B dc=+ h=B dh=+ L=A dL=0 preo=B,prop_lenta,"(2, 0, 2, 1)",2,0,2,1,6.0,13.9874,134
c=B dc=+ h=B dh=+ L=A dL=0 preo=M,prop_lenta,"(2, 0, 2, 1)",2,0,2,1,6.0,3.3090,1
c=B dc=+ h=B dh=+ L=A dL=0 preo=A,prop_lenta,"(0, 0, 0, 0)",0,0,0,0,0.0,0.0000,0
c=B dc=+ h=B dh=+ L=A dL=+ preo=B,prop_lenta,"(2, 0, 2, 2)",2,0,2,2,8.0,15.7783,2608
c=B dc=+ h=B dh=+ L=A dL=+ preo=M,prop_lenta,"(0, 1, 2, 0)",0,1,2,0,3.0,14.3314,29
c=B dc=+ h=B dh=+ L=A dL=+ preo=A,prop_lenta,"(2, 0, 1, 0)",2,0,1,0,3.0,8.6989,39
c=B dc=+ h=M dh=- L=B dL=- preo=B,prop_lenta,"(2, 2, 2, 0)",2,2,2,0,6.0,15.2387,139883
c=B dc=+ h=M dh=- L=B dL=- preo=M,prop_lenta,"(0, 1, 0, 0)",0,1,0,0,1.0,11.9866,11819
c=B dc=+ h=M dh=- L=B dL=- preo=A,prop_lenta,"(0, 2, 0, 0)",0,2,0,0,2.0,10.3038,3016
c=B dc=+ h=M dh=- L=B dL=0 preo=B,prop_lenta,"(1, 1, 2, 2)",1,1,2,2,8.0,14.8828,1192
c=B dc=+ h=M dh=- L=B dL=0 preo=M,prop_lenta,"(0, 0, 1, 0)",0,0,1,0,1.0,11.8745,1244
c=B dc=+ h=M dh=- L=B dL=0 preo=A,prop_lenta,"(2, 2, 1, 1)",2,2,1,1,7.0,8.5863,168
c=B dc=+ h=M dh=- L=B dL=+ preo=B,prop_lenta,"(2, 2, 1, 1)",2,2,1,1,7.0,15.3271,839
c=B dc=+ h=M dh=- L=B dL=+ preo=M,prop_lenta,"(2, 0, 0, 0)",2,0,0,0,2.0,11.8850,135
c=B dc=+ h=M dh=- L=B dL=+ preo=A,prop_lenta,"(0, 0, 1, 0)",0,0,1,0,1.0,9.4685,53
c=B dc=+ h=M dh=- L=M dL=- preo=B,prop_lenta,"(0, 0, 0, 2)",0,0,0,2,4.0,13.9514,7990
c=B dc=+ h=M dh=- L=M dL=- preo=M,prop_lenta,"(1, 2, 2, 0)",1,2,2,0,5.0,13.1934,6204
c=B dc=+ h=M dh=- L=M dL=- preo=A,prop_lenta,"(0, 0, 2, 0)",0,0,2,0,2.0,10.0601,266
c=B dc=+ h=M dh=- L=M dL=0 preo=B,prop_lenta,"(0, 2, 0, 0)",0,2,0,0,2.0,14.5229,3029
c=B dc=+ h=M dh=- L=M dL=0 preo=M,prop_lenta,"(2, 2, 1, 0)",2,2,1,0,5.0,13.5978,1357
c=B dc=+ h=M dh=- L=M dL=0 preo=A,prop_lenta,"(0, 0, 0, 1)",0,0,0,1,2.0,9.6288,66
c=B dc=+ h=M dh=- L=M dL=+ preo=B,prop_lenta,"(1, 1, 1, 2)",1,1,1,2,7.0,14.5839,5334
c=B dc=+ h=M dh=- L=M dL=+ preo=M,prop_lenta,"(0, 0, 1, 0)",0,0,1,0,1.0,12.1671,602
c=B dc=+ h=M dh=- L=M dL=+ preo=A,prop_lenta,"(0, 1, 2, 0)",0,1,2,0,3.0,10.3971,147
c=B dc=+ h=M dh=- L=A dL=- preo=B,prop_lenta,"(2, 0, 0, 1)",2,0,0,1,4.0,14.8611,419
c=B dc=+ h=M dh=- L=A dL=- preo=M,prop_lenta,"(2, 1, 0, 1)",2,1,0,1,5.0,14.3661,165
c=B dc=+ h=M dh=- L=A dL=- preo=A,prop_lenta,"(1, 1, 0, 2)",1,1,0,2,6.0,10.4655,104
c=B dc=+ h=M dh=- L=A dL=0 preo=B,prop_lenta,"(0, 1, 2, 0)",0,1,2,0,3.0,14.6151,262
c=B dc=+ h=M dh=- L=A dL=0 preo=M,prop_lenta,"(1, 2, 2, 0)",1,2,2,0,5.0,13.3837,139
c=B dc=+ h=M dh=- L=A dL=0 preo=A,prop_lenta,"(1, 2, 2, 2)",1,2,2,2,9.0,8.0794,26
c=B dc=+ h=M dh=- L=A dL=+ preo=B,prop_lenta,"(2, 0, 1, 0)",2,0,1,0,3.0,14.7172,4862
c=B dc=+ h=M dh=- L=A dL=+ preo=M,prop_lenta,"(1, 0, 2, 1)",1,0,2,1,5.0,12.8918,2205
c=B dc=+ h=M dh=- L=A dL=+ preo=A,prop_lenta,"(1, 0, 1, 2)",1,0,1,2,6.0,11.2820,445
c=B dc=+ h=M dh=0 L=B dL=- preo=B,prop_lenta,"(2, 2, 2, 0)",2,2,2,0,6.0,15.4821,97558
c=B dc=+ h=M dh=0 L=B dL=- preo=M,prop_lenta,"(2, 2, 1, 1)",2,2,1,1,7.0,12.7234,1487
c=B dc=+ h=M dh=0 L=B dL=- preo=A,prop_lenta,"(0, 2, 0, 0)",0,2,0,0,2.0,10.0347,220
c=B dc=+ h=M dh=0 L=B dL=0 preo=B,prop_lenta,"(0, 1, 0, 1)",0,1,0,1,3.0,13.3112,560
c=B dc=+ h=M dh=0 L=B dL=0 preo=M,prop_lenta,"(0, 2, 2, 2)",0,2,2,2,8.0,13.0089,176
c=B dc=+ h=M dh=0 L=B dL=0 preo=A,prop_lenta,"(1, 2, 2, 2)",1,2,2,2,9.0,7.9127,28
c=B dc=+ h=M dh=0 L=B dL=+ preo=B,prop_lenta,"(0, 1, 0, 2)",0,1,0,2,5.0,13.2707,476
c=B dc=+ h=M dh=0 L=B dL=+ preo=M,prop_lenta,"(2, 0, 0, 1)",2,0,0,1,4.0,9.6757,15
c=B dc=+ h=M dh=0 L=B dL=+ preo=A,prop_lenta,"(1, 2, 0, 2)",1,2,0,2,7.0,8.3178,9
c=B dc=+ h=M dh=0 L=M dL=- preo=B,prop_lenta,"(0, 0, 2, 0)",0,0,2,0,2.0,14.8082,3330
c=B dc=+ h=M dh=0 L=M dL=- preo=M,prop_lenta,"(0, 1, 1, 0)",0,1,1,0,2.0,11.7972,955
c=B dc=+ h=M dh=0 L=M dL=- preo=A,prop_lenta,"(0, 0, 0, 0)",0,0,0,0,0.0,10.3220,13
c=B dc=+ h=M dh=0 L=M dL=0 preo=B,prop_lenta,"(2, 0, 1, 2)",2,0,1,2,7.0,14.3029,1179
c=B dc=+ h=M dh=0 L=M dL=0 preo=M,prop_lenta,"(2, 0, 0, 0)",2,0,0,0,2.0,12.4486,275
c=B dc=+ h=M dh=0 L=M dL=0 preo=A,prop_lenta,"(1, 2, 2, 1)",1,2,2,1,7.0,3.4883,2
c=B dc=+ h=M dh=0 L=M dL=+ preo=B,prop_lenta,"(2, 0, 1, 2)",2,0,1,2,7.0,14.7831,2652
c=B dc=+ h=M dh=0 L=M dL=+ preo=M,prop_lenta,"(2, 1, 2, 0)",2,1,2,0,5.0,12.4884,72
c=B dc=+ h=M dh=0 L=M dL=+ preo=A,prop_lenta,"(1, 2, 1, 0)",1,2,1,0,4.0,10.1946,14
c=B dc=+ h=M dh=0 L=A dL=- preo=B,prop_lenta,"(0, 1, 1, 0)",0,1,1,0,2.0,15.3298,212
c=B dc=+ h=M dh=0 L=A dL=- preo=M,prop_lenta,"(1, 2, 0, 2)",1,2,0,2,7.0,12.1666,4
c=B dc=+ h=M dh=0 L=A dL=- preo=A,prop_lenta,"(1, 2, 0, 1)",1,2,0,1,5.0,6.2068,2
c=B dc=+ h=M dh=0 L=A dL=0 preo=B,prop_lenta,"(0, 2, 2, 1)",0,2,2,1,6.0,15.3135,53
c=B dc=+ h=M dh=0 L=A dL=0 preo=M,prop_lenta,"(2, 1, 2, 2)",2,1,2,2,9.0,9.9560,2
c=B dc=+ h=M dh=0 L=A dL=0 preo=A,prop_lenta,"(0, 0, 0, 0)",0,0,0,0,0.0,0.0000,0
c=B dc=+ h=M dh=0 L=A dL=+ preo=B,prop_lenta,"(1, 1, 0, 2)",1,1,0,2,6.0,14.4588,1902
c=B dc=+ h=M dh=0 L=A dL=+ preo=M,prop_lenta,"(0, 0, 1, 0)",0,0,1,0,1.0,12.4067,130
c=B dc=+ h=M dh=0 L=A dL=+ preo=A,prop_lenta,"(1, 0, 2, 1)",1,0,2,1,5.0,7.7284,2
c=B dc=+ h=M dh=+ L=B dL=- preo=B,prop_lenta,"(2, 2, 2, 0)",2,2,2,0,6.0,15.3646,205000
c=B dc=+ h=M dh=+ L=B dL=- preo=M,prop_lenta,"(0, 0, 0, 0)",0,0,0,0,0.0,12.2612,1612
c=B dc=+ h=M dh=+ L=B dL=- preo=A,prop_lenta,"(0, 1, 2, 0)",0,1,2,0,3.0,6.3457,369
c=B dc=+ h=M dh=+ L=B dL=0 preo=B,prop_lenta,"(0, 1, 1, 2)",0,1,1,2,6.0,14.0542,1039
c=B dc=+ h=M dh=+ L=B dL=0 preo=M,prop_lenta,"(0, 0, 1, 0)",0,0,1,0,1.0,12.6624,137
c=B dc=+ h=M dh=+ L=B dL=0 preo=A,prop_lenta,"(2, 0, 0, 0)",2,0,0,0,2.0,6.5778,69
c=B dc=+ h=M dh=+ L=B dL=+ preo=B,prop_lenta,"(1, 1, 1, 0)",1,1,1,0,3.0,14.0931,729
c=B dc=+ h=M dh=+ L=B dL=+ preo=M,prop_lenta,"(2, 1, 2, 0)",2,1,2,0,5.0,13.0143,18
c=B dc=+ h=M dh=+ L=B dL=+ preo=A,prop_lenta,"(1, 1, 1, 2)",1,1,1,2,7.0,10.2758,11
c=B dc=+ h=M dh=+ L=M dL=- preo=B,prop_lenta,"(2, 2, 0, 1)",2,2,0,1,6.0,14.8589,5963
c=B dc=+ h=M dh=+ L=M dL=- preo=M,prop_lenta,"(0, 0, 1, 1)",0,0,1,1,3.0,11.8849,1088
c=B dc=+ h=M dh=+ L=M dL=- preo=A,prop_lenta,"(2, 1, 2, 1)",2,1,2,1,7.0,8.0249,10
c=B dc=+ h=M dh=+ L=M dL=0 preo=B,prop_lenta,"(2, 2, 2, 2)",2,2,2,2,10.0,14.4566,1669
c=B dc=+ h=M dh=+ L=M dL=0 preo=M,prop_lenta,"(1, 2, 0, 1)",1,2,0,1,5.0,12.6720,335
c=B dc=+ h=M dh=+ L=M dL=0 preo=A,prop_lenta,"(0, 2, 0, 1)",0,2,0,1,4.0,8.7324,9
c=B dc=+ h=M dh=+ L=M dL=+ preo=B,prop_lenta,"(0, 2, 2, 1)",0,2,2,1,6.0,14.3349,4232
c=B dc=+ h=M dh=+ L=M dL=+ preo=M,prop_lenta,"(0, 0, 1, 0)",0,0,1,0,1.0,12.0174,106
c=B dc=+ h=M dh=+ L=M dL=+ preo=A,prop_lenta,"(2, 1, 2, 1)",2,1,2,1,7.0,10.0376,9
c=B dc=+ h=M dh=+ L=A dL=- preo=B,prop_lenta,"(0, 0, 1, 1)",0,0,1,1,3.0,14.9996,371
c=B dc=+ h=M dh=+ L=A dL=- preo=M,prop_lenta,"(1, 2, 0, 0)",1,2,0,0,3.0,11.1168,5
c=B dc=+ h=M dh=+ L=A dL=- preo=A,prop_lenta,"(1, 1, 0, 0)",1,1,0,0,2.0,2.7728,1
c=B dc=+ h=M dh=+ L=A dL=0 preo=B,prop_lenta,"(1, 1, 0, 2)",1,1,0,2,6.0,14.3467,80
c=B dc=+ h=M dh=+ L=A dL=0 preo=M,prop_lenta,"(2, 2, 1, 2)",2,2,1,2,9.0,8.6049,2
c=B dc=+ h=M dh=+ L=A dL=0 preo=A,prop_lenta,"(0, 1, 2, 1)",0,1,2,1,5.0,4.2145,1
c=B dc=+ h=M dh=+ L=A dL=+ preo=B,prop_lenta,"(1, 0, 1, 1)",1,0,1,1,4.0,14.8874,2774
c=B dc=+ h=M dh=+ L=A dL=+ preo=M,prop_lenta,"(2, 2, 0, 1)",2,2,0,1,6.0,13.6623,152
c=B dc=+ h=M dh=+ L=A dL=+ preo=A,prop_lenta,"(1, 2, 1, 2)",1,2,1,2,8.0,6.6049,4
c=B dc=+ h=A dh=- L=B dL=- preo=B,emergencia,"(2, 2, 2, 1)",2,2,2,1,8.0,13.3823,3931
c=B dc=+ h=A dh=- L=B dL=- preo=M,emergencia,"(1, 1, 2, 2)",1,1,2,2,8.0,12.0462,5599
c=B dc=+ h=A dh=- L=B dL=- preo=A,emergencia,"(0, 2, 2, 2)",0,2,2,2,8.0,4.6262,55609
c=B dc=+ h=A dh=- L=B dL=0 preo=B,emergencia,"(1, 0, 1, 0)",1,0,1,0,2.0,12.0616,18
c=B dc=+ h=A dh=- L=B dL=0 preo=M,emergencia,"(2, 2, 2, 0)",2,2,2,0,6.0,12.1382,57
c=B dc=+ h=A dh=- L=B dL=0 preo=A,emergencia,"(2, 1, 2, 1)",2,1,2,1,7.0,5.0641,821
c=B dc=+ h=A dh=- L=B dL=+ preo=B,emergencia,"(0, 0, 0, 0)",0,0,0,0,0.0,11.2197,15
c=B dc=+ h=A dh=- L=B dL=+ preo=M,emergencia,"(1, 1, 1, 0)",1,1,1,0,3.0,11.0783,23
c=B dc=+ h=A dh=- L=B dL=+ preo=A,emergencia,"(2, 1, 1, 2)",2,1,1,2,8.0,4.2550,368
c=B dc=+ h=A dh=- L=M dL=- preo=B,emergencia,"(1, 1, 0, 1)",1,1,0,1,4.0,13.0031,1689
c=B dc=+ h=A dh=- L=M dL=- preo=M,emergencia,"(0, 1, 2, 2)",0,1,2,2,7.0,11.5864,4974
c=B dc=+ h=A dh=- L=M dL=- preo=A,emergencia,"(2, 2, 0, 0)",2,2,0,0,4.0,4.3308,7611
c=B dc=+ h=A dh=- L=M dL=0 preo=B,emergencia,"(2, 2, 0, 0)",2,2,0,0,4.0,13.6443,122
c=B dc=+ h=A dh=- L=M dL=0 preo=M,emergencia,"(0, 1, 2, 2)",0,1,2,2,7.0,11.1566,727
c=B dc=+ h=A dh=- L=M dL=0 preo=A,emergencia,"(0, 1, 2, 2)",0,1,2,2,7.0,3.9593,2645
c=B dc=+ h=A dh=- L=M dL=+ preo=B,emergencia,"(1, 2, 0, 0)",1,2,0,0,3.0,12.6175,538
c=B dc=+ h=A dh=- L=M dL=+ preo=M,emergencia,"(0, 1, 0, 0)",0,1,0,0,1.0,10.8333,402
c=B dc=+ h=A dh=- L=M dL=+ preo=A,emergencia,"(1, 0, 2, 2)",1,0,2,2,7.0,4.7633,1815
c=B dc=+ h=A dh=- L=A dL=- preo=B,emergencia,"(0, 2, 2, 0)",0,2,2,0,4.0,14.4083,164
c=B dc=+ h=A dh=- L=A dL=- preo=M,emergencia,"(2, 2, 2, 1)",2,2,2,1,8.0,12.1696,457
c=B dc=+ h=A dh=- L=A dL=- preo=A,emergencia,"(1, 2, 2, 0)",1,2,2,0,5.0,4.7776,5844
c=B dc=+ h=A dh=- L=A dL=0 preo=B,emergencia,"(1, 1, 1, 1)",1,1,1,1,5.0,12.4006,176
c=B dc=+ h=A dh=- L=A dL=0 preo=M,emergencia,"(2, 1, 1, 1)",2,1,1,1,6.0,12.2384,193
c=B dc=+ h=A dh=- L=A dL=0 preo=A,emergencia,"(0, 2, 1, 1)",0,2,1,1,5.0,3.8920,991
c=B dc=+ h=A dh=- L=A dL=+ preo=B,emergencia,"(2, 2, 2, 2)",2,2,2,2,10.0,13.6764,811
c=B dc=+ h=A dh=- L=A dL=+ preo=M,emergencia,"(2, 2, 0, 1)",2,2,0,1,6.0,12.2683,3374
c=B dc=+ h=A dh=- L=A dL=+ preo=A,emergencia,"(1, 0, 1, 1)",1,0,1,1,4.0,5.0559,12117
c=B dc=+ h=A dh=0 L=B dL=- preo=B,emergencia,"(0, 2, 0, 2)",0,2,0,2,6.0,13.6972,1536
c=B dc=+ h=A dh=0 L=B dL=- preo=M,emergencia,"(2, 1, 2, 2)",2,1,2,2,9.0,12.1966,532
c=B dc=+ h=A dh=0 L=B dL=- preo=A,emergencia,"(2, 1, 1, 2)",2,1,1,2,8.0,4.1081,4059
c=B dc=+ h=A dh=0 L=B dL=0 preo=B,emergencia,"(0, 0, 0, 0)",0,0,0,0,0.0,0.0000,0
c=B dc=+ h=A dh=0 L=B dL=0 preo=M,emergencia,"(1, 1, 1, 2)",1,1,1,2,7.0,6.5203,5
c=B dc=+ h=A dh=0 L=B dL=0 preo=A,emergencia,"(0, 2, 0, 0)",0,2,0,0,2.0,3.4044,47
c=B dc=+ h=A dh=0 L=B dL=+ preo=B,emergencia,"(0, 0, 2, 1)",0,0,2,1,4.0,9.2374,3
c=B dc=+ h=A dh=0 L=B dL=+ preo=M,emergencia,"(2, 0, 0, 0)",2,0,0,0,2.0,3.5627,3
c=B dc=+ h=A dh=0 L=B dL=+ preo=A,emergencia,"(2, 1, 2, 0)",2,1,2,0,5.0,1.8113,21
c=B dc=+ h=A dh=0 L=M dL=- preo=B,emergencia,"(0, 2, 2, 1)",0,2,2,1,6.0,13.8298,387
c=B dc=+ h=A dh=0 L=M dL=- preo=M,emergencia,"(0, 1, 2, 2)",0,1,2,2,7.0,11.2209,956
c=B dc=+ h=A dh=0 L=M dL=- preo=A,emergencia,"(1, 0, 1, 2)",1,0,1,2,6.0,3.2657,1003
c=B dc=+ h=A dh=0 L=M dL=0 preo=B,emergencia,"(2, 0, 1, 0)",2,0,1,0,3.0,14.1697,25
c=B dc=+ h=A dh=0 L=M dL=0 preo=M,emergencia,"(2, 2, 2, 1)",2,2,2,1,8.0,12.9978,87
c=B dc=+ h=A dh=0 L=M dL=0 preo=A,emergencia,"(2, 1, 0, 2)",2,1,0,2,7.0,3.8230,163
c=B dc=+ h=A dh=0 L=M dL=+ preo=B,emergencia,"(1, 2, 0, 0)",1,2,0,0,3.0,12.5187,103
c=B dc=+ h=A dh=0 L=M dL=+ preo=M,emergencia,"(0, 2, 0, 1)",0,2,0,1,4.0,10.4081,30
c=B dc=+ h=A dh=0 L=M dL=+ preo=A,emergencia,"(2, 0, 2, 2)",2,0,2,2,8.0,3.7299,302
c=B dc=+ h=A dh=0 L=A dL=- preo=B,emergencia,"(0, 1, 0, 0)",0,1,0,0,1.0,12.1670,13
c=B dc=+ h=A dh=0 L=A dL=- preo=M,emergencia,"(0, 0, 0, 0)",0,0,0,0,0.0,10.8595,20
c=B dc=+ h=A dh=0 L=A dL=- preo=A,emergencia,"(2, 2, 1, 2)",2,2,1,2,9.0,4.1176,302
c=B dc=+ h=A dh=0 L=A dL=0 preo=B,emergencia,"(2, 2, 2, 0)",2,2,2,0,6.0,13.9442,8
c=B dc=+ h=A dh=0 L=A dL=0 preo=M,emergencia,"(2, 1, 0, 1)",2,1,0,1,5.0,10.7605,10
c=B dc=+ h=A dh=0 L=A dL=0 preo=A,emergencia,"(0, 1, 2, 0)",0,1,2,0,3.0,3.5731,36
c=B dc=+ h=A dh=0 L=A dL=+ preo=B,emergencia,"(1, 0, 1, 1)",1,0,1,1,4.0,13.9892,128
c=B dc=+ h=A dh=0 L=A dL=+ preo=M,emergencia,"(2, 2, 1, 0)",2,2,1,0,5.0,12.1230,331
c=B dc=+ h=A dh=0 L=A dL=+ preo=A,emergencia,"(2, 2, 0, 2)",2,2,0,2,8.0,4.7707,258
c=B dc=+ h=A dh=+ L=B dL=- preo=B,emergencia,"(0, 2, 2, 2)",0,2,2,2,8.0,13.9071,5305
c=B dc=+ h=A dh=+ L=B dL=- preo=M,emergencia,"(2, 2, 2, 1)",2,2,2,1,8.0,11.6443,823
c=B dc=+ h=A dh=+ L=B dL=- preo=A,emergencia,"(0, 2, 0, 2)",0,2,0,2,6.0,3.6925,2430
c=B dc=+ h=A dh=+ L=B dL=0 preo=B,emergencia,"(0, 2, 1, 2)",0,2,1,2,7.0,15.2963,13
c=B dc=+ h=A dh=+ L=B dL=0 preo=M,emergencia,"(2, 1, 2, 2)",2,1,2,2,9.0,11.8876,17
c=B dc=+ h=A dh=+ L=B dL=0 preo=A,emergencia,"(1, 0, 1, 0)",1,0,1,0,2.0,5.8607,46
c=B dc=+ h=A dh=+ L=B dL=+ preo=B,emergencia,"(1, 1, 2, 2)",1,1,2,2,8.0,11.9266,22
c=B dc=+ h=A dh=+ L=B dL=+ preo=M,emergencia,"(2, 0, 0, 0)",2,0,0,0,2.0,6.9492,6
c=B dc=+ h=A dh=+ L=B dL=+ preo=A,emergencia,"(1, 1, 2, 0)",1,1,2,0,4.0,2.5876,12
c=B dc=+ h=A dh=+ L=M dL=- preo=B,emergencia,"(2, 1, 2, 2)",2,1,2,2,9.0,12.9915,556
c=B dc=+ h=A dh=+ L=M dL=- preo=M,emergencia,"(2, 2, 1, 1)",2,2,1,1,7.0,10.6175,1287
c=B dc=+ h=A dh=+ L=M dL=- preo=A,emergencia,"(0, 2, 2, 2)",0,2,2,2,8.0,3.1239,1788
c=B dc=+ h=A dh=+ L=M dL=0 preo=B,emergencia,"(1, 1, 2, 0)",1,1,2,0,4.0,12.4729,133
c=B dc=+ h=A dh=+ L=M dL=0 preo=M,emergencia,"(2, 2, 1, 2)",2,2,1,2,9.0,12.5603,182
c=B dc=+ h=A dh=+ L=M dL=0 preo=A,emergencia,"(2, 2, 2, 1)",2,2,2,1,8.0,3.6567,226
c=B dc=+ h=A dh=+ L=M dL=+ preo=B,emergencia,"(2, 1, 1, 2)",2,1,1,2,8.0,12.7752,260
c=B dc=+ h=A dh=+ L=M dL=+ preo=M,emergencia,"(1, 0, 1, 0)",1,0,1,0,2.0,9.9861,47
c=B dc=+ h=A dh=+ L=M dL=+ preo=A,emergencia,"(2, 1, 0, 1)",2,1,0,1,5.0,2.9822,561
c=B dc=+ h=A dh=+ L=A dL=- preo=B,emergencia,"(0, 2, 2, 1)",0,2,2,1,6.0,11.7382,9
c=B dc=+ h=A dh=+ L=A dL=- preo=M,emergencia,"(2, 1, 0, 0)",2,1,0,0,3.0,10.0957,15
c=B dc=+ h=A dh=+ L=A dL=- preo=A,emergencia,"(1, 1, 1, 1)",1,1,1,1,5.0,3.4582,307
c=B dc=+ h=A dh=+ L=A dL=0 preo=B,emergencia,"(1, 0, 2, 0)",1,0,2,0,3.0,13.1017,4
c=B dc=+ h=A dh=+ L=A dL=0 preo=M,emergencia,"(2, 2, 2, 2)",2,2,2,2,10.0,9.4054,4
c=B dc=+ h=A dh=+ L=A dL=0 preo=A,emergencia,"(1, 2, 1, 2)",1,2,1,2,8.0,2.5680,14
c=B dc=+ h=A dh=+ L=A dL=+ preo=B,emergencia,"(1, 2, 1, 1)",1,2,1,1,6.0,13.0687,197
c=B dc=+ h=A dh=+ L=A dL=+ preo=M,emergencia,"(2, 1, 2, 2)",2,1,2,2,9.0,11.0571,331
c=B dc=+ h=A dh=+ L=A dL=+ preo=A,emergencia,"(1, 0, 1, 0)",1,0,1,0,2.0,3.3598,196
c=M dc=- h=B dh=- L=B dL=- preo=B,calma,"(2, 2, 1, 2)",2,2,1,2,9.0,16.5021,827
c=M dc=- h=B dh=- L=B dL=- preo=M,calma,"(1, 2, 2, 2)",1,2,2,2,9.0,13.6764,317
c=M dc=- h=B dh=- L=B dL=- preo=A,calma,"(1, 2, 1, 1)",1,2,1,1,6.0,7.5438,11
c=M dc=- h=B dh=- L=B dL=0 preo=B,calma,"(0, 2, 0, 0)",0,2,0,0,2.0,14.7152,23
c=M dc=- h=B dh=- L=B dL=0 preo=M,calma,"(2, 0, 1, 1)",2,0,1,1,5.0,10.4138,12
c=M dc=- h=B dh=- L=B dL=0 preo=A,calma,"(0, 1, 0, 0)",0,1,0,0,1.0,6.6549,6
c=M dc=- h=B dh=- L=B dL=+ preo=B,calma,"(2, 1, 2, 2)",2,1,2,2,9.0,15.9674,1053
c=M dc=- h=B dh=- L=B dL=+ preo=M,calma,"(0, 0, 0, 1)",0,0,0,1,2.0,9.4592,16
c=M dc=- h=B dh=- L=B dL=+ preo=A,calma,"(1, 1, 1, 2)",1,1,1,2,7.0,8.5868,12
c=M dc=- h=B dh=- L=M dL=- preo=B,calma,"(2, 1, 2, 2)",2,1,2,2,9.0,16.7063,1675
c=M dc=- h=B dh=- L=M dL=- preo=M,calma,"(1, 2, 2, 0)",1,2,2,0,5.0,12.8802,912
c=M dc=- h=B dh=- L=M dL=- preo=A,calma,"(0, 0, 0, 0)",0,0,0,0,0.0,5.0178,9
c=M dc=- h=B dh=- L=M dL=0 preo=B,calma,"(2, 2, 0, 0)",2,2,0,0,4.0,15.4180,391
c=M dc=- h=B dh=- L=M dL=0 preo=M,calma,"(2, 1, 0, 2)",2,1,0,2,7.0,12.8366,141
c=M dc=- h=B dh=- L=M dL=0 preo=A,calma,"(2, 0, 2, 2)",2,0,2,2,8.0,7.9803,2
c=M dc=- h=B dh=- L=M dL=+ preo=B,calma,"(2, 0, 0, 0)",2,0,0,0,2.0,15.4267,7661
c=M dc=- h=B dh=- L=M dL=+ preo=M,calma,"(2, 0, 0, 0)",2,0,0,0,2.0,12.3176,625
c=M dc=- h=B dh=- L=M dL=+ preo=A,calma,"(2, 1, 2, 2)",2,1,2,2,9.0,10.7939,119
c=M dc=- h=B dh=- L=A dL=- preo=B,calma,"(1, 0, 1, 1)",1,0,1,1,4.0,15.2662,1428
c=M dc=- h=B dh=- L=A dL=- preo=M,calma,"(1, 2, 2, 2)",1,2,2,2,9.0,14.0462,278
c=M dc=- h=B dh=- L=A dL=- preo=A,calma,"(0, 0, 0, 0)",0,0,0,0,0.0,0.0000,0
c=M dc=- h=B dh=- L=A dL=0 preo=B,calma,"(0, 2, 1, 1)",0,2,1,1,5.0,15.1872,2845
c=M dc=- h=B dh=- L=A dL=0 preo=M,calma,"(0, 1, 0, 1)",0,1,0,1,3.0,12.2471,392
c=M dc=- h=B dh=- L=A dL=0 preo=A,calma,"(1, 1, 1, 0)",1,1,1,0,3.0,3.8669,4
c=M dc=- h=B dh=- L=A dL=+ preo=B,calma,"(2, 2, 2, 2)",2,2,2,2,10.0,16.7899,275837
c=M dc=- h=B dh=- L=A dL=+ preo=M,calma,"(2, 2, 1, 2)",2,2,1,2,9.0,14.2196,10212
c=M dc=- h=B dh=- L=A dL=+ preo=A,calma,"(1, 2, 0, 1)",1,2,0,1,5.0,8.7192,123
c=M dc=- h=B dh=0 L=B dL=- preo=B,calma,"(2, 2, 1, 1)",2,2,1,1,7.0,16.2450,247
c=M dc=- h=B dh=0 L=B dL=- preo=M,calma,"(1, 0, 2, 0)",1,0,2,0,3.0,11.2573,123
c=M dc=- h=B dh=0 L=B dL=- preo=A,calma,"(1, 0, 2, 2)",1,0,2,2,7.0,6.4607,13
c=M dc=- h=B dh=0 L=B dL=0 preo=B,calma,"(2, 0, 1, 1)",2,0,1,1,5.0,14.4701,12
c=M dc=- h=B dh=0 L=B dL=0 preo=M,calma,"(2, 0, 2, 1)",2,0,2,1,6.0,5.0484,2
c=M dc=- h=B dh=0 L=B dL=0 preo=A,calma,"(2, 0, 0, 2)",2,0,0,2,6.0,2.1871,1
c=M dc=- h=B dh=0 L=B dL=+ preo=B,calma,"(0, 1, 1, 2)",0,1,1,2,6.0,14.1756,472
c=M dc=- h=B dh=0 L=B dL=+ preo=M,calma,"(0, 1, 2, 0)",0,1,2,0,3.0,10.1981,2
c=M dc=- h=B dh=0 L=B dL=+ preo=A,calma,"(1, 2, 2, 2)",1,2,2,2,9.0,7.0818,3
c=M dc=- h=B dh=0 L=M dL=- preo=B,calma,"(2, 1, 0, 1)",2,1,0,1,5.0,15.3124,797
c=M dc=- h=B dh=0 L=M dL=- preo=M,calma,"(2, 0, 1, 2)",2,0,1,2,7.0,13.0351,202
c=M dc=- h=B dh=0 L=M dL=- preo=A,calma,"(1, 1, 0, 0)",1,1,0,0,2.0,7.7847,10
c=M dc=- h=B dh=0 L=M dL=0 preo=B,calma,"(1, 0, 1, 1)",1,0,1,1,4.0,15.4204,142
c=M dc=- h=B dh=0 L=M dL=0 preo=M,calma,"(2, 1, 0, 2)",2,1,0,2,7.0,15.6548,52
c=M dc=- h=B dh=0 L=M dL=0 preo=A,calma,"(0, 0, 0, 0)",0,0,0,0,0.0,0.0000,2
c=M dc=- h=B dh=0 L=M dL=+ preo=B,calma,"(1, 2, 1, 1)",1,2,1,1,6.0,15.0487,2491
c=M dc=- h=B dh=0 L=M dL=+ preo=M,calma,"(2, 2, 2, 0)",2,2,2,0,6.0,13.5379,162
c=M dc=- h=B dh=0 L=M dL=+ preo=A,calma,"(2, 2, 2, 2)",2,2,2,2,10.0,9.1222,96
c=M dc=- h=B dh=0 L=A dL=- preo=B,calma,"(0, 1, 1, 1)",0,1,1,1,4.0,14.6258,893
c=M dc=- h=B dh=0 L=A dL=- preo=M,calma,"(2, 1, 0, 1)",2,1,0,1,5.0,12.1002,173
c=M dc=- h=B dh=0 L=A dL=- preo=A,calma,"(1, 2, 2, 1)",1,2,2,1,7.0,4.6509,2
c=M dc=- h=B dh=0 L=A dL=0 preo=B,calma,"(0, 1, 1, 1)",0,1,1,1,4.0,15.2152,1976
c=M dc=- h=B dh=0 L=A dL=0 preo=M,calma,"(0, 1, 0, 2)",0,1,0,2,5.0,12.6832,246
c=M dc=- h=B dh=0 L=A dL=0 preo=A,calma,"(2, 0, 2, 0)",2,0,2,0,4.0,3.3100,2
c=M dc=- h=B dh=0 L=A dL=+ preo=B,calma,"(2, 2, 2, 2)",2,2,2,2,10.0,16.7835,137325
c=M dc=- h=B dh=0 L=A dL=+ preo=M,calma,"(2, 2, 1, 2)",2,2,1,2,9.0,14.0204,3153
c=M dc=- h=B dh=0 L=A dL=+ preo=A,calma,"(2, 2, 2, 0)",2,2,2,0,6.0,10.3403,96
c=M dc=- h=B dh=+ L=B dL=- preo=B,calma,"(1, 2, 1, 2)",1,2,1,2,8.0,15.6730,419
c=M dc=- h=B dh=+ L=B dL=- preo=M,calma,"(1, 1, 0, 1)",1,1,0,1,4.0,12.1286,188
c=M dc=- h=B dh=+ L=B dL=- preo=A,calma,"(2, 2, 1, 0)",2,2,1,0,5.0,7.5927,191
c=M dc=- h=B dh=+ L=B dL=0 preo=B,calma,"(0, 0, 1, 0)",0,0,1,0,1.0,13.6689,20
c=M dc=- h=B dh=+ L=B dL=0 preo=M,calma,"(2, 0, 0, 2)",2,0,0,2,6.0,10.3911,8
c=M dc=- h=B dh=+ L=B dL=0 preo=A,calma,"(2, 2, 2, 1)",2,2,2,1,8.0,7.4465,8
c=M dc=- h=B dh=+ L=B dL=+ preo=B,calma,"(2, 2, 1, 1)",2,2,1,1,7.0,16.5431,781
c=M dc=- h=B dh=+ L=B dL=+ preo=M,calma,"(0, 2, 2, 1)",0,2,2,1,6.0,9.4164,6
c=M dc=- h=B dh=+ L=B dL=+ preo=A,calma,"(1, 2, 1, 1)",1,2,1,1,6.0,5.4233,5
c=M dc=- h=B dh=+ L=M dL=- preo=B,calma,"(0, 1, 1, 0)",0,1,1,0,2.0,15.1540,1531
c=M dc=- h=B dh=+ L=M dL=- preo=M,calma,"(0, 0, 0, 1)",0,0,0,1,2.0,12.2798,212
c=M dc=- h=B dh=+ L=M dL=- preo=A,calma,"(1, 2, 2, 2)",1,2,2,2,9.0,8.3869,96
c=M dc=- h=B dh=+ L=M dL=0 preo=B,calma,"(2, 2, 1, 1)",2,2,1,1,7.0,16.8164,335
c=M dc=- h=B dh=+ L=M dL=0 preo=M,calma,"(0, 2, 2, 1)",0,2,2,1,6.0,11.9729,51
c=M dc=- h=B dh=+ L=M dL=0 preo=A,calma,"(2, 0, 1, 0)",2,0,1,0,3.0,4.0213,9
c=M dc=- h=B dh=+ L=M dL=+ preo=B,calma,"(2, 1, 0, 2)",2,1,0,2,7.0,15.6673,3886
c=M dc=- h=B dh=+ L=M dL=+ preo=M,calma,"(0, 2, 0, 1)",0,2,0,1,4.0,11.1691,251
c=M dc=- h=B dh=+ L=M dL=+ preo=A,calma,"(1, 2, 1, 2)",1,2,1,2,8.0,8.2248,718
c=M dc=- h=B dh=+ L=A dL=- preo=B,calma,"(1, 1, 2, 2)",1,1,2,2,8.0,15.2914,2356
c=M dc=- h=B dh=+ L=A dL=- preo=M,calma,"(0, 2, 2, 1)",0,2,2,1,6.0,11.4043,243
c=M dc=- h=B dh=+ L=A dL=- preo=A,calma,"(2, 2, 2, 1)",2,2,2,1,8.0,7.1340,558
c=M dc=- h=B dh=+ L=A dL=0 preo=B,calma,"(0, 1, 2, 1)",0,1,2,1,5.0,15.0772,4347
c=M dc=- h=B dh=+ L=A dL=0 preo=M,calma,"(0, 2, 0, 2)",0,2,0,2,6.0,12.0338,357
c=M dc=- h=B dh=+ L=A dL=0 preo=A,calma,"(2, 2, 2, 2)",2,2,2,2,10.0,7.1140,98
c=M dc=- h=B dh=+ L=A dL=+ preo=B,calma,"(2, 2, 2, 2)",2,2,2,2,10.0,16.7761,225552
c=M dc=- h=B dh=+ L=A dL=+ preo=M,calma,"(1, 1, 2, 0)",1,1,2,0,4.0,11.7321,3839
c=M dc=- h=B dh=+ L=A dL=+ preo=A,calma,"(1, 1, 0, 1)",1,1,0,1,4.0,5.5201,1846
c=M dc=- h=M dh=- L=B dL=- preo=B,calma,"(0, 0, 0, 0)",0,0,0,0,0.0,13.4739,443
c=M dc=- h=M dh=- L=B dL=- preo=M,calma,"(1, 1, 1, 0)",1,1,1,0,3.0,10.4872,284
c=M dc=- h=M dh=- L=B dL=- preo=A,calma,"(2, 0, 1, 0)",2,0,1,0,3.0,6.3162,18
c=M dc=- h=M dh=- L=B dL=0 preo=B,calma,"(2, 2, 0, 2)",2,2,0,2,8.0,14.7850,8
c=M dc=- h=M dh=- L=B dL=0 preo=M,calma,"(0, 0, 0, 1)",0,0,0,1,2.0,8.4460,9
c=M dc=- h=M dh=- L=B dL=0 preo=A,calma,"(1, 2, 0, 2)",1,2,0,2,7.0,1.5869,6
c=M dc=- h=M dh=- L=B dL=+ preo=B,calma,"(1, 1, 1, 1)",1,1,1,1,5.0,13.7624,132
c=M dc=- h=M dh=- L=B dL=+ preo=M,calma,"(1, 0, 0, 1)",1,0,0,1,3.0,10.4656,28
c=M dc=- h=M dh=- L=B dL=+ preo=A,calma,"(2, 2, 2, 1)",2,2,2,1,8.0,6.8412,9
c=M dc=- h=M dh=- L=M dL=- preo=B,calma,"(0, 0, 0, 2)",0,0,0,2,4.0,13.1561,356
c=M dc=- h=M dh=- L=M dL=- preo=M,calma,"(1, 0, 2, 0)",1,0,2,0,3.0,11.6850,1833
c=M dc=- h=M dh=- L=M dL=- preo=A,calma,"(1, 2, 1, 1)",1,2,1,1,6.0,7.6114,31
c=M dc=- h=M dh=- L=M dL=0 preo=B,calma,"(0, 0, 2, 0)",0,0,2,0,2.0,14.8185,104
c=M dc=- h=M dh=- L=M dL=0 preo=M,calma,"(0, 2, 1, 0)",0,2,1,0,3.0,10.8458,120
c=M dc=- h=M dh=- L=M dL=0 preo=A,calma,"(2, 2, 0, 0)",2,2,0,0,4.0,3.8937,14
c=M dc=- h=M dh=- L=M dL=+ preo=B,calma,"(2, 1, 0, 2)",2,1,0,2,7.0,14.9837,2988
c=M dc=- h=M dh=- L=M dL=+ preo=M,calma,"(1, 2, 2, 2)",1,2,2,2,9.0,13.1319,1067
c=M dc=- h=M dh=- L=M dL=+ preo=A,calma,"(0, 1, 2, 0)",0,1,2,0,3.0,9.0944,62
c=M dc=- h=M dh=- L=A dL=- preo=B,calma,"(2, 2, 1, 0)",2,2,1,0,5.0,16.0059,197
c=M dc=- h=M dh=- L=A dL=- preo=M,calma,"(1, 1, 0, 1)",1,1,0,1,4.0,12.3151,89
c=M dc=- h=M dh=- L=A dL=- preo=A,calma,"(2, 2, 0, 2)",2,2,0,2,8.0,11.3631,18
c=M dc=- h=M dh=- L=A dL=0 preo=B,calma,"(0, 0, 2, 0)",0,0,2,0,2.0,13.9663,189
c=M dc=- h=M dh=- L=A dL=0 preo=M,calma,"(0, 2, 1, 1)",0,2,1,1,5.0,11.9656,138
c=M dc=- h=M dh=- L=A dL=0 preo=A,calma,"(2, 2, 0, 0)",2,2,0,0,4.0,5.2551,13
c=M dc=- h=M dh=- L=A dL=+ preo=B,calma,"(2, 2, 1, 2)",2,2,1,2,9.0,16.1937,25857
c=M dc=- h=M dh=- L=A dL=+ preo=M,calma,"(2, 2, 2, 2)",2,2,2,2,10.0,13.5070,14487
c=M dc=- h=M dh=- L=A dL=+ preo=A,calma,"(2, 1, 2, 1)",2,1,2,1,7.0,9.3790,173
c=M dc=- h=M dh=0 L=B dL=- preo=B,calma,"(0, 2, 1, 2)",0,2,1,2,7.0,14.5123,430
c=M dc=- h=M dh=0 L=B dL=- preo=M,calma,"(2, 1, 2, 1)",2,1,2,1,7.0,12.6364,146
c=M dc=- h=M dh=0 L=B dL=- preo=A,calma,"(2, 2, 2, 1)",2,2,2,1,8.0,8.7872,10
c=M dc=- h=M dh=0 L=B dL=0 preo=B,calma,"(0, 2, 1, 0)",0,2,1,0,3.0,13.7625,6
c=M dc=- h=M dh=0 L=B dL=0 preo=M,calma,"(1, 1, 0, 2)",1,1,0,2,6.0,9.8549,6
c=M dc=- h=M dh=0 L=B dL=0 preo=A,calma,"(0, 0, 0, 0)",0,0,0,0,0.0,0.0000,0
c=M dc=- h=M dh=0 L=B dL=+ preo=B,calma,"(2, 0, 0, 2)",2,0,0,2,6.0,14.3558,102
c=M dc=- h=M dh=0 L=B dL=+ preo=M,calma,"(1, 1, 0, 1)",1,1,0,1,4.0,10.6215,14
c=M dc=- h=M dh=0 L=B dL=+ preo=A,calma,"(0, 0, 0, 0)",0,0,0,0,0.0,0.0000,0
c=M dc=- h=M dh=0 L=M dL=- preo=B,calma,"(2, 0, 0, 1)",2,0,0,1,4.0,13.6244,413
c=M dc=- h=M dh=0 L=M dL=- preo=M,calma,"(1, 0, 2, 1)",1,0,2,1,5.0,11.3559,1194
c=M dc=- h=M dh=0 L=M dL=- preo=A,calma,"(1, 1, 1, 0)",1,1,1,0,3.0,5.0858,14
c=M dc=- h=M dh=0 L=M dL=0 preo=B,calma,"(1, 0, 1, 0)",1,0,1,0,2.0,13.3216,104
c=M dc=- h=M dh=0 L=M dL=0 preo=M,calma,"(2, 2, 0, 1)",2,2,0,1,6.0,11.4296,86
c=M dc=- h=M dh=0 L=M dL=0 preo=A,calma,"(1, 1, 1, 0)",1,1,1,0,3.0,3.5496,7
c=M dc=- h=M dh=0 L=M dL=+ preo=B,calma,"(2, 2, 0, 0)",2,2,0,0,4.0,14.5342,2580
c=M dc=- h=M dh=0 L=M dL=+ preo=M,calma,"(2, 1, 1, 2)",2,1,1,2,8.0,12.8527,417
c=M dc=- h=M dh=0 L=M dL=+ preo=A,calma,"(1, 2, 1, 1)",1,2,1,1,6.0,7.8079,28
c=M dc=- h=M dh=0 L=A dL=- preo=B,calma,"(1, 1, 1, 0)",1,1,1,0,3.0,15.3417,243
c=M dc=- h=M dh=0 L=A dL=- preo=M,calma,"(2, 2, 2, 0)",2,2,2,0,6.0,14.0234,50
c=M dc=- h=M dh=0 L=A dL=- preo=A,calma,"(1, 1, 2, 1)",1,1,2,1,6.0,3.0811,8
c=M dc=- h=M dh=0 L=A dL=0 preo=B,calma,"(1, 0, 0, 0)",1,0,0,0,1.0,15.4443,246
c=M dc=- h=M dh=0 L=A dL=0 preo=M,calma,"(1, 0, 2, 1)",1,0,2,1,5.0,11.5739,92
c=M dc=- h=M dh=0 L=A dL=0 preo=A,calma,"(1, 2, 2, 2)",1,2,2,2,9.0,4.4363,11
c=M dc=- h=M dh=0 L=A dL=+ preo=B,calma,"(2, 2, 2, 1)",2,2,2,1,8.0,15.9836,22295
c=M dc=- h=M dh=0 L=A dL=+ preo=M,calma,"(1, 2, 2, 2)",1,2,2,2,9.0,13.2068,7686
c=M dc=- h=M dh=0 L=A dL=+ preo=A,calma,"(1, 2, 0, 0)",1,2,0,0,3.0,7.3532,74
c=M dc=- h=M dh=+ L=B dL=- preo=B,calma,"(1, 2, 2, 1)",1,2,2,1,7.0,15.0109,752
c=M dc=- h=M dh=+ L=B dL=- preo=M,calma,"(0, 0, 2, 0)",0,0,2,0,2.0,11.4659,385
c=M dc=- h=M dh=+ L=B dL=- preo=A,calma,"(2, 2, 2, 0)",2,2,2,0,6.0,4.3819,44
c=M dc=- h=M dh=+ L=B dL=0 preo=B,calma,"(2, 1, 2, 2)",2,1,2,2,9.0,13.3936,13
c=M dc=- h=M dh=+ L=B dL=0 preo=M,calma,"(1, 2, 1, 1)",1,2,1,1,6.0,11.7098,13
c=M dc=- h=M dh=+ L=B dL=0 preo=A,calma,"(2, 1, 1, 0)",2,1,1,0,4.0,5.1602,2
c=M dc=- h=M dh=+ L=B dL=+ preo=B,calma,"(1, 1, 1, 2)",1,1,1,2,7.0,15.5061,259
c=M dc=- h=M dh=+ L=B dL=+ preo=M,calma,"(0, 0, 1, 0)",0,0,1,0,1.0,9.8808,26
c=M dc=- h=M dh=+ L=B dL=+ preo=A,calma,"(2, 2, 1, 0)",2,2,1,0,5.0,1.2999,1
c=M dc=- h=M dh=+ L=M dL=- preo=B,calma,"(2, 1, 1, 0)",2,1,1,0,4.0,13.6353,986
c=M dc=- h=M dh=+ L=M dL=- preo=M,calma,"(2, 1, 0, 0)",2,1,0,0,3.0,11.2622,2094
c=M dc=- h=M dh=+ L=M dL=- preo=A,calma,"(0, 2, 2, 0)",0,2,2,0,4.0,2.2213,51
c=M dc=- h=M dh=+ L=M dL=0 preo=B,calma,"(2, 1, 1, 2)",2,1,1,2,8.0,15.6114,232
c=M dc=- h=M dh=+ L=M dL=0 preo=M,calma,"(2, 0, 2, 0)",2,0,2,0,4.0,11.0640,162
c=M dc=- h=M dh=+ L=M dL=0 preo=A,calma,"(1, 2, 1, 1)",1,2,1,1,6.0,8.4197,15
c=M dc=- h=M dh=+ L=M dL=+ preo=B,calma,"(2, 2, 2, 1)",2,2,2,1,8.0,16.0604,4209
c=M dc=- h=M dh=+ L=M dL=+ preo=M,calma,"(1, 1, 0, 0)",1,1,0,0,2.0,11.4100,680
c=M dc=- h=M dh=+ L=M dL=+ preo=A,calma,"(2, 1, 2, 2)",2,1,2,2,9.0,4.6821,198
c=M dc=- h=M dh=+ L=A dL=- preo=B,calma,"(1, 1, 1, 0)",1,1,1,0,3.0,15.0495,648
c=M dc=- h=M dh=+ L=A dL=- preo=M,calma,"(2, 2, 0, 2)",2,2,0,2,8.0,13.3972,215
c=M dc=- h=M dh=+ L=A dL=- preo=A,calma,"(1, 2, 1, 2)",1,2,1,2,8.0,5.4787,161
c=M dc=- h=M dh=+ L=A dL=0 preo=B,calma,"(2, 0, 1, 2)",2,0,1,2,7.0,14.5525,951
c=M dc=- h=M dh=+ L=A dL=0 preo=M,calma,"(2, 1, 1, 0)",2,1,1,0,4.0,11.4728,334
c=M dc=- h=M dh=+ L=A dL=0 preo=A,calma,"(2, 2, 2, 2)",2,2,2,2,10.0,5.8762,64
c=M dc=- h=M dh=+ L=A dL=+ preo=B,calma,"(1, 2, 2, 2)",1,2,2,2,9.0,15.9471,59307
c=M dc=- h=M dh=+ L=A dL=+ preo=M,calma,"(2, 2, 0, 1)",2,2,0,1,6.0,12.2103,13175
c=M dc=- h=M dh=+ L=A dL=+ preo=A,calma,"(2, 2, 2, 2)",2,2,2,2,10.0,4.1122,584
c=M dc=- h=A dh=- L=B dL=- preo=B,emergencia,"(2, 0, 1, 0)",2,0,1,0,3.0,3.7168,11
c=M dc=- h=A dh=- L=B dL=- preo=M,emergencia,"(2, 0, 0, 2)",2,0,0,2,6.0,8.3926,58
c=M dc=- h=A dh=- L=B dL=- preo=A,emergencia,"(2, 1, 2, 2)",2,1,2,2,9.0,3.7599,208
c=M dc=- h=A dh=- L=B dL=0 preo=B,emergencia,"(0, 0, 0, 0)",0,0,0,0,0.0,0.0000,0
c=M dc=- h=A dh=- L=B dL=0 preo=M,emergencia,"(2, 1, 0, 0)",2,1,0,0,3.0,3.4395,3
c=M dc=- h=A dh=- L=B dL=0 preo=A,emergencia,"(2, 0, 1, 0)",2,0,1,0,3.0,2.5930,109
c=M dc=- h=A dh=- L=B dL=+ preo=B,emergencia,"(0, 0, 0, 0)",0,0,0,0,0.0,0.0000,1
c=M dc=- h=A dh=- L=B dL=+ preo=M,emergencia,"(0, 0, 0, 0)",0,0,0,0,0.0,0.0000,0
c=M dc=- h=A dh=- L=B dL=+ preo=A,emergencia,"(2, 1, 0, 1)",2,1,0,1,5.0,2.6842,180
c=M dc=- h=A dh=- L=M dL=- preo=B,emergencia,"(1, 0, 2, 2)",1,0,2,2,7.0,9.1595,42
c=M dc=- h=A dh=- L=M dL=- preo=M,emergencia,"(0, 2, 1, 2)",0,2,1,2,7.0,7.3505,47
c=M dc=- h=A dh=- L=M dL=- preo=A,emergencia,"(2, 2, 1, 2)",2,2,1,2,9.0,3.3236,435
c=M dc=- h=A dh=- L=M dL=0 preo=B,emergencia,"(2, 2, 0, 2)",2,2,0,2,8.0,10.4937,15
c=M dc=- h=A dh=- L=M dL=0 preo=M,emergencia,"(2, 1, 1, 0)",2,1,1,0,4.0,6.3417,4
c=M dc=- h=A dh=- L=M dL=0 preo=A,emergencia,"(2, 2, 1, 1)",2,2,1,1,7.0,3.9526,244
c=M dc=- h=A dh=- L=M dL=+ preo=B,emergencia,"(1, 2, 2, 0)",1,2,2,0,5.0,8.5473,68
c=M dc=- h=A dh=- L=M dL=+ preo=M,emergencia,"(1, 1, 2, 2)",1,1,2,2,8.0,8.5118,274
c=M dc=- h=A dh=- L=M dL=+ preo=A,emergencia,"(2, 2, 2, 2)",2,2,2,2,10.0,3.7165,541
c=M dc=- h=A dh=- L=A dL=- preo=B,emergencia,"(2, 1, 2, 2)",2,1,2,2,9.0,9.4851,205
c=M dc=- h=A dh=- L=A dL=- preo=M,emergencia,"(0, 2, 2, 0)",0,2,2,0,4.0,6.5395,72
c=M dc=- h=A dh=- L=A dL=- preo=A,emergencia,"(2, 1, 2, 1)",2,1,2,1,7.0,2.3432,1091
c=M dc=- h=A dh=- L=A dL=0 preo=B,emergencia,"(1, 1, 2, 2)",1,1,2,2,8.0,7.9692,166
c=M dc=- h=A dh=- L=A dL=0 preo=M,emergencia,"(2, 1, 2, 2)",2,1,2,2,9.0,8.4501,60
c=M dc=- h=A dh=- L=A dL=0 preo=A,emergencia,"(1, 2, 1, 2)",1,2,1,2,8.0,2.4943,1020
c=M dc=- h=A dh=- L=A dL=+ preo=B,emergencia,"(2, 2, 1, 1)",2,2,1,1,7.0,8.8654,532
c=M dc=- h=A dh=- L=A dL=+ preo=M,emergencia,"(2, 2, 0, 0)",2,2,0,0,4.0,7.1705,382
c=M dc=- h=A dh=- L=A dL=+ preo=A,emergencia,"(2, 0, 1, 2)",2,0,1,2,7.0,2.1484,2600
c=M dc=- h=A dh=0 L=B dL=- preo=B,emergencia,"(2, 0, 2, 1)",2,0,2,1,6.0,5.9669,2
c=M dc=- h=A dh=0 L=B dL=- preo=M,emergencia,"(0, 2, 1, 0)",0,2,1,0,3.0,7.3962,32
c=M dc=- h=A dh=0 L=B dL=- preo=A,emergencia,"(1, 0, 0, 2)",1,0,0,2,5.0,2.0802,93
c=M dc=- h=A dh=0 L=B dL=0 preo=B,emergencia,"(0, 0, 0, 0)",0,0,0,0,0.0,0.0000,0
c=M dc=- h=A dh=0 L=B dL=0 preo=M,emergencia,"(0, 0, 0, 0)",0,0,0,0,0.0,0.0000,0
c=M dc=- h=A dh=0 L=B dL=0 preo=A,emergencia,"(0, 0, 0, 0)",0,0,0,0,0.0,0.0000,13
c=M dc=- h=A dh=0 L=B dL=+ preo=B,emergencia,"(2, 1, 2, 2)",2,1,2,2,9.0,5.9989,2
c=M dc=- h=A dh=0 L=B dL=+ preo=M,emergencia,"(2, 2, 0, 0)",2,2,0,0,4.0,3.0672,2
c=M dc=- h=A dh=0 L=B dL=+ preo=A,emergencia,"(0, 0, 0, 0)",0,0,0,0,0.0,0.0000,15
c=M dc=- h=A dh=0 L=M dL=- preo=B,emergencia,"(0, 1, 1, 1)",0,1,1,1,4.0,5.7592,14
c=M dc=- h=A dh=0 L=M dL=- preo=M,emergencia,"(2, 2, 2, 0)",2,2,2,0,6.0,7.0667,49
c=M dc=- h=A dh=0 L=M dL=- preo=A,emergencia,"(2, 1, 2, 2)",2,1,2,2,9.0,2.3634,209
c=M dc=- h=A dh=0 L=M dL=0 preo=B,emergencia,"(2, 0, 2, 0)",2,0,2,0,4.0,1.5981,2
c=M dc=- h=A dh=0 L=M dL=0 preo=M,emergencia,"(1, 2, 0, 0)",1,2,0,0,3.0,5.7787,6
c=M dc=- h=A dh=0 L=M dL=0 preo=A,emergencia,"(2, 1, 0, 2)",2,1,0,2,7.0,3.1339,57
c=M dc=- h=A dh=0 L=M dL=+ preo=B,emergencia,"(2, 1, 2, 2)",2,1,2,2,9.0,12.2039,12
c=M dc=- h=A dh=0 L=M dL=+ preo=M,emergencia,"(1, 2, 2, 1)",1,2,2,1,7.0,9.7280,201
c=M dc=- h=A dh=0 L=M dL=+ preo=A,emergencia,"(1, 1, 1, 0)",1,1,1,0,3.0,2.1811,162
c=M dc=- h=A dh=0 L=A dL=- preo=B,emergencia,"(1, 2, 1, 2)",1,2,1,2,8.0,10.2847,83
c=M dc=- h=A dh=0 L=A dL=- preo=M,emergencia,"(2, 2, 2, 1)",2,2,2,1,8.0,3.1647,61
c=M dc=- h=A dh=0 L=A dL=- preo=A,emergencia,"(1, 2, 2, 2)",1,2,2,2,9.0,2.7188,2856
c=M dc=- h=A dh=0 L=A dL=0 preo=B,emergencia,"(2, 0, 2, 2)",2,0,2,2,8.0,8.2670,68
c=M dc=- h=A dh=0 L=A dL=0 preo=M,emergencia,"(1, 2, 0, 0)",1,2,0,0,3.0,2.0656,59
c=M dc=- h=A dh=0 L=A dL=0 preo=A,emergencia,"(2, 2, 1, 1)",2,2,1,1,7.0,2.2833,3645
c=M dc=- h=A dh=0 L=A dL=+ preo=B,emergencia,"(2, 0, 2, 2)",2,0,2,2,8.0,9.7779,217
c=M dc=- h=A dh=0 L=A dL=+ preo=M,emergencia,"(1, 2, 0, 1)",1,2,0,1,5.0,8.3641,347
c=M dc=- h=A dh=0 L=A dL=+ preo=A,emergencia,"(2, 2, 2, 2)",2,2,2,2,10.0,2.4734,4181
c=M dc=- h=A dh=+ L=B dL=- preo=B,emergencia,"(0, 1, 1, 2)",0,1,1,2,6.0,8.7584,24
c=M dc=- h=A dh=+ L=B dL=- preo=M,emergencia,"(1, 2, 2, 1)",1,2,2,1,7.0,5.7436,118
c=M dc=- h=A dh=+ L=B dL=- preo=A,emergencia,"(1, 2, 2, 1)",1,2,2,1,7.0,1.8109,144
c=M dc=- h=A dh=+ L=B dL=0 preo=B,emergencia,"(0, 0, 0, 0)",0,0,0,0,0.0,0.0000,1
c=M dc=- h=A dh=+ L=B dL=0 preo=M,emergencia,"(1, 0, 1, 0)",1,0,1,0,2.0,1.4018,3
c=M dc=- h=A dh=+ L=B dL=0 preo=A,emergencia,"(0, 0, 0, 0)",0,0,0,0,0.0,0.0000,17
c=M dc=- h=A dh=+ L=B dL=+ preo=B,emergencia,"(0, 0, 2, 0)",0,0,2,0,2.0,1.0622,3
c=M dc=- h=A dh=+ L=B dL=+ preo=M,emergencia,"(2, 0, 0, 0)",2,0,0,0,2.0,4.8629,5
c=M dc=- h=A dh=+ L=B dL=+ preo=A,emergencia,"(2, 0, 1, 2)",2,0,1,2,7.0,1.8170,31
c=M dc=- h=A dh=+ L=M dL=- preo=B,emergencia,"(1, 2, 2, 1)",1,2,2,1,7.0,7.6047,114
c=M dc=- h=A dh=+ L=M dL=- preo=M,emergencia,"(2, 0, 2, 2)",2,0,2,2,8.0,7.1380,453
c=M dc=- h=A dh=+ L=M dL=- preo=A,emergencia,"(2, 1, 1, 2)",2,1,1,2,8.0,2.0909,468
c=M dc=- h=A dh=+ L=M dL=0 preo=B,emergencia,"(2, 0, 1, 1)",2,0,1,1,5.0,6.4470,5
c=M dc=- h=A dh=+ L=M dL=0 preo=M,emergencia,"(0, 2, 2, 1)",0,2,2,1,6.0,8.7005,20
c=M dc=- h=A dh=+ L=M dL=0 preo=A,emergencia,"(2, 2, 1, 1)",2,2,1,1,7.0,3.8144,66
c=M dc=- h=A dh=+ L=M dL=+ preo=B,emergencia,"(1, 0, 1, 0)",1,0,1,0,2.0,6.4973,56
c=M dc=- h=A dh=+ L=M dL=+ preo=M,emergencia,"(2, 1, 2, 2)",2,1,2,2,9.0,9.8943,449
c=M dc=- h=A dh=+ L=M dL=+ preo=A,emergencia,"(2, 0, 2, 2)",2,0,2,2,8.0,2.0745,347
c=M dc=- h=A dh=+ L=A dL=- preo=B,emergencia,"(2, 1, 1, 2)",2,1,1,2,8.0,7.8754,524
c=M dc=- h=A dh=+ L=A dL=- preo=M,emergencia,"(1, 2, 0, 0)",1,2,0,0,3.0,3.9032,505
c=M dc=- h=A dh=+ L=A dL=- preo=A,emergencia,"(2, 2, 0, 2)",2,2,0,2,8.0,1.8294,7122
c=M dc=- h=A dh=+ L=A dL=0 preo=B,emergencia,"(0, 2, 1, 1)",0,2,1,1,5.0,6.9577,658
c=M dc=- h=A dh=+ L=A dL=0 preo=M,emergencia,"(2, 1, 1, 1)",2,1,1,1,6.0,5.2861,660
c=M dc=- h=A dh=+ L=A dL=0 preo=A,emergencia,"(1, 2, 2, 2)",1,2,2,2,9.0,2.0765,7754
c=M dc=- h=A dh=+ L=A dL=+ preo=B,emergencia,"(2, 1, 0, 2)",2,1,0,2,7.0,7.8698,932
c=M dc=- h=A dh=+ L=A dL=+ preo=M,emergencia,"(0, 2, 2, 0)",0,2,2,0,4.0,6.8023,1565
c=M dc=- h=A dh=+ L=A dL=+ preo=A,emergencia,"(2, 2, 2, 1)",2,2,2,1,8.0,1.7829,6987
c=M dc=0 h=B dh=- L=B dL=- preo=B,calma,"(0, 2, 2, 2)",0,2,2,2,8.0,15.9312,4248
c=M dc=0 h=B dh=- L=B dL=- preo=M,calma,"(0, 0, 1, 0)",0,0,1,0,1.0,11.2155,824
c=M dc=0 h=B dh=- L=B dL=- preo=A,calma,"(2, 2, 1, 1)",2,2,1,1,7.0,7.0297,32
c=M dc=0 h=B dh=- L=B dL=0 preo=B,calma,"(2, 1, 2, 1)",2,1,2,1,7.0,16.3255,90
c=M dc=0 h=B dh=- L=B dL=0 preo=M,calma,"(0, 2, 0, 0)",0,2,0,0,2.0,10.7545,20
c=M dc=0 h=B dh=- L=B dL=0 preo=A,calma,"(1, 2, 2, 1)",1,2,2,1,7.0,11.4267,9
c=M dc=0 h=B dh=- L=B dL=+ preo=B,calma,"(1, 0, 0, 1)",1,0,0,1,3.0,14.1491,2921
c=M dc=0 h=B dh=- L=B dL=+ preo=M,calma,"(2, 2, 0, 2)",2,2,0,2,8.0,12.2424,32
c=M dc=0 h=B dh=- L=B dL=+ preo=A,calma,"(1, 0, 1, 1)",1,0,1,1,4.0,7.9779,41
c=M dc=0 h=B dh=- L=M dL=- preo=B,calma,"(1, 2, 0, 2)",1,2,0,2,7.0,16.3632,3560
c=M dc=0 h=B dh=- L=M dL=- preo=M,calma,"(0, 0, 1, 1)",0,0,1,1,3.0,12.3678,492
c=M dc=0 h=B dh=- L=M dL=- preo=A,calma,"(1, 1, 0, 1)",1,1,0,1,4.0,5.9022,13
c=M dc=0 h=B dh=- L=M dL=0 preo=B,calma,"(1, 2, 1, 2)",1,2,1,2,8.0,16.3357,360
c=M dc=0 h=B dh=- L=M dL=0 preo=M,calma,"(2, 2, 2, 2)",2,2,2,2,10.0,15.1206,99
c=M dc=0 h=B dh=- L=M dL=0 preo=A,calma,"(0, 2, 2, 2)",0,2,2,2,8.0,4.8834,1
c=M dc=0 h=B dh=- L=M dL=+ preo=B,calma,"(0, 2, 0, 0)",0,2,0,0,2.0,15.4448,9072
c=M dc=0 h=B dh=- L=M dL=+ preo=M,calma,"(2, 2, 2, 2)",2,2,2,2,10.0,14.2857,603
c=M dc=0 h=B dh=- L=M dL=+ preo=A,calma,"(1, 2, 2, 1)",1,2,2,1,7.0,9.1150,101
c=M dc=0 h=B dh=- L=A dL=- preo=B,calma,"(0, 0, 0, 1)",0,0,0,1,2.0,15.1701,542
c=M dc=0 h=B dh=- L=A dL=- preo=M,calma,"(1, 1, 2, 2)",1,1,2,2,8.0,12.5246,5
c=M dc=0 h=B dh=- L=A dL=- preo=A,calma,"(0, 0, 0, 0)",0,0,0,0,0.0,0.0000,0
c=M dc=0 h=B dh=- L=A dL=0 preo=B,calma,"(0, 1, 0, 2)",0,1,0,2,5.0,14.7229,305
c=M dc=0 h=B dh=- L=A dL=0 preo=M,calma,"(1, 2, 0, 1)",1,2,0,1,5.0,12.9690,9
c=M dc=0 h=B dh=- L=A dL=0 preo=A,calma,"(0, 0, 0, 0)",0,0,0,0,0.0,0.0000,0
c=M dc=0 h=B dh=- L=A dL=+ preo=B,calma,"(0, 2, 2, 1)",0,2,2,1,6.0,14.8927,7338
c=M dc=0 h=B dh=- L=A dL=+ preo=M,calma,"(1, 2, 2, 0)",1,2,2,0,5.0,11.9792,255
c=M dc=0 h=B dh=- L=A dL=+ preo=A,calma,"(0, 2, 2, 1)",0,2,2,1,6.0,6.0842,11
c=M dc=0 h=B dh=0 L=B dL=- preo=B,calma,"(2, 2, 1, 0)",2,2,1,0,5.0,15.5583,1736
c=M dc=0 h=B dh=0 L=B dL=- preo=M,calma,"(0, 2, 0, 0)",0,2,0,0,2.0,11.1869,370
c=M dc=0 h=B dh=0 L=B dL=- preo=A,calma,"(2, 1, 2, 2)",2,1,2,2,9.0,7.2719,155
c=M dc=0 h=B dh=0 L=B dL=0 preo=B,calma,"(2, 1, 2, 1)",2,1,2,1,7.0,16.3378,51
c=M dc=0 h=B dh=0 L=B dL=0 preo=M,calma,"(1, 2, 2, 2)",1,2,2,2,9.0,16.2619,13
c=M dc=0 h=B dh=0 L=B dL=0 preo=A,calma,"(2, 1, 0, 2)",2,1,0,2,7.0,7.4554,29
c=M dc=0 h=B dh=0 L=B dL=+ preo=B,calma,"(0, 1, 1, 0)",0,1,1,0,2.0,14.7479,1311
c=M dc=0 h=B dh=0 L=B dL=+ preo=M,calma,"(2, 0, 0, 1)",2,0,0,1,4.0,9.6477,8
c=M dc=0 h=B dh=0 L=B dL=+ preo=A,calma,"(1, 2, 1, 1)",1,2,1,1,6.0,8.6858,46
c=M dc=0 h=B dh=0 L=M dL=- preo=B,calma,"(2, 2, 2, 2)",2,2,2,2,10.0,16.8972,1549
c=M dc=0 h=B dh=0 L=M dL=- preo=M,calma,"(1, 0, 1, 2)",1,0,1,2,6.0,12.7297,151
c=M dc=0 h=B dh=0 L=M dL=- preo=A,calma,"(2, 2, 2, 2)",2,2,2,2,10.0,7.4660,40
c=M dc=0 h=B dh=0 L=M dL=0 preo=B,calma,"(0, 2, 1, 1)",0,2,1,1,5.0,15.0261,154
c=M dc=0 h=B dh=0 L=M dL=0 preo=M,calma,"(0, 0, 2, 2)",0,0,2,2,6.0,9.9240,38
c=M dc=0 h=B dh=0 L=M dL=0 preo=A,calma,"(0, 1, 2, 0)",0,1,2,0,3.0,4.8560,17
c=M dc=0 h=B dh=0 L=M dL=+ preo=B,calma,"(2, 0, 1, 2)",2,0,1,2,7.0,15.6667,3184
c=M dc=0 h=B dh=0 L=M dL=+ preo=M,calma,"(1, 0, 0, 0)",1,0,0,0,1.0,10.3559,145
c=M dc=0 h=B dh=0 L=M dL=+ preo=A,calma,"(1, 2, 2, 2)",1,2,2,2,9.0,6.9793,119
c=M dc=0 h=B dh=0 L=A dL=- preo=B,calma,"(2, 1, 1, 2)",2,1,1,2,8.0,16.4340,299
c=M dc=0 h=B dh=0 L=A dL=- preo=M,calma,"(2, 1, 2, 1)",2,1,2,1,7.0,11.1800,5
c=M dc=0 h=B dh=0 L=A dL=- preo=A,calma,"(0, 2, 2, 0)",0,2,2,0,4.0,5.6697,5
c=M dc=0 h=B dh=0 L=A dL=0 preo=B,calma,"(0, 2, 1, 1)",0,2,1,1,5.0,14.5669,194
c=M dc=0 h=B dh=0 L=A dL=0 preo=M,calma,"(0, 2, 0, 2)",0,2,0,2,6.0,10.2202,5
c=M dc=0 h=B dh=0 L=A dL=0 preo=A,calma,"(0, 0, 2, 1)",0,0,2,1,4.0,5.7541,12
c=M dc=0 h=B dh=0 L=A dL=+ preo=B,calma,"(2, 2, 1, 2)",2,2,1,2,9.0,16.6202,3614
c=M dc=0 h=B dh=0 L=A dL=+ preo=M,calma,"(0, 2, 1, 0)",0,2,1,0,3.0,13.3508,65
c=M dc=0 h=B dh=0 L=A dL=+ preo=A,calma,"(2, 2, 0, 0)",2,2,0,0,4.0,7.9308,93
c=M dc=0 h=B dh=+ L=B dL=- preo=B,calma,"(1, 2, 2, 1)",1,2,2,1,7.0,16.1449,2800
c=M dc=0 h=B dh=+ L=B dL=- preo=M,calma,"(0, 2, 1, 0)",0,2,1,0,3.0,11.4415,576
c=M dc=0 h=B dh=+ L=B dL=- preo=A,calma,"(1, 1, 1, 2)",1,1,1,2,7.0,6.8640,544
c=M dc=0 h=B dh=+ L=B dL=0 preo=B,calma,"(0, 0, 0, 1)",0,0,0,1,2.0,14.6374,63
c=M dc=0 h=B dh=+ L=B dL=0 preo=M,calma,"(1, 2, 2, 0)",1,2,2,0,5.0,11.8339,19
c=M dc=0 h=B dh=+ L=B dL=0 preo=A,calma,"(0, 1, 0, 2)",0,1,0,2,5.0,6.7529,11
c=M dc=0 h=B dh=+ L=B dL=+ preo=B,calma,"(2, 0, 2, 2)",2,0,2,2,8.0,15.3842,2089
c=M dc=0 h=B dh=+ L=B dL=+ preo=M,calma,"(1, 1, 1, 2)",1,1,1,2,7.0,11.5090,7
c=M dc=0 h=B dh=+ L=B dL=+ preo=A,calma,"(1, 1, 2, 1)",1,1,2,1,6.0,8.0579,26
c=M dc=0 h=B dh=+ L=M dL=- preo=B,calma,"(1, 2, 2, 1)",1,2,2,1,7.0,16.5293,2770
c=M dc=0 h=B dh=+ L=M dL=- preo=M,calma,"(1, 2, 2, 2)",1,2,2,2,9.0,13.2781,179
c=M dc=0 h=B dh=+ L=M dL=- preo=A,calma,"(2, 2, 2, 1)",2,2,2,1,8.0,9.1562,22
c=M dc=0 h=B dh=+ L=M dL=0 preo=B,calma,"(1, 2, 2, 2)",1,2,2,2,9.0,16.5842,239
c=M dc=0 h=B dh=+ L=M dL=0 preo=M,calma,"(0, 1, 0, 1)",0,1,0,1,3.0,12.7080,43
c=M dc=0 h=B dh=+ L=M dL=0 preo=A,calma,"(2, 0, 0, 1)",2,0,0,1,4.0,3.2441,2
c=M dc=0 h=B dh=+ L=M dL=+ preo=B,calma,"(2, 0, 1, 0)",2,0,1,0,3.0,15.3709,5123
c=M dc=0 h=B dh=+ L=M dL=+ preo=M,calma,"(2, 2, 2, 1)",2,2,2,1,8.0,13.6113,232
c=M dc=0 h=B dh=+ L=M dL=+ preo=A,calma,"(1, 0, 0, 1)",1,0,0,1,3.0,6.3008,445
c=M dc=0 h=B dh=+ L=A dL=- preo=B,calma,"(0, 0, 1, 1)",0,0,1,1,3.0,15.3520,669
c=M dc=0 h=B dh=+ L=A dL=- preo=M,calma,"(2, 2, 2, 2)",2,2,2,2,10.0,12.1232,4
c=M dc=0 h=B dh=+ L=A dL=- preo=A,calma,"(0, 0, 0, 0)",0,0,0,0,0.0,0.0000,0
c=M dc=0 h=B dh=+ L=A dL=0 preo=B,calma,"(0, 2, 0, 0)",0,2,0,0,2.0,15.6473,361
c=M dc=0 h=B dh=+ L=A dL=0 preo=M,calma,"(0, 1, 2, 0)",0,1,2,0,3.0,9.0626,6
c=M dc=0 h=B dh=+ L=A dL=0 preo=A,calma,"(2, 2, 0, 0)",2,2,0,0,4.0,2.4787,3
c=M dc=0 h=B dh=+ L=A dL=+ preo=B,calma,"(2, 2, 1, 1)",2,2,1,1,7.0,15.9971,6121
c=M dc=0 h=B dh=+ L=A dL=+ preo=M,calma,"(2, 0, 1, 0)",2,0,1,0,3.0,10.2708,96
c=M dc=0 h=B dh=+ L=A dL=+ preo=A,calma,"(2, 0, 2, 2)",2,0,2,2,8.0,9.4077,118
c=M dc=0 h=M dh=- L=B dL=- preo=B,calma,"(2, 1, 2, 0)",2,1,2,0,5.0,15.2096,1798
c=M dc=0 h=M dh=- L=B dL=- preo=M,calma,"(2, 1, 0, 2)",2,1,0,2,7.0,12.5680,1033
c=M dc=0 h=M dh=- L=B dL=- preo=A,calma,"(1, 2, 0, 0)",1,2,0,0,3.0,9.4905,37
c=M dc=0 h=M dh=- L=B dL=0 preo=B,calma,"(0, 2, 0, 2)",0,2,0,2,6.0,13.8146,36
c=M dc=0 h=M dh=- L=B dL=0 preo=M,calma,"(0, 1, 0, 2)",0,1,0,2,5.0,9.1348,29
c=M dc=0 h=M dh=- L=B dL=0 preo=A,calma,"(2, 1, 2, 2)",2,1,2,2,9.0,6.9879,6
c=M dc=0 h=M dh=- L=B dL=+ preo=B,calma,"(2, 2, 1, 1)",2,2,1,1,7.0,15.6826,436
c=M dc=0 h=M dh=- L=B dL=+ preo=M,calma,"(1, 0, 1, 1)",1,0,1,1,4.0,9.6673,68
c=M dc=0 h=M dh=- L=B dL=+ preo=A,calma,"(0, 1, 2, 0)",0,1,2,0,3.0,5.6359,5
c=M dc=0 h=M dh=- L=M dL=- preo=B,calma,"(2, 2, 2, 1)",2,2,2,1,8.0,16.2674,958
c=M dc=0 h=M dh=- L=M dL=- preo=M,calma,"(0, 1, 2, 0)",0,1,2,0,3.0,11.8602,1038
c=M dc=0 h=M dh=- L=M dL=- preo=A,calma,"(1, 2, 1, 0)",1,2,1,0,4.0,1.3064,22
c=M dc=0 h=M dh=- L=M dL=0 preo=B,calma,"(0, 1, 2, 0)",0,1,2,0,3.0,14.5046,189
c=M dc=0 h=M dh=- L=M dL=0 preo=M,calma,"(1, 2, 2, 2)",1,2,2,2,9.0,12.4580,95
c=M dc=0 h=M dh=- L=M dL=0 preo=A,calma,"(0, 0, 2, 1)",0,0,2,1,4.0,6.3032,16
c=M dc=0 h=M dh=- L=M dL=+ preo=B,calma,"(2, 2, 2, 2)",2,2,2,2,10.0,16.4905,3268
c=M dc=0 h=M dh=- L=M dL=+ preo=M,calma,"(2, 2, 2, 2)",2,2,2,2,10.0,13.4538,586
c=M dc=0 h=M dh=- L=M dL=+ preo=A,calma,"(2, 1, 0, 1)",2,1,0,1,5.0,7.2037,48
c=M dc=0 h=M dh=- L=A dL=- preo=B,calma,"(0, 2, 1, 2)",0,2,1,2,7.0,15.1034,155
c=M dc=0 h=M dh=- L=A dL=- preo=M,calma,"(1, 0, 2, 0)",1,0,2,0,3.0,10.2160,40
c=M dc=0 h=M dh=- L=A dL=- preo=A,calma,"(2, 1, 1, 1)",2,1,1,1,6.0,8.1132,4
c=M dc=0 h=M dh=- L=A dL=0 preo=B,calma,"(1, 0, 1, 2)",1,0,1,2,6.0,15.3600,41
c=M dc=0 h=M dh=- L=A dL=0 preo=M,calma,"(2, 0, 0, 0)",2,0,0,0,2.0,11.4408,15
c=M dc=0 h=M dh=- L=A dL=0 preo=A,calma,"(0, 0, 0, 0)",0,0,0,0,0.0,0.0000,1
c=M dc=0 h=M dh=- L=A dL=+ preo=B,calma,"(2, 2, 1, 2)",2,2,1,2,9.0,16.2979,1545
c=M dc=0 h=M dh=- L=A dL=+ preo=M,calma,"(2, 2, 2, 2)",2,2,2,2,10.0,13.3807,433
c=M dc=0 h=M dh=- L=A dL=+ preo=A,calma,"(1, 0, 1, 0)",1,0,1,0,2.0,5.5300,21
c=M dc=0 h=M dh=0 L=B dL=- preo=B,calma,"(0, 1, 1, 0)",0,1,1,0,2.0,14.3764,1551
c=M dc=0 h=M dh=0 L=B dL=- preo=M,calma,"(1, 1, 2, 1)",1,1,2,1,6.0,11.4551,554
c=M dc=0 h=M dh=0 L=B dL=- preo=A,calma,"(2, 2, 0, 2)",2,2,0,2,8.0,6.5327,31
c=M dc=0 h=M dh=0 L=B dL=0 preo=B,calma,"(0, 1, 1, 2)",0,1,1,2,6.0,13.0247,41
c=M dc=0 h=M dh=0 L=B dL=0 preo=M,calma,"(0, 0, 0, 2)",0,0,0,2,4.0,9.3424,16
c=M dc=0 h=M dh=0 L=B dL=0 preo=A,calma,"(1, 2, 1, 2)",1,2,1,2,8.0,7.1387,5
c=M dc=0 h=M dh=0 L=B dL=+ preo=B,calma,"(1, 1, 0, 0)",1,1,0,0,2.0,15.0898,365
c=M dc=0 h=M dh=0 L=B dL=+ preo=M,calma,"(1, 1, 2, 2)",1,1,2,2,8.0,9.9857,15
c=M dc=0 h=M dh=0 L=B dL=+ preo=A,calma,"(1, 1, 0, 2)",1,1,0,2,6.0,2.4831,2
c=M dc=0 h=M dh=0 L=M dL=- preo=B,calma,"(0, 0, 1, 0)",0,0,1,0,1.0,14.1884,1012
c=M dc=0 h=M dh=0 L=M dL=- preo=M,calma,"(2, 1, 2, 2)",2,1,2,2,9.0,13.5720,600
c=M dc=0 h=M dh=0 L=M dL=- preo=A,calma,"(0, 1, 1, 2)",0,1,1,2,6.0,4.9524,5
c=M dc=0 h=M dh=0 L=M dL=0 preo=B,calma,"(2, 0, 0, 1)",2,0,0,1,4.0,14.7677,151
c=M dc=0 h=M dh=0 L=M dL=0 preo=M,calma,"(1, 2, 0, 2)",1,2,0,2,7.0,11.4761,47
c=M dc=0 h=M dh=0 L=M dL=0 preo=A,calma,"(1, 2, 0, 0)",1,2,0,0,3.0,0.0596,1
c=M dc=0 h=M dh=0 L=M dL=+ preo=B,calma,"(2, 2, 2, 2)",2,2,2,2,10.0,16.2817,2585
c=M dc=0 h=M dh=0 L=M dL=+ preo=M,calma,"(0, 1, 0, 0)",0,1,0,0,1.0,11.6946,230
c=M dc=0 h=M dh=0 L=M dL=+ preo=A,calma,"(2, 1, 1, 0)",2,1,1,0,4.0,5.2752,23
c=M dc=0 h=M dh=0 L=A dL=- preo=B,calma,"(1, 1, 2, 0)",1,1,2,0,4.0,14.8553,179
c=M dc=0 h=M dh=0 L=A dL=- preo=M,calma,"(2, 1, 0, 1)",2,1,0,1,5.0,11.2380,18
c=M dc=0 h=M dh=0 L=A dL=- preo=A,calma,"(0, 1, 1, 1)",0,1,1,1,4.0,1.1052,3
c=M dc=0 h=M dh=0 L=A dL=0 preo=B,calma,"(1, 2, 2, 0)",1,2,2,0,5.0,13.5365,47
c=M dc=0 h=M dh=0 L=A dL=0 preo=M,calma,"(1, 2, 2, 2)",1,2,2,2,9.0,12.8552,8
c=M dc=0 h=M dh=0 L=A dL=0 preo=A,calma,"(2, 2, 1, 1)",2,2,1,1,7.0,2.3991,2
c=M dc=0 h=M dh=0 L=A dL=+ preo=B,calma,"(2, 0, 1, 1)",2,0,1,1,5.0,13.4463,1226
c=M dc=0 h=M dh=0 L=A dL=+ preo=M,calma,"(1, 0, 1, 0)",1,0,1,0,2.0,11.5016,177
c=M dc=0 h=M dh=0 L=A dL=+ preo=A,calma,"(2, 2, 0, 1)",2,2,0,1,6.0,2.6819,14
c=M dc=0 h=M dh=+ L=B dL=- preo=B,calma,"(2, 1, 2, 0)",2,1,2,0,5.0,14.8987,2917
c=M dc=0 h=M dh=+ L=B dL=- preo=M,calma,"(2, 1, 1, 2)",2,1,1,2,8.0,12.4566,1114
c=M dc=0 h=M dh=+ L=B dL=- preo=A,calma,"(2, 2, 2, 0)",2,2,2,0,6.0,2.8186,119
c=M dc=0 h=M dh=+ L=B dL=0 preo=B,calma,"(1, 1, 0, 0)",1,1,0,0,2.0,14.1115,64
c=M dc=0 h=M dh=+ L=B dL=0 preo=M,calma,"(0, 2, 1, 2)",0,2,1,2,7.0,11.1501,50
c=M dc=0 h=M dh=+ L=B dL=0 preo=A,calma,"(0, 0, 0, 0)",0,0,0,0,0.0,0.0000,1
c=M dc=0 h=M dh=+ L=B dL=+ preo=B,calma,"(1, 0, 1, 1)",1,0,1,1,4.0,12.3943,723
c=M dc=0 h=M dh=+ L=B dL=+ preo=M,calma,"(2, 0, 2, 2)",2,0,2,2,8.0,12.8327,37
c=M dc=0 h=M dh=+ L=B dL=+ preo=A,calma,"(0, 1, 1, 0)",0,1,1,0,2.0,4.3083,7
c=M dc=0 h=M dh=+ L=M dL=- preo=B,calma,"(0, 2, 2, 2)",0,2,2,2,8.0,15.3812,2086
c=M dc=0 h=M dh=+ L=M dL=- preo=M,calma,"(2, 1, 2, 2)",2,1,2,2,9.0,13.2680,1077
c=M dc=0 h=M dh=+ L=M dL=- preo=A,calma,"(0, 0, 0, 2)",0,0,0,2,4.0,5.7513,14
c=M dc=0 h=M dh=+ L=M dL=0 preo=B,calma,"(2, 2, 0, 1)",2,2,0,1,6.0,14.5053,297
c=M dc=0 h=M dh=+ L=M dL=0 preo=M,calma,"(0, 0, 1, 2)",0,0,1,2,5.0,10.7308,96
c=M dc=0 h=M dh=+ L=M dL=0 preo=A,calma,"(2, 2, 1, 0)",2,2,1,0,5.0,6.5566,10
c=M dc=0 h=M dh=+ L=M dL=+ preo=B,calma,"(1, 1, 2, 2)",1,1,2,2,8.0,15.6451,4406
c=M dc=0 h=M dh=+ L=M dL=+ preo=M,calma,"(2, 2, 1, 0)",2,2,1,0,5.0,12.1483,450
c=M dc=0 h=M dh=+ L=M dL=+ preo=A,calma,"(2, 1, 1, 2)",2,1,1,2,8.0,5.9067,98
c=M dc=0 h=M dh=+ L=A dL=- preo=B,calma,"(2, 1, 2, 1)",2,1,2,1,7.0,15.6988,358
c=M dc=0 h=M dh=+ L=A dL=- preo=M,calma,"(1, 0, 0, 1)",1,0,0,1,3.0,10.1284,18
c=M dc=0 h=M dh=+ L=A dL=- preo=A,calma,"(0, 2, 0, 1)",0,2,0,1,4.0,5.0070,2
c=M dc=0 h=M dh=+ L=A dL=0 preo=B,calma,"(2, 0, 0, 1)",2,0,0,1,4.0,15.0771,125
c=M dc=0 h=M dh=+ L=A dL=0 preo=M,calma,"(2, 1, 1, 1)",2,1,1,1,6.0,12.9226,16
c=M dc=0 h=M dh=+ L=A dL=0 preo=A,calma,"(1, 0, 2, 0)",1,0,2,0,3.0,1.8885,2
c=M dc=0 h=M dh=+ L=A dL=+ preo=B,calma,"(2, 0, 2, 0)",2,0,2,0,4.0,14.3644,2606
c=M dc=0 h=M dh=+ L=A dL=+ preo=M,calma,"(0, 1, 1, 0)",0,1,1,0,2.0,10.2492,325
c=M dc=0 h=M dh=+ L=A dL=+ preo=A,calma,"(1, 2, 2, 0)",1,2,2,0,5.0,4.4998,26
c=M dc=0 h=A dh=- L=B dL=- preo=B,emergencia,"(0, 0, 1, 1)",0,0,1,1,3.0,4.5311,36
c=M dc=0 h=A dh=- L=B dL=- preo=M,emergencia,"(1, 2, 1, 1)",1,2,1,1,6.0,7.9393,178
c=M dc=0 h=A dh=- L=B dL=- preo=A,emergencia,"(2, 2, 1, 2)",2,2,1,2,9.0,3.9612,431
c=M dc=0 h=A dh=- L=B dL=0 preo=B,emergencia,"(1, 2, 2, 1)",1,2,2,1,7.0,1.7213,2
c=M dc=0 h=A dh=- L=B dL=0 preo=M,emergencia,"(2, 2, 2, 1)",2,2,2,1,8.0,7.9710,5
c=M dc=0 h=A dh=- L=B dL=0 preo=A,emergencia,"(2, 2, 1, 2)",2,2,1,2,9.0,3.2945,116
c=M dc=0 h=A dh=- L=B dL=+ preo=B,emergencia,"(2, 2, 0, 2)",2,2,0,2,8.0,6.8625,2
c=M dc=0 h=A dh=- L=B dL=+ preo=M,emergencia,"(2, 1, 2, 0)",2,1,2,0,5.0,4.7015,3
c=M dc=0 h=A dh=- L=B dL=+ preo=A,emergencia,"(2, 2, 1, 2)",2,2,1,2,9.0,4.7609,146
c=M dc=0 h=A dh=- L=M dL=- preo=B,emergencia,"(1, 2, 0, 1)",1,2,0,1,5.0,8.7167,69
c=M dc=0 h=A dh=- L=M dL=- preo=M,emergencia,"(2, 0, 1, 0)",2,0,1,0,3.0,6.8712,51
c=M dc=0 h=A dh=- L=M dL=- preo=A,emergencia,"(2, 2, 1, 1)",2,2,1,1,7.0,3.4691,328
c=M dc=0 h=A dh=- L=M dL=0 preo=B,emergencia,"(1, 2, 0, 2)",1,2,0,2,7.0,8.6112,25
c=M dc=0 h=A dh=- L=M dL=0 preo=M,emergencia,"(0, 0, 0, 1)",0,0,0,1,2.0,7.1427,5
c=M dc=0 h=A dh=- L=M dL=0 preo=A,emergencia,"(1, 0, 1, 2)",1,0,1,2,6.0,2.4066,135
c=M dc=0 h=A dh=- L=M dL=+ preo=B,emergencia,"(0, 2, 1, 0)",0,2,1,0,3.0,10.8419,32
c=M dc=0 h=A dh=- L=M dL=+ preo=M,emergencia,"(1, 1, 1, 0)",1,1,1,0,3.0,7.2817,105
c=M dc=0 h=A dh=- L=M dL=+ preo=A,emergencia,"(0, 2, 2, 0)",0,2,2,0,4.0,3.7024,295
c=M dc=0 h=A dh=- L=A dL=- preo=B,emergencia,"(2, 2, 0, 1)",2,2,0,1,6.0,10.2110,47
c=M dc=0 h=A dh=- L=A dL=- preo=M,emergencia,"(2, 1, 0, 1)",2,1,0,1,5.0,9.2839,8
c=M dc=0 h=A dh=- L=A dL=- preo=A,emergencia,"(1, 2, 0, 1)",1,2,0,1,5.0,2.5469,170
c=M dc=0 h=A dh=- L=A dL=0 preo=B,emergencia,"(0, 2, 0, 2)",0,2,0,2,6.0,9.2589,30
c=M dc=0 h=A dh=- L=A dL=0 preo=M,emergencia,"(0, 0, 0, 0)",0,0,0,0,0.0,7.9496,5
c=M dc=0 h=A dh=- L=A dL=0 preo=A,emergencia,"(1, 2, 2, 1)",1,2,2,1,7.0,2.1913,54
c=M dc=0 h=A dh=- L=A dL=+ preo=B,emergencia,"(2, 0, 1, 1)",2,0,1,1,5.0,8.1230,60
c=M dc=0 h=A dh=- L=A dL=+ preo=M,emergencia,"(2, 0, 2, 0)",2,0,2,0,4.0,9.0486,65
c=M dc=0 h=A dh=- L=A dL=+ preo=A,emergencia,"(2, 2, 1, 2)",2,2,1,2,9.0,4.4021,192
c=M dc=0 h=A dh=0 L=B dL=- preo=B,emergencia,"(2, 2, 2, 0)",2,2,2,0,6.0,9.9832,110
c=M dc=0 h=A dh=0 L=B dL=- preo=M,emergencia,"(2, 2, 1, 2)",2,2,1,2,9.0,10.6605,139
c=M dc=0 h=A dh=0 L=B dL=- preo=A,emergencia,"(2, 0, 2, 2)",2,0,2,2,8.0,3.0130,329
c=M dc=0 h=A dh=0 L=B dL=0 preo=B,emergencia,"(2, 2, 2, 0)",2,2,2,0,6.0,11.2966,16
c=M dc=0 h=A dh=0 L=B dL=0 preo=M,emergencia,"(0, 1, 0, 0)",0,1,0,0,1.0,5.5423,5
c=M dc=0 h=A dh=0 L=B dL=0 preo=A,emergencia,"(1, 2, 0, 2)",1,2,0,2,7.0,2.1048,29
c=M dc=0 h=A dh=0 L=B dL=+ preo=B,emergencia,"(0, 2, 1, 1)",0,2,1,1,5.0,9.4340,17
c=M dc=0 h=A dh=0 L=B dL=+ preo=M,emergencia,"(2, 0, 0, 2)",2,0,0,2,6.0,3.2729,3
c=M dc=0 h=A dh=0 L=B dL=+ preo=A,emergencia,"(2, 2, 2, 2)",2,2,2,2,10.0,3.7641,42
c=M dc=0 h=A dh=0 L=M dL=- preo=B,emergencia,"(1, 1, 1, 2)",1,1,1,2,7.0,8.0066,62
c=M dc=0 h=A dh=0 L=M dL=- preo=M,emergencia,"(0, 0, 0, 0)",0,0,0,0,0.0,4.6579,58
c=M dc=0 h=A dh=0 L=M dL=- preo=A,emergencia,"(2, 2, 0, 2)",2,2,0,2,8.0,2.7424,178
c=M dc=0 h=A dh=0 L=M dL=0 preo=B,emergencia,"(2, 2, 2, 1)",2,2,2,1,8.0,10.4906,18
c=M dc=0 h=A dh=0 L=M dL=0 preo=M,emergencia,"(2, 2, 2, 0)",2,2,2,0,6.0,4.8940,2
c=M dc=0 h=A dh=0 L=M dL=0 preo=A,emergencia,"(2, 2, 0, 1)",2,2,0,1,6.0,3.1922,49
c=M dc=0 h=A dh=0 L=M dL=+ preo=B,emergencia,"(2, 0, 0, 1)",2,0,0,1,4.0,7.8296,61
c=M dc=0 h=A dh=0 L=M dL=+ preo=M,emergencia,"(2, 2, 0, 2)",2,2,0,2,8.0,9.8110,78
c=M dc=0 h=A dh=0 L=M dL=+ preo=A,emergencia,"(2, 2, 0, 0)",2,2,0,0,4.0,2.8946,109
c=M dc=0 h=A dh=0 L=A dL=- preo=B,emergencia,"(1, 2, 0, 2)",1,2,0,2,7.0,7.8064,23
c=M dc=0 h=A dh=0 L=A dL=- preo=M,emergencia,"(0, 0, 1, 1)",0,0,1,1,3.0,6.1996,13
c=M dc=0 h=A dh=0 L=A dL=- preo=A,emergencia,"(0, 1, 0, 2)",0,1,0,2,5.0,2.3491,68
c=M dc=0 h=A dh=0 L=A dL=0 preo=B,emergencia,"(1, 0, 1, 1)",1,0,1,1,4.0,9.9095,18
c=M dc=0 h=A dh=0 L=A dL=0 preo=M,emergencia,"(2, 1, 0, 1)",2,1,0,1,5.0,7.0740,4
c=M dc=0 h=A dh=0 L=A dL=0 preo=A,emergencia,"(2, 1, 0, 0)",2,1,0,0,3.0,1.1393,34
c=M dc=0 h=A dh=0 L=A dL=+ preo=B,emergencia,"(1, 2, 1, 2)",1,2,1,2,8.0,9.1187,95
c=M dc=0 h=A dh=0 L=A dL=+ preo=M,emergencia,"(2, 1, 0, 1)",2,1,0,1,5.0,6.6059,54
c=M dc=0 h=A dh=0 L=A dL=+ preo=A,emergencia,"(2, 2, 2, 1)",2,2,2,1,8.0,3.2415,138
c=M dc=0 h=A dh=+ L=B dL=- preo=B,emergencia,"(2, 2, 1, 2)",2,2,1,2,9.0,11.5756,85
c=M dc=0 h=A dh=+ L=B dL=- preo=M,emergencia,"(2, 0, 2, 1)",2,0,2,1,6.0,6.7969,438
c=M dc=0 h=A dh=+ L=B dL=- preo=A,emergencia,"(2, 1, 0, 2)",2,1,0,2,7.0,2.2224,347
c=M dc=0 h=A dh=+ L=B dL=0 preo=B,emergencia,"(1, 1, 1, 1)",1,1,1,1,5.0,7.7545,3
c=M dc=0 h=A dh=+ L=B dL=0 preo=M,emergencia,"(1, 0, 2, 2)",1,0,2,2,7.0,8.4852,3
c=M dc=0 h=A dh=+ L=B dL=0 preo=A,emergencia,"(2, 1, 2, 2)",2,1,2,2,9.0,2.1752,17
c=M dc=0 h=A dh=+ L=B dL=+ preo=B,emergencia,"(2, 2, 1, 1)",2,2,1,1,7.0,10.1762,8
c=M dc=0 h=A dh=+ L=B dL=+ preo=M,emergencia,"(2, 1, 2, 0)",2,1,2,0,5.0,5.6015,4
c=M dc=0 h=A dh=+ L=B dL=+ preo=A,emergencia,"(0, 0, 0, 0)",0,0,0,0,0.0,0.0000,16
c=M dc=0 h=A dh=+ L=M dL=- preo=B,emergencia,"(2, 2, 2, 1)",2,2,2,1,8.0,10.3516,148
c=M dc=0 h=A dh=+ L=M dL=- preo=M,emergencia,"(2, 1, 1, 2)",2,1,1,2,8.0,8.2441,336
c=M dc=0 h=A dh=+ L=M dL=- preo=A,emergencia,"(2, 2, 2, 2)",2,2,2,2,10.0,2.5156,256
c=M dc=0 h=A dh=+ L=M dL=0 preo=B,emergencia,"(2, 1, 1, 2)",2,1,1,2,8.0,11.2777,7
c=M dc=0 h=A dh=+ L=M dL=0 preo=M,emergencia,"(2, 0, 1, 1)",2,0,1,1,5.0,6.3185,17
c=M dc=0 h=A dh=+ L=M dL=0 preo=A,emergencia,"(2, 1, 2, 1)",2,1,2,1,7.0,2.0174,39
c=M dc=0 h=A dh=+ L=M dL=+ preo=B,emergencia,"(1, 0, 2, 2)",1,0,2,2,7.0,12.0789,54
c=M dc=0 h=A dh=+ L=M dL=+ preo=M,emergencia,"(2, 2, 2, 2)",2,2,2,2,10.0,9.8767,148
c=M dc=0 h=A dh=+ L=M dL=+ preo=A,emergencia,"(0, 2, 1, 2)",0,2,1,2,7.0,2.2237,145
c=M dc=0 h=A dh=+ L=A dL=- preo=B,emergencia,"(2, 0, 1, 2)",2,0,1,2,7.0,7.2969,76
c=M dc=0 h=A dh=+ L=A dL=- preo=M,emergencia,"(1, 0, 2, 1)",1,0,2,1,5.0,4.5622,38
c=M dc=0 h=A dh=+ L=A dL=- preo=A,emergencia,"(2, 0, 0, 2)",2,0,0,2,6.0,2.4875,108
c=M dc=0 h=A dh=+ L=A dL=0 preo=B,emergencia,"(2, 2, 2, 0)",2,2,2,0,6.0,8.9245,40
c=M dc=0 h=A dh=+ L=A dL=0 preo=M,emergencia,"(1, 2, 1, 2)",1,2,1,2,8.0,3.8012,18
c=M dc=0 h=A dh=+ L=A dL=0 preo=A,emergencia,"(1, 2, 2, 2)",1,2,2,2,9.0,2.0642,55
c=M dc=0 h=A dh=+ L=A dL=+ preo=B,emergencia,"(1, 2, 2, 2)",1,2,2,2,9.0,13.3433,65
c=M dc=0 h=A dh=+ L=A dL=+ preo=M,emergencia,"(1, 0, 0, 2)",1,0,0,2,5.0,4.2237,93
c=M dc=0 h=A dh=+ L=A dL=+ preo=A,emergencia,"(1, 1, 1, 1)",1,1,1,1,5.0,2.5055,138
c=M dc=+ h=B dh=- L=B dL=- preo=B,prop_rapida,"(2, 2, 2, 2)",2,2,2,2,10.0,16.8966,1660887
c=M dc=+ h=B dh=- L=B dL=- preo=M,prop_rapida,"(2, 2, 2, 1)",2,2,2,1,8.0,13.6552,3524
c=M dc=+ h=B dh=- L=B dL=- preo=A,prop_rapida,"(0, 2, 0, 1)",0,2,0,1,4.0,7.8885,427
c=M dc=+ h=B dh=- L=B dL=0 preo=B,prop_rapida,"(2, 1, 2, 2)",2,1,2,2,9.0,16.5616,2103
c=M dc=+ h=B dh=- L=B dL=0 preo=M,prop_rapida,"(0, 1, 2, 1)",0,1,2,1,5.0,11.4056,797
c=M dc=+ h=B dh=- L=B dL=0 preo=A,prop_rapida,"(1, 0, 0, 1)",1,0,0,1,3.0,8.4068,83
c=M dc=+ h=B dh=- L=B dL=+ preo=B,prop_rapida,"(2, 2, 0, 2)",2,2,0,2,8.0,16.2900,10473
c=M dc=+ h=B dh=- L=B dL=+ preo=M,prop_rapida,"(1, 2, 0, 2)",1,2,0,2,7.0,13.2549,358
c=M dc=+ h=B dh=- L=B dL=+ preo=A,prop_rapida,"(2, 1, 0, 1)",2,1,0,1,5.0,8.5388,146
c=M dc=+ h=B dh=- L=M dL=- preo=B,prop_rapida,"(2, 2, 1, 1)",2,2,1,1,7.0,16.5287,5976
c=M dc=+ h=B dh=- L=M dL=- preo=M,prop_rapida,"(2, 1, 1, 1)",2,1,1,1,6.0,13.5973,697
c=M dc=+ h=B dh=- L=M dL=- preo=A,prop_rapida,"(1, 0, 1, 2)",1,0,1,2,6.0,8.4581,4
c=M dc=+ h=B dh=- L=M dL=0 preo=B,prop_rapida,"(2, 2, 2, 2)",2,2,2,2,10.0,16.7365,391
c=M dc=+ h=B dh=- L=M dL=0 preo=M,prop_rapida,"(2, 1, 2, 2)",2,1,2,2,9.0,13.3882,60
c=M dc=+ h=B dh=- L=M dL=0 preo=A,prop_rapida,"(0, 0, 0, 0)",0,0,0,0,0.0,0.0000,1
c=M dc=+ h=B dh=- L=M dL=+ preo=B,prop_rapida,"(2, 2, 2, 1)",2,2,2,1,8.0,16.6746,9232
c=M dc=+ h=B dh=- L=M dL=+ preo=M,prop_rapida,"(0, 2, 2, 0)",0,2,2,0,4.0,10.9089,528
c=M dc=+ h=B dh=- L=M dL=+ preo=A,prop_rapida,"(1, 0, 2, 0)",1,0,2,0,3.0,5.9950,54
c=M dc=+ h=B dh=- L=A dL=- preo=B,prop_rapida,"(0, 2, 1, 2)",0,2,1,2,7.0,14.3634,213
c=M dc=+ h=B dh=- L=A dL=- preo=M,prop_rapida,"(1, 2, 0, 0)",1,2,0,0,3.0,5.4143,1
c=M dc=+ h=B dh=- L=A dL=- preo=A,prop_rapida,"(0, 0, 0, 0)",0,0,0,0,0.0,0.0000,0
c=M dc=+ h=B dh=- L=A dL=0 preo=B,prop_rapida,"(0, 0, 0, 0)",0,0,0,0,0.0,14.5280,52
c=M dc=+ h=B dh=- L=A dL=0 preo=M,prop_rapida,"(0, 0, 0, 0)",0,0,0,0,0.0,0.0000,0
c=M dc=+ h=B dh=- L=A dL=0 preo=A,prop_rapida,"(0, 0, 0, 0)",0,0,0,0,0.0,0.0000,0
c=M dc=+ h=B dh=- L=A dL=+ preo=B,prop_rapida,"(0, 2, 2, 0)",0,2,2,0,4.0,14.8193,2300
c=M dc=+ h=B dh=- L=A dL=+ preo=M,prop_rapida,"(2, 2, 1, 1)",2,2,1,1,7.0,12.0752,51
c=M dc=+ h=B dh=- L=A dL=+ preo=A,prop_rapida,"(1, 2, 1, 0)",1,2,1,0,4.0,8.7432,3
c=M dc=+ h=B dh=0 L=B dL=- preo=B,prop_rapida,"(2, 2, 2, 2)",2,2,2,2,10.0,16.9720,1012387
c=M dc=+ h=B dh=0 L=B dL=- preo=M,prop_rapida,"(1, 1, 1, 1)",1,1,1,1,5.0,11.7185,996
c=M dc=+ h=B dh=0 L=B dL=- preo=A,prop_rapida,"(2, 2, 2, 0)",2,2,2,0,6.0,8.6122,222
c=M dc=+ h=B dh=0 L=B dL=0 preo=B,prop_rapida,"(2, 2, 2, 0)",2,2,2,0,6.0,15.5931,923
c=M dc=+ h=B dh=0 L=B dL=0 preo=M,prop_rapida,"(1, 1, 2, 1)",1,1,2,1,6.0,11.9803,35
c=M dc=+ h=B dh=0 L=B dL=0 preo=A,prop_rapida,"(2, 0, 1, 2)",2,0,1,2,7.0,8.9187,45
c=M dc=+ h=B dh=0 L=B dL=+ preo=B,prop_rapida,"(1, 2, 0, 2)",1,2,0,2,7.0,15.6794,4840
c=M dc=+ h=B dh=0 L=B dL=+ preo=M,prop_rapida,"(1, 0, 0, 2)",1,0,0,2,5.0,12.1579,52
c=M dc=+ h=B dh=0 L=B dL=+ preo=A,prop_rapida,"(2, 1, 1, 2)",2,1,1,2,8.0,8.4514,49
c=M dc=+ h=B dh=0 L=M dL=- preo=B,prop_rapida,"(1, 2, 2, 1)",1,2,2,1,7.0,16.2832,3252
c=M dc=+ h=B dh=0 L=M dL=- preo=M,prop_rapida,"(1, 1, 1, 0)",1,1,1,0,3.0,13.1364,269
c=M dc=+ h=B dh=0 L=M dL=- preo=A,prop_rapida,"(1, 0, 1, 2)",1,0,1,2,6.0,7.0250,4
c=M dc=+ h=B dh=0 L=M dL=0 preo=B,prop_rapida,"(1, 2, 2, 0)",1,2,2,0,5.0,14.7445,123
c=M dc=+ h=B dh=0 L=M dL=0 preo=M,prop_rapida,"(1, 1, 0, 1)",1,1,0,1,4.0,13.1682,19
c=M dc=+ h=B dh=0 L=M dL=0 preo=A,prop_rapida,"(0, 0, 0, 0)",0,0,0,0,0.0,0.0000,0
c=M dc=+ h=B dh=0 L=M dL=+ preo=B,prop_rapida,"(2, 1, 2, 1)",2,1,2,1,7.0,16.1759,3857
c=M dc=+ h=B dh=0 L=M dL=+ preo=M,prop_rapida,"(1, 1, 2, 2)",1,1,2,2,8.0,13.0124,122
c=M dc=+ h=B dh=0 L=M dL=+ preo=A,prop_rapida,"(1, 2, 2, 2)",1,2,2,2,9.0,7.2000,23
c=M dc=+ h=B dh=0 L=A dL=- preo=B,prop_rapida,"(0, 2, 2, 2)",0,2,2,2,8.0,14.9453,102
c=M dc=+ h=B dh=0 L=A dL=- preo=M,prop_rapida,"(1, 0, 0, 0)",1,0,0,0,1.0,4.2662,1
c=M dc=+ h=B dh=0 L=A dL=- preo=A,prop_rapida,"(0, 0, 0, 0)",0,0,0,0,0.0,0.0000,0
c=M dc=+ h=B dh=0 L=A dL=0 preo=B,prop_rapida,"(0, 0, 1, 0)",0,0,1,0,1.0,13.3883,32
c=M dc=+ h=B dh=0 L=A dL=0 preo=M,prop_rapida,"(0, 0, 0, 1)",0,0,0,1,2.0,5.2396,1
c=M dc=+ h=B dh=0 L=A dL=0 preo=A,prop_rapida,"(0, 0, 0, 0)",0,0,0,0,0.0,0.0000,0
c=M dc=+ h=B dh=0 L=A dL=+ preo=B,prop_rapida,"(0, 1, 2, 0)",0,1,2,0,3.0,14.6926,946
c=M dc=+ h=B dh=0 L=A dL=+ preo=M,prop_rapida,"(2, 0, 2, 2)",2,0,2,2,8.0,12.0608,14
c=M dc=+ h=B dh=0 L=A dL=+ preo=A,prop_rapida,"(1, 1, 0, 0)",1,1,0,0,2.0,5.7758,3
c=M dc=+ h=B dh=+ L=B dL=- preo=B,prop_rapida,"(2, 2, 2, 2)",2,2,2,2,10.0,16.9203,1895185
c=M dc=+ h=B dh=+ L=B dL=- preo=M,prop_rapida,"(2, 2, 0, 2)",2,2,0,2,8.0,13.3551,1670
c=M dc=+ h=B dh=+ L=B dL=- preo=A,prop_rapida,"(2, 1, 0, 1)",2,1,0,1,5.0,6.8271,2126
c=M dc=+ h=B dh=+ L=B dL=0 preo=B,prop_rapida,"(1, 0, 2, 2)",1,0,2,2,7.0,14.9854,1471
c=M dc=+ h=B dh=+ L=B dL=0 preo=M,prop_rapida,"(2, 2, 0, 2)",2,2,0,2,8.0,14.6568,111
c=M dc=+ h=B dh=+ L=B dL=0 preo=A,prop_rapida,"(1, 1, 2, 2)",1,1,2,2,8.0,8.5044,228
c=M dc=+ h=B dh=+ L=B dL=+ preo=B,prop_rapida,"(2, 2, 0, 2)",2,2,0,2,8.0,16.2552,7536
c=M dc=+ h=B dh=+ L=B dL=+ preo=M,prop_rapida,"(1, 1, 1, 1)",1,1,1,1,5.0,12.5671,47
c=M dc=+ h=B dh=+ L=B dL=+ preo=A,prop_rapida,"(0, 2, 0, 2)",0,2,0,2,6.0,6.8038,115
c=M dc=+ h=B dh=+ L=M dL=- preo=B,prop_rapida,"(2, 2, 1, 2)",2,2,1,2,9.0,16.6974,5617
c=M dc=+ h=B dh=+ L=M dL=- preo=M,prop_rapida,"(2, 0, 1, 2)",2,0,1,2,7.0,11.6486,297
c=M dc=+ h=B dh=+ L=M dL=- preo=A,prop_rapida,"(0, 1, 1, 1)",0,1,1,1,4.0,7.3240,20
c=M dc=+ h=B dh=+ L=M dL=0 preo=B,prop_rapida,"(1, 2, 0, 2)",1,2,0,2,7.0,15.2405,243
c=M dc=+ h=B dh=+ L=M dL=0 preo=M,prop_rapida,"(1, 2, 2, 2)",1,2,2,2,9.0,13.7333,32
c=M dc=+ h=B dh=+ L=M dL=0 preo=A,prop_rapida,"(0, 2, 0, 2)",0,2,0,2,6.0,7.9251,6
c=M dc=+ h=B dh=+ L=M dL=+ preo=B,prop_rapida,"(2, 2, 2, 1)",2,2,2,1,8.0,16.6064,6120
c=M dc=+ h=B dh=+ L=M dL=+ preo=M,prop_rapida,"(1, 2, 2, 2)",1,2,2,2,9.0,13.7396,175
c=M dc=+ h=B dh=+ L=M dL=+ preo=A,prop_rapida,"(2, 0, 1, 0)",2,0,1,0,3.0,5.1044,172
c=M dc=+ h=B dh=+ L=A dL=- preo=B,prop_rapida,"(2, 0, 1, 2)",2,0,1,2,7.0,14.6459,220
c=M dc=+ h=B dh=+ L=A dL=- preo=M,prop_rapida,"(2, 2, 1, 2)",2,2,1,2,9.0,5.1080,2
c=M dc=+ h=B dh=+ L=A dL=- preo=A,prop_rapida,"(0, 0, 0, 0)",0,0,0,0,0.0,0.0000,0
c=M dc=+ h=B dh=+ L=A dL=0 preo=B,prop_rapida,"(0, 1, 2, 0)",0,1,2,0,3.0,15.2679,32
c=M dc=+ h=B dh=+ L=A dL=0 preo=M,prop_rapida,"(0, 0, 0, 0)",0,0,0,0,0.0,0.0000,0
c=M dc=+ h=B dh=+ L=A dL=0 preo=A,prop_rapida,"(0, 0, 0, 0)",0,0,0,0,0.0,0.0000,0
c=M dc=+ h=B dh=+ L=A dL=+ preo=B,prop_rapida,"(1, 2, 2, 2)",1,2,2,2,9.0,15.7243,1549
c=M dc=+ h=B dh=+ L=A dL=+ preo=M,prop_rapida,"(1, 2, 2, 0)",1,2,2,0,5.0,13.1063,26
c=M dc=+ h=B dh=+ L=A dL=+ preo=A,prop_rapida,"(1, 0, 1, 1)",1,0,1,1,4.0,8.4241,14
c=M dc=+ h=M dh=- L=B dL=- preo=B,prop_rapida,"(2, 2, 2, 2)",2,2,2,2,10.0,16.4947,259547
c=M dc=+ h=M dh=- L=B dL=- preo=M,prop_rapida,"(2, 2, 2, 1)",2,2,2,1,8.0,13.4043,8974
c=M dc=+ h=M dh=- L=B dL=- preo=A,prop_rapida,"(2, 2, 1, 2)",2,2,1,2,9.0,11.3444,408
c=M dc=+ h=M dh=- L=B dL=0 preo=B,prop_rapida,"(1, 2, 2, 2)",1,2,2,2,9.0,15.7429,597
c=M dc=+ h=M dh=- L=B dL=0 preo=M,prop_rapida,"(2, 1, 1, 1)",2,1,1,1,6.0,12.6803,780
c=M dc=+ h=M dh=- L=B dL=0 preo=A,prop_rapida,"(0, 2, 0, 2)",0,2,0,2,6.0,9.1014,106
c=M dc=+ h=M dh=- L=B dL=+ preo=B,prop_rapida,"(2, 2, 0, 2)",2,2,0,2,8.0,15.6065,1858
c=M dc=+ h=M dh=- L=B dL=+ preo=M,prop_rapida,"(0, 1, 2, 0)",0,1,2,0,3.0,9.6032,192
c=M dc=+ h=M dh=- L=B dL=+ preo=A,prop_rapida,"(1, 1, 2, 1)",1,1,2,1,6.0,9.6588,35
c=M dc=+ h=M dh=- L=M dL=- preo=B,prop_rapida,"(1, 1, 2, 0)",1,1,2,0,4.0,14.5985,1434
c=M dc=+ h=M dh=- L=M dL=- preo=M,prop_rapida,"(0, 0, 2, 1)",0,0,2,1,4.0,11.0331,1325
c=M dc=+ h=M dh=- L=M dL=- preo=A,prop_rapida,"(1, 1, 0, 0)",1,1,0,0,2.0,10.3740,28
c=M dc=+ h=M dh=- L=M dL=0 preo=B,prop_rapida,"(0, 2, 2, 1)",0,2,2,1,6.0,14.5108,256
c=M dc=+ h=M dh=- L=M dL=0 preo=M,prop_rapida,"(1, 0, 2, 0)",1,0,2,0,3.0,11.9052,226
c=M dc=+ h=M dh=- L=M dL=0 preo=A,prop_rapida,"(2, 2, 0, 1)",2,2,0,1,6.0,8.7217,14
c=M dc=+ h=M dh=- L=M dL=+ preo=B,prop_rapida,"(2, 0, 2, 1)",2,0,2,1,6.0,14.2582,2951
c=M dc=+ h=M dh=- L=M dL=+ preo=M,prop_rapida,"(2, 1, 1, 2)",2,1,1,2,8.0,12.4378,330
c=M dc=+ h=M dh=- L=M dL=+ preo=A,prop_rapida,"(0, 1, 0, 0)",0,1,0,0,1.0,7.0683,40
c=M dc=+ h=M dh=- L=A dL=- preo=B,prop_rapida,"(1, 2, 0, 1)",1,2,0,1,5.0,14.7396,69
c=M dc=+ h=M dh=- L=A dL=- preo=M,prop_rapida,"(0, 0, 1, 2)",0,0,1,2,5.0,10.7456,13
c=M dc=+ h=M dh=- L=A dL=- preo=A,prop_rapida,"(0, 0, 0, 0)",0,0,0,0,0.0,0.0000,0
c=M dc=+ h=M dh=- L=A dL=0 preo=B,prop_rapida,"(1, 2, 2, 1)",1,2,2,1,7.0,12.7964,20
c=M dc=+ h=M dh=- L=A dL=0 preo=M,prop_rapida,"(1, 2, 1, 2)",1,2,1,2,8.0,9.7711,3
c=M dc=+ h=M dh=- L=A dL=0 preo=A,prop_rapida,"(2, 1, 1, 0)",2,1,1,0,4.0,4.1377,2
c=M dc=+ h=M dh=- L=A dL=+ preo=B,prop_rapida,"(0, 1, 1, 1)",0,1,1,1,4.0,14.1197,1052
c=M dc=+ h=M dh=- L=A dL=+ preo=M,prop_rapida,"(0, 1, 0, 1)",0,1,0,1,3.0,11.8095,192
c=M dc=+ h=M dh=- L=A dL=+ preo=A,prop_rapida,"(2, 1, 1, 1)",2,1,1,1,6.0,0.5369,10
c=M dc=+ h=M dh=0 L=B dL=- preo=B,prop_rapida,"(2, 2, 2, 2)",2,2,2,2,10.0,16.6136,233442
c=M dc=+ h=M dh=0 L=B dL=- preo=M,prop_rapida,"(2, 2, 1, 2)",2,2,1,2,9.0,13.3867,4263
c=M dc=+ h=M dh=0 L=B dL=- preo=A,prop_rapida,"(2, 2, 1, 1)",2,2,1,1,7.0,8.5341,138
c=M dc=+ h=M dh=0 L=B dL=0 preo=B,prop_rapida,"(1, 1, 2, 1)",1,1,2,1,6.0,14.6921,450
c=M dc=+ h=M dh=0 L=B dL=0 preo=M,prop_rapida,"(0, 2, 2, 1)",0,2,2,1,6.0,12.0794,220
c=M dc=+ h=M dh=0 L=B dL=0 preo=A,prop_rapida,"(2, 2, 1, 1)",2,2,1,1,7.0,9.7011,25
c=M dc=+ h=M dh=0 L=B dL=+ preo=B,prop_rapida,"(0, 2, 0, 2)",0,2,0,2,6.0,14.0384,1349
c=M dc=+ h=M dh=0 L=B dL=+ preo=M,prop_rapida,"(0, 2, 1, 0)",0,2,1,0,3.0,9.7193,74
c=M dc=+ h=M dh=0 L=B dL=+ preo=A,prop_rapida,"(1, 2, 2, 0)",1,2,2,0,5.0,6.0588,12
c=M dc=+ h=M dh=0 L=M dL=- preo=B,prop_rapida,"(1, 2, 2, 2)",1,2,2,2,9.0,15.7235,1231
c=M dc=+ h=M dh=0 L=M dL=- preo=M,prop_rapida,"(2, 1, 1, 2)",2,1,1,2,8.0,13.1486,554
c=M dc=+ h=M dh=0 L=M dL=- preo=A,prop_rapida,"(0, 0, 0, 1)",0,0,0,1,2.0,6.7320,6
c=M dc=+ h=M dh=0 L=M dL=0 preo=B,prop_rapida,"(0, 0, 0, 1)",0,0,0,1,2.0,14.2805,175
c=M dc=+ h=M dh=0 L=M dL=0 preo=M,prop_rapida,"(2, 2, 0, 1)",2,2,0,1,6.0,11.2250,102
c=M dc=+ h=M dh=0 L=M dL=0 preo=A,prop_rapida,"(1, 2, 0, 1)",1,2,0,1,5.0,5.3333,3
c=M dc=+ h=M dh=0 L=M dL=+ preo=B,prop_rapida,"(1, 2, 0, 0)",1,2,0,0,3.0,14.8049,2076
c=M dc=+ h=M dh=0 L=M dL=+ preo=M,prop_rapida,"(0, 2, 1, 0)",0,2,1,0,3.0,11.4506,137
c=M dc=+ h=M dh=0 L=M dL=+ preo=A,prop_rapida,"(1, 2, 1, 2)",1,2,1,2,8.0,7.3979,8
c=M dc=+ h=M dh=0 L=A dL=- preo=B,prop_rapida,"(2, 2, 0, 1)",2,2,0,1,6.0,13.8024,63
c=M dc=+ h=M dh=0 L=A dL=- preo=M,prop_rapida,"(0, 0, 1, 1)",0,0,1,1,3.0,9.6644,3
c=M dc=+ h=M dh=0 L=A dL=- preo=A,prop_rapida,"(0, 0, 0, 0)",0,0,0,0,0.0,0.0000,0
c=M dc=+ h=M dh=0 L=A dL=0 preo=B,prop_rapida,"(2, 0, 2, 2)",2,0,2,2,8.0,13.1704,9
c=M dc=+ h=M dh=0 L=A dL=0 preo=M,prop_rapida,"(0, 0, 0, 0)",0,0,0,0,0.0,0.0000,1
c=M dc=+ h=M dh=0 L=A dL=0 preo=A,prop_rapida,"(0, 0, 0, 0)",0,0,0,0,0.0,0.0000,0
c=M dc=+ h=M dh=0 L=A dL=+ preo=B,prop_rapida,"(2, 0, 1, 1)",2,0,1,1,5.0,13.9371,718
c=M dc=+ h=M dh=0 L=A dL=+ preo=M,prop_rapida,"(0, 0, 2, 2)",0,0,2,2,6.0,10.4275,65
c=M dc=+ h=M dh=0 L=A dL=+ preo=A,prop_rapida,"(0, 2, 0, 1)",0,2,0,1,4.0,0.5738,2
c=M dc=+ h=M dh=+ L=B dL=- preo=B,prop_rapida,"(2, 2, 2, 2)",2,2,2,2,10.0,16.6372,678853
c=M dc=+ h=M dh=+ L=B dL=- preo=M,prop_rapida,"(1, 2, 2, 2)",1,2,2,2,9.0,12.9141,6811
c=M dc=+ h=M dh=+ L=B dL=- preo=A,prop_rapida,"(2, 1, 2, 0)",2,1,2,0,5.0,5.0705,479
c=M dc=+ h=M dh=+ L=B dL=0 preo=B,prop_rapida,"(0, 2, 2, 2)",0,2,2,2,8.0,15.4424,1007
c=M dc=+ h=M dh=+ L=B dL=0 preo=M,prop_rapida,"(2, 1, 2, 1)",2,1,2,1,7.0,13.0372,294
c=M dc=+ h=M dh=+ L=B dL=0 preo=A,prop_rapida,"(1, 1, 1, 1)",1,1,1,1,5.0,2.7125,79
c=M dc=+ h=M dh=+ L=B dL=+ preo=B,prop_rapida,"(2, 2, 1, 2)",2,2,1,2,9.0,16.3556,2935
c=M dc=+ h=M dh=+ L=B dL=+ preo=M,prop_rapida,"(2, 2, 2, 1)",2,2,2,1,8.0,12.8993,75
c=M dc=+ h=M dh=+ L=B dL=+ preo=A,prop_rapida,"(2, 1, 2, 1)",2,1,2,1,7.0,7.5487,29
c=M dc=+ h=M dh=+ L=M dL=- preo=B,prop_rapida,"(1, 1, 0, 0)",1,1,0,0,2.0,14.8313,2977
c=M dc=+ h=M dh=+ L=M dL=- preo=M,prop_rapida,"(2, 2, 2, 2)",2,2,2,2,10.0,13.4169,1035
c=M dc=+ h=M dh=+ L=M dL=- preo=A,prop_rapida,"(1, 0, 2, 0)",1,0,2,0,3.0,6.3072,8
c=M dc=+ h=M dh=+ L=M dL=0 preo=B,prop_rapida,"(2, 2, 0, 0)",2,2,0,0,4.0,14.5940,304
c=M dc=+ h=M dh=+ L=M dL=0 preo=M,prop_rapida,"(2, 2, 0, 2)",2,2,0,2,8.0,13.3323,167
c=M dc=+ h=M dh=+ L=M dL=0 preo=A,prop_rapida,"(1, 1, 1, 2)",1,1,1,2,7.0,6.1095,9
c=M dc=+ h=M dh=+ L=M dL=+ preo=B,prop_rapida,"(2, 2, 1, 1)",2,2,1,1,7.0,15.7910,3705
c=M dc=+ h=M dh=+ L=M dL=+ preo=M,prop_rapida,"(0, 2, 1, 0)",0,2,1,0,3.0,10.8673,245
c=M dc=+ h=M dh=+ L=M dL=+ preo=A,prop_rapida,"(0, 2, 2, 0)",0,2,2,0,4.0,6.8339,33
c=M dc=+ h=M dh=+ L=A dL=- preo=B,prop_rapida,"(2, 1, 0, 0)",2,1,0,0,3.0,13.8139,109
c=M dc=+ h=M dh=+ L=A dL=- preo=M,prop_rapida,"(2, 1, 1, 1)",2,1,1,1,6.0,10.8119,9
c=M dc=+ h=M dh=+ L=A dL=- preo=A,prop_rapida,"(0, 0, 0, 0)",0,0,0,0,0.0,0.0000,0
c=M dc=+ h=M dh=+ L=A dL=0 preo=B,prop_rapida,"(0, 1, 2, 1)",0,1,2,1,5.0,12.7163,27
c=M dc=+ h=M dh=+ L=A dL=0 preo=M,prop_rapida,"(0, 0, 0, 0)",0,0,0,0,0.0,0.0000,0
c=M dc=+ h=M dh=+ L=A dL=0 preo=A,prop_rapida,"(0, 0, 0, 0)",0,0,0,0,0.0,0.0000,0
c=M dc=+ h=M dh=+ L=A dL=+ preo=B,prop_rapida,"(1, 1, 2, 2)",1,1,2,2,8.0,14.4868,1262
c=M dc=+ h=M dh=+ L=A dL=+ preo=M,prop_rapida,"(0, 0, 1, 1)",0,0,1,1,3.0,11.6680,82
c=M dc=+ h=M dh=+ L=A dL=+ preo=A,prop_rapida,"(1, 2, 1, 1)",1,2,1,1,6.0,0.9543,2
c=M dc=+ h=A dh=- L=B dL=- preo=B,emergencia,"(2, 2, 2, 2)",2,2,2,2,10.0,12.1089,1014
c=M dc=+ h=A dh=- L=B dL=- preo=M,emergencia,"(2, 2, 0, 1)",2,2,0,1,6.0,9.0487,680
c=M dc=+ h=A dh=- L=B dL=- preo=A,emergencia,"(2, 2, 2, 2)",2,2,2,2,10.0,3.9880,2706
c=M dc=+ h=A dh=- L=B dL=0 preo=B,emergencia,"(2, 0, 2, 0)",2,0,2,0,4.0,5.7012,7
c=M dc=+ h=A dh=- L=B dL=0 preo=M,emergencia,"(0, 2, 1, 1)",0,2,1,1,5.0,9.0525,9
c=M dc=+ h=A dh=- L=B dL=0 preo=A,emergencia,"(2, 2, 0, 0)",2,2,0,0,4.0,3.1295,233
c=M dc=+ h=A dh=- L=B dL=+ preo=B,emergencia,"(2, 1, 1, 2)",2,1,1,2,8.0,8.8106,14
c=M dc=+ h=A dh=- L=B dL=+ preo=M,emergencia,"(2, 2, 1, 1)",2,2,1,1,7.0,6.1189,12
c=M dc=+ h=A dh=- L=B dL=+ preo=A,emergencia,"(1, 2, 2, 1)",1,2,2,1,7.0,3.5858,192
c=M dc=+ h=A dh=- L=M dL=- preo=B,emergencia,"(1, 2, 1, 0)",1,2,1,0,4.0,8.3979,129
c=M dc=+ h=A dh=- L=M dL=- preo=M,emergencia,"(2, 2, 0, 2)",2,2,0,2,8.0,9.2283,216
c=M dc=+ h=A dh=- L=M dL=- preo=A,emergencia,"(1, 2, 2, 2)",1,2,2,2,9.0,3.3985,452
c=M dc=+ h=A dh=- L=M dL=0 preo=B,emergencia,"(1, 2, 2, 0)",1,2,2,0,5.0,11.2703,13
c=M dc=+ h=A dh=- L=M dL=0 preo=M,emergencia,"(2, 0, 2, 2)",2,0,2,2,8.0,8.1015,6
c=M dc=+ h=A dh=- L=M dL=0 preo=A,emergencia,"(2, 1, 0, 1)",2,1,0,1,5.0,2.3126,140
c=M dc=+ h=A dh=- L=M dL=+ preo=B,emergencia,"(1, 0, 1, 0)",1,0,1,0,2.0,10.8179,56
c=M dc=+ h=A dh=- L=M dL=+ preo=M,emergencia,"(2, 1, 0, 0)",2,1,0,0,3.0,9.1408,45
c=M dc=+ h=A dh=- L=M dL=+ preo=A,emergencia,"(2, 0, 2, 2)",2,0,2,2,8.0,3.8610,322
c=M dc=+ h=A dh=- L=A dL=- preo=B,emergencia,"(0, 0, 2, 2)",0,0,2,2,6.0,8.3750,8
c=M dc=+ h=A dh=- L=A dL=- preo=M,emergencia,"(1, 2, 1, 2)",1,2,1,2,8.0,4.6511,2
c=M dc=+ h=A dh=- L=A dL=- preo=A,emergencia,"(1, 2, 0, 1)",1,2,0,1,5.0,3.0845,64
c=M dc=+ h=A dh=- L=A dL=0 preo=B,emergencia,"(1, 0, 2, 0)",1,0,2,0,3.0,6.1096,5
c=M dc=+ h=A dh=- L=A dL=0 preo=M,emergencia,"(0, 0, 0, 0)",0,0,0,0,0.0,0.0000,0
c=M dc=+ h=A dh=- L=A dL=0 preo=A,emergencia,"(2, 2, 1, 2)",2,2,1,2,9.0,3.1854,26
c=M dc=+ h=A dh=- L=A dL=+ preo=B,emergencia,"(0, 1, 1, 1)",0,1,1,1,4.0,11.2805,41
c=M dc=+ h=A dh=- L=A dL=+ preo=M,emergencia,"(2, 1, 2, 2)",2,1,2,2,9.0,8.6327,94
c=M dc=+ h=A dh=- L=A dL=+ preo=A,emergencia,"(2, 0, 2, 1)",2,0,2,1,6.0,3.1122,102
c=M dc=+ h=A dh=0 L=B dL=- preo=B,emergencia,"(2, 2, 1, 1)",2,2,1,1,7.0,12.8156,728
c=M dc=+ h=A dh=0 L=B dL=- preo=M,emergencia,"(2, 2, 0, 2)",2,2,0,2,8.0,10.1140,448
c=M dc=+ h=A dh=0 L=B dL=- preo=A,emergencia,"(0, 2, 2, 2)",0,2,2,2,8.0,2.9810,1073
c=M dc=+ h=A dh=0 L=B dL=0 preo=B,emergencia,"(0, 0, 1, 2)",0,0,1,2,5.0,4.0637,1
c=M dc=+ h=A dh=0 L=B dL=0 preo=M,emergencia,"(1, 1, 1, 1)",1,1,1,1,5.0,8.1417,4
c=M dc=+ h=A dh=0 L=B dL=0 preo=A,emergencia,"(1, 2, 1, 0)",1,2,1,0,4.0,2.0446,39
c=M dc=+ h=A dh=0 L=B dL=+ preo=B,emergencia,"(2, 2, 0, 1)",2,2,0,1,6.0,12.9662,8
c=M dc=+ h=A dh=0 L=B dL=+ preo=M,emergencia,"(1, 1, 1, 2)",1,1,1,2,7.0,6.9111,8
c=M dc=+ h=A dh=0 L=B dL=+ preo=A,emergencia,"(0, 0, 0, 2)",0,0,0,2,4.0,0.0000,26
c=M dc=+ h=A dh=0 L=M dL=- preo=B,emergencia,"(1, 2, 0, 2)",1,2,0,2,7.0,11.0973,61
c=M dc=+ h=A dh=0 L=M dL=- preo=M,emergencia,"(1, 2, 2, 2)",1,2,2,2,9.0,12.1725,161
c=M dc=+ h=A dh=0 L=M dL=- preo=A,emergencia,"(2, 2, 2, 1)",2,2,2,1,8.0,3.1402,266
c=M dc=+ h=A dh=0 L=M dL=0 preo=B,emergencia,"(0, 0, 0, 0)",0,0,0,0,0.0,0.0000,0
c=M dc=+ h=A dh=0 L=M dL=0 preo=M,emergencia,"(2, 2, 2, 2)",2,2,2,2,10.0,12.4598,11
c=M dc=+ h=A dh=0 L=M dL=0 preo=A,emergencia,"(0, 1, 1, 0)",0,1,1,0,2.0,4.3891,40
c=M dc=+ h=A dh=0 L=M dL=+ preo=B,emergencia,"(2, 1, 1, 0)",2,1,1,0,4.0,7.7812,43
c=M dc=+ h=A dh=0 L=M dL=+ preo=M,emergencia,"(2, 1, 1, 2)",2,1,1,2,8.0,8.8229,30
c=M dc=+ h=A dh=0 L=M dL=+ preo=A,emergencia,"(1, 1, 1, 1)",1,1,1,1,5.0,2.8090,98
c=M dc=+ h=A dh=0 L=A dL=- preo=B,emergencia,"(0, 1, 1, 0)",0,1,1,0,2.0,8.7098,5
c=M dc=+ h=A dh=0 L=A dL=- preo=M,emergencia,"(0, 0, 0, 0)",0,0,0,0,0.0,0.0000,0
c=M dc=+ h=A dh=0 L=A dL=- preo=A,emergencia,"(0, 2, 0, 2)",0,2,0,2,6.0,2.4297,17
c=M dc=+ h=A dh=0 L=A dL=0 preo=B,emergencia,"(0, 0, 0, 0)",0,0,0,0,0.0,0.0000,0
c=M dc=+ h=A dh=0 L=A dL=0 preo=M,emergencia,"(0, 0, 0, 0)",0,0,0,0,0.0,0.0000,0
c=M dc=+ h=A dh=0 L=A dL=0 preo=A,emergencia,"(0, 0, 0, 0)",0,0,0,0,0.0,0.0000,4
c=M dc=+ h=A dh=0 L=A dL=+ preo=B,emergencia,"(0, 0, 2, 2)",0,0,2,2,6.0,8.9818,16
c=M dc=+ h=A dh=0 L=A dL=+ preo=M,emergencia,"(1, 1, 1, 0)",1,1,1,0,3.0,8.2676,49
c=M dc=+ h=A dh=0 L=A dL=+ preo=A,emergencia,"(2, 2, 1, 2)",2,2,1,2,9.0,3.6976,19
c=M dc=+ h=A dh=+ L=B dL=- preo=B,emergencia,"(2, 1, 2, 2)",2,1,2,2,9.0,13.5104,6179
c=M dc=+ h=A dh=+ L=B dL=- preo=M,emergencia,"(2, 2, 2, 0)",2,2,2,0,6.0,8.7773,1746
c=M dc=+ h=A dh=+ L=B dL=- preo=A,emergencia,"(1, 2, 1, 2)",1,2,1,2,8.0,2.3908,1288
c=M dc=+ h=A dh=+ L=B dL=0 preo=B,emergencia,"(1, 2, 2, 0)",1,2,2,0,5.0,8.7191,9
c=M dc=+ h=A dh=+ L=B dL=0 preo=M,emergencia,"(2, 0, 2, 1)",2,0,2,1,6.0,9.7195,28
c=M dc=+ h=A dh=+ L=B dL=0 preo=A,emergencia,"(1, 2, 0, 2)",1,2,0,2,7.0,2.2270,81
c=M dc=+ h=A dh=+ L=B dL=+ preo=B,emergencia,"(2, 0, 1, 2)",2,0,1,2,7.0,11.7399,35
c=M dc=+ h=A dh=+ L=B dL=+ preo=M,emergencia,"(1, 2, 0, 1)",1,2,0,1,5.0,8.8880,20
c=M dc=+ h=A dh=+ L=B dL=+ preo=A,emergencia,"(0, 1, 2, 0)",0,1,2,0,3.0,2.4860,29
c=M dc=+ h=A dh=+ L=M dL=- preo=B,emergencia,"(2, 2, 0, 2)",2,2,0,2,8.0,8.3461,118
c=M dc=+ h=A dh=+ L=M dL=- preo=M,emergencia,"(2, 1, 2, 2)",2,1,2,2,9.0,10.3826,402
c=M dc=+ h=A dh=+ L=M dL=- preo=A,emergencia,"(0, 1, 2, 0)",0,1,2,0,3.0,2.0958,377
c=M dc=+ h=A dh=+ L=M dL=0 preo=B,emergencia,"(0, 2, 2, 1)",0,2,2,1,6.0,9.6721,14
c=M dc=+ h=A dh=+ L=M dL=0 preo=M,emergencia,"(0, 0, 0, 1)",0,0,0,1,2.0,8.9497,42
c=M dc=+ h=A dh=+ L=M dL=0 preo=A,emergencia,"(2, 2, 1, 2)",2,2,1,2,9.0,2.7431,82
c=M dc=+ h=A dh=+ L=M dL=+ preo=B,emergencia,"(2, 1, 0, 2)",2,1,0,2,7.0,8.8474,86
c=M dc=+ h=A dh=+ L=M dL=+ preo=M,emergencia,"(2, 1, 0, 2)",2,1,0,2,7.0,9.3015,69
c=M dc=+ h=A dh=+ L=M dL=+ preo=A,emergencia,"(2, 2, 2, 1)",2,2,2,1,8.0,4.2906,176
c=M dc=+ h=A dh=+ L=A dL=- preo=B,emergencia,"(1, 1, 1, 0)",1,1,1,0,3.0,11.5626,12
c=M dc=+ h=A dh=+ L=A dL=- preo=M,emergencia,"(2, 0, 1, 0)",2,0,1,0,3.0,7.5260,10
c=M dc=+ h=A dh=+ L=A dL=- preo=A,emergencia,"(1, 1, 2, 1)",1,1,2,1,6.0,1.5118,23
c=M dc=+ h=A dh=+ L=A dL=0 preo=B,emergencia,"(1, 1, 0, 0)",1,1,0,0,2.0,8.1005,7
c=M dc=+ h=A dh=+ L=A dL=0 preo=M,emergencia,"(1, 2, 2, 0)",1,2,2,0,5.0,7.8766,2
c=M dc=+ h=A dh=+ L=A dL=0 preo=A,emergencia,"(2, 2, 0, 0)",2,2,0,0,4.0,2.8463,7
c=M dc=+ h=A dh=+ L=A dL=+ preo=B,emergencia,"(2, 1, 1, 1)",2,1,1,1,6.0,10.5378,32
c=M dc=+ h=A dh=+ L=A dL=+ preo=M,emergencia,"(1, 1, 2, 2)",1,1,2,2,8.0,10.9907,81
c=M dc=+ h=A dh=+ L=A dL=+ preo=A,emergencia,"(2, 1, 1, 0)",2,1,1,0,4.0,1.7906,27
c=A dc=- h=B dh=- L=B dL=- preo=B,emergencia,"(2, 1, 2, 0)",2,1,2,0,5.0,12.1033,26
c=A dc=- h=B dh=- L=B dL=- preo=M,emergencia,"(2, 2, 2, 0)",2,2,2,0,6.0,8.4810,31
c=A dc=- h=B dh=- L=B dL=- preo=A,emergencia,"(0, 0, 0, 0)",0,0,0,0,0.0,0.0000,2
c=A dc=- h=B dh=- L=B dL=0 preo=B,emergencia,"(1, 0, 1, 0)",1,0,1,0,2.0,13.5362,23
c=A dc=- h=B dh=- L=B dL=0 preo=M,emergencia,"(0, 0, 2, 0)",0,0,2,0,2.0,8.5990,15
c=A dc=- h=B dh=- L=B dL=0 preo=A,emergencia,"(0, 0, 0, 0)",0,0,0,0,0.0,0.0000,0
c=A dc=- h=B dh=- L=B dL=+ preo=B,emergencia,"(2, 0, 2, 2)",2,0,2,2,8.0,14.7281,100
c=A dc=- h=B dh=- L=B dL=+ preo=M,emergencia,"(1, 1, 2, 1)",1,1,2,1,6.0,8.0955,27
c=A dc=- h=B dh=- L=B dL=+ preo=A,emergencia,"(0, 0, 0, 0)",0,0,0,0,0.0,0.0000,1
c=A dc=- h=B dh=- L=M dL=- preo=B,emergencia,"(2, 0, 0, 1)",2,0,0,1,4.0,12.6147,31
c=A dc=- h=B dh=- L=M dL=- preo=M,emergencia,"(2, 0, 0, 1)",2,0,0,1,4.0,10.6893,71
c=A dc=- h=B dh=- L=M dL=- preo=A,emergencia,"(2, 2, 0, 1)",2,2,0,1,6.0,1.8958,2
c=A dc=- h=B dh=- L=M dL=0 preo=B,emergencia,"(2, 2, 1, 2)",2,2,1,2,9.0,14.6293,8
c=A dc=- h=B dh=- L=M dL=0 preo=M,emergencia,"(2, 0, 1, 0)",2,0,1,0,3.0,9.1988,11
c=A dc=- h=B dh=- L=M dL=0 preo=A,emergencia,"(2, 0, 0, 0)",2,0,0,0,2.0,0.4953,5
c=A dc=- h=B dh=- L=M dL=+ preo=B,emergencia,"(0, 2, 0, 0)",0,2,0,0,2.0,13.7726,384
c=A dc=- h=B dh=- L=M dL=+ preo=M,emergencia,"(1, 0, 2, 2)",1,0,2,2,7.0,9.1963,155
c=A dc=- h=B dh=- L=M dL=+ preo=A,emergencia,"(2, 2, 2, 2)",2,2,2,2,10.0,10.4095,15
c=A dc=- h=B dh=- L=A dL=- preo=B,emergencia,"(0, 0, 1, 0)",0,0,1,0,1.0,12.5718,53
c=A dc=- h=B dh=- L=A dL=- preo=M,emergencia,"(1, 0, 2, 1)",1,0,2,1,5.0,8.7030,37
c=A dc=- h=B dh=- L=A dL=- preo=A,emergencia,"(0, 0, 0, 0)",0,0,0,0,0.0,0.0000,0
c=A dc=- h=B dh=- L=A dL=0 preo=B,emergencia,"(0, 2, 0, 2)",0,2,0,2,6.0,11.3465,26
c=A dc=- h=B dh=- L=A dL=0 preo=M,emergencia,"(1, 2, 1, 1)",1,2,1,1,6.0,7.8458,13
c=A dc=- h=B dh=- L=A dL=0 preo=A,emergencia,"(0, 0, 0, 0)",0,0,0,0,0.0,0.0000,3
c=A dc=- h=B dh=- L=A dL=+ preo=B,emergencia,"(2, 2, 1, 2)",2,2,1,2,9.0,14.6578,2145
c=A dc=- h=B dh=- L=A dL=+ preo=M,emergencia,"(1, 2, 2, 2)",1,2,2,2,9.0,11.9554,2189
c=A dc=- h=B dh=- L=A dL=+ preo=A,emergencia,"(1, 1, 0, 2)",1,1,0,2,6.0,5.0821,30
c=A dc=- h=B dh=0 L=B dL=- preo=B,emergencia,"(2, 2, 2, 2)",2,2,2,2,10.0,15.7484,17
c=A dc=- h=B dh=0 L=B dL=- preo=M,emergencia,"(2, 0, 0, 0)",2,0,0,0,2.0,9.1574,8
c=A dc=- h=B dh=0 L=B dL=- preo=A,emergencia,"(1, 1, 2, 0)",1,1,2,0,4.0,3.1458,2
c=A dc=- h=B dh=0 L=B dL=0 preo=B,emergencia,"(2, 0, 2, 2)",2,0,2,2,8.0,12.5145,14
c=A dc=- h=B dh=0 L=B dL=0 preo=M,emergencia,"(0, 1, 0, 1)",0,1,0,1,3.0,6.9009,6
c=A dc=- h=B dh=0 L=B dL=0 preo=A,emergencia,"(0, 0, 0, 0)",0,0,0,0,0.0,0.0000,0
c=A dc=- h=B dh=0 L=B dL=+ preo=B,emergencia,"(0, 0, 2, 0)",0,0,2,0,2.0,14.1496,61
c=A dc=- h=B dh=0 L=B dL=+ preo=M,emergencia,"(0, 1, 0, 2)",0,1,0,2,5.0,7.5183,10
c=A dc=- h=B dh=0 L=B dL=+ preo=A,emergencia,"(0, 0, 0, 0)",0,0,0,0,0.0,0.0000,0
c=A dc=- h=B dh=0 L=M dL=- preo=B,emergencia,"(0, 0, 1, 1)",0,0,1,1,3.0,13.2372,22
c=A dc=- h=B dh=0 L=M dL=- preo=M,emergencia,"(1, 1, 1, 2)",1,1,1,2,7.0,9.2381,23
c=A dc=- h=B dh=0 L=M dL=- preo=A,emergencia,"(0, 0, 0, 0)",0,0,0,0,0.0,0.0000,0
c=A dc=- h=B dh=0 L=M dL=0 preo=B,emergencia,"(2, 2, 0, 2)",2,2,0,2,8.0,15.0293,9
c=A dc=- h=B dh=0 L=M dL=0 preo=M,emergencia,"(1, 1, 2, 0)",1,1,2,0,4.0,5.0176,2
c=A dc=- h=B dh=0 L=M dL=0 preo=A,emergencia,"(0, 0, 0, 1)",0,0,0,1,2.0,0.0000,3
c=A dc=- h=B dh=0 L=M dL=+ preo=B,emergencia,"(0, 2, 0, 1)",0,2,0,1,4.0,13.3936,206
c=A dc=- h=B dh=0 L=M dL=+ preo=M,emergencia,"(1, 0, 1, 1)",1,0,1,1,4.0,9.6962,86
c=A dc=- h=B dh=0 L=M dL=+ preo=A,emergencia,"(1, 2, 2, 1)",1,2,2,1,7.0,5.3120,7
c=A dc=- h=B dh=0 L=A dL=- preo=B,emergencia,"(2, 2, 1, 2)",2,2,1,2,9.0,15.0931,57
c=A dc=- h=B dh=0 L=A dL=- preo=M,emergencia,"(1, 1, 0, 2)",1,1,0,2,6.0,8.0877,27
c=A dc=- h=B dh=0 L=A dL=- preo=A,emergencia,"(2, 1, 2, 2)",2,1,2,2,9.0,1.2551,4
c=A dc=- h=B dh=0 L=A dL=0 preo=B,emergencia,"(1, 1, 2, 1)",1,1,2,1,6.0,12.1673,10
c=A dc=- h=B dh=0 L=A dL=0 preo=M,emergencia,"(2, 0, 1, 2)",2,0,1,2,7.0,7.0657,10
c=A dc=- h=B dh=0 L=A dL=0 preo=A,emergencia,"(2, 1, 1, 2)",2,1,1,2,8.0,2.9270,1
c=A dc=- h=B dh=0 L=A dL=+ preo=B,emergencia,"(1, 2, 2, 1)",1,2,2,1,7.0,13.2550,1150
c=A dc=- h=B dh=0 L=A dL=+ preo=M,emergencia,"(2, 2, 2, 2)",2,2,2,2,10.0,11.9492,989
c=A dc=- h=B dh=0 L=A dL=+ preo=A,emergencia,"(2, 2, 0, 2)",2,2,0,2,8.0,2.5975,13
c=A dc=- h=B dh=+ L=B dL=- preo=B,emergencia,"(2, 1, 2, 0)",2,1,2,0,5.0,9.7998,277
c=A dc=- h=B dh=+ L=B dL=- preo=M,emergencia,"(1, 1, 1, 2)",1,1,1,2,7.0,4.4453,124
c=A dc=- h=B dh=+ L=B dL=- preo=A,emergencia,"(2, 2, 2, 2)",2,2,2,2,10.0,0.5892,430
c=A dc=- h=B dh=+ L=B dL=0 preo=B,emergencia,"(2, 0, 1, 2)",2,0,1,2,7.0,7.2774,26
c=A dc=- h=B dh=+ L=B dL=0 preo=M,emergencia,"(2, 0, 2, 2)",2,0,2,2,8.0,8.5817,7
c=A dc=- h=B dh=+ L=B dL=0 preo=A,emergencia,"(2, 2, 1, 1)",2,2,1,1,7.0,0.8645,77
c=A dc=- h=B dh=+ L=B dL=+ preo=B,emergencia,"(2, 0, 2, 2)",2,0,2,2,8.0,10.3540,184
c=A dc=- h=B dh=+ L=B dL=+ preo=M,emergencia,"(0, 2, 2, 2)",0,2,2,2,8.0,10.4793,28
c=A dc=- h=B dh=+ L=B dL=+ preo=A,emergencia,"(2, 2, 2, 1)",2,2,2,1,8.0,1.3267,107
c=A dc=- h=B dh=+ L=M dL=- preo=B,emergencia,"(0, 0, 2, 0)",0,0,2,0,2.0,13.1925,162
c=A dc=- h=B dh=+ L=M dL=- preo=M,emergencia,"(1, 1, 2, 2)",1,1,2,2,8.0,6.9936,105
c=A dc=- h=B dh=+ L=M dL=- preo=A,emergencia,"(1, 0, 0, 0)",1,0,0,0,1.0,1.9855,427
c=A dc=- h=B dh=+ L=M dL=0 preo=B,emergencia,"(1, 2, 0, 0)",1,2,0,0,3.0,6.7296,16
c=A dc=- h=B dh=+ L=M dL=0 preo=M,emergencia,"(0, 2, 0, 0)",0,2,0,0,2.0,3.6446,12
c=A dc=- h=B dh=+ L=M dL=0 preo=A,emergencia,"(2, 2, 2, 1)",2,2,2,1,8.0,1.0664,128
c=A dc=- h=B dh=+ L=M dL=+ preo=B,emergencia,"(0, 0, 0, 0)",0,0,0,0,0.0,12.9101,1824
c=A dc=- h=B dh=+ L=M dL=+ preo=M,emergencia,"(0, 0, 0, 0)",0,0,0,0,0.0,7.0191,207
c=A dc=- h=B dh=+ L=M dL=+ preo=A,emergencia,"(2, 2, 1, 1)",2,2,1,1,7.0,0.9649,386
c=A dc=- h=B dh=+ L=A dL=- preo=B,emergencia,"(0, 0, 2, 0)",0,0,2,0,2.0,13.0657,2533
c=A dc=- h=B dh=+ L=A dL=- preo=M,emergencia,"(2, 1, 0, 1)",2,1,0,1,5.0,6.9516,163
c=A dc=- h=B dh=+ L=A dL=- preo=A,emergencia,"(2, 2, 1, 2)",2,2,1,2,9.0,2.0080,3218
c=A dc=- h=B dh=+ L=A dL=0 preo=B,emergencia,"(0, 2, 1, 0)",0,2,1,0,3.0,10.4090,123
c=A dc=- h=B dh=+ L=A dL=0 preo=M,emergencia,"(2, 0, 0, 0)",2,0,0,0,2.0,7.5108,53
c=A dc=- h=B dh=+ L=A dL=0 preo=A,emergencia,"(2, 2, 1, 2)",2,2,1,2,9.0,1.0909,926
c=A dc=- h=B dh=+ L=A dL=+ preo=B,emergencia,"(0, 0, 1, 0)",0,0,1,0,1.0,13.3969,7011
c=A dc=- h=B dh=+ L=A dL=+ preo=M,emergencia,"(0, 0, 2, 1)",0,0,2,1,4.0,7.3584,2116
c=A dc=- h=B dh=+ L=A dL=+ preo=A,emergencia,"(1, 2, 2, 1)",1,2,2,1,7.0,1.6148,5957
c=A dc=- h=M dh=- L=B dL=- preo=B,emergencia,"(2, 0, 0, 1)",2,0,0,1,4.0,4.4973,1
c=A dc=- h=M dh=- L=B dL=- preo=M,emergencia,"(2, 0, 0, 1)",2,0,0,1,4.0,7.2358,9
c=A dc=- h=M dh=- L=B dL=- preo=A,emergencia,"(0, 0, 0, 0)",0,0,0,0,0.0,0.0000,11
c=A dc=- h=M dh=- L=B dL=0 preo=B,emergencia,"(1, 1, 1, 1)",1,1,1,1,5.0,1.9303,1
c=A dc=- h=M dh=- L=B dL=0 preo=M,emergencia,"(0, 1, 1, 2)",0,1,1,2,6.0,8.2737,6
c=A dc=- h=M dh=- L=B dL=0 preo=A,emergencia,"(0, 0, 0, 1)",0,0,0,1,2.0,0.0000,1
c=A dc=- h=M dh=- L=B dL=+ preo=B,emergencia,"(0, 2, 2, 0)",0,2,2,0,4.0,8.7476,7
c=A dc=- h=M dh=- L=B dL=+ preo=M,emergencia,"(1, 0, 1, 1)",1,0,1,1,4.0,8.5728,16
c=A dc=- h=M dh=- L=B dL=+ preo=A,emergencia,"(2, 2, 2, 2)",2,2,2,2,10.0,0.7210,8
c=A dc=- h=M dh=- L=M dL=- preo=B,emergencia,"(2, 1, 2, 1)",2,1,2,1,7.0,10.6148,6
c=A dc=- h=M dh=- L=M dL=- preo=M,emergencia,"(2, 0, 2, 1)",2,0,2,1,6.0,10.1262,63
c=A dc=- h=M dh=- L=M dL=- preo=A,emergencia,"(2, 2, 0, 1)",2,2,0,1,6.0,1.8241,18
c=A dc=- h=M dh=- L=M dL=0 preo=B,emergencia,"(2, 0, 0, 2)",2,0,0,2,6.0,4.0485,1
c=A dc=- h=M dh=- L=M dL=0 preo=M,emergencia,"(2, 2, 2, 1)",2,2,2,1,8.0,11.2532,9
c=A dc=- h=M dh=- L=M dL=0 preo=A,emergencia,"(0, 0, 0, 0)",0,0,0,0,0.0,0.0000,5
c=A dc=- h=M dh=- L=M dL=+ preo=B,emergencia,"(0, 1, 2, 0)",0,1,2,0,3.0,11.5805,11
c=A dc=- h=M dh=- L=M dL=+ preo=M,emergencia,"(1, 2, 2, 0)",1,2,2,0,5.0,7.0749,64
c=A dc=- h=M dh=- L=M dL=+ preo=A,emergencia,"(0, 2, 1, 0)",0,2,1,0,3.0,0.0903,54
c=A dc=- h=M dh=- L=A dL=- preo=B,emergencia,"(0, 0, 2, 2)",0,0,2,2,6.0,6.2285,2
c=A dc=- h=M dh=- L=A dL=- preo=M,emergencia,"(2, 0, 0, 1)",2,0,0,1,4.0,8.3234,3
c=A dc=- h=M dh=- L=A dL=- preo=A,emergencia,"(0, 0, 0, 0)",0,0,0,0,0.0,0.0000,4
c=A dc=- h=M dh=- L=A dL=0 preo=B,emergencia,"(1, 0, 2, 1)",1,0,2,1,5.0,3.3428,1
c=A dc=- h=M dh=- L=A dL=0 preo=M,emergencia,"(1, 0, 1, 1)",1,0,1,1,4.0,7.9957,3
c=A dc=- h=M dh=- L=A dL=0 preo=A,emergencia,"(0, 0, 0, 0)",0,0,0,0,0.0,0.0000,2
c=A dc=- h=M dh=- L=A dL=+ preo=B,emergencia,"(2, 2, 0, 2)",2,2,0,2,8.0,12.0952,244
c=A dc=- h=M dh=- L=A dL=+ preo=M,emergencia,"(0, 1, 0, 0)",0,1,0,0,1.0,9.4255,800
c=A dc=- h=M dh=- L=A dL=+ preo=A,emergencia,"(2, 1, 2, 2)",2,1,2,2,9.0,3.7647,72
c=A dc=- h=M dh=0 L=B dL=- preo=B,emergencia,"(1, 2, 1, 1)",1,2,1,1,6.0,10.1772,6
c=A dc=- h=M dh=0 L=B dL=- preo=M,emergencia,"(1, 1, 1, 2)",1,1,1,2,7.0,7.9911,12
c=A dc=- h=M dh=0 L=B dL=- preo=A,emergencia,"(2, 0, 1, 1)",2,0,1,1,5.0,1.0693,7
c=A dc=- h=M dh=0 L=B dL=0 preo=B,emergencia,"(2, 1, 0, 0)",2,1,0,0,3.0,6.7809,5
c=A dc=- h=M dh=0 L=B dL=0 preo=M,emergencia,"(2, 1, 2, 2)",2,1,2,2,9.0,9.9718,5
c=A dc=- h=M dh=0 L=B dL=0 preo=A,emergencia,"(0, 0, 0, 0)",0,0,0,0,0.0,0.0000,1
c=A dc=- h=M dh=0 L=B dL=+ preo=B,emergencia,"(1, 0, 0, 0)",1,0,0,0,1.0,9.6873,8
c=A dc=- h=M dh=0 L=B dL=+ preo=M,emergencia,"(0, 0, 1, 0)",0,0,1,0,1.0,9.0392,10
c=A dc=- h=M dh=0 L=B dL=+ preo=A,emergencia,"(0, 0, 0, 0)",0,0,0,0,0.0,0.0000,3
c=A dc=- h=M dh=0 L=M dL=- preo=B,emergencia,"(2, 2, 0, 2)",2,2,0,2,8.0,8.2299,10
c=A dc=- h=M dh=0 L=M dL=- preo=M,emergencia,"(2, 1, 2, 2)",2,1,2,2,9.0,12.1573,45
c=A dc=- h=M dh=0 L=M dL=- preo=A,emergencia,"(0, 0, 0, 0)",0,0,0,0,0.0,0.0000,3
c=A dc=- h=M dh=0 L=M dL=0 preo=B,emergencia,"(1, 1, 0, 1)",1,1,0,1,4.0,10.4927,6
c=A dc=- h=M dh=0 L=M dL=0 preo=M,emergencia,"(1, 1, 2, 0)",1,1,2,0,4.0,7.1965,10
c=A dc=- h=M dh=0 L=M dL=0 preo=A,emergencia,"(0, 1, 1, 0)",0,1,1,0,2.0,0.7221,8
c=A dc=- h=M dh=0 L=M dL=+ preo=B,emergencia,"(2, 0, 0, 1)",2,0,0,1,4.0,9.7290,20
c=A dc=- h=M dh=0 L=M dL=+ preo=M,emergencia,"(2, 2, 1, 0)",2,2,1,0,5.0,9.6981,47
c=A dc=- h=M dh=0 L=M dL=+ preo=A,emergencia,"(1, 2, 1, 1)",1,2,1,1,6.0,0.0061,26
c=A dc=- h=M dh=0 L=A dL=- preo=B,emergencia,"(2, 2, 1, 0)",2,2,1,0,5.0,3.8932,3
c=A dc=- h=M dh=0 L=A dL=- preo=M,emergencia,"(2, 0, 0, 2)",2,0,0,2,6.0,2.2754,1
c=A dc=- h=M dh=0 L=A dL=- preo=A,emergencia,"(2, 0, 0, 0)",2,0,0,0,2.0,0.2747,5
c=A dc=- h=M dh=0 L=A dL=0 preo=B,emergencia,"(1, 2, 2, 0)",1,2,2,0,5.0,9.4791,3
c=A dc=- h=M dh=0 L=A dL=0 preo=M,emergencia,"(0, 0, 2, 0)",0,0,2,0,2.0,8.5083,6
c=A dc=- h=M dh=0 L=A dL=0 preo=A,emergencia,"(1, 1, 0, 2)",1,1,0,2,6.0,0.4386,4
c=A dc=- h=M dh=0 L=A dL=+ preo=B,emergencia,"(2, 2, 0, 2)",2,2,0,2,8.0,11.2462,246
c=A dc=- h=M dh=0 L=A dL=+ preo=M,emergencia,"(2, 1, 1, 1)",2,1,1,1,6.0,9.7094,609
c=A dc=- h=M dh=0 L=A dL=+ preo=A,emergencia,"(2, 2, 2, 0)",2,2,2,0,6.0,2.2494,67
c=A dc=- h=M dh=+ L=B dL=- preo=B,emergencia,"(1, 2, 0, 2)",1,2,0,2,7.0,0.4405,52
c=A dc=- h=M dh=+ L=B dL=- preo=M,emergencia,"(1, 1, 2, 2)",1,1,2,2,8.0,7.2280,42
c=A dc=- h=M dh=+ L=B dL=- preo=A,emergencia,"(2, 2, 1, 2)",2,2,1,2,9.0,-0.0212,118
c=A dc=- h=M dh=+ L=B dL=0 preo=B,emergencia,"(1, 1, 1, 1)",1,1,1,1,5.0,2.1391,7
c=A dc=- h=M dh=+ L=B dL=0 preo=M,emergencia,"(1, 0, 0, 2)",1,0,0,2,5.0,8.9618,9
c=A dc=- h=M dh=+ L=B dL=0 preo=A,emergencia,"(0, 0, 0, 0)",0,0,0,0,0.0,0.0000,29
c=A dc=- h=M dh=+ L=B dL=+ preo=B,emergencia,"(1, 0, 2, 0)",1,0,2,0,3.0,9.9617,49
c=A dc=- h=M dh=+ L=B dL=+ preo=M,emergencia,"(1, 1, 1, 2)",1,1,1,2,7.0,10.2442,23
c=A dc=- h=M dh=+ L=B dL=+ preo=A,emergencia,"(0, 0, 0, 0)",0,0,0,0,0.0,0.0000,29
c=A dc=- h=M dh=+ L=M dL=- preo=B,emergencia,"(0, 0, 0, 1)",0,0,0,1,2.0,4.3511,248
c=A dc=- h=M dh=+ L=M dL=- preo=M,emergencia,"(1, 2, 2, 1)",1,2,2,1,7.0,9.6716,144
c=A dc=- h=M dh=+ L=M dL=- preo=A,emergencia,"(1, 1, 2, 2)",1,1,2,2,8.0,0.7617,138
c=A dc=- h=M dh=+ L=M dL=0 preo=B,emergencia,"(2, 1, 0, 2)",2,1,0,2,7.0,3.5584,18
c=A dc=- h=M dh=+ L=M dL=0 preo=M,emergencia,"(1, 1, 1, 2)",1,1,1,2,7.0,10.2021,22
c=A dc=- h=M dh=+ L=M dL=0 preo=A,emergencia,"(0, 0, 0, 0)",0,0,0,0,0.0,0.0000,51
c=A dc=- h=M dh=+ L=M dL=+ preo=B,emergencia,"(0, 0, 0, 1)",0,0,0,1,2.0,9.2958,242
c=A dc=- h=M dh=+ L=M dL=+ preo=M,emergencia,"(0, 0, 1, 1)",0,0,1,1,3.0,5.9352,137
c=A dc=- h=M dh=+ L=M dL=+ preo=A,emergencia,"(1, 2, 1, 2)",1,2,1,2,8.0,0.8557,132
c=A dc=- h=M dh=+ L=A dL=- preo=B,emergencia,"(0, 1, 1, 0)",0,1,1,0,2.0,4.2727,531
c=A dc=- h=M dh=+ L=A dL=- preo=M,emergencia,"(2, 2, 0, 2)",2,2,0,2,8.0,4.8923,52
c=A dc=- h=M dh=+ L=A dL=- preo=A,emergencia,"(1, 2, 2, 1)",1,2,2,1,7.0,0.2360,838
c=A dc=- h=M dh=+ L=A dL=0 preo=B,emergencia,"(2, 2, 2, 1)",2,2,2,1,8.0,5.7590,18
c=A dc=- h=M dh=+ L=A dL=0 preo=M,emergencia,"(1, 1, 0, 1)",1,1,0,1,4.0,4.6903,28
c=A dc=- h=M dh=+ L=A dL=0 preo=A,emergencia,"(2, 2, 1, 2)",2,2,1,2,9.0,0.5224,255
c=A dc=- h=M dh=+ L=A dL=+ preo=B,emergencia,"(2, 2, 1, 0)",2,2,1,0,5.0,3.2213,1502
c=A dc=- h=M dh=+ L=A dL=+ preo=M,emergencia,"(0, 0, 1, 1)",0,0,1,1,3.0,7.9424,1869
c=A dc=- h=M dh=+ L=A dL=+ preo=A,emergencia,"(2, 2, 1, 1)",2,2,1,1,7.0,0.1752,1382
c=A dc=- h=A dh=- L=B dL=- preo=B,emergencia,"(2, 0, 0, 0)",2,0,0,0,2.0,2.7651,32
c=A dc=- h=A dh=- L=B dL=- preo=M,emergencia,"(1, 2, 2, 2)",1,2,2,2,9.0,0.0142,10
c=A dc=- h=A dh=- L=B dL=- preo=A,emergencia,"(1, 0, 2, 2)",1,0,2,2,7.0,0.3566,290
c=A dc=- h=A dh=- L=B dL=0 preo=B,emergencia,"(1, 2, 0, 1)",1,2,0,1,5.0,0.2693,10
c=A dc=- h=A dh=- L=B dL=0 preo=M,emergencia,"(0, 0, 0, 0)",0,0,0,0,0.0,0.0000,2
c=A dc=- h=A dh=- L=B dL=0 preo=A,emergencia,"(2, 2, 1, 0)",2,2,1,0,5.0,-0.4100,166
c=A dc=- h=A dh=- L=B dL=+ preo=B,emergencia,"(2, 1, 2, 1)",2,1,2,1,7.0,0.1898,12
c=A dc=- h=A dh=- L=B dL=+ preo=M,emergencia,"(0, 0, 0, 0)",0,0,0,0,0.0,0.0000,2
c=A dc=- h=A dh=- L=B dL=+ preo=A,emergencia,"(0, 1, 2, 1)",0,1,2,1,5.0,-0.4465,272
c=A dc=- h=A dh=- L=M dL=- preo=B,emergencia,"(2, 2, 0, 2)",2,2,0,2,8.0,2.9334,65
c=A dc=- h=A dh=- L=M dL=- preo=M,emergencia,"(1, 0, 1, 0)",1,0,1,0,2.0,0.8650,15
c=A dc=- h=A dh=- L=M dL=- preo=A,emergencia,"(2, 1, 1, 2)",2,1,1,2,8.0,0.1910,324
c=A dc=- h=A dh=- L=M dL=0 preo=B,emergencia,"(2, 2, 0, 2)",2,2,0,2,8.0,0.0932,25
c=A dc=- h=A dh=- L=M dL=0 preo=M,emergencia,"(0, 1, 1, 2)",0,1,1,2,6.0,1.5964,10
c=A dc=- h=A dh=- L=M dL=0 preo=A,emergencia,"(2, 2, 1, 0)",2,2,1,0,5.0,0.5878,239
c=A dc=- h=A dh=- L=M dL=+ preo=B,emergencia,"(1, 2, 2, 2)",1,2,2,2,9.0,7.1630,80
c=A dc=- h=A dh=- L=M dL=+ preo=M,emergencia,"(2, 1, 1, 2)",2,1,1,2,8.0,2.9664,29
c=A dc=- h=A dh=- L=M dL=+ preo=A,emergencia,"(2, 2, 2, 2)",2,2,2,2,10.0,1.0041,730
c=A dc=- h=A dh=- L=A dL=- preo=B,emergencia,"(0, 2, 0, 0)",0,2,0,0,2.0,1.4469,286
c=A dc=- h=A dh=- L=A dL=- preo=M,emergencia,"(2, 1, 1, 2)",2,1,1,2,8.0,0.8387,69
c=A dc=- h=A dh=- L=A dL=- preo=A,emergencia,"(2, 2, 2, 2)",2,2,2,2,10.0,1.6173,806
c=A dc=- h=A dh=- L=A dL=0 preo=B,emergencia,"(0, 2, 0, 0)",0,2,0,0,2.0,2.6279,336
c=A dc=- h=A dh=- L=A dL=0 preo=M,emergencia,"(2, 2, 2, 1)",2,2,2,1,8.0,1.3452,80
c=A dc=- h=A dh=- L=A dL=0 preo=A,emergencia,"(1, 2, 2, 1)",1,2,2,1,7.0,0.7125,773
c=A dc=- h=A dh=- L=A dL=+ preo=B,emergencia,"(2, 1, 2, 2)",2,1,2,2,9.0,3.0255,971
c=A dc=- h=A dh=- L=A dL=+ preo=M,emergencia,"(2, 2, 1, 2)",2,2,1,2,9.0,1.9973,201
c=A dc=- h=A dh=- L=A dL=+ preo=A,emergencia,"(2, 1, 0, 2)",2,1,0,2,7.0,0.9956,2336
c=A dc=- h=A dh=0 L=B dL=- preo=B,emergencia,"(2, 2, 2, 2)",2,2,2,2,10.0,4.0944,70
c=A dc=- h=A dh=0 L=B dL=- preo=M,emergencia,"(0, 1, 2, 2)",0,1,2,2,7.0,0.3681,31
c=A dc=- h=A dh=0 L=B dL=- preo=A,emergencia,"(1, 2, 2, 2)",1,2,2,2,9.0,0.7139,545
c=A dc=- h=A dh=0 L=B dL=0 preo=B,emergencia,"(0, 0, 0, 0)",0,0,0,0,0.0,0.0000,16
c=A dc=- h=A dh=0 L=B dL=0 preo=M,emergencia,"(0, 0, 0, 0)",0,0,0,0,0.0,0.0000,6
c=A dc=- h=A dh=0 L=B dL=0 preo=A,emergencia,"(2, 2, 2, 1)",2,2,2,1,8.0,-0.1050,208
c=A dc=- h=A dh=0 L=B dL=+ preo=B,emergencia,"(0, 1, 2, 1)",0,1,2,1,5.0,0.7468,26
c=A dc=- h=A dh=0 L=B dL=+ preo=M,emergencia,"(0, 2, 0, 2)",0,2,0,2,6.0,0.5133,12
c=A dc=- h=A dh=0 L=B dL=+ preo=A,emergencia,"(2, 0, 2, 2)",2,0,2,2,8.0,0.5435,257
c=A dc=- h=A dh=0 L=M dL=- preo=B,emergencia,"(0, 1, 0, 0)",0,1,0,0,1.0,1.0262,100
c=A dc=- h=A dh=0 L=M dL=- preo=M,emergencia,"(2, 2, 1, 2)",2,2,1,2,9.0,0.5901,53
c=A dc=- h=A dh=0 L=M dL=- preo=A,emergencia,"(2, 2, 0, 2)",2,2,0,2,8.0,0.6665,617
c=A dc=- h=A dh=0 L=M dL=0 preo=B,emergencia,"(2, 2, 2, 2)",2,2,2,2,10.0,0.3655,28
c=A dc=- h=A dh=0 L=M dL=0 preo=M,emergencia,"(0, 0, 0, 0)",0,0,0,0,0.0,0.0000,7
c=A dc=- h=A dh=0 L=M dL=0 preo=A,emergencia,"(1, 1, 2, 2)",1,1,2,2,8.0,0.7566,323
c=A dc=- h=A dh=0 L=M dL=+ preo=B,emergencia,"(0, 0, 0, 0)",0,0,0,0,0.0,1.6780,55
c=A dc=- h=A dh=0 L=M dL=+ preo=M,emergencia,"(1, 0, 2, 2)",1,0,2,2,7.0,0.2789,32
c=A dc=- h=A dh=0 L=M dL=+ preo=A,emergencia,"(2, 2, 1, 1)",2,2,1,1,7.0,0.4966,693
c=A dc=- h=A dh=0 L=A dL=- preo=B,emergencia,"(2, 1, 2, 1)",2,1,2,1,7.0,1.0140,532
c=A dc=- h=A dh=0 L=A dL=- preo=M,emergencia,"(0, 2, 1, 2)",0,2,1,2,7.0,0.8852,278
c=A dc=- h=A dh=0 L=A dL=- preo=A,emergencia,"(2, 2, 0, 2)",2,2,0,2,8.0,1.2422,4021
c=A dc=- h=A dh=0 L=A dL=0 preo=B,emergencia,"(1, 2, 2, 1)",1,2,2,1,7.0,0.5162,537
c=A dc=- h=A dh=0 L=A dL=0 preo=M,emergencia,"(1, 2, 0, 2)",1,2,0,2,7.0,0.7469,339
c=A dc=- h=A dh=0 L=A dL=0 preo=A,emergencia,"(2, 2, 2, 2)",2,2,2,2,10.0,1.5845,5913
c=A dc=- h=A dh=0 L=A dL=+ preo=B,emergencia,"(2, 2, 1, 1)",2,2,1,1,7.0,1.2758,903
c=A dc=- h=A dh=0 L=A dL=+ preo=M,emergencia,"(2, 2, 2, 1)",2,2,2,1,8.0,1.8496,297
c=A dc=- h=A dh=0 L=A dL=+ preo=A,emergencia,"(2, 1, 1, 2)",2,1,1,2,8.0,1.1120,6187
c=A dc=- h=A dh=+ L=B dL=- preo=B,emergencia,"(2, 1, 2, 2)",2,1,2,2,9.0,1.0456,891
c=A dc=- h=A dh=+ L=B dL=- preo=M,emergencia,"(2, 2, 1, 2)",2,2,1,2,9.0,-0.0813,216
c=A dc=- h=A dh=+ L=B dL=- preo=A,emergencia,"(2, 2, 1, 2)",2,2,1,2,9.0,0.1789,1556
c=A dc=- h=A dh=+ L=B dL=0 preo=B,emergencia,"(2, 1, 2, 2)",2,1,2,2,9.0,0.3535,239
c=A dc=- h=A dh=+ L=B dL=0 preo=M,emergencia,"(0, 0, 2, 0)",0,0,2,0,2.0,0.8648,62
c=A dc=- h=A dh=+ L=B dL=0 preo=A,emergencia,"(2, 2, 2, 1)",2,2,2,1,8.0,0.0005,471
c=A dc=- h=A dh=+ L=B dL=+ preo=B,emergencia,"(2, 2, 0, 2)",2,2,0,2,8.0,0.3470,356
c=A dc=- h=A dh=+ L=B dL=+ preo=M,emergencia,"(2, 2, 2, 1)",2,2,2,1,8.0,0.2831,99
c=A dc=- h=A dh=+ L=B dL=+ preo=A,emergencia,"(1, 1, 2, 2)",1,1,2,2,8.0,-0.0459,589
c=A dc=- h=A dh=+ L=M dL=- preo=B,emergencia,"(2, 2, 2, 1)",2,2,2,1,8.0,1.8194,1177
c=A dc=- h=A dh=+ L=M dL=- preo=M,emergencia,"(1, 2, 2, 2)",1,2,2,2,9.0,0.7767,332
c=A dc=- h=A dh=+ L=M dL=- preo=A,emergencia,"(2, 0, 2, 2)",2,0,2,2,8.0,0.0899,1572
c=A dc=- h=A dh=+ L=M dL=0 preo=B,emergencia,"(2, 1, 0, 2)",2,1,0,2,7.0,0.1461,292
c=A dc=- h=A dh=+ L=M dL=0 preo=M,emergencia,"(1, 1, 1, 2)",1,1,1,2,7.0,3.7266,87
c=A dc=- h=A dh=+ L=M dL=0 preo=A,emergencia,"(2, 2, 2, 2)",2,2,2,2,10.0,0.1828,689
c=A dc=- h=A dh=+ L=M dL=+ preo=B,emergencia,"(1, 2, 2, 2)",1,2,2,2,9.0,0.6786,879
c=A dc=- h=A dh=+ L=M dL=+ preo=M,emergencia,"(2, 2, 1, 2)",2,2,1,2,9.0,0.6047,242
c=A dc=- h=A dh=+ L=M dL=+ preo=A,emergencia,"(2, 2, 0, 2)",2,2,0,2,8.0,-0.0906,1624
c=A dc=- h=A dh=+ L=A dL=- preo=B,emergencia,"(2, 2, 2, 2)",2,2,2,2,10.0,1.9654,3726
c=A dc=- h=A dh=+ L=A dL=- preo=M,emergencia,"(2, 2, 1, 1)",2,2,1,1,7.0,0.3167,1309
c=A dc=- h=A dh=+ L=A dL=- preo=A,emergencia,"(1, 2, 2, 1)",1,2,2,1,7.0,0.5446,11739
c=A dc=- h=A dh=+ L=A dL=0 preo=B,emergencia,"(2, 2, 2, 1)",2,2,2,1,8.0,1.0597,6594
c=A dc=- h=A dh=+ L=A dL=0 preo=M,emergencia,"(2, 2, 0, 2)",2,2,0,2,8.0,0.5541,2632
c=A dc=- h=A dh=+ L=A dL=0 preo=A,emergencia,"(2, 2, 0, 2)",2,2,0,2,8.0,0.4652,21358
c=A dc=- h=A dh=+ L=A dL=+ preo=B,emergencia,"(2, 2, 2, 1)",2,2,2,1,8.0,0.9076,13436
c=A dc=- h=A dh=+ L=A dL=+ preo=M,emergencia,"(2, 2, 2, 1)",2,2,2,1,8.0,0.5155,3032
c=A dc=- h=A dh=+ L=A dL=+ preo=A,emergencia,"(2, 2, 2, 2)",2,2,2,2,10.0,0.3489,31538
c=A dc=0 h=B dh=- L=B dL=- preo=B,emergencia,"(0, 0, 0, 2)",0,0,0,2,4.0,10.6028,215
c=A dc=0 h=B dh=- L=B dL=- preo=M,emergencia,"(2, 1, 2, 2)",2,1,2,2,9.0,12.8591,176
c=A dc=0 h=B dh=- L=B dL=- preo=A,emergencia,"(1, 2, 1, 1)",1,2,1,1,6.0,4.2675,7
c=A dc=0 h=B dh=- L=B dL=0 preo=B,emergencia,"(2, 1, 0, 0)",2,1,0,0,3.0,11.0654,62
c=A dc=0 h=B dh=- L=B dL=0 preo=M,emergencia,"(2, 2, 2, 2)",2,2,2,2,10.0,11.1980,26
c=A dc=0 h=B dh=- L=B dL=0 preo=A,emergencia,"(0, 2, 0, 2)",0,2,0,2,6.0,2.3318,1
c=A dc=0 h=B dh=- L=B dL=+ preo=B,emergencia,"(2, 0, 0, 2)",2,0,0,2,6.0,13.3139,379
c=A dc=0 h=B dh=- L=B dL=+ preo=M,emergencia,"(2, 2, 1, 2)",2,2,1,2,9.0,11.6043,48
c=A dc=0 h=B dh=- L=B dL=+ preo=A,emergencia,"(0, 0, 0, 0)",0,0,0,0,0.0,0.0000,2
c=A dc=0 h=B dh=- L=M dL=- preo=B,emergencia,"(1, 1, 2, 0)",1,1,2,0,4.0,10.4068,129
c=A dc=0 h=B dh=- L=M dL=- preo=M,emergencia,"(0, 1, 0, 1)",0,1,0,1,3.0,8.8340,67
c=A dc=0 h=B dh=- L=M dL=- preo=A,emergencia,"(2, 2, 2, 1)",2,2,2,1,8.0,2.2949,3
c=A dc=0 h=B dh=- L=M dL=0 preo=B,emergencia,"(1, 1, 1, 0)",1,1,1,0,3.0,13.4502,9
c=A dc=0 h=B dh=- L=M dL=0 preo=M,emergencia,"(1, 2, 0, 1)",1,2,0,1,5.0,7.4006,23
c=A dc=0 h=B dh=- L=M dL=0 preo=A,emergencia,"(2, 2, 1, 2)",2,2,1,2,9.0,4.9662,2
c=A dc=0 h=B dh=- L=M dL=+ preo=B,emergencia,"(0, 0, 1, 0)",0,0,1,0,1.0,13.2069,880
c=A dc=0 h=B dh=- L=M dL=+ preo=M,emergencia,"(2, 2, 1, 1)",2,2,1,1,7.0,12.0128,149
c=A dc=0 h=B dh=- L=M dL=+ preo=A,emergencia,"(1, 0, 0, 2)",1,0,0,2,5.0,4.0186,12
c=A dc=0 h=B dh=- L=A dL=- preo=B,emergencia,"(2, 2, 2, 1)",2,2,2,1,8.0,15.4802,21
c=A dc=0 h=B dh=- L=A dL=- preo=M,emergencia,"(1, 2, 2, 2)",1,2,2,2,9.0,8.4913,2
c=A dc=0 h=B dh=- L=A dL=- preo=A,emergencia,"(0, 0, 0, 0)",0,0,0,0,0.0,0.0000,0
c=A dc=0 h=B dh=- L=A dL=0 preo=B,emergencia,"(0, 0, 1, 1)",0,0,1,1,3.0,13.8790,8
c=A dc=0 h=B dh=- L=A dL=0 preo=M,emergencia,"(1, 2, 2, 2)",1,2,2,2,9.0,10.0627,3
c=A dc=0 h=B dh=- L=A dL=0 preo=A,emergencia,"(0, 0, 0, 0)",0,0,0,0,0.0,0.0000,0
c=A dc=0 h=B dh=- L=A dL=+ preo=B,emergencia,"(1, 1, 2, 1)",1,1,2,1,6.0,12.5198,1079
c=A dc=0 h=B dh=- L=A dL=+ preo=M,emergencia,"(0, 1, 1, 0)",0,1,1,0,2.0,9.0988,178
c=A dc=0 h=B dh=- L=A dL=+ preo=A,emergencia,"(0, 0, 0, 0)",0,0,0,0,0.0,0.0000,0
c=A dc=0 h=B dh=0 L=B dL=- preo=B,emergencia,"(2, 1, 2, 0)",2,1,2,0,5.0,10.9924,1530
c=A dc=0 h=B dh=0 L=B dL=- preo=M,emergencia,"(2, 1, 0, 2)",2,1,0,2,7.0,6.3420,209
c=A dc=0 h=B dh=0 L=B dL=- preo=A,emergencia,"(2, 2, 2, 2)",2,2,2,2,10.0,1.6761,1693
c=A dc=0 h=B dh=0 L=B dL=0 preo=B,emergencia,"(1, 0, 0, 0)",1,0,0,0,1.0,11.0851,254
c=A dc=0 h=B dh=0 L=B dL=0 preo=M,emergencia,"(2, 1, 1, 2)",2,1,1,2,8.0,8.6196,30
c=A dc=0 h=B dh=0 L=B dL=0 preo=A,emergencia,"(2, 2, 1, 2)",2,2,1,2,9.0,0.8991,287
c=A dc=0 h=B dh=0 L=B dL=+ preo=B,emergencia,"(2, 0, 1, 1)",2,0,1,1,5.0,10.3645,479
c=A dc=0 h=B dh=0 L=B dL=+ preo=M,emergencia,"(1, 1, 2, 0)",1,1,2,0,4.0,3.5429,32
c=A dc=0 h=B dh=0 L=B dL=+ preo=A,emergencia,"(2, 2, 0, 2)",2,2,0,2,8.0,0.8741,357
c=A dc=0 h=B dh=0 L=M dL=- preo=B,emergencia,"(0, 0, 1, 1)",0,0,1,1,3.0,13.0596,564
c=A dc=0 h=B dh=0 L=M dL=- preo=M,emergencia,"(2, 2, 1, 1)",2,2,1,1,7.0,7.5963,63
c=A dc=0 h=B dh=0 L=M dL=- preo=A,emergencia,"(2, 2, 1, 1)",2,2,1,1,7.0,1.1422,651
c=A dc=0 h=B dh=0 L=M dL=0 preo=B,emergencia,"(2, 1, 2, 2)",2,1,2,2,9.0,11.1954,254
c=A dc=0 h=B dh=0 L=M dL=0 preo=M,emergencia,"(0, 2, 1, 2)",0,2,1,2,7.0,7.5779,24
c=A dc=0 h=B dh=0 L=M dL=0 preo=A,emergencia,"(2, 2, 1, 2)",2,2,1,2,9.0,1.3641,294
c=A dc=0 h=B dh=0 L=M dL=+ preo=B,emergencia,"(2, 2, 1, 2)",2,2,1,2,9.0,11.7933,1215
c=A dc=0 h=B dh=0 L=M dL=+ preo=M,emergencia,"(2, 1, 0, 2)",2,1,0,2,7.0,9.5515,105
c=A dc=0 h=B dh=0 L=M dL=+ preo=A,emergencia,"(1, 2, 2, 2)",1,2,2,2,9.0,1.2856,919
c=A dc=0 h=B dh=0 L=A dL=- preo=B,emergencia,"(1, 0, 1, 0)",1,0,1,0,2.0,12.6855,106
c=A dc=0 h=B dh=0 L=A dL=- preo=M,emergencia,"(1, 2, 0, 0)",1,2,0,0,3.0,2.2715,15
c=A dc=0 h=B dh=0 L=A dL=- preo=A,emergencia,"(1, 0, 0, 2)",1,0,0,2,5.0,0.7235,118
c=A dc=0 h=B dh=0 L=A dL=0 preo=B,emergencia,"(2, 2, 1, 0)",2,2,1,0,5.0,8.8118,119
c=A dc=0 h=B dh=0 L=A dL=0 preo=M,emergencia,"(1, 0, 1, 2)",1,0,1,2,6.0,5.9100,6
c=A dc=0 h=B dh=0 L=A dL=0 preo=A,emergencia,"(2, 2, 1, 1)",2,2,1,1,7.0,0.7537,152
c=A dc=0 h=B dh=0 L=A dL=+ preo=B,emergencia,"(2, 2, 2, 2)",2,2,2,2,10.0,12.0463,1280
c=A dc=0 h=B dh=0 L=A dL=+ preo=M,emergencia,"(0, 1, 1, 0)",0,1,1,0,2.0,7.5276,134
c=A dc=0 h=B dh=0 L=A dL=+ preo=A,emergencia,"(0, 2, 2, 2)",0,2,2,2,8.0,1.6627,1204
c=A dc=0 h=B dh=+ L=B dL=- preo=B,emergencia,"(0, 0, 0, 0)",0,0,0,0,0.0,13.2757,477
c=A dc=0 h=B dh=+ L=B dL=- preo=M,emergencia,"(2, 1, 1, 2)",2,1,1,2,8.0,7.0128,247
c=A dc=0 h=B dh=+ L=B dL=- preo=A,emergencia,"(1, 0, 0, 0)",1,0,0,0,1.0,2.0155,207
c=A dc=0 h=B dh=+ L=B dL=0 preo=B,emergencia,"(1, 2, 2, 2)",1,2,2,2,9.0,14.2821,73
c=A dc=0 h=B dh=+ L=B dL=0 preo=M,emergencia,"(2, 1, 2, 2)",2,1,2,2,9.0,11.2758,19
c=A dc=0 h=B dh=+ L=B dL=0 preo=A,emergencia,"(0, 0, 0, 0)",0,0,0,0,0.0,0.0000,16
c=A dc=0 h=B dh=+ L=B dL=+ preo=B,emergencia,"(1, 2, 2, 1)",1,2,2,1,7.0,13.8439,355
c=A dc=0 h=B dh=+ L=B dL=+ preo=M,emergencia,"(2, 1, 0, 1)",2,1,0,1,5.0,7.5447,27
c=A dc=0 h=B dh=+ L=B dL=+ preo=A,emergencia,"(1, 0, 1, 2)",1,0,1,2,6.0,6.2028,28
c=A dc=0 h=B dh=+ L=M dL=- preo=B,emergencia,"(2, 2, 0, 2)",2,2,0,2,8.0,14.8976,141
c=A dc=0 h=B dh=+ L=M dL=- preo=M,emergencia,"(1, 1, 2, 0)",1,1,2,0,4.0,10.5010,44
c=A dc=0 h=B dh=+ L=M dL=- preo=A,emergencia,"(0, 1, 1, 0)",0,1,1,0,2.0,4.6382,41
c=A dc=0 h=B dh=+ L=M dL=0 preo=B,emergencia,"(2, 0, 2, 1)",2,0,2,1,6.0,12.2313,6
c=A dc=0 h=B dh=+ L=M dL=0 preo=M,emergencia,"(0, 2, 1, 0)",0,2,1,0,3.0,3.4277,1
c=A dc=0 h=B dh=+ L=M dL=0 preo=A,emergencia,"(1, 2, 1, 2)",1,2,1,2,8.0,4.4148,14
c=A dc=0 h=B dh=+ L=M dL=+ preo=B,emergencia,"(0, 0, 1, 1)",0,0,1,1,3.0,14.1690,993
c=A dc=0 h=B dh=+ L=M dL=+ preo=M,emergencia,"(2, 2, 0, 2)",2,2,0,2,8.0,11.7139,60
c=A dc=0 h=B dh=+ L=M dL=+ preo=A,emergencia,"(1, 0, 2, 2)",1,0,2,2,7.0,4.8757,41
c=A dc=0 h=B dh=+ L=A dL=- preo=B,emergencia,"(0, 1, 0, 1)",0,1,0,1,3.0,13.7075,131
c=A dc=0 h=B dh=+ L=A dL=- preo=M,emergencia,"(2, 0, 2, 2)",2,0,2,2,8.0,9.4941,4
c=A dc=0 h=B dh=+ L=A dL=- preo=A,emergencia,"(2, 2, 1, 0)",2,2,1,0,5.0,1.4855,6
c=A dc=0 h=B dh=+ L=A dL=0 preo=B,emergencia,"(1, 2, 2, 2)",1,2,2,2,9.0,14.5717,8
c=A dc=0 h=B dh=+ L=A dL=0 preo=M,emergencia,"(0, 0, 1, 2)",0,0,1,2,5.0,2.7157,2
c=A dc=0 h=B dh=+ L=A dL=0 preo=A,emergencia,"(0, 1, 1, 1)",0,1,1,1,4.0,2.5729,2
c=A dc=0 h=B dh=+ L=A dL=+ preo=B,emergencia,"(0, 0, 0, 1)",0,0,0,1,2.0,13.6151,541
c=A dc=0 h=B dh=+ L=A dL=+ preo=M,emergencia,"(2, 1, 1, 1)",2,1,1,1,6.0,10.9333,95
c=A dc=0 h=B dh=+ L=A dL=+ preo=A,emergencia,"(0, 0, 1, 1)",0,0,1,1,3.0,1.6834,3
c=A dc=0 h=M dh=- L=B dL=- preo=B,emergencia,"(2, 0, 1, 2)",2,0,1,2,7.0,10.7749,24
c=A dc=0 h=M dh=- L=B dL=- preo=M,emergencia,"(0, 0, 2, 1)",0,0,2,1,4.0,8.8312,72
c=A dc=0 h=M dh=- L=B dL=- preo=A,emergencia,"(1, 2, 0, 0)",1,2,0,0,3.0,0.7057,24
c=A dc=0 h=M dh=- L=B dL=0 preo=B,emergencia,"(2, 0, 0, 2)",2,0,0,2,6.0,11.7729,10
c=A dc=0 h=M dh=- L=B dL=0 preo=M,emergencia,"(2, 2, 1, 0)",2,2,1,0,5.0,10.2085,16
c=A dc=0 h=M dh=- L=B dL=0 preo=A,emergencia,"(0, 0, 0, 0)",0,0,0,0,0.0,0.0000,7
c=A dc=0 h=M dh=- L=B dL=+ preo=B,emergencia,"(2, 0, 2, 1)",2,0,2,1,6.0,12.3826,36
c=A dc=0 h=M dh=- L=B dL=+ preo=M,emergencia,"(2, 0, 2, 2)",2,0,2,2,8.0,10.0887,35
c=A dc=0 h=M dh=- L=B dL=+ preo=A,emergencia,"(0, 0, 0, 0)",0,0,0,0,0.0,0.0000,8
c=A dc=0 h=M dh=- L=M dL=- preo=B,emergencia,"(0, 2, 1, 1)",0,2,1,1,5.0,7.6658,17
c=A dc=0 h=M dh=- L=M dL=- preo=M,emergencia,"(1, 1, 0, 0)",1,1,0,0,2.0,9.7863,40
c=A dc=0 h=M dh=- L=M dL=- preo=A,emergencia,"(0, 0, 0, 0)",0,0,0,0,0.0,0.0000,2
c=A dc=0 h=M dh=- L=M dL=0 preo=B,emergencia,"(0, 0, 2, 0)",0,0,2,0,2.0,9.2566,5
c=A dc=0 h=M dh=- L=M dL=0 preo=M,emergencia,"(0, 2, 0, 0)",0,2,0,0,2.0,9.8576,18
c=A dc=0 h=M dh=- L=M dL=0 preo=A,emergencia,"(0, 1, 1, 1)",0,1,1,1,4.0,1.3919,3
c=A dc=0 h=M dh=- L=M dL=+ preo=B,emergencia,"(0, 0, 0, 2)",0,0,0,2,4.0,9.3629,59
c=A dc=0 h=M dh=- L=M dL=+ preo=M,emergencia,"(1, 1, 2, 2)",1,1,2,2,8.0,10.9444,103
c=A dc=0 h=M dh=- L=M dL=+ preo=A,emergencia,"(0, 0, 0, 0)",0,0,0,0,0.0,0.0000,30
c=A dc=0 h=M dh=- L=A dL=- preo=B,emergencia,"(0, 0, 0, 0)",0,0,0,0,0.0,0.0000,0
c=A dc=0 h=M dh=- L=A dL=- preo=M,emergencia,"(0, 0, 0, 0)",0,0,0,0,0.0,0.0000,0
c=A dc=0 h=M dh=- L=A dL=- preo=A,emergencia,"(0, 0, 0, 0)",0,0,0,0,0.0,0.0000,1
c=A dc=0 h=M dh=- L=A dL=0 preo=B,emergencia,"(0, 0, 0, 0)",0,0,0,0,0.0,0.0000,0
c=A dc=0 h=M dh=- L=A dL=0 preo=M,emergencia,"(0, 0, 0, 0)",0,0,0,0,0.0,0.0000,1
c=A dc=0 h=M dh=- L=A dL=0 preo=A,emergencia,"(0, 0, 0, 0)",0,0,0,0,0.0,0.0000,0
c=A dc=0 h=M dh=- L=A dL=+ preo=B,emergencia,"(0, 1, 1, 0)",0,1,1,0,2.0,12.1211,315
c=A dc=0 h=M dh=- L=A dL=+ preo=M,emergencia,"(0, 1, 0, 1)",0,1,0,1,3.0,9.0045,153
c=A dc=0 h=M dh=- L=A dL=+ preo=A,emergencia,"(2, 1, 2, 0)",2,1,2,0,5.0,1.3893,5
c=A dc=0 h=M dh=0 L=B dL=- preo=B,emergencia,"(2, 1, 0, 0)",2,1,0,0,3.0,4.1487,161
c=A dc=0 h=M dh=0 L=B dL=- preo=M,emergencia,"(2, 1, 2, 2)",2,1,2,2,9.0,11.2938,74
c=A dc=0 h=M dh=0 L=B dL=- preo=A,emergencia,"(2, 1, 0, 2)",2,1,0,2,7.0,-0.0988,166
c=A dc=0 h=M dh=0 L=B dL=0 preo=B,emergencia,"(1, 1, 1, 1)",1,1,1,1,5.0,5.6238,35
c=A dc=0 h=M dh=0 L=B dL=0 preo=M,emergencia,"(0, 0, 2, 1)",0,0,2,1,4.0,8.9097,17
c=A dc=0 h=M dh=0 L=B dL=0 preo=A,emergencia,"(0, 0, 0, 0)",0,0,0,0,0.0,0.0000,33
c=A dc=0 h=M dh=0 L=B dL=+ preo=B,emergencia,"(2, 0, 2, 1)",2,0,2,1,6.0,3.8984,78
c=A dc=0 h=M dh=0 L=B dL=+ preo=M,emergencia,"(2, 2, 2, 2)",2,2,2,2,10.0,12.0800,33
c=A dc=0 h=M dh=0 L=B dL=+ preo=A,emergencia,"(1, 1, 2, 2)",1,1,2,2,8.0,0.2049,29
c=A dc=0 h=M dh=0 L=M dL=- preo=B,emergencia,"(0, 0, 1, 0)",0,0,1,0,1.0,5.8405,66
c=A dc=0 h=M dh=0 L=M dL=- preo=M,emergencia,"(0, 2, 2, 1)",0,2,2,1,6.0,7.0304,52
c=A dc=0 h=M dh=0 L=M dL=- preo=A,emergencia,"(2, 1, 2, 2)",2,1,2,2,9.0,0.2470,64
c=A dc=0 h=M dh=0 L=M dL=0 preo=B,emergencia,"(1, 0, 0, 0)",1,0,0,0,1.0,1.9204,23
c=A dc=0 h=M dh=0 L=M dL=0 preo=M,emergencia,"(1, 0, 2, 2)",1,0,2,2,7.0,9.4958,20
c=A dc=0 h=M dh=0 L=M dL=0 preo=A,emergencia,"(0, 0, 0, 1)",0,0,0,1,2.0,0.0000,38
c=A dc=0 h=M dh=0 L=M dL=+ preo=B,emergencia,"(2, 2, 2, 0)",2,2,2,0,6.0,4.5056,152
c=A dc=0 h=M dh=0 L=M dL=+ preo=M,emergencia,"(2, 0, 1, 2)",2,0,1,2,7.0,10.8138,76
c=A dc=0 h=M dh=0 L=M dL=+ preo=A,emergencia,"(0, 1, 0, 0)",0,1,0,0,1.0,0.2904,102
c=A dc=0 h=M dh=0 L=A dL=- preo=B,emergencia,"(2, 2, 1, 0)",2,2,1,0,5.0,2.2866,9
c=A dc=0 h=M dh=0 L=A dL=- preo=M,emergencia,"(0, 0, 0, 0)",0,0,0,0,0.0,0.0000,0
c=A dc=0 h=M dh=0 L=A dL=- preo=A,emergencia,"(1, 1, 1, 2)",1,1,1,2,7.0,0.0618,9
c=A dc=0 h=M dh=0 L=A dL=0 preo=B,emergencia,"(0, 1, 2, 0)",0,1,2,0,3.0,4.2906,17
c=A dc=0 h=M dh=0 L=A dL=0 preo=M,emergencia,"(0, 1, 2, 1)",0,1,2,1,5.0,6.6332,3
c=A dc=0 h=M dh=0 L=A dL=0 preo=A,emergencia,"(0, 0, 0, 0)",0,0,0,0,0.0,0.0000,6
c=A dc=0 h=M dh=0 L=A dL=+ preo=B,emergencia,"(2, 0, 2, 1)",2,0,2,1,6.0,4.9955,407
c=A dc=0 h=M dh=0 L=A dL=+ preo=M,emergencia,"(2, 1, 2, 1)",2,1,2,1,7.0,6.5754,111
c=A dc=0 h=M dh=0 L=A dL=+ preo=A,emergencia,"(0, 0, 1, 2)",0,0,1,2,5.0,0.0000,117
c=A dc=0 h=M dh=+ L=B dL=- preo=B,emergencia,"(2, 1, 0, 2)",2,1,0,2,7.0,2.7621,121
c=A dc=0 h=M dh=+ L=B dL=- preo=M,emergencia,"(0, 0, 0, 0)",0,0,0,0,0.0,8.2157,171
c=A dc=0 h=M dh=+ L=B dL=- preo=A,emergencia,"(0, 0, 0, 0)",0,0,0,0,0.0,0.0000,78
c=A dc=0 h=M dh=+ L=B dL=0 preo=B,emergencia,"(1, 1, 0, 0)",1,1,0,0,2.0,9.7461,30
c=A dc=0 h=M dh=+ L=B dL=0 preo=M,emergencia,"(1, 2, 1, 1)",1,2,1,1,6.0,7.8184,20
c=A dc=0 h=M dh=+ L=B dL=0 preo=A,emergencia,"(0, 0, 0, 0)",0,0,0,0,0.0,0.0000,11
c=A dc=0 h=M dh=+ L=B dL=+ preo=B,emergencia,"(2, 1, 0, 2)",2,1,0,2,7.0,12.0424,115
c=A dc=0 h=M dh=+ L=B dL=+ preo=M,emergencia,"(0, 2, 1, 0)",0,2,1,0,3.0,8.6572,67
c=A dc=0 h=M dh=+ L=B dL=+ preo=A,emergencia,"(0, 0, 1, 2)",0,0,1,2,5.0,1.0167,22
c=A dc=0 h=M dh=+ L=M dL=- preo=B,emergencia,"(1, 1, 0, 1)",1,1,0,1,4.0,7.2780,101
c=A dc=0 h=M dh=+ L=M dL=- preo=M,emergencia,"(2, 2, 1, 0)",2,2,1,0,5.0,10.6795,96
c=A dc=0 h=M dh=+ L=M dL=- preo=A,emergencia,"(0, 0, 1, 0)",0,0,1,0,1.0,0.0366,21
c=A dc=0 h=M dh=+ L=M dL=0 preo=B,emergencia,"(0, 2, 0, 2)",0,2,0,2,6.0,6.7668,11
c=A dc=0 h=M dh=+ L=M dL=0 preo=M,emergencia,"(0, 0, 0, 2)",0,0,0,2,4.0,9.6004,27
c=A dc=0 h=M dh=+ L=M dL=0 preo=A,emergencia,"(0, 0, 0, 0)",0,0,0,0,0.0,0.0000,10
c=A dc=0 h=M dh=+ L=M dL=+ preo=B,emergencia,"(2, 2, 2, 2)",2,2,2,2,10.0,12.5187,243
c=A dc=0 h=M dh=+ L=M dL=+ preo=M,emergencia,"(2, 0, 0, 0)",2,0,0,0,2.0,8.4420,139
c=A dc=0 h=M dh=+ L=M dL=+ preo=A,emergencia,"(0, 2, 2, 1)",0,2,2,1,6.0,1.1467,39
c=A dc=0 h=M dh=+ L=A dL=- preo=B,emergencia,"(1, 0, 1, 1)",1,0,1,1,4.0,8.4189,18
c=A dc=0 h=M dh=+ L=A dL=- preo=M,emergencia,"(2, 2, 0, 2)",2,2,0,2,8.0,10.6591,5
c=A dc=0 h=M dh=+ L=A dL=- preo=A,emergencia,"(0, 0, 1, 1)",0,0,1,1,3.0,0.4870,2
c=A dc=0 h=M dh=+ L=A dL=0 preo=B,emergencia,"(0, 0, 1, 2)",0,0,1,2,5.0,5.5114,2
c=A dc=0 h=M dh=+ L=A dL=0 preo=M,emergencia,"(1, 0, 2, 0)",1,0,2,0,3.0,8.0754,3
c=A dc=0 h=M dh=+ L=A dL=0 preo=A,emergencia,"(0, 0, 0, 0)",0,0,0,0,0.0,0.0000,0
c=A dc=0 h=M dh=+ L=A dL=+ preo=B,emergencia,"(1, 0, 0, 1)",1,0,0,1,3.0,11.7356,480
c=A dc=0 h=M dh=+ L=A dL=+ preo=M,emergencia,"(2, 2, 1, 2)",2,2,1,2,9.0,11.0107,177
c=A dc=0 h=M dh=+ L=A dL=+ preo=A,emergencia,"(1, 0, 0, 0)",1,0,0,0,1.0,2.6436,11
c=A dc=0 h=A dh=- L=B dL=- preo=B,emergencia,"(0, 1, 0, 0)",0,1,0,0,1.0,1.7991,72
c=A dc=0 h=A dh=- L=B dL=- preo=M,emergencia,"(2, 0, 0, 2)",2,0,0,2,6.0,2.8278,17
c=A dc=0 h=A dh=- L=B dL=- preo=A,emergencia,"(2, 1, 2, 1)",2,1,2,1,7.0,0.8677,319
c=A dc=0 h=A dh=- L=B dL=0 preo=B,emergencia,"(1, 0, 2, 1)",1,0,2,1,5.0,0.1355,3
c=A dc=0 h=A dh=- L=B dL=0 preo=M,emergencia,"(0, 0, 0, 0)",0,0,0,0,0.0,0.0000,3
c=A dc=0 h=A dh=- L=B dL=0 preo=A,emergencia,"(2, 1, 2, 1)",2,1,2,1,7.0,-0.1561,129
c=A dc=0 h=A dh=- L=B dL=+ preo=B,emergencia,"(2, 1, 2, 2)",2,1,2,2,9.0,0.0818,12
c=A dc=0 h=A dh=- L=B dL=+ preo=M,emergencia,"(0, 0, 0, 0)",0,0,0,0,0.0,0.0000,4
c=A dc=0 h=A dh=- L=B dL=+ preo=A,emergencia,"(0, 2, 0, 1)",0,2,0,1,4.0,-0.5273,192
c=A dc=0 h=A dh=- L=M dL=- preo=B,emergencia,"(2, 2, 0, 1)",2,2,0,1,6.0,4.9552,40
c=A dc=0 h=A dh=- L=M dL=- preo=M,emergencia,"(2, 0, 1, 2)",2,0,1,2,7.0,2.2440,12
c=A dc=0 h=A dh=- L=M dL=- preo=A,emergencia,"(2, 1, 2, 2)",2,1,2,2,9.0,0.8463,137
c=A dc=0 h=A dh=- L=M dL=0 preo=B,emergencia,"(0, 0, 0, 0)",0,0,0,0,0.0,0.0000,7
c=A dc=0 h=A dh=- L=M dL=0 preo=M,emergencia,"(1, 2, 2, 1)",1,2,2,1,7.0,0.7184,3
c=A dc=0 h=A dh=- L=M dL=0 preo=A,emergencia,"(2, 2, 0, 1)",2,2,0,1,6.0,-0.2456,94
c=A dc=0 h=A dh=- L=M dL=+ preo=B,emergencia,"(0, 0, 0, 0)",0,0,0,0,0.0,1.7282,29
c=A dc=0 h=A dh=- L=M dL=+ preo=M,emergencia,"(2, 0, 0, 0)",2,0,0,0,2.0,4.7766,13
c=A dc=0 h=A dh=- L=M dL=+ preo=A,emergencia,"(2, 2, 2, 2)",2,2,2,2,10.0,0.1095,222
c=A dc=0 h=A dh=- L=A dL=- preo=B,emergencia,"(2, 0, 2, 0)",2,0,2,0,4.0,0.5776,15
c=A dc=0 h=A dh=- L=A dL=- preo=M,emergencia,"(0, 0, 0, 0)",0,0,0,0,0.0,0.0000,3
c=A dc=0 h=A dh=- L=A dL=- preo=A,emergencia,"(2, 2, 1, 1)",2,2,1,1,7.0,1.6735,13
c=A dc=0 h=A dh=- L=A dL=0 preo=B,emergencia,"(2, 2, 1, 2)",2,2,1,2,9.0,7.2071,12
c=A dc=0 h=A dh=- L=A dL=0 preo=M,emergencia,"(2, 1, 0, 0)",2,1,0,0,3.0,1.9736,1
c=A dc=0 h=A dh=- L=A dL=0 preo=A,emergencia,"(1, 1, 1, 0)",1,1,1,0,3.0,0.1783,5
c=A dc=0 h=A dh=- L=A dL=+ preo=B,emergencia,"(1, 1, 1, 1)",1,1,1,1,5.0,2.3057,53
c=A dc=0 h=A dh=- L=A dL=+ preo=M,emergencia,"(1, 2, 2, 0)",1,2,2,0,5.0,5.9439,9
c=A dc=0 h=A dh=- L=A dL=+ preo=A,emergencia,"(1, 0, 0, 0)",1,0,0,0,1.0,0.4603,36
c=A dc=0 h=A dh=0 L=B dL=- preo=B,emergencia,"(2, 0, 1, 2)",2,0,1,2,7.0,0.5148,3405
c=A dc=0 h=A dh=0 L=B dL=- preo=M,emergencia,"(2, 2, 1, 2)",2,2,1,2,9.0,0.1044,326
c=A dc=0 h=A dh=0 L=B dL=- preo=A,emergencia,"(0, 2, 2, 2)",0,2,2,2,8.0,-0.0411,4486
c=A dc=0 h=A dh=0 L=B dL=0 preo=B,emergencia,"(2, 2, 2, 2)",2,2,2,2,10.0,0.5013,548
c=A dc=0 h=A dh=0 L=B dL=0 preo=M,emergencia,"(0, 0, 0, 1)",0,0,0,1,2.0,0.0000,45
c=A dc=0 h=A dh=0 L=B dL=0 preo=A,emergencia,"(2, 2, 0, 2)",2,2,0,2,8.0,-0.0171,811
c=A dc=0 h=A dh=0 L=B dL=+ preo=B,emergencia,"(2, 1, 2, 1)",2,1,2,1,7.0,0.4225,709
c=A dc=0 h=A dh=0 L=B dL=+ preo=M,emergencia,"(0, 0, 0, 0)",0,0,0,0,0.0,0.0000,59
c=A dc=0 h=A dh=0 L=B dL=+ preo=A,emergencia,"(2, 2, 2, 1)",2,2,2,1,8.0,0.1372,958
c=A dc=0 h=A dh=0 L=M dL=- preo=B,emergencia,"(1, 0, 2, 2)",1,0,2,2,7.0,0.3592,1206
c=A dc=0 h=A dh=0 L=M dL=- preo=M,emergencia,"(0, 0, 0, 0)",0,0,0,0,0.0,0.0000,84
c=A dc=0 h=A dh=0 L=M dL=- preo=A,emergencia,"(2, 2, 2, 2)",2,2,2,2,10.0,0.4503,1665
c=A dc=0 h=A dh=0 L=M dL=0 preo=B,emergencia,"(2, 2, 1, 1)",2,2,1,1,7.0,1.3779,594
c=A dc=0 h=A dh=0 L=M dL=0 preo=M,emergencia,"(0, 0, 0, 0)",0,0,0,0,0.0,0.0000,41
c=A dc=0 h=A dh=0 L=M dL=0 preo=A,emergencia,"(2, 2, 2, 2)",2,2,2,2,10.0,0.2216,781
c=A dc=0 h=A dh=0 L=M dL=+ preo=B,emergencia,"(2, 2, 2, 2)",2,2,2,2,10.0,0.6922,1773
c=A dc=0 h=A dh=0 L=M dL=+ preo=M,emergencia,"(1, 1, 2, 2)",1,1,2,2,8.0,-0.0240,132
c=A dc=0 h=A dh=0 L=M dL=+ preo=A,emergencia,"(2, 2, 0, 2)",2,2,0,2,8.0,0.1063,2267
c=A dc=0 h=A dh=0 L=A dL=- preo=B,emergencia,"(2, 2, 1, 1)",2,2,1,1,7.0,0.5553,235
c=A dc=0 h=A dh=0 L=A dL=- preo=M,emergencia,"(0, 0, 0, 0)",0,0,0,0,0.0,0.0000,23
c=A dc=0 h=A dh=0 L=A dL=- preo=A,emergencia,"(2, 2, 2, 2)",2,2,2,2,10.0,0.3977,335
c=A dc=0 h=A dh=0 L=A dL=0 preo=B,emergencia,"(2, 2, 1, 1)",2,2,1,1,7.0,2.1087,296
c=A dc=0 h=A dh=0 L=A dL=0 preo=M,emergencia,"(2, 2, 2, 1)",2,2,2,1,8.0,0.4909,23
c=A dc=0 h=A dh=0 L=A dL=0 preo=A,emergencia,"(2, 1, 0, 2)",2,1,0,2,7.0,0.2169,371
c=A dc=0 h=A dh=0 L=A dL=+ preo=B,emergencia,"(2, 1, 1, 2)",2,1,1,2,8.0,0.8256,2372
c=A dc=0 h=A dh=0 L=A dL=+ preo=M,emergencia,"(2, 2, 2, 2)",2,2,2,2,10.0,0.5657,192
c=A dc=0 h=A dh=0 L=A dL=+ preo=A,emergencia,"(2, 2, 2, 1)",2,2,2,1,8.0,0.2031,3054
c=A dc=0 h=A dh=+ L=B dL=- preo=B,emergencia,"(0, 2, 1, 2)",0,2,1,2,7.0,0.8301,384
c=A dc=0 h=A dh=+ L=B dL=- preo=M,emergencia,"(2, 2, 1, 2)",2,2,1,2,9.0,1.7022,147
c=A dc=0 h=A dh=+ L=B dL=- preo=A,emergencia,"(1, 2, 2, 2)",1,2,2,2,9.0,0.2258,646
c=A dc=0 h=A dh=+ L=B dL=0 preo=B,emergencia,"(1, 1, 1, 1)",1,1,1,1,5.0,0.3707,44
c=A dc=0 h=A dh=+ L=B dL=0 preo=M,emergencia,"(2, 0, 0, 2)",2,0,0,2,6.0,3.9886,17
c=A dc=0 h=A dh=+ L=B dL=0 preo=A,emergencia,"(1, 1, 2, 2)",1,1,2,2,8.0,-0.2184,125
c=A dc=0 h=A dh=+ L=B dL=+ preo=B,emergencia,"(1, 2, 0, 1)",1,2,0,1,5.0,0.0372,51
c=A dc=0 h=A dh=+ L=B dL=+ preo=M,emergencia,"(1, 1, 2, 2)",1,1,2,2,8.0,2.1480,26
c=A dc=0 h=A dh=+ L=B dL=+ preo=A,emergencia,"(1, 2, 2, 1)",1,2,2,1,7.0,0.2656,162
c=A dc=0 h=A dh=+ L=M dL=- preo=B,emergencia,"(1, 0, 0, 0)",1,0,0,0,1.0,2.2057,134
c=A dc=0 h=A dh=+ L=M dL=- preo=M,emergencia,"(1, 2, 1, 2)",1,2,1,2,8.0,3.4756,47
c=A dc=0 h=A dh=+ L=M dL=- preo=A,emergencia,"(0, 2, 1, 2)",0,2,1,2,7.0,0.6403,245
c=A dc=0 h=A dh=+ L=M dL=0 preo=B,emergencia,"(1, 0, 2, 0)",1,0,2,0,3.0,0.7495,32
c=A dc=0 h=A dh=+ L=M dL=0 preo=M,emergencia,"(0, 0, 0, 1)",0,0,0,1,2.0,1.1409,8
c=A dc=0 h=A dh=+ L=M dL=0 preo=A,emergencia,"(2, 2, 1, 2)",2,2,1,2,9.0,0.7450,98
c=A dc=0 h=A dh=+ L=M dL=+ preo=B,emergencia,"(1, 1, 2, 0)",1,1,2,0,4.0,2.1942,58
c=A dc=0 h=A dh=+ L=M dL=+ preo=M,emergencia,"(1, 0, 1, 0)",1,0,1,0,2.0,1.3168,28
c=A dc=0 h=A dh=+ L=M dL=+ preo=A,emergencia,"(1, 2, 0, 2)",1,2,0,2,7.0,-0.3570,190
c=A dc=0 h=A dh=+ L=A dL=- preo=B,emergencia,"(1, 0, 2, 1)",1,0,2,1,5.0,2.6274,19
c=A dc=0 h=A dh=+ L=A dL=- preo=M,emergencia,"(2, 1, 2, 0)",2,1,2,0,5.0,0.0535,14
c=A dc=0 h=A dh=+ L=A dL=- preo=A,emergencia,"(2, 2, 2, 1)",2,2,2,1,8.0,0.4675,45
c=A dc=0 h=A dh=+ L=A dL=0 preo=B,emergencia,"(0, 2, 0, 0)",0,2,0,0,2.0,4.1337,5
c=A dc=0 h=A dh=+ L=A dL=0 preo=M,emergencia,"(2, 1, 1, 1)",2,1,1,1,6.0,0.5246,2
c=A dc=0 h=A dh=+ L=A dL=0 preo=A,emergencia,"(2, 2, 2, 2)",2,2,2,2,10.0,1.6417,36
c=A dc=0 h=A dh=+ L=A dL=+ preo=B,emergencia,"(1, 2, 0, 0)",1,2,0,0,3.0,0.5727,50
c=A dc=0 h=A dh=+ L=A dL=+ preo=M,emergencia,"(1, 0, 0, 1)",1,0,0,1,3.0,1.9643,5
c=A dc=0 h=A dh=+ L=A dL=+ preo=A,emergencia,"(1, 2, 2, 2)",1,2,2,2,9.0,1.3947,18
c=A dc=+ h=B dh=- L=B dL=- preo=B,emergencia,"(2, 2, 2, 2)",2,2,2,2,10.0,16.0868,83769
c=A dc=+ h=B dh=- L=B dL=- preo=M,emergencia,"(1, 2, 2, 1)",1,2,2,1,7.0,10.0416,3504
c=A dc=+ h=B dh=- L=B dL=- preo=A,emergencia,"(0, 2, 2, 1)",0,2,2,1,6.0,8.5302,55
c=A dc=+ h=B dh=- L=B dL=0 preo=B,emergencia,"(1, 1, 2, 0)",1,1,2,0,4.0,11.7002,1007
c=A dc=+ h=B dh=- L=B dL=0 preo=M,emergencia,"(2, 0, 1, 1)",2,0,1,1,5.0,10.3872,122
c=A dc=+ h=B dh=- L=B dL=0 preo=A,emergencia,"(0, 2, 0, 2)",0,2,0,2,6.0,5.4292,9
c=A dc=+ h=B dh=- L=B dL=+ preo=B,emergencia,"(2, 2, 1, 1)",2,2,1,1,7.0,15.1347,6122
c=A dc=+ h=B dh=- L=B dL=+ preo=M,emergencia,"(2, 0, 0, 0)",2,0,0,0,2.0,8.0693,137
c=A dc=+ h=B dh=- L=B dL=+ preo=A,emergencia,"(1, 2, 2, 2)",1,2,2,2,9.0,7.4005,24
c=A dc=+ h=B dh=- L=M dL=- preo=B,emergencia,"(2, 1, 2, 1)",2,1,2,1,7.0,14.8658,169
c=A dc=+ h=B dh=- L=M dL=- preo=M,emergencia,"(1, 0, 2, 0)",1,0,2,0,3.0,9.2503,74
c=A dc=+ h=B dh=- L=M dL=- preo=A,emergencia,"(1, 0, 2, 0)",1,0,2,0,3.0,0.6795,3
c=A dc=+ h=B dh=- L=M dL=0 preo=B,emergencia,"(2, 1, 0, 2)",2,1,0,2,7.0,13.5917,14
c=A dc=+ h=B dh=- L=M dL=0 preo=M,emergencia,"(2, 1, 2, 1)",2,1,2,1,7.0,7.3362,20
c=A dc=+ h=B dh=- L=M dL=0 preo=A,emergencia,"(0, 0, 2, 2)",0,0,2,2,6.0,5.4984,3
c=A dc=+ h=B dh=- L=M dL=+ preo=B,emergencia,"(1, 0, 1, 1)",1,0,1,1,4.0,13.1725,1519
c=A dc=+ h=B dh=- L=M dL=+ preo=M,emergencia,"(1, 0, 2, 2)",1,0,2,2,7.0,10.2521,201
c=A dc=+ h=B dh=- L=M dL=+ preo=A,emergencia,"(0, 2, 0, 2)",0,2,0,2,6.0,3.7519,6
c=A dc=+ h=B dh=- L=A dL=- preo=B,emergencia,"(0, 0, 2, 1)",0,0,2,1,4.0,11.5750,3
c=A dc=+ h=B dh=- L=A dL=- preo=M,emergencia,"(0, 0, 0, 0)",0,0,0,0,0.0,0.0000,0
c=A dc=+ h=B dh=- L=A dL=- preo=A,emergencia,"(0, 0, 0, 0)",0,0,0,0,0.0,0.0000,0
c=A dc=+ h=B dh=- L=A dL=0 preo=B,emergencia,"(2, 1, 0, 0)",2,1,0,0,3.0,6.6221,1
c=A dc=+ h=B dh=- L=A dL=0 preo=M,emergencia,"(0, 0, 0, 0)",0,0,0,0,0.0,0.0000,0
c=A dc=+ h=B dh=- L=A dL=0 preo=A,emergencia,"(0, 0, 0, 0)",0,0,0,0,0.0,0.0000,0
c=A dc=+ h=B dh=- L=A dL=+ preo=B,emergencia,"(0, 1, 0, 1)",0,1,0,1,3.0,13.0141,236
c=A dc=+ h=B dh=- L=A dL=+ preo=M,emergencia,"(1, 1, 1, 0)",1,1,1,0,3.0,8.7299,35
c=A dc=+ h=B dh=- L=A dL=+ preo=A,emergencia,"(0, 0, 0, 0)",0,0,0,0,0.0,0.0000,0
c=A dc=+ h=B dh=0 L=B dL=- preo=B,emergencia,"(2, 2, 1, 2)",2,2,1,2,9.0,15.6223,55635
c=A dc=+ h=B dh=0 L=B dL=- preo=M,emergencia,"(2, 2, 2, 2)",2,2,2,2,10.0,12.0259,1114
c=A dc=+ h=B dh=0 L=B dL=- preo=A,emergencia,"(2, 2, 2, 1)",2,2,2,1,8.0,5.5580,36
c=A dc=+ h=B dh=0 L=B dL=0 preo=B,emergencia,"(1, 0, 2, 1)",1,0,2,1,5.0,11.9360,532
c=A dc=+ h=B dh=0 L=B dL=0 preo=M,emergencia,"(0, 2, 0, 1)",0,2,0,1,4.0,6.8566,32
c=A dc=+ h=B dh=0 L=B dL=0 preo=A,emergencia,"(2, 2, 1, 2)",2,2,1,2,9.0,5.1781,11
c=A dc=+ h=B dh=0 L=B dL=+ preo=B,emergencia,"(1, 1, 1, 1)",1,1,1,1,5.0,12.5307,2879
c=A dc=+ h=B dh=0 L=B dL=+ preo=M,emergencia,"(0, 1, 0, 2)",0,1,0,2,5.0,7.8663,32
c=A dc=+ h=B dh=0 L=B dL=+ preo=A,emergencia,"(0, 2, 1, 2)",0,2,1,2,7.0,6.5281,14
c=A dc=+ h=B dh=0 L=M dL=- preo=B,emergencia,"(0, 0, 1, 0)",0,0,1,0,1.0,14.3537,97
c=A dc=+ h=B dh=0 L=M dL=- preo=M,emergencia,"(1, 1, 0, 0)",1,1,0,0,2.0,8.6942,35
c=A dc=+ h=B dh=0 L=M dL=- preo=A,emergencia,"(1, 1, 0, 2)",1,1,0,2,6.0,0.2411,2
c=A dc=+ h=B dh=0 L=M dL=0 preo=B,emergencia,"(0, 2, 0, 0)",0,2,0,0,2.0,12.4235,5
c=A dc=+ h=B dh=0 L=M dL=0 preo=M,emergencia,"(1, 2, 2, 2)",1,2,2,2,9.0,5.6326,5
c=A dc=+ h=B dh=0 L=M dL=0 preo=A,emergencia,"(0, 0, 0, 0)",0,0,0,0,0.0,0.0000,2
c=A dc=+ h=B dh=0 L=M dL=+ preo=B,emergencia,"(2, 2, 0, 1)",2,2,0,1,6.0,13.6248,782
c=A dc=+ h=B dh=0 L=M dL=+ preo=M,emergencia,"(1, 1, 1, 2)",1,1,1,2,7.0,11.1896,72
c=A dc=+ h=B dh=0 L=M dL=+ preo=A,emergencia,"(1, 0, 1, 2)",1,0,1,2,6.0,5.1048,7
c=A dc=+ h=B dh=0 L=A dL=- preo=B,emergencia,"(2, 0, 1, 0)",2,0,1,0,3.0,9.6937,4
c=A dc=+ h=B dh=0 L=A dL=- preo=M,emergencia,"(0, 0, 0, 0)",0,0,0,0,0.0,0.0000,0
c=A dc=+ h=B dh=0 L=A dL=- preo=A,emergencia,"(0, 0, 0, 0)",0,0,0,0,0.0,0.0000,0
c=A dc=+ h=B dh=0 L=A dL=0 preo=B,emergencia,"(0, 0, 0, 0)",0,0,0,0,0.0,0.0000,0
c=A dc=+ h=B dh=0 L=A dL=0 preo=M,emergencia,"(2, 1, 0, 0)",2,1,0,0,3.0,5.8866,1
c=A dc=+ h=B dh=0 L=A dL=0 preo=A,emergencia,"(0, 0, 0, 0)",0,0,0,0,0.0,0.0000,0
c=A dc=+ h=B dh=0 L=A dL=+ preo=B,emergencia,"(2, 2, 1, 0)",2,2,1,0,5.0,14.0459,95
c=A dc=+ h=B dh=0 L=A dL=+ preo=M,emergencia,"(1, 0, 2, 0)",1,0,2,0,3.0,8.6202,9
c=A dc=+ h=B dh=0 L=A dL=+ preo=A,emergencia,"(0, 0, 0, 0)",0,0,0,0,0.0,0.0000,1
c=A dc=+ h=B dh=+ L=B dL=- preo=B,emergencia,"(2, 2, 2, 2)",2,2,2,2,10.0,15.7570,114824
c=A dc=+ h=B dh=+ L=B dL=- preo=M,emergencia,"(2, 1, 0, 2)",2,1,0,2,7.0,8.8503,1926
c=A dc=+ h=B dh=+ L=B dL=- preo=A,emergencia,"(2, 2, 0, 2)",2,2,0,2,8.0,3.8776,931
c=A dc=+ h=B dh=+ L=B dL=0 preo=B,emergencia,"(1, 0, 2, 1)",1,0,2,1,5.0,11.8650,969
c=A dc=+ h=B dh=+ L=B dL=0 preo=M,emergencia,"(2, 2, 2, 0)",2,2,2,0,6.0,9.1134,62
c=A dc=+ h=B dh=+ L=B dL=0 preo=A,emergencia,"(1, 2, 0, 2)",1,2,0,2,7.0,6.8912,68
c=A dc=+ h=B dh=+ L=B dL=+ preo=B,emergencia,"(2, 1, 2, 2)",2,1,2,2,9.0,14.9726,4527
c=A dc=+ h=B dh=+ L=B dL=+ preo=M,emergencia,"(2, 2, 0, 0)",2,2,0,0,4.0,8.2251,44
c=A dc=+ h=B dh=+ L=B dL=+ preo=A,emergencia,"(1, 1, 2, 1)",1,1,2,1,6.0,3.2457,56
c=A dc=+ h=B dh=+ L=M dL=- preo=B,emergencia,"(2, 2, 2, 2)",2,2,2,2,10.0,15.4153,185
c=A dc=+ h=B dh=+ L=M dL=- preo=M,emergencia,"(2, 1, 1, 2)",2,1,1,2,8.0,12.1317,55
c=A dc=+ h=B dh=+ L=M dL=- preo=A,emergencia,"(2, 0, 2, 0)",2,0,2,0,4.0,0.1211,26
c=A dc=+ h=B dh=+ L=M dL=0 preo=B,emergencia,"(1, 1, 1, 1)",1,1,1,1,5.0,12.7794,11
c=A dc=+ h=B dh=+ L=M dL=0 preo=M,emergencia,"(1, 1, 2, 0)",1,1,2,0,4.0,8.5409,6
c=A dc=+ h=B dh=+ L=M dL=0 preo=A,emergencia,"(0, 2, 2, 2)",0,2,2,2,8.0,2.0943,4
c=A dc=+ h=B dh=+ L=M dL=+ preo=B,emergencia,"(2, 2, 2, 1)",2,2,2,1,8.0,15.0787,1427
c=A dc=+ h=B dh=+ L=M dL=+ preo=M,emergencia,"(0, 2, 1, 2)",0,2,1,2,7.0,10.3140,101
c=A dc=+ h=B dh=+ L=M dL=+ preo=A,emergencia,"(0, 2, 2, 0)",0,2,2,0,4.0,1.9023,56
c=A dc=+ h=B dh=+ L=A dL=- preo=B,emergencia,"(0, 2, 2, 0)",0,2,2,0,4.0,13.1656,10
c=A dc=+ h=B dh=+ L=A dL=- preo=M,emergencia,"(0, 0, 0, 0)",0,0,0,0,0.0,0.0000,0
c=A dc=+ h=B dh=+ L=A dL=- preo=A,emergencia,"(0, 0, 0, 0)",0,0,0,0,0.0,0.0000,0
c=A dc=+ h=B dh=+ L=A dL=0 preo=B,emergencia,"(1, 1, 0, 0)",1,1,0,0,2.0,12.5522,5
c=A dc=+ h=B dh=+ L=A dL=0 preo=M,emergencia,"(0, 0, 0, 0)",0,0,0,0,0.0,0.0000,0
c=A dc=+ h=B dh=+ L=A dL=0 preo=A,emergencia,"(0, 0, 0, 0)",0,0,0,0,0.0,0.0000,0
c=A dc=+ h=B dh=+ L=A dL=+ preo=B,emergencia,"(2, 1, 0, 1)",2,1,0,1,5.0,12.7514,143
c=A dc=+ h=B dh=+ L=A dL=+ preo=M,emergencia,"(0, 0, 2, 1)",0,0,2,1,4.0,9.3288,18
c=A dc=+ h=B dh=+ L=A dL=+ preo=A,emergencia,"(0, 1, 0, 0)",0,1,0,0,1.0,1.8020,5
c=A dc=+ h=M dh=- L=B dL=- preo=B,emergencia,"(2, 2, 2, 2)",2,2,2,2,10.0,14.6154,7993
c=A dc=+ h=M dh=- L=B dL=- preo=M,emergencia,"(2, 2, 0, 2)",2,2,0,2,8.0,11.1928,3648
c=A dc=+ h=M dh=- L=B dL=- preo=A,emergencia,"(2, 2, 1, 1)",2,2,1,1,7.0,4.1068,162
c=A dc=+ h=M dh=- L=B dL=0 preo=B,emergencia,"(0, 0, 0, 2)",0,0,0,2,4.0,9.3694,118
c=A dc=+ h=M dh=- L=B dL=0 preo=M,emergencia,"(2, 0, 0, 2)",2,0,0,2,6.0,9.8182,124
c=A dc=+ h=M dh=- L=B dL=0 preo=A,emergencia,"(2, 2, 0, 2)",2,2,0,2,8.0,3.8618,19
c=A dc=+ h=M dh=- L=B dL=+ preo=B,emergencia,"(2, 0, 1, 2)",2,0,1,2,7.0,12.0063,706
c=A dc=+ h=M dh=- L=B dL=+ preo=M,emergencia,"(2, 0, 2, 2)",2,0,2,2,8.0,10.6037,228
c=A dc=+ h=M dh=- L=B dL=+ preo=A,emergencia,"(0, 0, 0, 0)",0,0,0,0,0.0,0.0000,22
c=A dc=+ h=M dh=- L=M dL=- preo=B,emergencia,"(0, 1, 2, 0)",0,1,2,0,3.0,10.3011,26
c=A dc=+ h=M dh=- L=M dL=- preo=M,emergencia,"(1, 2, 1, 1)",1,2,1,1,6.0,9.1267,60
c=A dc=+ h=M dh=- L=M dL=- preo=A,emergencia,"(0, 0, 0, 0)",0,0,0,0,0.0,0.0000,10
c=A dc=+ h=M dh=- L=M dL=0 preo=B,emergencia,"(2, 1, 1, 2)",2,1,1,2,8.0,8.0914,2
c=A dc=+ h=M dh=- L=M dL=0 preo=M,emergencia,"(2, 2, 1, 0)",2,2,1,0,5.0,8.4422,25
c=A dc=+ h=M dh=- L=M dL=0 preo=A,emergencia,"(0, 0, 0, 0)",0,0,0,0,0.0,0.0000,6
c=A dc=+ h=M dh=- L=M dL=+ preo=B,emergencia,"(1, 2, 2, 2)",1,2,2,2,9.0,13.0350,185
c=A dc=+ h=M dh=- L=M dL=+ preo=M,emergencia,"(1, 0, 0, 0)",1,0,0,0,1.0,9.7953,122
c=A dc=+ h=M dh=- L=M dL=+ preo=A,emergencia,"(1, 2, 2, 1)",1,2,2,1,7.0,4.8711,18
c=A dc=+ h=M dh=- L=A dL=- preo=B,emergencia,"(0, 0, 0, 0)",0,0,0,0,0.0,0.0000,0
c=A dc=+ h=M dh=- L=A dL=- preo=M,emergencia,"(0, 0, 0, 0)",0,0,0,0,0.0,0.0000,0
c=A dc=+ h=M dh=- L=A dL=- preo=A,emergencia,"(2, 2, 2, 1)",2,2,2,1,8.0,0.3326,1
c=A dc=+ h=M dh=- L=A dL=0 preo=B,emergencia,"(0, 0, 0, 0)",0,0,0,0,0.0,0.0000,0
c=A dc=+ h=M dh=- L=A dL=0 preo=M,emergencia,"(0, 0, 0, 0)",0,0,0,0,0.0,0.0000,1
c=A dc=+ h=M dh=- L=A dL=0 preo=A,emergencia,"(0, 0, 0, 0)",0,0,0,0,0.0,0.0000,1
c=A dc=+ h=M dh=- L=A dL=+ preo=B,emergencia,"(2, 0, 0, 1)",2,0,0,1,4.0,8.3193,61
c=A dc=+ h=M dh=- L=A dL=+ preo=M,emergencia,"(0, 2, 0, 1)",0,2,0,1,4.0,8.3096,33
c=A dc=+ h=M dh=- L=A dL=+ preo=A,emergencia,"(0, 0, 0, 0)",0,0,0,0,0.0,0.0000,2
c=A dc=+ h=M dh=0 L=B dL=- preo=B,emergencia,"(2, 2, 1, 2)",2,2,1,2,9.0,14.3991,7903
c=A dc=+ h=M dh=0 L=B dL=- preo=M,emergencia,"(2, 1, 2, 2)",2,1,2,2,9.0,10.8773,2528
c=A dc=+ h=M dh=0 L=B dL=- preo=A,emergencia,"(1, 1, 0, 2)",1,1,0,2,6.0,5.1986,74
c=A dc=+ h=M dh=0 L=B dL=0 preo=B,emergencia,"(2, 1, 1, 2)",2,1,1,2,8.0,13.6812,116
c=A dc=+ h=M dh=0 L=B dL=0 preo=M,emergencia,"(2, 1, 2, 2)",2,1,2,2,9.0,9.0191,56
c=A dc=+ h=M dh=0 L=B dL=0 preo=A,emergencia,"(0, 0, 0, 0)",0,0,0,0,0.0,0.0000,8
c=A dc=+ h=M dh=0 L=B dL=+ preo=B,emergencia,"(0, 2, 2, 0)",0,2,2,0,4.0,9.4662,540
c=A dc=+ h=M dh=0 L=B dL=+ preo=M,emergencia,"(1, 1, 0, 0)",1,1,0,0,2.0,8.8545,149
c=A dc=+ h=M dh=0 L=B dL=+ preo=A,emergencia,"(2, 2, 1, 1)",2,2,1,1,7.0,0.3993,13
c=A dc=+ h=M dh=0 L=M dL=- preo=B,emergencia,"(2, 1, 2, 1)",2,1,2,1,7.0,13.2263,36
c=A dc=+ h=M dh=0 L=M dL=- preo=M,emergencia,"(1, 0, 0, 0)",1,0,0,0,1.0,9.4733,40
c=A dc=+ h=M dh=0 L=M dL=- preo=A,emergencia,"(0, 0, 0, 0)",0,0,0,0,0.0,0.0000,7
c=A dc=+ h=M dh=0 L=M dL=0 preo=B,emergencia,"(2, 2, 1, 0)",2,2,1,0,5.0,8.3451,4
c=A dc=+ h=M dh=0 L=M dL=0 preo=M,emergencia,"(0, 2, 0, 1)",0,2,0,1,4.0,5.8919,14
c=A dc=+ h=M dh=0 L=M dL=0 preo=A,emergencia,"(0, 0, 0, 0)",0,0,0,0,0.0,0.0000,2
c=A dc=+ h=M dh=0 L=M dL=+ preo=B,emergencia,"(2, 1, 0, 1)",2,1,0,1,5.0,9.6128,167
c=A dc=+ h=M dh=0 L=M dL=+ preo=M,emergencia,"(1, 2, 2, 2)",1,2,2,2,9.0,10.3085,75
c=A dc=+ h=M dh=0 L=M dL=+ preo=A,emergencia,"(1, 2, 0, 2)",1,2,0,2,7.0,0.2720,10
c=A dc=+ h=M dh=0 L=A dL=- preo=B,emergencia,"(0, 0, 0, 0)",0,0,0,0,0.0,0.0000,0
c=A dc=+ h=M dh=0 L=A dL=- preo=M,emergencia,"(0, 0, 0, 0)",0,0,0,0,0.0,0.0000,0
c=A dc=+ h=M dh=0 L=A dL=- preo=A,emergencia,"(0, 0, 0, 0)",0,0,0,0,0.0,0.0000,0
c=A dc=+ h=M dh=0 L=A dL=0 preo=B,emergencia,"(0, 0, 0, 0)",0,0,0,0,0.0,0.0000,0
c=A dc=+ h=M dh=0 L=A dL=0 preo=M,emergencia,"(0, 0, 0, 0)",0,0,0,0,0.0,0.0000,0
c=A dc=+ h=M dh=0 L=A dL=0 preo=A,emergencia,"(0, 0, 0, 0)",0,0,0,0,0.0,0.0000,0
c=A dc=+ h=M dh=0 L=A dL=+ preo=B,emergencia,"(0, 2, 2, 2)",0,2,2,2,8.0,12.3582,62
c=A dc=+ h=M dh=0 L=A dL=+ preo=M,emergencia,"(0, 1, 0, 1)",0,1,0,1,3.0,9.3780,18
c=A dc=+ h=M dh=0 L=A dL=+ preo=A,emergencia,"(0, 0, 0, 0)",0,0,0,0,0.0,0.0000,1
c=A dc=+ h=M dh=+ L=B dL=- preo=B,emergencia,"(2, 2, 2, 1)",2,2,2,1,8.0,13.7744,31234
c=A dc=+ h=M dh=+ L=B dL=- preo=M,emergencia,"(2, 2, 2, 2)",2,2,2,2,10.0,9.8575,5149
c=A dc=+ h=M dh=+ L=B dL=- preo=A,emergencia,"(2, 2, 0, 2)",2,2,0,2,8.0,2.1591,384
c=A dc=+ h=M dh=+ L=B dL=0 preo=B,emergencia,"(1, 0, 0, 2)",1,0,0,2,5.0,10.0751,313
c=A dc=+ h=M dh=+ L=B dL=0 preo=M,emergencia,"(1, 1, 2, 2)",1,1,2,2,8.0,9.9788,125
c=A dc=+ h=M dh=+ L=B dL=0 preo=A,emergencia,"(2, 1, 1, 2)",2,1,1,2,8.0,2.6276,37
c=A dc=+ h=M dh=+ L=B dL=+ preo=B,emergencia,"(2, 2, 1, 1)",2,2,1,1,7.0,13.9295,1428
c=A dc=+ h=M dh=+ L=B dL=+ preo=M,emergencia,"(2, 0, 1, 2)",2,0,1,2,7.0,9.1265,172
c=A dc=+ h=M dh=+ L=B dL=+ preo=A,emergencia,"(1, 1, 2, 2)",1,1,2,2,8.0,2.4736,24
c=A dc=+ h=M dh=+ L=M dL=- preo=B,emergencia,"(2, 1, 2, 1)",2,1,2,1,7.0,8.5028,103
c=A dc=+ h=M dh=+ L=M dL=- preo=M,emergencia,"(2, 1, 2, 2)",2,1,2,2,9.0,11.9900,94
c=A dc=+ h=M dh=+ L=M dL=- preo=A,emergencia,"(0, 0, 0, 1)",0,0,0,1,2.0,0.0000,15
c=A dc=+ h=M dh=+ L=M dL=0 preo=B,emergencia,"(2, 2, 1, 0)",2,2,1,0,5.0,8.8418,8
c=A dc=+ h=M dh=+ L=M dL=0 preo=M,emergencia,"(2, 2, 1, 2)",2,2,1,2,9.0,10.4885,23
c=A dc=+ h=M dh=+ L=M dL=0 preo=A,emergencia,"(0, 0, 0, 0)",0,0,0,0,0.0,0.0000,4
c=A dc=+ h=M dh=+ L=M dL=+ preo=B,emergencia,"(0, 0, 1, 0)",0,0,1,0,1.0,12.6699,447
c=A dc=+ h=M dh=+ L=M dL=+ preo=M,emergencia,"(2, 2, 2, 1)",2,2,2,1,8.0,11.8529,142
c=A dc=+ h=M dh=+ L=M dL=+ preo=A,emergencia,"(2, 0, 0, 1)",2,0,0,1,4.0,0.0966,20
c=A dc=+ h=M dh=+ L=A dL=- preo=B,emergencia,"(2, 0, 1, 2)",2,0,1,2,7.0,5.2490,1
c=A dc=+ h=M dh=+ L=A dL=- preo=M,emergencia,"(2, 2, 1, 0)",2,2,1,0,5.0,2.5993,1
c=A dc=+ h=M dh=+ L=A dL=- preo=A,emergencia,"(0, 0, 0, 0)",0,0,0,0,0.0,0.0000,0
c=A dc=+ h=M dh=+ L=A dL=0 preo=B,emergencia,"(0, 0, 0, 0)",0,0,0,0,0.0,0.0000,0
c=A dc=+ h=M dh=+ L=A dL=0 preo=M,emergencia,"(1, 0, 1, 1)",1,0,1,1,4.0,2.6013,1
c=A dc=+ h=M dh=+ L=A dL=0 preo=A,emergencia,"(0, 0, 0, 0)",0,0,0,0,0.0,0.0000,0
c=A dc=+ h=M dh=+ L=A dL=+ preo=B,emergencia,"(2, 2, 0, 0)",2,2,0,0,4.0,8.7842,87
c=A dc=+ h=M dh=+ L=A dL=+ preo=M,emergencia,"(0, 1, 0, 0)",0,1,0,0,1.0,9.8508,40
c=A dc=+ h=M dh=+ L=A dL=+ preo=A,emergencia,"(0, 0, 0, 0)",0,0,0,0,0.0,0.0000,1
c=A dc=+ h=A dh=- L=B dL=- preo=B,emergencia,"(2, 2, 2, 1)",2,2,2,1,8.0,3.6832,408
c=A dc=+ h=A dh=- L=B dL=- preo=M,emergencia,"(2, 2, 2, 2)",2,2,2,2,10.0,2.1414,160
c=A dc=+ h=A dh=- L=B dL=- preo=A,emergencia,"(1, 2, 1, 2)",1,2,1,2,8.0,1.0587,1480
c=A dc=+ h=A dh=- L=B dL=0 preo=B,emergencia,"(1, 1, 0, 1)",1,1,0,1,4.0,4.2790,22
c=A dc=+ h=A dh=- L=B dL=0 preo=M,emergencia,"(0, 0, 1, 1)",0,0,1,1,3.0,4.3487,13
c=A dc=+ h=A dh=- L=B dL=0 preo=A,emergencia,"(2, 0, 2, 1)",2,0,2,1,6.0,0.0670,257
c=A dc=+ h=A dh=- L=B dL=+ preo=B,emergencia,"(1, 1, 2, 2)",1,1,2,2,8.0,3.3867,34
c=A dc=+ h=A dh=- L=B dL=+ preo=M,emergencia,"(0, 0, 1, 1)",0,0,1,1,3.0,0.6721,25
c=A dc=+ h=A dh=- L=B dL=+ preo=A,emergencia,"(0, 0, 1, 2)",0,0,1,2,5.0,-0.1686,270
c=A dc=+ h=A dh=- L=M dL=- preo=B,emergencia,"(2, 2, 2, 2)",2,2,2,2,10.0,8.8516,42
c=A dc=+ h=A dh=- L=M dL=- preo=M,emergencia,"(2, 2, 2, 2)",2,2,2,2,10.0,5.2879,12
c=A dc=+ h=A dh=- L=M dL=- preo=A,emergencia,"(2, 2, 1, 2)",2,2,1,2,9.0,0.8480,195
c=A dc=+ h=A dh=- L=M dL=0 preo=B,emergencia,"(0, 0, 0, 0)",0,0,0,0,0.0,0.0000,6
c=A dc=+ h=A dh=- L=M dL=0 preo=M,emergencia,"(1, 2, 0, 2)",1,2,0,2,7.0,0.5962,2
c=A dc=+ h=A dh=- L=M dL=0 preo=A,emergencia,"(2, 2, 2, 1)",2,2,2,1,8.0,-0.1317,115
c=A dc=+ h=A dh=- L=M dL=+ preo=B,emergencia,"(0, 2, 0, 0)",0,2,0,0,2.0,3.2261,24
c=A dc=+ h=A dh=- L=M dL=+ preo=M,emergencia,"(1, 2, 2, 1)",1,2,2,1,7.0,4.0600,19
c=A dc=+ h=A dh=- L=M dL=+ preo=A,emergencia,"(2, 2, 1, 2)",2,2,1,2,9.0,1.7911,194
c=A dc=+ h=A dh=- L=A dL=- preo=B,emergencia,"(2, 1, 1, 0)",2,1,1,0,4.0,3.2266,2
c=A dc=+ h=A dh=- L=A dL=- preo=M,emergencia,"(0, 0, 0, 0)",0,0,0,0,0.0,0.0000,0
c=A dc=+ h=A dh=- L=A dL=- preo=A,emergencia,"(1, 1, 0, 0)",1,1,0,0,2.0,0.4604,4
c=A dc=+ h=A dh=- L=A dL=0 preo=B,emergencia,"(2, 2, 2, 1)",2,2,2,1,8.0,0.2776,1
c=A dc=+ h=A dh=- L=A dL=0 preo=M,emergencia,"(0, 0, 0, 0)",0,0,0,0,0.0,0.0000,0
c=A dc=+ h=A dh=- L=A dL=0 preo=A,emergencia,"(1, 0, 1, 2)",1,0,1,2,6.0,0.0937,4
c=A dc=+ h=A dh=- L=A dL=+ preo=B,emergencia,"(0, 2, 0, 0)",0,2,0,0,2.0,2.0356,18
c=A dc=+ h=A dh=- L=A dL=+ preo=M,emergencia,"(2, 2, 0, 1)",2,2,0,1,6.0,3.4559,1
c=A dc=+ h=A dh=- L=A dL=+ preo=A,emergencia,"(0, 0, 0, 0)",0,0,0,0,0.0,0.0000,4
c=A dc=+ h=A dh=0 L=B dL=- preo=B,emergencia,"(1, 2, 2, 2)",1,2,2,2,9.0,1.3184,194
c=A dc=+ h=A dh=0 L=B dL=- preo=M,emergencia,"(2, 0, 1, 2)",2,0,1,2,7.0,2.1783,159
c=A dc=+ h=A dh=0 L=B dL=- preo=A,emergencia,"(1, 2, 2, 1)",1,2,2,1,7.0,0.6149,1005
c=A dc=+ h=A dh=0 L=B dL=0 preo=B,emergencia,"(2, 2, 1, 2)",2,2,1,2,9.0,2.5572,9
c=A dc=+ h=A dh=0 L=B dL=0 preo=M,emergencia,"(2, 1, 0, 2)",2,1,0,2,7.0,2.3414,9
c=A dc=+ h=A dh=0 L=B dL=0 preo=A,emergencia,"(0, 0, 1, 2)",0,0,1,2,5.0,-0.3097,126
c=A dc=+ h=A dh=0 L=B dL=+ preo=B,emergencia,"(2, 0, 2, 1)",2,0,2,1,6.0,3.7866,4
c=A dc=+ h=A dh=0 L=B dL=+ preo=M,emergencia,"(2, 2, 0, 2)",2,2,0,2,8.0,7.8165,5
c=A dc=+ h=A dh=0 L=B dL=+ preo=A,emergencia,"(1, 1, 1, 2)",1,1,1,2,7.0,0.1220,119
c=A dc=+ h=A dh=0 L=M dL=- preo=B,emergencia,"(2, 2, 2, 2)",2,2,2,2,10.0,6.2632,15
c=A dc=+ h=A dh=0 L=M dL=- preo=M,emergencia,"(2, 2, 2, 0)",2,2,2,0,6.0,5.5677,9
c=A dc=+ h=A dh=0 L=M dL=- preo=A,emergencia,"(1, 2, 0, 2)",1,2,0,2,7.0,0.7510,117
c=A dc=+ h=A dh=0 L=M dL=0 preo=B,emergencia,"(0, 0, 0, 0)",0,0,0,0,0.0,0.0000,1
c=A dc=+ h=A dh=0 L=M dL=0 preo=M,emergencia,"(0, 0, 0, 0)",0,0,0,0,0.0,0.0000,2
c=A dc=+ h=A dh=0 L=M dL=0 preo=A,emergencia,"(0, 0, 0, 2)",0,0,0,2,4.0,0.0430,47
c=A dc=+ h=A dh=0 L=M dL=+ preo=B,emergencia,"(1, 1, 2, 1)",1,1,2,1,6.0,0.0358,5
c=A dc=+ h=A dh=0 L=M dL=+ preo=M,emergencia,"(0, 0, 0, 0)",0,0,0,0,0.0,0.0000,7
c=A dc=+ h=A dh=0 L=M dL=+ preo=A,emergencia,"(2, 1, 2, 2)",2,1,2,2,9.0,1.3656,73
c=A dc=+ h=A dh=0 L=A dL=- preo=B,emergencia,"(1, 2, 2, 2)",1,2,2,2,9.0,4.0078,1
c=A dc=+ h=A dh=0 L=A dL=- preo=M,emergencia,"(0, 0, 0, 0)",0,0,0,0,0.0,0.0000,0
c=A dc=+ h=A dh=0 L=A dL=- preo=A,emergencia,"(0, 0, 0, 0)",0,0,0,0,0.0,0.0000,2
c=A dc=+ h=A dh=0 L=A dL=0 preo=B,emergencia,"(0, 0, 2, 0)",0,0,2,0,2.0,0.8837,2
c=A dc=+ h=A dh=0 L=A dL=0 preo=M,emergencia,"(0, 0, 0, 0)",0,0,0,0,0.0,0.0000,0
c=A dc=+ h=A dh=0 L=A dL=0 preo=A,emergencia,"(0, 0, 0, 0)",0,0,0,0,0.0,0.0000,1
c=A dc=+ h=A dh=0 L=A dL=+ preo=B,emergencia,"(0, 0, 0, 0)",0,0,0,0,0.0,0.0000,0
c=A dc=+ h=A dh=0 L=A dL=+ preo=M,emergencia,"(0, 0, 0, 0)",0,0,0,0,0.0,0.0000,0
c=A dc=+ h=A dh=0 L=A dL=+ preo=A,emergencia,"(2, 0, 2, 1)",2,0,2,1,6.0,1.4076,5
c=A dc=+ h=A dh=+ L=B dL=- preo=B,emergencia,"(2, 2, 1, 2)",2,2,1,2,9.0,1.9410,1912
c=A dc=+ h=A dh=+ L=B dL=- preo=M,emergencia,"(2, 2, 2, 1)",2,2,2,1,8.0,1.7701,1011
c=A dc=+ h=A dh=+ L=B dL=- preo=A,emergencia,"(2, 1, 2, 2)",2,1,2,2,9.0,0.4652,2063
c=A dc=+ h=A dh=+ L=B dL=0 preo=B,emergencia,"(2, 1, 2, 0)",2,1,2,0,5.0,2.4345,76
c=A dc=+ h=A dh=+ L=B dL=0 preo=M,emergencia,"(2, 2, 2, 0)",2,2,2,0,6.0,1.0504,48
c=A dc=+ h=A dh=+ L=B dL=0 preo=A,emergencia,"(0, 2, 1, 2)",0,2,1,2,7.0,-0.1906,218
c=A dc=+ h=A dh=+ L=B dL=+ preo=B,emergencia,"(1, 0, 0, 0)",1,0,0,0,1.0,2.9737,93
c=A dc=+ h=A dh=+ L=B dL=+ preo=M,emergencia,"(1, 0, 1, 2)",1,0,1,2,6.0,5.5092,57
c=A dc=+ h=A dh=+ L=B dL=+ preo=A,emergencia,"(1, 0, 2, 2)",1,0,2,2,7.0,-0.0073,220
c=A dc=+ h=A dh=+ L=M dL=- preo=B,emergencia,"(0, 0, 1, 1)",0,0,1,1,3.0,2.1513,102
c=A dc=+ h=A dh=+ L=M dL=- preo=M,emergencia,"(0, 0, 0, 2)",0,0,0,2,4.0,2.2658,35
c=A dc=+ h=A dh=+ L=M dL=- preo=A,emergencia,"(2, 2, 2, 1)",2,2,2,1,8.0,1.4446,162
c=A dc=+ h=A dh=+ L=M dL=0 preo=B,emergencia,"(2, 2, 2, 0)",2,2,2,0,6.0,3.7281,25
c=A dc=+ h=A dh=+ L=M dL=0 preo=M,emergencia,"(0, 2, 1, 1)",0,2,1,1,5.0,2.3846,6
c=A dc=+ h=A dh=+ L=M dL=0 preo=A,emergencia,"(0, 0, 0, 1)",0,0,0,1,2.0,0.0000,48
c=A dc=+ h=A dh=+ L=M dL=+ preo=B,emergencia,"(0, 2, 0, 2)",0,2,0,2,6.0,0.8180,28
c=A dc=+ h=A dh=+ L=M dL=+ preo=M,emergencia,"(1, 2, 1, 0)",1,2,1,0,4.0,2.2624,23
c=A dc=+ h=A dh=+ L=M dL=+ preo=A,emergencia,"(1, 1, 2, 1)",1,1,2,1,6.0,0.0566,109
c=A dc=+ h=A dh=+ L=A dL=- preo=B,emergencia,"(2, 1, 0, 0)",2,1,0,0,3.0,0.6244,4
c=A dc=+ h=A dh=+ L=A dL=- preo=M,emergencia,"(0, 0, 0, 0)",0,0,0,0,0.0,0.0000,0
c=A dc=+ h=A dh=+ L=A dL=- preo=A,emergencia,"(0, 0, 0, 0)",0,0,0,0,0.0,0.0000,5
c=A dc=+ h=A dh=+ L=A dL=0 preo=B,emergencia,"(2, 1, 0, 0)",2,1,0,0,3.0,0.3813,3
c=A dc=+ h=A dh=+ L=A dL=0 preo=M,emergencia,"(0, 0, 0, 0)",0,0,0,0,0.0,0.0000,0
c=A dc=+ h=A dh=+ L=A dL=0 preo=A,emergencia,"(0, 0, 0, 0)",0,0,0,0,0.0,0.0000,1
c=A dc=+ h=A dh=+ L=A dL=+ preo=B,emergencia,"(2, 2, 1, 1)",2,2,1,1,7.0,0.6672,10
c=A dc=+ h=A dh=+ L=A dL=+ preo=M,emergencia,"(0, 0, 0, 0)",0,0,0,0,0.0,0.0000,0
c=A dc=+ h=A dh=+ L=A dL=+ preo=A,emergencia,"(0, 1, 0, 0)",0,1,0,0,1.0,0.0385,5
