estado,situacion_completa,fase,visitas,top1_accion,top1_prob,top1_coste,top2_accion,top2_prob,top2_coste,top3_accion,top3_prob,top3_coste
c=B dc=- h=B dh=- L=B dL=- preo=B,contagio Bajo (baja); hospital Bajo (baja); restriccion Bajo (baja); cumplimiento Bajo,calma,7537,"(2, 1, 2, 0)",0.4454,5.0,"(0, 2, 1, 2)",0.0858,7.0,"(2, 0, 0, 0)",0.0681,2.0
c=B dc=- h=B dh=- L=B dL=- preo=M,contagio Bajo (baja); hospital Bajo (baja); restriccion Bajo (baja); cumplimiento Medio,calma,311,"(0, 0, 1, 1)",0.9941,3.0,"(2, 2, 2, 2)",0.0037,10.0,"(0, 2, 1, 0)",0.0009,3.0
c=B dc=- h=B dh=- L=B dL=- preo=A,contagio Bajo (baja); hospital Bajo (baja); restriccion Bajo (baja); cumplimiento Alto,calma,248,"(1, 1, 2, 2)",0.9325,8.0,"(0, 0, 1, 1)",0.0360,3.0,"(0, 1, 0, 0)",0.0132,1.0
c=B dc=- h=B dh=- L=B dL=0 preo=B,contagio Bajo (baja); hospital Bajo (baja); restriccion Bajo (estable); cumplimiento Bajo,calma,299,"(0, 2, 0, 0)",0.9986,2.0,"(0, 0, 2, 0)",0.0011,2.0,"(2, 2, 0, 2)",0.0002,8.0
c=B dc=- h=B dh=- L=B dL=0 preo=M,contagio Bajo (baja); hospital Bajo (baja); restriccion Bajo (estable); cumplimiento Medio,calma,22,"(1, 2, 1, 1)",1.0000,6.0,"(0, 2, 0, 2)",0.0000,6.0,"(0, 2, 1, 1)",0.0000,5.0
c=B dc=- h=B dh=- L=B dL=0 preo=A,contagio Bajo (baja); hospital Bajo (baja); restriccion Bajo (estable); cumplimiento Alto,calma,58,"(2, 2, 1, 1)",0.9999,7.0,"(2, 2, 2, 2)",0.0000,10.0,"(1, 0, 0, 2)",0.0000,5.0
c=B dc=- h=B dh=- L=B dL=+ preo=B,contagio Bajo (baja); hospital Bajo (baja); restriccion Bajo (sube); cumplimiento Bajo,calma,767,"(1, 1, 1, 0)",0.9929,3.0,"(2, 0, 1, 2)",0.0058,7.0,"(0, 2, 0, 2)",0.0003,6.0
c=B dc=- h=B dh=- L=B dL=+ preo=M,contagio Bajo (baja); hospital Bajo (baja); restriccion Bajo (sube); cumplimiento Medio,calma,8,"(1, 1, 0, 0)",0.9999,2.0,"(2, 2, 2, 2)",0.0000,10.0,"(1, 0, 0, 1)",0.0000,3.0
c=B dc=- h=B dh=- L=B dL=+ preo=A,contagio Bajo (baja); hospital Bajo (baja); restriccion Bajo (sube); cumplimiento Alto,calma,76,"(2, 2, 1, 2)",0.9476,9.0,"(1, 0, 2, 0)",0.0483,3.0,"(1, 0, 0, 0)",0.0020,1.0
c=B dc=- h=B dh=- L=M dL=- preo=B,contagio Bajo (baja); hospital Bajo (baja); restriccion Medio (baja); cumplimiento Bajo,calma,25448,"(0, 0, 0, 0)",0.0654,0.0,"(1, 2, 0, 2)",0.0410,7.0,"(0, 0, 1, 0)",0.0352,1.0
c=B dc=- h=B dh=- L=M dL=- preo=M,contagio Bajo (baja); hospital Bajo (baja); restriccion Medio (baja); cumplimiento Medio,calma,5047,"(2, 2, 2, 2)",0.5561,10.0,"(1, 0, 0, 1)",0.0924,3.0,"(2, 1, 2, 1)",0.0853,7.0
c=B dc=- h=B dh=- L=M dL=- preo=A,contagio Bajo (baja); hospital Bajo (baja); restriccion Medio (baja); cumplimiento Alto,calma,84,"(1, 2, 2, 1)",0.9981,7.0,"(2, 2, 2, 0)",0.0004,6.0,"(2, 2, 2, 2)",0.0000,10.0
c=B dc=- h=B dh=- L=M dL=0 preo=B,contagio Bajo (baja); hospital Bajo (baja); restriccion Medio (estable); cumplimiento Bajo,calma,8412,"(2, 1, 2, 1)",0.2758,7.0,"(1, 0, 0, 0)",0.1245,1.0,"(1, 2, 1, 0)",0.0994,4.0
c=B dc=- h=B dh=- L=M dL=0 preo=M,contagio Bajo (baja); hospital Bajo (baja); restriccion Medio (estable); cumplimiento Medio,calma,559,"(0, 2, 1, 1)",0.8995,5.0,"(2, 0, 1, 2)",0.0863,7.0,"(0, 2, 1, 0)",0.0070,3.0
c=B dc=- h=B dh=- L=M dL=0 preo=A,contagio Bajo (baja); hospital Bajo (baja); restriccion Medio (estable); cumplimiento Alto,calma,56,"(2, 0, 1, 0)",0.9964,3.0,"(0, 1, 1, 1)",0.0018,4.0,"(2, 0, 2, 0)",0.0005,4.0
c=B dc=- h=B dh=- L=M dL=+ preo=B,contagio Bajo (baja); hospital Bajo (baja); restriccion Medio (sube); cumplimiento Bajo,calma,413846,"(0, 0, 0, 0)",0.0312,0.0,"(2, 2, 1, 1)",0.0254,7.0,"(1, 2, 0, 2)",0.0247,7.0
c=B dc=- h=B dh=- L=M dL=+ preo=M,contagio Bajo (baja); hospital Bajo (baja); restriccion Medio (sube); cumplimiento Medio,calma,1791,"(2, 2, 1, 1)",0.9866,7.0,"(0, 1, 0, 1)",0.0037,3.0,"(1, 2, 1, 2)",0.0029,8.0
c=B dc=- h=B dh=- L=M dL=+ preo=A,contagio Bajo (baja); hospital Bajo (baja); restriccion Medio (sube); cumplimiento Alto,calma,288,"(2, 2, 1, 2)",0.9947,9.0,"(0, 1, 2, 1)",0.0013,5.0,"(1, 0, 0, 1)",0.0010,3.0
c=B dc=- h=B dh=- L=A dL=- preo=B,contagio Bajo (baja); hospital Bajo (baja); restriccion Alto (baja); cumplimiento Bajo,calma,36167,"(0, 0, 0, 0)",0.0580,0.0,"(0, 0, 1, 0)",0.0400,1.0,"(1, 2, 1, 0)",0.0327,4.0
c=B dc=- h=B dh=- L=A dL=- preo=M,contagio Bajo (baja); hospital Bajo (baja); restriccion Alto (baja); cumplimiento Medio,calma,872,"(2, 1, 1, 1)",0.9980,6.0,"(2, 0, 1, 0)",0.0003,3.0,"(1, 1, 1, 2)",0.0002,7.0
c=B dc=- h=B dh=- L=A dL=- preo=A,contagio Bajo (baja); hospital Bajo (baja); restriccion Alto (baja); cumplimiento Alto,calma,13,"(2, 0, 0, 1)",0.9700,4.0,"(2, 2, 2, 2)",0.0004,10.0,"(1, 1, 1, 0)",0.0004,3.0
c=B dc=- h=B dh=- L=A dL=0 preo=B,contagio Bajo (baja); hospital Bajo (baja); restriccion Alto (estable); cumplimiento Bajo,calma,104019,"(0, 0, 0, 0)",0.0401,0.0,"(1, 0, 0, 0)",0.0326,1.0,"(0, 0, 1, 0)",0.0320,1.0
c=B dc=- h=B dh=- L=A dL=0 preo=M,contagio Bajo (baja); hospital Bajo (baja); restriccion Alto (estable); cumplimiento Medio,calma,1671,"(0, 0, 1, 0)",0.9390,1.0,"(2, 0, 0, 0)",0.0334,2.0,"(1, 0, 0, 0)",0.0134,1.0
c=B dc=- h=B dh=- L=A dL=0 preo=A,contagio Bajo (baja); hospital Bajo (baja); restriccion Alto (estable); cumplimiento Alto,calma,9,"(2, 0, 2, 1)",0.9666,6.0,"(2, 2, 2, 2)",0.0004,10.0,"(1, 0, 0, 1)",0.0004,3.0
c=B dc=- h=B dh=- L=A dL=+ preo=B,contagio Bajo (baja); hospital Bajo (baja); restriccion Alto (sube); cumplimiento Bajo,calma,2090921,"(0, 0, 0, 0)",0.0382,0.0,"(0, 0, 1, 0)",0.0258,1.0,"(0, 1, 0, 0)",0.0243,1.0
c=B dc=- h=B dh=- L=A dL=+ preo=M,contagio Bajo (baja); hospital Bajo (baja); restriccion Alto (sube); cumplimiento Medio,calma,13000,"(1, 0, 1, 2)",0.0834,6.0,"(2, 1, 2, 2)",0.0709,9.0,"(2, 0, 1, 2)",0.0503,7.0
c=B dc=- h=B dh=- L=A dL=+ preo=A,contagio Bajo (baja); hospital Bajo (baja); restriccion Alto (sube); cumplimiento Alto,calma,821,"(0, 0, 0, 1)",0.9353,2.0,"(1, 2, 1, 1)",0.0376,6.0,"(0, 1, 1, 0)",0.0060,2.0
c=B dc=- h=B dh=0 L=B dL=- preo=B,contagio Bajo (baja); hospital Bajo (estable); restriccion Bajo (baja); cumplimiento Bajo,calma,2654,"(0, 1, 1, 0)",0.9209,2.0,"(0, 2, 1, 2)",0.0421,7.0,"(2, 0, 1, 0)",0.0082,3.0
c=B dc=- h=B dh=0 L=B dL=- preo=M,contagio Bajo (baja); hospital Bajo (estable); restriccion Bajo (baja); cumplimiento Medio,calma,76,"(0, 2, 1, 2)",1.0000,7.0,"(2, 2, 2, 2)",0.0000,10.0,"(1, 1, 1, 0)",0.0000,3.0
c=B dc=- h=B dh=0 L=B dL=- preo=A,contagio Bajo (baja); hospital Bajo (estable); restriccion Bajo (baja); cumplimiento Alto,calma,46,"(0, 0, 1, 2)",0.9943,5.0,"(0, 0, 2, 0)",0.0015,2.0,"(1, 1, 2, 0)",0.0008,4.0
c=B dc=- h=B dh=0 L=B dL=0 preo=B,contagio Bajo (baja); hospital Bajo (estable); restriccion Bajo (estable); cumplimiento Bajo,calma,96,"(2, 0, 2, 0)",0.9997,4.0,"(1, 2, 2, 1)",0.0001,7.0,"(1, 0, 1, 0)",0.0001,2.0
c=B dc=- h=B dh=0 L=B dL=0 preo=M,contagio Bajo (baja); hospital Bajo (estable); restriccion Bajo (estable); cumplimiento Medio,calma,2,"(1, 2, 0, 0)",0.9992,3.0,"(2, 2, 2, 2)",0.0000,10.0,"(1, 0, 0, 2)",0.0000,5.0
c=B dc=- h=B dh=0 L=B dL=0 preo=A,contagio Bajo (baja); hospital Bajo (estable); restriccion Bajo (estable); cumplimiento Alto,calma,12,"(0, 1, 1, 1)",0.9956,4.0,"(2, 2, 2, 2)",0.0001,10.0,"(0, 2, 0, 2)",0.0001,6.0
c=B dc=- h=B dh=0 L=B dL=+ preo=B,contagio Bajo (baja); hospital Bajo (estable); restriccion Bajo (sube); cumplimiento Bajo,calma,250,"(0, 0, 1, 1)",0.8996,3.0,"(0, 1, 0, 1)",0.0999,3.0,"(2, 1, 1, 0)",0.0002,4.0
c=B dc=- h=B dh=0 L=B dL=+ preo=M,contagio Bajo (baja); hospital Bajo (estable); restriccion Bajo (sube); cumplimiento Medio,calma,3,"(1, 1, 2, 0)",0.9995,4.0,"(2, 2, 2, 2)",0.0000,10.0,"(1, 0, 0, 2)",0.0000,5.0
c=B dc=- h=B dh=0 L=B dL=+ preo=A,contagio Bajo (baja); hospital Bajo (estable); restriccion Bajo (sube); cumplimiento Alto,calma,8,"(0, 0, 1, 2)",0.9588,5.0,"(2, 0, 0, 1)",0.0185,4.0,"(2, 2, 2, 2)",0.0003,10.0
c=B dc=- h=B dh=0 L=M dL=- preo=B,contagio Bajo (baja); hospital Bajo (estable); restriccion Medio (baja); cumplimiento Bajo,calma,7564,"(2, 1, 2, 1)",0.4008,7.0,"(1, 1, 2, 0)",0.1089,4.0,"(1, 2, 2, 0)",0.0908,5.0
c=B dc=- h=B dh=0 L=M dL=- preo=M,contagio Bajo (baja); hospital Bajo (estable); restriccion Medio (baja); cumplimiento Medio,calma,644,"(2, 1, 1, 0)",0.9955,4.0,"(1, 2, 2, 2)",0.0012,9.0,"(2, 1, 1, 2)",0.0011,8.0
c=B dc=- h=B dh=0 L=M dL=- preo=A,contagio Bajo (baja); hospital Bajo (estable); restriccion Medio (baja); cumplimiento Alto,calma,32,"(1, 2, 2, 2)",0.9908,9.0,"(2, 2, 2, 2)",0.0001,10.0,"(1, 1, 1, 0)",0.0001,3.0
c=B dc=- h=B dh=0 L=M dL=0 preo=B,contagio Bajo (baja); hospital Bajo (estable); restriccion Medio (estable); cumplimiento Bajo,calma,3066,"(1, 0, 2, 0)",0.8850,3.0,"(0, 1, 0, 0)",0.0211,1.0,"(0, 1, 1, 0)",0.0204,2.0
c=B dc=- h=B dh=0 L=M dL=0 preo=M,contagio Bajo (baja); hospital Bajo (estable); restriccion Medio (estable); cumplimiento Medio,calma,88,"(1, 1, 2, 1)",0.9991,6.0,"(1, 2, 0, 2)",0.0006,7.0,"(2, 1, 0, 1)",0.0002,5.0
c=B dc=- h=B dh=0 L=M dL=0 preo=A,contagio Bajo (baja); hospital Bajo (estable); restriccion Medio (estable); cumplimiento Alto,calma,15,"(0, 2, 2, 1)",0.9872,6.0,"(2, 2, 2, 2)",0.0002,10.0,"(1, 1, 1, 0)",0.0002,3.0
c=B dc=- h=B dh=0 L=M dL=+ preo=B,contagio Bajo (baja); hospital Bajo (estable); restriccion Medio (sube); cumplimiento Bajo,calma,161749,"(0, 0, 0, 0)",0.0347,0.0,"(2, 2, 0, 0)",0.0268,4.0,"(2, 2, 1, 0)",0.0254,5.0
c=B dc=- h=B dh=0 L=M dL=+ preo=M,contagio Bajo (baja); hospital Bajo (estable); restriccion Medio (sube); cumplimiento Medio,calma,308,"(1, 1, 0, 0)",0.9908,2.0,"(1, 2, 1, 2)",0.0037,8.0,"(2, 1, 2, 2)",0.0020,9.0
c=B dc=- h=B dh=0 L=M dL=+ preo=A,contagio Bajo (baja); hospital Bajo (estable); restriccion Medio (sube); cumplimiento Alto,calma,110,"(2, 1, 2, 0)",0.9815,5.0,"(0, 0, 0, 0)",0.0059,0.0,"(0, 2, 1, 2)",0.0040,7.0
c=B dc=- h=B dh=0 L=A dL=- preo=B,contagio Bajo (baja); hospital Bajo (estable); restriccion Alto (baja); cumplimiento Bajo,calma,17770,"(0, 0, 0, 0)",0.1600,0.0,"(0, 0, 1, 0)",0.1074,1.0,"(2, 1, 0, 1)",0.0481,5.0
c=B dc=- h=B dh=0 L=A dL=- preo=M,contagio Bajo (baja); hospital Bajo (estable); restriccion Alto (baja); cumplimiento Medio,calma,451,"(0, 1, 0, 2)",0.9946,5.0,"(1, 0, 2, 2)",0.0016,7.0,"(2, 0, 2, 1)",0.0005,6.0
c=B dc=- h=B dh=0 L=A dL=- preo=A,contagio Bajo (baja); hospital Bajo (estable); restriccion Alto (baja); cumplimiento Alto,calma,2,"(1, 0, 0, 1)",0.8042,3.0,"(2, 2, 2, 2)",0.0024,10.0,"(1, 1, 1, 0)",0.0024,3.0
c=B dc=- h=B dh=0 L=A dL=0 preo=B,contagio Bajo (baja); hospital Bajo (estable); restriccion Alto (estable); cumplimiento Bajo,calma,77160,"(0, 0, 0, 0)",0.0445,0.0,"(0, 0, 1, 0)",0.0343,1.0,"(2, 2, 1, 0)",0.0315,5.0
c=B dc=- h=B dh=0 L=A dL=0 preo=M,contagio Bajo (baja); hospital Bajo (estable); restriccion Alto (estable); cumplimiento Medio,calma,637,"(2, 0, 1, 0)",0.9927,3.0,"(2, 0, 2, 1)",0.0022,6.0,"(0, 1, 2, 1)",0.0015,5.0
c=B dc=- h=B dh=0 L=A dL=0 preo=A,contagio Bajo (baja); hospital Bajo (estable); restriccion Alto (estable); cumplimiento Alto,calma,5,"(0, 1, 0, 2)",0.9969,5.0,"(2, 2, 2, 2)",0.0000,10.0,"(0, 2, 0, 2)",0.0000,6.0
c=B dc=- h=B dh=0 L=A dL=+ preo=B,contagio Bajo (baja); hospital Bajo (estable); restriccion Alto (sube); cumplimiento Bajo,calma,991023,"(0, 0, 0, 0)",0.0356,0.0,"(1, 0, 0, 0)",0.0243,1.0,"(0, 1, 0, 0)",0.0233,1.0
c=B dc=- h=B dh=0 L=A dL=+ preo=M,contagio Bajo (baja); hospital Bajo (estable); restriccion Alto (sube); cumplimiento Medio,calma,2616,"(2, 2, 2, 0)",0.7553,6.0,"(2, 2, 2, 2)",0.0847,10.0,"(0, 2, 0, 2)",0.0515,6.0
c=B dc=- h=B dh=0 L=A dL=+ preo=A,contagio Bajo (baja); hospital Bajo (estable); restriccion Alto (sube); cumplimiento Alto,calma,301,"(1, 2, 1, 0)",0.9508,4.0,"(2, 0, 0, 2)",0.0229,6.0,"(2, 0, 1, 2)",0.0060,7.0
c=B dc=- h=B dh=+ L=B dL=- preo=B,contagio Bajo (baja); hospital Bajo (sube); restriccion Bajo (baja); cumplimiento Bajo,calma,4200,"(0, 0, 0, 2)",0.3151,4.0,"(2, 0, 0, 0)",0.2100,2.0,"(1, 2, 0, 2)",0.1196,7.0
c=B dc=- h=B dh=+ L=B dL=- preo=M,contagio Bajo (baja); hospital Bajo (sube); restriccion Bajo (baja); cumplimiento Medio,calma,108,"(0, 1, 0, 2)",0.9824,5.0,"(1, 1, 0, 2)",0.0082,6.0,"(0, 2, 1, 2)",0.0074,7.0
c=B dc=- h=B dh=+ L=B dL=- preo=A,contagio Bajo (baja); hospital Bajo (sube); restriccion Bajo (baja); cumplimiento Alto,calma,254,"(0, 0, 1, 0)",0.8739,1.0,"(0, 2, 0, 2)",0.0758,6.0,"(0, 0, 1, 1)",0.0122,3.0
c=B dc=- h=B dh=+ L=B dL=0 preo=B,contagio Bajo (baja); hospital Bajo (sube); restriccion Bajo (estable); cumplimiento Bajo,calma,134,"(0, 2, 1, 2)",0.9997,7.0,"(2, 2, 1, 2)",0.0002,9.0,"(2, 0, 0, 1)",0.0001,4.0
c=B dc=- h=B dh=+ L=B dL=0 preo=M,contagio Bajo (baja); hospital Bajo (sube); restriccion Bajo (estable); cumplimiento Medio,calma,6,"(2, 2, 0, 1)",1.0000,6.0,"(2, 2, 2, 2)",0.0000,10.0,"(1, 0, 0, 2)",0.0000,5.0
c=B dc=- h=B dh=+ L=B dL=0 preo=A,contagio Bajo (baja); hospital Bajo (sube); restriccion Bajo (estable); cumplimiento Alto,calma,20,"(0, 0, 0, 0)",0.9975,0.0,"(1, 1, 1, 0)",0.0000,3.0,"(0, 2, 1, 0)",0.0000,3.0
c=B dc=- h=B dh=+ L=B dL=+ preo=B,contagio Bajo (baja); hospital Bajo (sube); restriccion Bajo (sube); cumplimiento Bajo,calma,410,"(1, 0, 1, 1)",0.9968,4.0,"(0, 1, 2, 2)",0.0006,7.0,"(0, 1, 2, 0)",0.0005,3.0
c=B dc=- h=B dh=+ L=B dL=+ preo=M,contagio Bajo (baja); hospital Bajo (sube); restriccion Bajo (sube); cumplimiento Medio,calma,1,"(1, 0, 1, 0)",0.8308,2.0,"(2, 2, 2, 2)",0.0021,10.0,"(1, 0, 0, 1)",0.0021,3.0
c=B dc=- h=B dh=+ L=B dL=+ preo=A,contagio Bajo (baja); hospital Bajo (sube); restriccion Bajo (sube); cumplimiento Alto,calma,17,"(0, 2, 1, 2)",0.9959,7.0,"(2, 2, 2, 2)",0.0001,10.0,"(1, 1, 1, 0)",0.0001,3.0
c=B dc=- h=B dh=+ L=M dL=- preo=B,contagio Bajo (baja); hospital Bajo (sube); restriccion Medio (baja); cumplimiento Bajo,calma,11845,"(2, 2, 0, 1)",0.2108,6.0,"(1, 0, 0, 0)",0.1143,1.0,"(2, 0, 1, 1)",0.0777,5.0
c=B dc=- h=B dh=+ L=M dL=- preo=M,contagio Bajo (baja); hospital Bajo (sube); restriccion Medio (baja); cumplimiento Medio,calma,822,"(0, 1, 2, 0)",0.9572,3.0,"(1, 0, 1, 0)",0.0255,2.0,"(1, 0, 0, 2)",0.0078,5.0
c=B dc=- h=B dh=+ L=M dL=- preo=A,contagio Bajo (baja); hospital Bajo (sube); restriccion Medio (baja); cumplimiento Alto,calma,133,"(2, 2, 1, 0)",0.8245,5.0,"(2, 1, 0, 2)",0.1492,7.0,"(0, 2, 2, 0)",0.0068,4.0
c=B dc=- h=B dh=+ L=M dL=0 preo=B,contagio Bajo (baja); hospital Bajo (sube); restriccion Medio (estable); cumplimiento Bajo,calma,5039,"(0, 2, 0, 0)",0.5130,2.0,"(1, 2, 1, 2)",0.1855,8.0,"(2, 2, 0, 2)",0.0887,8.0
c=B dc=- h=B dh=+ L=M dL=0 preo=M,contagio Bajo (baja); hospital Bajo (sube); restriccion Medio (estable); cumplimiento Medio,calma,113,"(2, 2, 2, 1)",0.9999,8.0,"(0, 2, 0, 1)",0.0001,4.0,"(0, 0, 1, 2)",0.0000,5.0
c=B dc=- h=B dh=+ L=M dL=0 preo=A,contagio Bajo (baja); hospital Bajo (sube); restriccion Medio (estable); cumplimiento Alto,calma,82,"(0, 0, 2, 1)",0.9832,4.0,"(2, 2, 0, 0)",0.0076,4.0,"(2, 2, 2, 2)",0.0001,10.0
c=B dc=- h=B dh=+ L=M dL=+ preo=B,contagio Bajo (baja); hospital Bajo (sube); restriccion Medio (sube); cumplimiento Bajo,calma,247360,"(0, 0, 0, 0)",0.0349,0.0,"(2, 2, 1, 0)",0.0260,5.0,"(0, 2, 0, 0)",0.0257,2.0
c=B dc=- h=B dh=+ L=M dL=+ preo=M,contagio Bajo (baja); hospital Bajo (sube); restriccion Medio (sube); cumplimiento Medio,calma,295,"(2, 2, 1, 0)",0.9989,5.0,"(1, 1, 2, 0)",0.0005,4.0,"(2, 1, 0, 2)",0.0002,7.0
c=B dc=- h=B dh=+ L=M dL=+ preo=A,contagio Bajo (baja); hospital Bajo (sube); restriccion Medio (sube); cumplimiento Alto,calma,581,"(1, 2, 0, 2)",0.9081,7.0,"(2, 1, 1, 1)",0.0289,6.0,"(1, 2, 1, 0)",0.0092,4.0
c=B dc=- h=B dh=+ L=A dL=- preo=B,contagio Bajo (baja); hospital Bajo (sube); restriccion Alto (baja); cumplimiento Bajo,calma,35520,"(0, 1, 0, 0)",0.0671,1.0,"(1, 0, 0, 0)",0.0405,1.0,"(0, 0, 2, 0)",0.0331,2.0
c=B dc=- h=B dh=+ L=A dL=- preo=M,contagio Bajo (baja); hospital Bajo (sube); restriccion Alto (baja); cumplimiento Medio,calma,440,"(1, 2, 0, 0)",0.9770,3.0,"(2, 2, 0, 0)",0.0183,4.0,"(1, 0, 0, 1)",0.0037,3.0
c=B dc=- h=B dh=+ L=A dL=- preo=A,contagio Bajo (baja); hospital Bajo (sube); restriccion Alto (baja); cumplimiento Alto,calma,10,"(1, 0, 0, 2)",0.9919,5.0,"(0, 2, 0, 1)",0.0002,4.0,"(1, 1, 0, 1)",0.0001,4.0
c=B dc=- h=B dh=+ L=A dL=0 preo=B,contagio Bajo (baja); hospital Bajo (sube); restriccion Alto (estable); cumplimiento Bajo,calma,161406,"(0, 0, 0, 0)",0.0363,0.0,"(2, 0, 2, 0)",0.0281,4.0,"(1, 2, 2, 0)",0.0262,5.0
c=B dc=- h=B dh=+ L=A dL=0 preo=M,contagio Bajo (baja); hospital Bajo (sube); restriccion Alto (estable); cumplimiento Medio,calma,696,"(0, 1, 0, 1)",0.9830,3.0,"(2, 0, 1, 0)",0.0066,3.0,"(1, 0, 2, 1)",0.0025,5.0
c=B dc=- h=B dh=+ L=A dL=0 preo=A,contagio Bajo (baja); hospital Bajo (sube); restriccion Alto (estable); cumplimiento Alto,calma,35,"(2, 1, 1, 1)",0.9935,6.0,"(2, 2, 2, 2)",0.0001,10.0,"(1, 0, 0, 1)",0.0001,3.0
c=B dc=- h=B dh=+ L=A dL=+ preo=B,contagio Bajo (baja); hospital Bajo (sube); restriccion Alto (sube); cumplimiento Bajo,calma,1561634,"(0, 0, 0, 0)",0.0374,0.0,"(0, 0, 1, 0)",0.0250,1.0,"(2, 2, 1, 0)",0.0242,5.0
c=B dc=- h=B dh=+ L=A dL=+ preo=M,contagio Bajo (baja); hospital Bajo (sube); restriccion Alto (sube); cumplimiento Medio,calma,3143,"(2, 2, 0, 1)",0.6350,6.0,"(0, 2, 1, 2)",0.1883,7.0,"(0, 1, 2, 2)",0.0489,7.0
c=B dc=- h=B dh=+ L=A dL=+ preo=A,contagio Bajo (baja); hospital Bajo (sube); restriccion Alto (sube); cumplimiento Alto,calma,2595,"(1, 1, 1, 0)",0.3100,3.0,"(0, 2, 2, 0)",0.1528,4.0,"(2, 1, 1, 2)",0.1445,8.0
c=B dc=- h=M dh=- L=B dL=- preo=B,contagio Bajo (baja); hospital Medio (baja); restriccion Bajo (baja); cumplimiento Bajo,calma,3082,"(0, 2, 2, 0)",0.4879,4.0,"(2, 0, 0, 2)",0.1858,6.0,"(2, 2, 0, 2)",0.1219,8.0
c=B dc=- h=M dh=- L=B dL=- preo=M,contagio Bajo (baja); hospital Medio (baja); restriccion Bajo (baja); cumplimiento Medio,calma,1161,"(1, 1, 1, 2)",0.9006,7.0,"(0, 0, 1, 2)",0.0499,5.0,"(1, 0, 2, 2)",0.0120,7.0
c=B dc=- h=M dh=- L=B dL=- preo=A,contagio Bajo (baja); hospital Medio (baja); restriccion Bajo (baja); cumplimiento Alto,calma,471,"(2, 1, 2, 1)",0.9783,7.0,"(2, 2, 0, 1)",0.0078,6.0,"(0, 2, 1, 0)",0.0037,3.0
c=B dc=- h=M dh=- L=B dL=0 preo=B,contagio Bajo (baja); hospital Medio (baja); restriccion Bajo (estable); cumplimiento Bajo,calma,116,"(0, 1, 2, 1)",0.9972,5.0,"(0, 0, 0, 0)",0.0010,0.0,"(0, 1, 1, 0)",0.0007,2.0
c=B dc=- h=M dh=- L=B dL=0 preo=M,contagio Bajo (baja); hospital Medio (baja); restriccion Bajo (estable); cumplimiento Medio,calma,23,"(0, 2, 1, 1)",0.9992,5.0,"(1, 1, 2, 2)",0.0007,8.0,"(2, 2, 2, 2)",0.0000,10.0
c=B dc=- h=M dh=- L=B dL=0 preo=A,contagio Bajo (baja); hospital Medio (baja); restriccion Bajo (estable); cumplimiento Alto,calma,12,"(0, 0, 2, 2)",0.9987,6.0,"(2, 2, 2, 2)",0.0000,10.0,"(1, 0, 1, 0)",0.0000,2.0
c=B dc=- h=M dh=- L=B dL=+ preo=B,contagio Bajo (baja); hospital Medio (baja); restriccion Bajo (sube); cumplimiento Bajo,calma,192,"(0, 1, 1, 0)",0.9995,2.0,"(0, 0, 0, 0)",0.0002,0.0,"(1, 2, 0, 1)",0.0002,5.0
c=B dc=- h=M dh=- L=B dL=+ preo=M,contagio Bajo (baja); hospital Medio (baja); restriccion Bajo (sube); cumplimiento Medio,calma,19,"(1, 0, 0, 0)",0.9995,1.0,"(2, 2, 2, 2)",0.0000,10.0,"(2, 2, 2, 1)",0.0000,8.0
c=B dc=- h=M dh=- L=B dL=+ preo=A,contagio Bajo (baja); hospital Medio (baja); restriccion Bajo (sube); cumplimiento Alto,calma,24,"(2, 0, 1, 1)",0.9770,5.0,"(0, 2, 0, 2)",0.0013,6.0,"(2, 2, 0, 1)",0.0005,6.0
c=B dc=- h=M dh=- L=M dL=- preo=B,contagio Bajo (baja); hospital Medio (baja); restriccion Medio (baja); cumplimiento Bajo,calma,20222,"(0, 2, 0, 0)",0.0470,2.0,"(1, 0, 1, 0)",0.0393,2.0,"(2, 1, 1, 0)",0.0369,4.0
c=B dc=- h=M dh=- L=M dL=- preo=M,contagio Bajo (baja); hospital Medio (baja); restriccion Medio (baja); cumplimiento Medio,calma,24631,"(2, 2, 1, 0)",0.0588,5.0,"(2, 2, 1, 2)",0.0484,9.0,"(1, 2, 0, 2)",0.0422,7.0
c=B dc=- h=M dh=- L=M dL=- preo=A,contagio Bajo (baja); hospital Medio (baja); restriccion Medio (baja); cumplimiento Alto,calma,412,"(0, 1, 0, 1)",0.6771,3.0,"(0, 0, 1, 2)",0.2419,5.0,"(0, 2, 2, 0)",0.0239,4.0
c=B dc=- h=M dh=- L=M dL=0 preo=B,contagio Bajo (baja); hospital Medio (baja); restriccion Medio (estable); cumplimiento Bajo,calma,7047,"(1, 2, 2, 0)",0.2696,5.0,"(2, 2, 2, 0)",0.1516,6.0,"(1, 1, 2, 1)",0.1498,6.0
c=B dc=- h=M dh=- L=M dL=0 preo=M,contagio Bajo (baja); hospital Medio (baja); restriccion Medio (estable); cumplimiento Medio,calma,2601,"(2, 2, 0, 1)",0.9484,6.0,"(0, 2, 0, 1)",0.0238,4.0,"(0, 1, 1, 2)",0.0124,6.0
c=B dc=- h=M dh=- L=M dL=0 preo=A,contagio Bajo (baja); hospital Medio (baja); restriccion Medio (estable); cumplimiento Alto,calma,150,"(2, 1, 0, 2)",0.9953,7.0,"(2, 2, 2, 2)",0.0001,10.0,"(0, 2, 0, 2)",0.0001,6.0
c=B dc=- h=M dh=- L=M dL=+ preo=B,contagio Bajo (baja); hospital Medio (baja); restriccion Medio (sube); cumplimiento Bajo,calma,113376,"(0, 0, 0, 0)",0.0320,0.0,"(1, 0, 0, 0)",0.0253,1.0,"(2, 1, 2, 0)",0.0251,5.0
c=B dc=- h=M dh=- L=M dL=+ preo=M,contagio Bajo (baja); hospital Medio (baja); restriccion Medio (sube); cumplimiento Medio,calma,1858,"(2, 0, 1, 0)",0.7621,3.0,"(1, 1, 2, 2)",0.0977,8.0,"(1, 2, 0, 1)",0.0440,5.0
c=B dc=- h=M dh=- L=M dL=+ preo=A,contagio Bajo (baja); hospital Medio (baja); restriccion Medio (sube); cumplimiento Alto,calma,236,"(0, 2, 1, 1)",0.9752,5.0,"(0, 1, 1, 0)",0.0174,2.0,"(2, 0, 1, 2)",0.0028,7.0
c=B dc=- h=M dh=- L=A dL=- preo=B,contagio Bajo (baja); hospital Medio (baja); restriccion Alto (baja); cumplimiento Bajo,calma,12136,"(2, 2, 1, 0)",0.1264,5.0,"(2, 1, 1, 0)",0.0796,4.0,"(1, 0, 2, 0)",0.0663,3.0
c=B dc=- h=M dh=- L=A dL=- preo=M,contagio Bajo (baja); hospital Medio (baja); restriccion Alto (baja); cumplimiento Medio,calma,1338,"(2, 0, 0, 0)",0.9846,2.0,"(0, 1, 1, 1)",0.0049,4.0,"(0, 2, 1, 2)",0.0017,7.0
c=B dc=- h=M dh=- L=A dL=- preo=A,contagio Bajo (baja); hospital Medio (baja); restriccion Alto (baja); cumplimiento Alto,calma,141,"(2, 2, 0, 2)",0.7882,8.0,"(1, 0, 0, 0)",0.2076,1.0,"(2, 1, 1, 2)",0.0001,8.0
c=B dc=- h=M dh=- L=A dL=0 preo=B,contagio Bajo (baja); hospital Medio (baja); restriccion Alto (estable); cumplimiento Bajo,calma,2525,"(1, 1, 2, 0)",0.8610,4.0,"(1, 1, 0, 1)",0.0976,4.0,"(2, 2, 1, 2)",0.0084,9.0
c=B dc=- h=M dh=- L=A dL=0 preo=M,contagio Bajo (baja); hospital Medio (baja); restriccion Alto (estable); cumplimiento Medio,calma,2593,"(2, 2, 0, 1)",0.7714,6.0,"(1, 2, 0, 0)",0.1527,3.0,"(1, 0, 0, 1)",0.0414,3.0
c=B dc=- h=M dh=- L=A dL=0 preo=A,contagio Bajo (baja); hospital Medio (baja); restriccion Alto (estable); cumplimiento Alto,calma,71,"(1, 1, 1, 1)",0.9482,5.0,"(1, 2, 1, 0)",0.0311,4.0,"(2, 2, 2, 0)",0.0130,6.0
c=B dc=- h=M dh=- L=A dL=+ preo=B,contagio Bajo (baja); hospital Medio (baja); restriccion Alto (sube); cumplimiento Bajo,calma,326612,"(0, 0, 0, 0)",0.0369,0.0,"(0, 1, 0, 0)",0.0264,1.0,"(1, 2, 2, 0)",0.0240,5.0
c=B dc=- h=M dh=- L=A dL=+ preo=M,contagio Bajo (baja); hospital Medio (baja); restriccion Alto (sube); cumplimiento Medio,calma,47389,"(2, 2, 2, 0)",0.0404,6.0,"(1, 2, 0, 1)",0.0305,5.0,"(1, 1, 0, 0)",0.0284,2.0
c=B dc=- h=M dh=- L=A dL=+ preo=A,contagio Bajo (baja); hospital Medio (baja); restriccion Alto (sube); cumplimiento Alto,calma,2786,"(2, 0, 0, 1)",0.5459,4.0,"(0, 2, 2, 0)",0.1238,4.0,"(2, 1, 2, 0)",0.1162,5.0
c=B dc=- h=M dh=0 L=B dL=- preo=B,contagio Bajo (baja); hospital Medio (estable); restriccion Bajo (baja); cumplimiento Bajo,calma,2098,"(2, 2, 0, 2)",0.9696,8.0,"(0, 2, 2, 1)",0.0216,6.0,"(1, 0, 2, 2)",0.0044,7.0
c=B dc=- h=M dh=0 L=B dL=- preo=M,contagio Bajo (baja); hospital Medio (estable); restriccion Bajo (baja); cumplimiento Medio,calma,204,"(1, 1, 0, 0)",0.9889,2.0,"(2, 2, 2, 1)",0.0048,8.0,"(0, 0, 0, 1)",0.0029,2.0
c=B dc=- h=M dh=0 L=B dL=- preo=A,contagio Bajo (baja); hospital Medio (estable); restriccion Bajo (baja); cumplimiento Alto,calma,21,"(2, 1, 2, 2)",0.9969,9.0,"(2, 2, 2, 2)",0.0000,10.0,"(1, 0, 0, 2)",0.0000,5.0
c=B dc=- h=M dh=0 L=B dL=0 preo=B,contagio Bajo (baja); hospital Medio (estable); restriccion Bajo (estable); cumplimiento Bajo,calma,91,"(2, 1, 2, 1)",0.9998,7.0,"(1, 0, 0, 1)",0.0002,3.0,"(1, 0, 0, 2)",0.0000,5.0
c=B dc=- h=M dh=0 L=B dL=0 preo=M,contagio Bajo (baja); hospital Medio (estable); restriccion Bajo (estable); cumplimiento Medio,calma,4,"(2, 1, 0, 1)",0.9920,5.0,"(2, 2, 2, 2)",0.0001,10.0,"(1, 0, 0, 1)",0.0001,3.0
c=B dc=- h=M dh=0 L=B dL=0 preo=A,contagio Bajo (baja); hospital Medio (estable); restriccion Bajo (estable); cumplimiento Alto,calma,1,"(2, 1, 2, 1)",0.6202,7.0,"(1, 0, 0, 2)",0.0047,5.0,"(0, 2, 1, 0)",0.0047,3.0
c=B dc=- h=M dh=0 L=B dL=+ preo=B,contagio Bajo (baja); hospital Medio (estable); restriccion Bajo (sube); cumplimiento Bajo,calma,151,"(1, 0, 0, 2)",0.9994,5.0,"(1, 0, 1, 0)",0.0003,2.0,"(0, 2, 1, 0)",0.0001,3.0
c=B dc=- h=M dh=0 L=B dL=+ preo=M,contagio Bajo (baja); hospital Medio (estable); restriccion Bajo (sube); cumplimiento Medio,calma,4,"(0, 2, 0, 1)",0.9556,4.0,"(1, 1, 1, 0)",0.0006,3.0,"(0, 2, 1, 0)",0.0006,3.0
c=B dc=- h=M dh=0 L=B dL=+ preo=A,contagio Bajo (baja); hospital Medio (estable); restriccion Bajo (sube); cumplimiento Alto,calma,0,"(2, 2, 2, 2)",0.0123,10.0,"(1, 1, 1, 0)",0.0123,3.0,"(0, 2, 1, 0)",0.0123,3.0
c=B dc=- h=M dh=0 L=M dL=- preo=B,contagio Bajo (baja); hospital Medio (estable); restriccion Medio (baja); cumplimiento Bajo,calma,13290,"(2, 0, 0, 0)",0.1303,2.0,"(0, 0, 1, 1)",0.0751,3.0,"(1, 2, 0, 1)",0.0606,5.0
c=B dc=- h=M dh=0 L=M dL=- preo=M,contagio Bajo (baja); hospital Medio (estable); restriccion Medio (baja); cumplimiento Medio,calma,9702,"(2, 1, 0, 2)",0.2376,7.0,"(2, 2, 2, 1)",0.0973,8.0,"(2, 2, 1, 1)",0.0552,7.0
c=B dc=- h=M dh=0 L=M dL=- preo=A,contagio Bajo (baja); hospital Medio (estable); restriccion Medio (baja); cumplimiento Alto,calma,18,"(2, 0, 2, 0)",0.9991,4.0,"(1, 1, 1, 0)",0.0000,3.0,"(0, 2, 1, 0)",0.0000,3.0
c=B dc=- h=M dh=0 L=M dL=0 preo=B,contagio Bajo (baja); hospital Medio (estable); restriccion Medio (estable); cumplimiento Bajo,calma,3825,"(0, 1, 0, 1)",0.4453,3.0,"(2, 2, 1, 0)",0.2097,5.0,"(0, 2, 1, 0)",0.0932,3.0
c=B dc=- h=M dh=0 L=M dL=0 preo=M,contagio Bajo (baja); hospital Medio (estable); restriccion Medio (estable); cumplimiento Medio,calma,816,"(2, 1, 1, 2)",0.9890,8.0,"(0, 1, 2, 2)",0.0069,7.0,"(1, 0, 0, 2)",0.0010,5.0
c=B dc=- h=M dh=0 L=M dL=0 preo=A,contagio Bajo (baja); hospital Medio (estable); restriccion Medio (estable); cumplimiento Alto,calma,12,"(1, 1, 0, 1)",0.8008,4.0,"(2, 2, 2, 2)",0.0025,10.0,"(1, 0, 0, 1)",0.0025,3.0
c=B dc=- h=M dh=0 L=M dL=+ preo=B,contagio Bajo (baja); hospital Medio (estable); restriccion Medio (sube); cumplimiento Bajo,calma,70672,"(0, 0, 0, 0)",0.0331,0.0,"(0, 0, 0, 1)",0.0313,2.0,"(2, 1, 2, 1)",0.0278,7.0
c=B dc=- h=M dh=0 L=M dL=+ preo=M,contagio Bajo (baja); hospital Medio (estable); restriccion Medio (sube); cumplimiento Medio,calma,411,"(2, 1, 2, 0)",0.9998,5.0,"(2, 0, 1, 2)",0.0001,7.0,"(1, 1, 1, 1)",0.0000,5.0
c=B dc=- h=M dh=0 L=M dL=+ preo=A,contagio Bajo (baja); hospital Medio (estable); restriccion Medio (sube); cumplimiento Alto,calma,42,"(0, 1, 1, 1)",0.9966,4.0,"(2, 2, 2, 2)",0.0004,10.0,"(1, 1, 0, 1)",0.0001,4.0
c=B dc=- h=M dh=0 L=A dL=- preo=B,contagio Bajo (baja); hospital Medio (estable); restriccion Alto (baja); cumplimiento Bajo,calma,12296,"(0, 0, 0, 0)",0.2658,0.0,"(1, 2, 1, 0)",0.0704,4.0,"(2, 1, 1, 1)",0.0600,6.0
c=B dc=- h=M dh=0 L=A dL=- preo=M,contagio Bajo (baja); hospital Medio (estable); restriccion Alto (baja); cumplimiento Medio,calma,598,"(1, 2, 0, 1)",0.9216,5.0,"(0, 2, 2, 1)",0.0675,6.0,"(0, 2, 2, 2)",0.0039,8.0
c=B dc=- h=M dh=0 L=A dL=- preo=A,contagio Bajo (baja); hospital Medio (estable); restriccion Alto (baja); cumplimiento Alto,calma,14,"(2, 0, 1, 0)",0.9873,3.0,"(0, 1, 0, 0)",0.0026,1.0,"(1, 0, 0, 2)",0.0001,5.0
c=B dc=- h=M dh=0 L=A dL=0 preo=B,contagio Bajo (baja); hospital Medio (estable); restriccion Alto (estable); cumplimiento Bajo,calma,2901,"(2, 1, 0, 1)",0.6790,5.0,"(0, 1, 2, 1)",0.1083,5.0,"(2, 0, 1, 0)",0.0718,3.0
c=B dc=- h=M dh=0 L=A dL=0 preo=M,contagio Bajo (baja); hospital Medio (estable); restriccion Alto (estable); cumplimiento Medio,calma,1174,"(2, 2, 2, 2)",0.8628,10.0,"(0, 0, 0, 2)",0.0984,4.0,"(0, 2, 1, 2)",0.0192,7.0
c=B dc=- h=M dh=0 L=A dL=0 preo=A,contagio Bajo (baja); hospital Medio (estable); restriccion Alto (estable); cumplimiento Alto,calma,16,"(1, 0, 0, 0)",0.9879,1.0,"(2, 2, 2, 2)",0.0002,10.0,"(2, 2, 2, 1)",0.0002,8.0
c=B dc=- h=M dh=0 L=A dL=+ preo=B,contagio Bajo (baja); hospital Medio (estable); restriccion Alto (sube); cumplimiento Bajo,calma,232508,"(0, 0, 0, 0)",0.0377,0.0,"(2, 1, 2, 0)",0.0282,5.0,"(2, 0, 1, 0)",0.0267,3.0
c=B dc=- h=M dh=0 L=A dL=+ preo=M,contagio Bajo (baja); hospital Medio (estable); restriccion Alto (sube); cumplimiento Medio,calma,16959,"(2, 2, 0, 1)",0.1098,6.0,"(2, 1, 0, 1)",0.0575,5.0,"(2, 1, 0, 2)",0.0510,7.0
c=B dc=- h=M dh=0 L=A dL=+ preo=A,contagio Bajo (baja); hospital Medio (estable); restriccion Alto (sube); cumplimiento Alto,calma,214,"(2, 0, 1, 2)",0.8038,7.0,"(2, 2, 1, 2)",0.0706,9.0,"(1, 0, 1, 2)",0.0622,6.0
c=B dc=- h=M dh=+ L=B dL=- preo=B,contagio Bajo (baja); hospital Medio (sube); restriccion Bajo (baja); cumplimiento Bajo,calma,3646,"(2, 1, 2, 2)",0.7826,9.0,"(1, 0, 1, 0)",0.0734,2.0,"(1, 0, 0, 1)",0.0551,3.0
c=B dc=- h=M dh=+ L=B dL=- preo=M,contagio Bajo (baja); hospital Medio (sube); restriccion Bajo (baja); cumplimiento Medio,calma,314,"(2, 2, 2, 1)",0.9994,8.0,"(0, 2, 2, 0)",0.0005,4.0,"(1, 2, 2, 1)",0.0001,7.0
c=B dc=- h=M dh=+ L=B dL=- preo=A,contagio Bajo (baja); hospital Medio (sube); restriccion Bajo (baja); cumplimiento Alto,calma,52,"(1, 0, 1, 1)",0.2112,4.0,"(2, 2, 1, 2)",0.0557,9.0,"(2, 2, 0, 1)",0.0401,6.0
c=B dc=- h=M dh=+ L=B dL=0 preo=B,contagio Bajo (baja); hospital Medio (sube); restriccion Bajo (estable); cumplimiento Bajo,calma,166,"(1, 1, 0, 0)",0.9998,2.0,"(1, 2, 2, 2)",0.0001,9.0,"(1, 0, 2, 2)",0.0001,7.0
c=B dc=- h=M dh=+ L=B dL=0 preo=M,contagio Bajo (baja); hospital Medio (sube); restriccion Bajo (estable); cumplimiento Medio,calma,9,"(2, 2, 2, 1)",0.9993,8.0,"(0, 2, 0, 1)",0.0000,4.0,"(0, 2, 0, 2)",0.0000,6.0
c=B dc=- h=M dh=+ L=B dL=0 preo=A,contagio Bajo (baja); hospital Medio (sube); restriccion Bajo (estable); cumplimiento Alto,calma,1,"(2, 0, 2, 2)",0.5545,8.0,"(2, 2, 2, 2)",0.0056,10.0,"(1, 0, 0, 1)",0.0056,3.0
c=B dc=- h=M dh=+ L=B dL=+ preo=B,contagio Bajo (baja); hospital Medio (sube); restriccion Bajo (sube); cumplimiento Bajo,calma,231,"(0, 2, 0, 0)",0.9995,2.0,"(1, 0, 2, 0)",0.0001,3.0,"(0, 0, 2, 0)",0.0001,2.0
c=B dc=- h=M dh=+ L=B dL=+ preo=M,contagio Bajo (baja); hospital Medio (sube); restriccion Bajo (sube); cumplimiento Medio,calma,5,"(0, 1, 2, 0)",0.9949,3.0,"(2, 2, 2, 2)",0.0001,10.0,"(0, 2, 0, 2)",0.0001,6.0
c=B dc=- h=M dh=+ L=B dL=+ preo=A,contagio Bajo (baja); hospital Medio (sube); restriccion Bajo (sube); cumplimiento Alto,calma,2,"(2, 2, 0, 2)",0.4679,8.0,"(2, 2, 2, 2)",0.0067,10.0,"(1, 0, 0, 2)",0.0067,5.0
c=B dc=- h=M dh=+ L=M dL=- preo=B,contagio Bajo (baja); hospital Medio (sube); restriccion Medio (baja); cumplimiento Bajo,calma,20830,"(2, 2, 2, 0)",0.0565,6.0,"(2, 2, 2, 1)",0.0397,8.0,"(2, 1, 1, 2)",0.0371,8.0
c=B dc=- h=M dh=+ L=M dL=- preo=M,contagio Bajo (baja); hospital Medio (sube); restriccion Medio (baja); cumplimiento Medio,calma,12826,"(2, 1, 0, 1)",0.1223,5.0,"(2, 2, 2, 2)",0.0578,10.0,"(0, 1, 0, 2)",0.0541,5.0
c=B dc=- h=M dh=+ L=M dL=- preo=A,contagio Bajo (baja); hospital Medio (sube); restriccion Medio (baja); cumplimiento Alto,calma,48,"(0, 2, 1, 2)",0.9957,7.0,"(0, 2, 2, 1)",0.0003,6.0,"(2, 2, 2, 2)",0.0001,10.0
c=B dc=- h=M dh=+ L=M dL=0 preo=B,contagio Bajo (baja); hospital Medio (sube); restriccion Medio (estable); cumplimiento Bajo,calma,6198,"(2, 0, 1, 0)",0.4210,3.0,"(1, 2, 1, 2)",0.1057,8.0,"(0, 1, 0, 0)",0.0741,1.0
c=B dc=- h=M dh=+ L=M dL=0 preo=M,contagio Bajo (baja); hospital Medio (sube); restriccion Medio (estable); cumplimiento Medio,calma,1088,"(0, 0, 1, 1)",0.7838,3.0,"(1, 2, 1, 1)",0.1132,6.0,"(1, 1, 2, 1)",0.0878,6.0
c=B dc=- h=M dh=+ L=M dL=0 preo=A,contagio Bajo (baja); hospital Medio (sube); restriccion Medio (estable); cumplimiento Alto,calma,30,"(1, 1, 0, 2)",0.8227,6.0,"(1, 0, 0, 0)",0.0581,1.0,"(2, 1, 2, 2)",0.0042,9.0
c=B dc=- h=M dh=+ L=M dL=+ preo=B,contagio Bajo (baja); hospital Medio (sube); restriccion Medio (sube); cumplimiento Bajo,calma,133108,"(0, 0, 0, 0)",0.0321,0.0,"(2, 0, 2, 0)",0.0257,4.0,"(0, 1, 0, 0)",0.0237,1.0
c=B dc=- h=M dh=+ L=M dL=+ preo=M,contagio Bajo (baja); hospital Medio (sube); restriccion Medio (sube); cumplimiento Medio,calma,550,"(2, 0, 2, 2)",0.9075,8.0,"(2, 1, 0, 0)",0.0819,3.0,"(1, 0, 2, 2)",0.0027,7.0
c=B dc=- h=M dh=+ L=M dL=+ preo=A,contagio Bajo (baja); hospital Medio (sube); restriccion Medio (sube); cumplimiento Alto,calma,157,"(0, 2, 1, 1)",0.9545,5.0,"(0, 2, 0, 2)",0.0129,6.0,"(1, 1, 1, 2)",0.0045,7.0
c=B dc=- h=M dh=+ L=A dL=- preo=B,contagio Bajo (baja); hospital Medio (sube); restriccion Alto (baja); cumplimiento Bajo,calma,25536,"(0, 1, 0, 0)",0.0456,1.0,"(0, 0, 0, 0)",0.0369,0.0,"(0, 0, 0, 1)",0.0329,2.0
c=B dc=- h=M dh=+ L=A dL=- preo=M,contagio Bajo (baja); hospital Medio (sube); restriccion Alto (baja); cumplimiento Medio,calma,1139,"(1, 0, 1, 0)",0.4666,2.0,"(1, 2, 1, 2)",0.3001,8.0,"(2, 2, 1, 0)",0.1351,5.0
c=B dc=- h=M dh=+ L=A dL=- preo=A,contagio Bajo (baja); hospital Medio (sube); restriccion Alto (baja); cumplimiento Alto,calma,33,"(2, 2, 0, 1)",0.9769,6.0,"(0, 1, 0, 2)",0.0009,5.0,"(2, 2, 2, 2)",0.0003,10.0
c=B dc=- h=M dh=+ L=A dL=0 preo=B,contagio Bajo (baja); hospital Medio (sube); restriccion Alto (estable); cumplimiento Bajo,calma,28727,"(0, 0, 0, 0)",0.0624,0.0,"(2, 1, 2, 0)",0.0344,5.0,"(2, 0, 1, 1)",0.0323,5.0
c=B dc=- h=M dh=+ L=A dL=0 preo=M,contagio Bajo (baja); hospital Medio (sube); restriccion Alto (estable); cumplimiento Medio,calma,2243,"(2, 0, 1, 0)",0.9236,3.0,"(2, 1, 1, 0)",0.0236,4.0,"(2, 0, 1, 2)",0.0184,7.0
c=B dc=- h=M dh=+ L=A dL=0 preo=A,contagio Bajo (baja); hospital Medio (sube); restriccion Alto (estable); cumplimiento Alto,calma,27,"(2, 2, 1, 2)",0.9987,9.0,"(2, 2, 2, 2)",0.0000,10.0,"(1, 0, 0, 2)",0.0000,5.0
c=B dc=- h=M dh=+ L=A dL=+ preo=B,contagio Bajo (baja); hospital Medio (sube); restriccion Alto (sube); cumplimiento Bajo,calma,545000,"(0, 0, 0, 0)",0.0399,0.0,"(0, 1, 0, 0)",0.0275,1.0,"(2, 1, 2, 0)",0.0270,5.0
c=B dc=- h=M dh=+ L=A dL=+ preo=M,contagio Bajo (baja); hospital Medio (sube); restriccion Alto (sube); cumplimiento Medio,calma,22685,"(1, 2, 2, 0)",0.0833,5.0,"(1, 2, 0, 1)",0.0388,5.0,"(2, 1, 1, 0)",0.0358,4.0
c=B dc=- h=M dh=+ L=A dL=+ preo=A,contagio Bajo (baja); hospital Medio (sube); restriccion Alto (sube); cumplimiento Alto,calma,640,"(1, 0, 0, 1)",0.7590,3.0,"(2, 1, 0, 0)",0.0325,3.0,"(0, 0, 0, 1)",0.0289,2.0
c=B dc=- h=A dh=- L=B dL=- preo=B,contagio Bajo (baja); hospital Alto (baja); restriccion Bajo (baja); cumplimiento Bajo,emergencia,185,"(2, 2, 2, 2)",0.9985,10.0,"(0, 2, 2, 1)",0.0005,6.0,"(1, 1, 1, 1)",0.0004,5.0
c=B dc=- h=A dh=- L=B dL=- preo=M,contagio Bajo (baja); hospital Alto (baja); restriccion Bajo (baja); cumplimiento Medio,emergencia,800,"(1, 0, 2, 2)",0.8922,7.0,"(2, 1, 2, 1)",0.0671,7.0,"(1, 1, 2, 2)",0.0096,8.0
c=B dc=- h=A dh=- L=B dL=- preo=A,contagio Bajo (baja); hospital Alto (baja); restriccion Bajo (baja); cumplimiento Alto,emergencia,19975,"(2, 1, 2, 1)",0.0468,7.0,"(0, 1, 0, 0)",0.0244,1.0,"(1, 0, 2, 0)",0.0214,3.0
c=B dc=- h=A dh=- L=B dL=0 preo=B,contagio Bajo (baja); hospital Alto (baja); restriccion Bajo (estable); cumplimiento Bajo,emergencia,2,"(2, 0, 1, 2)",0.9668,7.0,"(2, 2, 2, 2)",0.0004,10.0,"(0, 2, 1, 0)",0.0004,3.0
c=B dc=- h=A dh=- L=B dL=0 preo=M,contagio Bajo (baja); hospital Alto (baja); restriccion Bajo (estable); cumplimiento Medio,emergencia,10,"(2, 2, 0, 1)",0.9936,6.0,"(0, 1, 1, 0)",0.0028,2.0,"(0, 2, 1, 2)",0.0025,7.0
c=B dc=- h=A dh=- L=B dL=0 preo=A,contagio Bajo (baja); hospital Alto (baja); restriccion Bajo (estable); cumplimiento Alto,emergencia,224,"(2, 0, 2, 2)",0.4785,8.0,"(2, 0, 2, 0)",0.0221,4.0,"(0, 0, 1, 0)",0.0139,1.0
c=B dc=- h=A dh=- L=B dL=+ preo=B,contagio Bajo (baja); hospital Alto (baja); restriccion Bajo (sube); cumplimiento Bajo,emergencia,3,"(2, 2, 2, 2)",0.9988,10.0,"(1, 1, 1, 0)",0.0000,3.0,"(0, 2, 1, 0)",0.0000,3.0
c=B dc=- h=A dh=- L=B dL=+ preo=M,contagio Bajo (baja); hospital Alto (baja); restriccion Bajo (sube); cumplimiento Medio,emergencia,8,"(1, 0, 1, 1)",0.3967,4.0,"(2, 2, 2, 2)",0.0075,10.0,"(1, 0, 0, 1)",0.0075,3.0
c=B dc=- h=A dh=- L=B dL=+ preo=A,contagio Bajo (baja); hospital Alto (baja); restriccion Bajo (sube); cumplimiento Alto,emergencia,308,"(2, 2, 1, 1)",0.4947,7.0,"(0, 0, 1, 2)",0.0070,5.0,"(0, 1, 0, 2)",0.0069,5.0
c=B dc=- h=A dh=- L=M dL=- preo=B,contagio Bajo (baja); hospital Alto (baja); restriccion Medio (baja); cumplimiento Bajo,emergencia,738,"(1, 1, 1, 2)",0.9909,7.0,"(0, 1, 2, 0)",0.0032,3.0,"(1, 1, 2, 0)",0.0015,4.0
c=B dc=- h=A dh=- L=M dL=- preo=M,contagio Bajo (baja); hospital Alto (baja); restriccion Medio (baja); cumplimiento Medio,emergencia,5075,"(1, 1, 1, 1)",0.2684,5.0,"(0, 1, 1, 2)",0.1118,6.0,"(1, 2, 1, 1)",0.1056,6.0
c=B dc=- h=A dh=- L=M dL=- preo=A,contagio Bajo (baja); hospital Alto (baja); restriccion Medio (baja); cumplimiento Alto,emergencia,31789,"(2, 2, 0, 0)",0.0202,4.0,"(2, 2, 2, 2)",0.0168,10.0,"(0, 2, 1, 2)",0.0162,7.0
c=B dc=- h=A dh=- L=M dL=0 preo=B,contagio Bajo (baja); hospital Alto (baja); restriccion Medio (estable); cumplimiento Bajo,emergencia,30,"(0, 2, 0, 2)",0.9995,6.0,"(2, 0, 2, 1)",0.0003,6.0,"(1, 0, 0, 1)",0.0000,3.0
c=B dc=- h=A dh=- L=M dL=0 preo=M,contagio Bajo (baja); hospital Alto (baja); restriccion Medio (estable); cumplimiento Medio,emergencia,607,"(0, 2, 1, 2)",0.9853,7.0,"(0, 0, 1, 2)",0.0041,5.0,"(1, 0, 2, 1)",0.0024,5.0
c=B dc=- h=A dh=- L=M dL=0 preo=A,contagio Bajo (baja); hospital Alto (baja); restriccion Medio (estable); cumplimiento Alto,emergencia,9211,"(1, 2, 1, 0)",0.0365,4.0,"(0, 2, 2, 0)",0.0246,4.0,"(2, 0, 2, 2)",0.0244,8.0
c=B dc=- h=A dh=- L=M dL=+ preo=B,contagio Bajo (baja); hospital Alto (baja); restriccion Medio (sube); cumplimiento Bajo,emergencia,240,"(0, 1, 2, 2)",0.9935,7.0,"(0, 0, 0, 2)",0.0025,4.0,"(1, 0, 1, 1)",0.0014,4.0
c=B dc=- h=A dh=- L=M dL=+ preo=M,contagio Bajo (baja); hospital Alto (baja); restriccion Medio (sube); cumplimiento Medio,emergencia,793,"(2, 2, 0, 2)",0.8754,8.0,"(2, 1, 0, 2)",0.0479,7.0,"(1, 2, 1, 0)",0.0261,4.0
c=B dc=- h=A dh=- L=M dL=+ preo=A,contagio Bajo (baja); hospital Alto (baja); restriccion Medio (sube); cumplimiento Alto,emergencia,3321,"(1, 2, 1, 2)",0.1767,8.0,"(1, 1, 1, 0)",0.0752,3.0,"(0, 0, 0, 2)",0.0629,4.0
c=B dc=- h=A dh=- L=A dL=- preo=B,contagio Bajo (baja); hospital Alto (baja); restriccion Alto (baja); cumplimiento Bajo,emergencia,313,"(0, 1, 0, 1)",0.9723,3.0,"(0, 0, 0, 0)",0.0125,0.0,"(1, 1, 0, 0)",0.0079,2.0
c=B dc=- h=A dh=- L=A dL=- preo=M,contagio Bajo (baja); hospital Alto (baja); restriccion Alto (baja); cumplimiento Medio,emergencia,416,"(0, 1, 1, 2)",0.9365,6.0,"(2, 0, 1, 0)",0.0254,3.0,"(0, 2, 2, 1)",0.0216,6.0
c=B dc=- h=A dh=- L=A dL=- preo=A,contagio Bajo (baja); hospital Alto (baja); restriccion Alto (baja); cumplimiento Alto,emergencia,9201,"(2, 2, 2, 2)",0.0536,10.0,"(0, 1, 0, 0)",0.0360,1.0,"(1, 0, 2, 1)",0.0360,5.0
c=B dc=- h=A dh=- L=A dL=0 preo=B,contagio Bajo (baja); hospital Alto (baja); restriccion Alto (estable); cumplimiento Bajo,emergencia,275,"(2, 1, 2, 0)",0.9767,5.0,"(0, 2, 0, 1)",0.0126,4.0,"(2, 1, 0, 0)",0.0021,3.0
c=B dc=- h=A dh=- L=A dL=0 preo=M,contagio Bajo (baja); hospital Alto (baja); restriccion Alto (estable); cumplimiento Medio,emergencia,1031,"(0, 0, 1, 0)",0.8998,1.0,"(0, 2, 0, 0)",0.0541,2.0,"(1, 2, 0, 1)",0.0151,5.0
c=B dc=- h=A dh=- L=A dL=0 preo=A,contagio Bajo (baja); hospital Alto (baja); restriccion Alto (estable); cumplimiento Alto,emergencia,4521,"(2, 1, 2, 2)",0.0915,9.0,"(1, 0, 1, 0)",0.0607,2.0,"(0, 2, 2, 1)",0.0532,6.0
c=B dc=- h=A dh=- L=A dL=+ preo=B,contagio Bajo (baja); hospital Alto (baja); restriccion Alto (sube); cumplimiento Bajo,emergencia,4944,"(2, 0, 1, 1)",0.2348,5.0,"(2, 2, 0, 1)",0.1361,6.0,"(2, 0, 2, 2)",0.1098,8.0
c=B dc=- h=A dh=- L=A dL=+ preo=M,contagio Bajo (baja); hospital Alto (baja); restriccion Alto (sube); cumplimiento Medio,emergencia,14396,"(1, 2, 2, 0)",0.0650,5.0,"(2, 0, 1, 2)",0.0481,7.0,"(2, 1, 2, 2)",0.0333,9.0
c=B dc=- h=A dh=- L=A dL=+ preo=A,contagio Bajo (baja); hospital Alto (baja); restriccion Alto (sube); cumplimiento Alto,emergencia,116371,"(2, 2, 0, 0)",0.0369,4.0,"(0, 1, 1, 1)",0.0263,4.0,"(1, 1, 0, 1)",0.0201,4.0
c=B dc=- h=A dh=0 L=B dL=- preo=B,contagio Bajo (baja); hospital Alto (estable); restriccion Bajo (baja); cumplimiento Bajo,emergencia,37,"(0, 2, 0, 0)",0.9998,2.0,"(2, 2, 0, 2)",0.0000,8.0,"(1, 0, 0, 2)",0.0000,5.0
c=B dc=- h=A dh=0 L=B dL=- preo=M,contagio Bajo (baja); hospital Alto (estable); restriccion Bajo (baja); cumplimiento Medio,emergencia,103,"(0, 1, 2, 2)",0.9953,7.0,"(1, 2, 0, 2)",0.0020,7.0,"(1, 0, 2, 0)",0.0019,3.0
c=B dc=- h=A dh=0 L=B dL=- preo=A,contagio Bajo (baja); hospital Alto (estable); restriccion Bajo (baja); cumplimiento Alto,emergencia,2723,"(2, 2, 0, 2)",0.0855,8.0,"(2, 0, 2, 2)",0.0639,8.0,"(1, 0, 0, 1)",0.0522,3.0
c=B dc=- h=A dh=0 L=B dL=0 preo=B,contagio Bajo (baja); hospital Alto (estable); restriccion Bajo (estable); cumplimiento Bajo,emergencia,0,"(2, 2, 2, 2)",0.0123,10.0,"(1, 1, 1, 0)",0.0123,3.0,"(0, 2, 1, 0)",0.0123,3.0
c=B dc=- h=A dh=0 L=B dL=0 preo=M,contagio Bajo (baja); hospital Alto (estable); restriccion Bajo (estable); cumplimiento Medio,emergencia,0,"(2, 2, 2, 2)",0.0123,10.0,"(1, 1, 1, 0)",0.0123,3.0,"(0, 2, 1, 0)",0.0123,3.0
c=B dc=- h=A dh=0 L=B dL=0 preo=A,contagio Bajo (baja); hospital Alto (estable); restriccion Bajo (estable); cumplimiento Alto,emergencia,20,"(0, 0, 1, 1)",0.2356,3.0,"(0, 0, 2, 2)",0.0098,6.0,"(0, 0, 2, 0)",0.0098,2.0
c=B dc=- h=A dh=0 L=B dL=+ preo=B,contagio Bajo (baja); hospital Alto (estable); restriccion Bajo (sube); cumplimiento Bajo,emergencia,0,"(2, 2, 2, 2)",0.0123,10.0,"(1, 1, 1, 0)",0.0123,3.0,"(0, 2, 1, 0)",0.0123,3.0
c=B dc=- h=A dh=0 L=B dL=+ preo=M,contagio Bajo (baja); hospital Alto (estable); restriccion Bajo (sube); cumplimiento Medio,emergencia,0,"(2, 2, 2, 2)",0.0123,10.0,"(1, 1, 1, 0)",0.0123,3.0,"(0, 2, 1, 0)",0.0123,3.0
c=B dc=- h=A dh=0 L=B dL=+ preo=A,contagio Bajo (baja); hospital Alto (estable); restriccion Bajo (sube); cumplimiento Alto,emergencia,17,"(1, 0, 1, 0)",0.1093,2.0,"(1, 1, 2, 0)",0.0115,4.0,"(1, 0, 1, 2)",0.0115,6.0
c=B dc=- h=A dh=0 L=M dL=- preo=B,contagio Bajo (baja); hospital Alto (estable); restriccion Medio (baja); cumplimiento Bajo,emergencia,250,"(0, 2, 0, 1)",0.9969,4.0,"(1, 1, 0, 2)",0.0009,6.0,"(0, 2, 1, 0)",0.0007,3.0
c=B dc=- h=A dh=0 L=M dL=- preo=M,contagio Bajo (baja); hospital Alto (estable); restriccion Medio (baja); cumplimiento Medio,emergencia,1178,"(0, 1, 1, 1)",0.7961,4.0,"(1, 2, 1, 0)",0.1366,4.0,"(1, 2, 1, 1)",0.0111,6.0
c=B dc=- h=A dh=0 L=M dL=- preo=A,contagio Bajo (baja); hospital Alto (estable); restriccion Medio (baja); cumplimiento Alto,emergencia,5105,"(2, 2, 1, 1)",0.0557,7.0,"(1, 1, 2, 0)",0.0378,4.0,"(2, 0, 1, 2)",0.0363,7.0
c=B dc=- h=A dh=0 L=M dL=0 preo=B,contagio Bajo (baja); hospital Alto (estable); restriccion Medio (estable); cumplimiento Bajo,emergencia,35,"(1, 1, 1, 1)",0.9998,5.0,"(2, 0, 1, 2)",0.0002,7.0,"(0, 2, 1, 0)",0.0000,3.0
c=B dc=- h=A dh=0 L=M dL=0 preo=M,contagio Bajo (baja); hospital Alto (estable); restriccion Medio (estable); cumplimiento Medio,emergencia,75,"(0, 1, 1, 2)",0.9917,6.0,"(1, 0, 2, 1)",0.0038,5.0,"(2, 2, 1, 0)",0.0026,5.0
c=B dc=- h=A dh=0 L=M dL=0 preo=A,contagio Bajo (baja); hospital Alto (estable); restriccion Medio (estable); cumplimiento Alto,emergencia,386,"(1, 2, 2, 2)",0.2577,9.0,"(2, 0, 0, 2)",0.1761,6.0,"(1, 0, 2, 0)",0.0490,3.0
c=B dc=- h=A dh=0 L=M dL=+ preo=B,contagio Bajo (baja); hospital Alto (estable); restriccion Medio (sube); cumplimiento Bajo,emergencia,182,"(2, 0, 0, 2)",0.9898,6.0,"(2, 1, 0, 2)",0.0046,7.0,"(2, 2, 2, 2)",0.0037,10.0
c=B dc=- h=A dh=0 L=M dL=+ preo=M,contagio Bajo (baja); hospital Alto (estable); restriccion Medio (sube); cumplimiento Medio,emergencia,301,"(0, 1, 2, 2)",0.9353,7.0,"(0, 2, 2, 1)",0.0233,6.0,"(1, 2, 2, 2)",0.0086,9.0
c=B dc=- h=A dh=0 L=M dL=+ preo=A,contagio Bajo (baja); hospital Alto (estable); restriccion Medio (sube); cumplimiento Alto,emergencia,366,"(0, 1, 2, 1)",0.2282,5.0,"(1, 2, 1, 2)",0.1204,8.0,"(0, 2, 2, 1)",0.0576,6.0
c=B dc=- h=A dh=0 L=A dL=- preo=B,contagio Bajo (baja); hospital Alto (estable); restriccion Alto (baja); cumplimiento Bajo,emergencia,93,"(0, 0, 0, 2)",0.9981,4.0,"(2, 1, 2, 1)",0.0015,7.0,"(1, 0, 1, 0)",0.0000,2.0
c=B dc=- h=A dh=0 L=A dL=- preo=M,contagio Bajo (baja); hospital Alto (estable); restriccion Alto (baja); cumplimiento Medio,emergencia,120,"(2, 1, 1, 2)",0.9997,8.0,"(2, 2, 2, 2)",0.0000,10.0,"(0, 2, 1, 0)",0.0000,3.0
c=B dc=- h=A dh=0 L=A dL=- preo=A,contagio Bajo (baja); hospital Alto (estable); restriccion Alto (baja); cumplimiento Alto,emergencia,7060,"(1, 1, 2, 0)",0.0415,4.0,"(2, 1, 1, 0)",0.0371,4.0,"(0, 2, 1, 2)",0.0368,7.0
c=B dc=- h=A dh=0 L=A dL=0 preo=B,contagio Bajo (baja); hospital Alto (estable); restriccion Alto (estable); cumplimiento Bajo,emergencia,58,"(2, 2, 1, 1)",0.8964,7.0,"(1, 1, 2, 0)",0.0788,4.0,"(2, 0, 2, 2)",0.0109,8.0
c=B dc=- h=A dh=0 L=A dL=0 preo=M,contagio Bajo (baja); hospital Alto (estable); restriccion Alto (estable); cumplimiento Medio,emergencia,167,"(2, 2, 1, 0)",0.9929,5.0,"(2, 1, 2, 1)",0.0052,7.0,"(1, 0, 2, 0)",0.0009,3.0
c=B dc=- h=A dh=0 L=A dL=0 preo=A,contagio Bajo (baja); hospital Alto (estable); restriccion Alto (estable); cumplimiento Alto,emergencia,4391,"(1, 2, 2, 1)",0.0395,7.0,"(1, 0, 1, 2)",0.0345,6.0,"(2, 1, 1, 1)",0.0342,6.0
c=B dc=- h=A dh=0 L=A dL=+ preo=B,contagio Bajo (baja); hospital Alto (estable); restriccion Alto (sube); cumplimiento Bajo,emergencia,2246,"(2, 0, 0, 0)",0.6518,2.0,"(2, 0, 2, 2)",0.1336,8.0,"(1, 1, 2, 1)",0.0457,6.0
c=B dc=- h=A dh=0 L=A dL=+ preo=M,contagio Bajo (baja); hospital Alto (estable); restriccion Alto (sube); cumplimiento Medio,emergencia,3481,"(0, 1, 0, 2)",0.5076,5.0,"(0, 2, 0, 2)",0.0798,6.0,"(2, 1, 2, 1)",0.0711,7.0
c=B dc=- h=A dh=0 L=A dL=+ preo=A,contagio Bajo (baja); hospital Alto (estable); restriccion Alto (sube); cumplimiento Alto,emergencia,19089,"(1, 2, 1, 0)",0.0275,4.0,"(2, 0, 2, 0)",0.0215,4.0,"(2, 1, 0, 0)",0.0205,3.0
c=B dc=- h=A dh=+ L=B dL=- preo=B,contagio Bajo (baja); hospital Alto (sube); restriccion Bajo (baja); cumplimiento Bajo,emergencia,84,"(2, 2, 2, 2)",0.9997,10.0,"(1, 1, 0, 0)",0.0003,2.0,"(1, 0, 0, 1)",0.0000,3.0
c=B dc=- h=A dh=+ L=B dL=- preo=M,contagio Bajo (baja); hospital Alto (sube); restriccion Bajo (baja); cumplimiento Medio,emergencia,145,"(2, 1, 1, 2)",0.9899,8.0,"(1, 1, 2, 2)",0.0076,8.0,"(2, 1, 0, 2)",0.0013,7.0
c=B dc=- h=A dh=+ L=B dL=- preo=A,contagio Bajo (baja); hospital Alto (sube); restriccion Bajo (baja); cumplimiento Alto,emergencia,1051,"(1, 0, 2, 1)",0.1904,5.0,"(1, 2, 2, 2)",0.0546,9.0,"(0, 1, 0, 0)",0.0458,1.0
c=B dc=- h=A dh=+ L=B dL=0 preo=B,contagio Bajo (baja); hospital Alto (sube); restriccion Bajo (estable); cumplimiento Bajo,emergencia,1,"(1, 2, 0, 1)",0.9286,5.0,"(2, 2, 2, 2)",0.0009,10.0,"(1, 0, 0, 2)",0.0009,5.0
c=B dc=- h=A dh=+ L=B dL=0 preo=M,contagio Bajo (baja); hospital Alto (sube); restriccion Bajo (estable); cumplimiento Medio,emergencia,5,"(0, 1, 1, 2)",0.9981,6.0,"(2, 2, 2, 2)",0.0000,10.0,"(0, 2, 0, 2)",0.0000,6.0
c=B dc=- h=A dh=+ L=B dL=0 preo=A,contagio Bajo (baja); hospital Alto (sube); restriccion Bajo (estable); cumplimiento Alto,emergencia,10,"(2, 1, 0, 1)",0.1871,5.0,"(2, 2, 2, 2)",0.0103,10.0,"(0, 2, 0, 2)",0.0103,6.0
c=B dc=- h=A dh=+ L=B dL=+ preo=B,contagio Bajo (baja); hospital Alto (sube); restriccion Bajo (sube); cumplimiento Bajo,emergencia,4,"(2, 0, 2, 0)",0.9978,4.0,"(0, 2, 0, 1)",0.0000,4.0,"(0, 2, 1, 0)",0.0000,3.0
c=B dc=- h=A dh=+ L=B dL=+ preo=M,contagio Bajo (baja); hospital Alto (sube); restriccion Bajo (sube); cumplimiento Medio,emergencia,3,"(2, 2, 0, 1)",0.9833,6.0,"(2, 2, 2, 2)",0.0002,10.0,"(1, 0, 0, 2)",0.0002,5.0
c=B dc=- h=A dh=+ L=B dL=+ preo=A,contagio Bajo (baja); hospital Alto (sube); restriccion Bajo (sube); cumplimiento Alto,emergencia,16,"(1, 1, 1, 2)",0.7105,7.0,"(0, 2, 1, 1)",0.0037,5.0,"(0, 2, 1, 2)",0.0037,7.0
c=B dc=- h=A dh=+ L=M dL=- preo=B,contagio Bajo (baja); hospital Alto (sube); restriccion Medio (baja); cumplimiento Bajo,emergencia,827,"(2, 2, 2, 1)",0.9898,8.0,"(0, 0, 1, 2)",0.0041,5.0,"(1, 0, 0, 2)",0.0031,5.0
c=B dc=- h=A dh=+ L=M dL=- preo=M,contagio Bajo (baja); hospital Alto (sube); restriccion Medio (baja); cumplimiento Medio,emergencia,3339,"(2, 2, 2, 1)",0.3329,8.0,"(2, 1, 2, 1)",0.1226,7.0,"(0, 0, 1, 0)",0.0775,1.0
c=B dc=- h=A dh=+ L=M dL=- preo=A,contagio Bajo (baja); hospital Alto (sube); restriccion Medio (baja); cumplimiento Alto,emergencia,5895,"(2, 1, 2, 1)",0.0351,7.0,"(2, 0, 2, 2)",0.0309,8.0,"(1, 0, 1, 1)",0.0284,4.0
c=B dc=- h=A dh=+ L=M dL=0 preo=B,contagio Bajo (baja); hospital Alto (sube); restriccion Medio (estable); cumplimiento Bajo,emergencia,215,"(2, 2, 0, 2)",0.9980,8.0,"(0, 0, 2, 0)",0.0006,2.0,"(0, 2, 1, 0)",0.0004,3.0
c=B dc=- h=A dh=+ L=M dL=0 preo=M,contagio Bajo (baja); hospital Alto (sube); restriccion Medio (estable); cumplimiento Medio,emergencia,248,"(1, 2, 0, 2)",0.9757,7.0,"(2, 0, 2, 1)",0.0213,6.0,"(0, 0, 0, 1)",0.0011,2.0
c=B dc=- h=A dh=+ L=M dL=0 preo=A,contagio Bajo (baja); hospital Alto (sube); restriccion Medio (estable); cumplimiento Alto,emergencia,456,"(1, 2, 1, 2)",0.1859,8.0,"(1, 2, 0, 1)",0.0592,5.0,"(1, 1, 1, 0)",0.0580,3.0
c=B dc=- h=A dh=+ L=M dL=+ preo=B,contagio Bajo (baja); hospital Alto (sube); restriccion Medio (sube); cumplimiento Bajo,emergencia,2514,"(1, 0, 0, 0)",0.7177,1.0,"(0, 2, 1, 1)",0.0642,5.0,"(0, 1, 2, 2)",0.0427,7.0
c=B dc=- h=A dh=+ L=M dL=+ preo=M,contagio Bajo (baja); hospital Alto (sube); restriccion Medio (sube); cumplimiento Medio,emergencia,472,"(0, 1, 1, 0)",0.8712,2.0,"(0, 2, 1, 1)",0.0309,5.0,"(2, 2, 1, 2)",0.0267,9.0
c=B dc=- h=A dh=+ L=M dL=+ preo=A,contagio Bajo (baja); hospital Alto (sube); restriccion Medio (sube); cumplimiento Alto,emergencia,715,"(2, 0, 1, 1)",0.1621,5.0,"(1, 1, 2, 1)",0.0658,6.0,"(0, 0, 2, 0)",0.0530,2.0
c=B dc=- h=A dh=+ L=A dL=- preo=B,contagio Bajo (baja); hospital Alto (sube); restriccion Alto (baja); cumplimiento Bajo,emergencia,340,"(1, 2, 0, 0)",0.9902,3.0,"(0, 1, 2, 1)",0.0068,5.0,"(1, 2, 1, 0)",0.0014,4.0
c=B dc=- h=A dh=+ L=A dL=- preo=M,contagio Bajo (baja); hospital Alto (sube); restriccion Alto (baja); cumplimiento Medio,emergencia,250,"(1, 0, 0, 2)",0.9784,5.0,"(0, 1, 0, 0)",0.0060,1.0,"(2, 1, 2, 2)",0.0047,9.0
c=B dc=- h=A dh=+ L=A dL=- preo=A,contagio Bajo (baja); hospital Alto (sube); restriccion Alto (baja); cumplimiento Alto,emergencia,8742,"(2, 2, 2, 2)",0.0273,10.0,"(0, 1, 0, 0)",0.0252,1.0,"(1, 1, 0, 1)",0.0245,4.0
c=B dc=- h=A dh=+ L=A dL=0 preo=B,contagio Bajo (baja); hospital Alto (sube); restriccion Alto (estable); cumplimiento Bajo,emergencia,188,"(1, 2, 1, 2)",0.9969,8.0,"(1, 2, 2, 0)",0.0010,5.0,"(0, 0, 0, 2)",0.0008,4.0
c=B dc=- h=A dh=+ L=A dL=0 preo=M,contagio Bajo (baja); hospital Alto (sube); restriccion Alto (estable); cumplimiento Medio,emergencia,317,"(2, 2, 2, 1)",0.9740,8.0,"(0, 2, 2, 1)",0.0056,6.0,"(2, 2, 1, 0)",0.0054,5.0
c=B dc=- h=A dh=+ L=A dL=0 preo=A,contagio Bajo (baja); hospital Alto (sube); restriccion Alto (estable); cumplimiento Alto,emergencia,5382,"(1, 2, 2, 2)",0.0399,9.0,"(0, 1, 0, 0)",0.0292,1.0,"(0, 0, 2, 2)",0.0275,6.0
c=B dc=- h=A dh=+ L=A dL=+ preo=B,contagio Bajo (baja); hospital Alto (sube); restriccion Alto (sube); cumplimiento Bajo,emergencia,6218,"(0, 2, 0, 0)",0.1827,2.0,"(2, 0, 0, 1)",0.1323,4.0,"(2, 2, 1, 2)",0.0797,9.0
c=B dc=- h=A dh=+ L=A dL=+ preo=M,contagio Bajo (baja); hospital Alto (sube); restriccion Alto (sube); cumplimiento Medio,emergencia,6797,"(0, 2, 2, 1)",0.1489,6.0,"(1, 0, 1, 2)",0.1233,6.0,"(1, 2, 1, 2)",0.0809,8.0
c=B dc=- h=A dh=+ L=A dL=+ preo=A,contagio Bajo (baja); hospital Alto (sube); restriccion Alto (sube); cumplimiento Alto,emergencia,23027,"(1, 1, 2, 1)",0.0203,6.0,"(0, 1, 0, 2)",0.0193,5.0,"(0, 1, 0, 1)",0.0169,3.0
c=B dc=0 h=B dh=- L=B dL=- preo=B,contagio Bajo (estable); hospital Bajo (baja); restriccion Bajo (baja); cumplimiento Bajo,calma,24320,"(0, 1, 0, 0)",0.0631,1.0,"(1, 2, 1, 1)",0.0497,6.0,"(2, 1, 0, 2)",0.0480,7.0
c=B dc=0 h=B dh=- L=B dL=- preo=M,contagio Bajo (estable); hospital Bajo (baja); restriccion Bajo (baja); cumplimiento Medio,calma,837,"(2, 0, 2, 1)",0.9875,6.0,"(2, 0, 1, 2)",0.0110,7.0,"(1, 0, 0, 0)",0.0006,1.0
c=B dc=0 h=B dh=- L=B dL=- preo=A,contagio Bajo (estable); hospital Bajo (baja); restriccion Bajo (baja); cumplimiento Alto,calma,826,"(0, 2, 1, 0)",0.9512,3.0,"(2, 2, 1, 0)",0.0241,5.0,"(0, 0, 0, 0)",0.0076,0.0
c=B dc=0 h=B dh=- L=B dL=0 preo=B,contagio Bajo (estable); hospital Bajo (baja); restriccion Bajo (estable); cumplimiento Bajo,calma,997,"(1, 0, 0, 1)",0.9487,3.0,"(1, 2, 1, 1)",0.0286,6.0,"(2, 1, 0, 2)",0.0115,7.0
c=B dc=0 h=B dh=- L=B dL=0 preo=M,contagio Bajo (estable); hospital Bajo (baja); restriccion Bajo (estable); cumplimiento Medio,calma,91,"(2, 0, 2, 1)",0.9996,6.0,"(1, 1, 0, 0)",0.0002,2.0,"(1, 0, 0, 1)",0.0001,3.0
c=B dc=0 h=B dh=- L=B dL=0 preo=A,contagio Bajo (estable); hospital Bajo (baja); restriccion Bajo (estable); cumplimiento Alto,calma,256,"(1, 2, 0, 0)",0.9735,3.0,"(0, 1, 2, 0)",0.0137,3.0,"(0, 1, 1, 0)",0.0051,2.0
c=B dc=0 h=B dh=- L=B dL=+ preo=B,contagio Bajo (estable); hospital Bajo (baja); restriccion Bajo (sube); cumplimiento Bajo,calma,1594,"(0, 2, 1, 1)",0.8691,5.0,"(1, 2, 0, 1)",0.0713,5.0,"(0, 0, 2, 0)",0.0392,2.0
c=B dc=0 h=B dh=- L=B dL=+ preo=M,contagio Bajo (estable); hospital Bajo (baja); restriccion Bajo (sube); cumplimiento Medio,calma,92,"(0, 2, 2, 1)",0.9992,6.0,"(2, 1, 2, 0)",0.0005,5.0,"(1, 0, 0, 0)",0.0003,1.0
c=B dc=0 h=B dh=- L=B dL=+ preo=A,contagio Bajo (estable); hospital Bajo (baja); restriccion Bajo (sube); cumplimiento Alto,calma,211,"(1, 1, 1, 0)",0.9507,3.0,"(0, 1, 1, 2)",0.0274,6.0,"(2, 1, 2, 0)",0.0081,5.0
c=B dc=0 h=B dh=- L=M dL=- preo=B,contagio Bajo (estable); hospital Bajo (baja); restriccion Medio (baja); cumplimiento Bajo,calma,20246,"(2, 1, 1, 2)",0.0706,8.0,"(2, 2, 1, 0)",0.0526,5.0,"(1, 2, 1, 0)",0.0441,4.0
c=B dc=0 h=B dh=- L=M dL=- preo=M,contagio Bajo (estable); hospital Bajo (baja); restriccion Medio (baja); cumplimiento Medio,calma,2134,"(2, 0, 2, 0)",0.6172,4.0,"(1, 2, 2, 2)",0.2503,9.0,"(1, 1, 2, 2)",0.0490,8.0
c=B dc=0 h=B dh=- L=M dL=- preo=A,contagio Bajo (estable); hospital Bajo (baja); restriccion Medio (baja); cumplimiento Alto,calma,116,"(2, 0, 1, 2)",0.9936,7.0,"(2, 2, 1, 1)",0.0025,7.0,"(1, 2, 1, 2)",0.0019,8.0
c=B dc=0 h=B dh=- L=M dL=0 preo=B,contagio Bajo (estable); hospital Bajo (baja); restriccion Medio (estable); cumplimiento Bajo,calma,4437,"(0, 0, 1, 1)",0.5957,3.0,"(0, 2, 0, 1)",0.1389,4.0,"(2, 2, 2, 2)",0.0891,10.0
c=B dc=0 h=B dh=- L=M dL=0 preo=M,contagio Bajo (estable); hospital Bajo (baja); restriccion Medio (estable); cumplimiento Medio,calma,411,"(1, 2, 0, 2)",0.9992,7.0,"(2, 2, 0, 2)",0.0004,8.0,"(1, 0, 0, 1)",0.0002,3.0
c=B dc=0 h=B dh=- L=M dL=0 preo=A,contagio Bajo (estable); hospital Bajo (baja); restriccion Medio (estable); cumplimiento Alto,calma,66,"(1, 2, 2, 0)",0.9980,5.0,"(0, 2, 2, 2)",0.0008,8.0,"(2, 1, 2, 0)",0.0005,5.0
c=B dc=0 h=B dh=- L=M dL=+ preo=B,contagio Bajo (estable); hospital Bajo (baja); restriccion Medio (sube); cumplimiento Bajo,calma,88982,"(0, 0, 0, 0)",0.0311,0.0,"(2, 2, 1, 1)",0.0247,7.0,"(2, 0, 0, 1)",0.0237,4.0
c=B dc=0 h=B dh=- L=M dL=+ preo=M,contagio Bajo (estable); hospital Bajo (baja); restriccion Medio (sube); cumplimiento Medio,calma,670,"(2, 1, 0, 2)",0.9892,7.0,"(0, 2, 0, 2)",0.0088,6.0,"(1, 1, 1, 0)",0.0008,3.0
c=B dc=0 h=B dh=- L=M dL=+ preo=A,contagio Bajo (estable); hospital Bajo (baja); restriccion Medio (sube); cumplimiento Alto,calma,371,"(0, 0, 0, 1)",0.9445,2.0,"(2, 2, 0, 1)",0.0262,6.0,"(2, 0, 1, 2)",0.0069,7.0
c=B dc=0 h=B dh=- L=A dL=- preo=B,contagio Bajo (estable); hospital Bajo (baja); restriccion Alto (baja); cumplimiento Bajo,calma,2527,"(2, 0, 2, 1)",0.7573,6.0,"(1, 0, 2, 1)",0.0723,5.0,"(1, 0, 0, 2)",0.0512,5.0
c=B dc=0 h=B dh=- L=A dL=- preo=M,contagio Bajo (estable); hospital Bajo (baja); restriccion Alto (baja); cumplimiento Medio,calma,15,"(0, 0, 0, 0)",0.9995,0.0,"(0, 2, 1, 2)",0.0004,7.0,"(1, 1, 1, 0)",0.0000,3.0
c=B dc=0 h=B dh=- L=A dL=- preo=A,contagio Bajo (estable); hospital Bajo (baja); restriccion Alto (baja); cumplimiento Alto,calma,1,"(1, 1, 0, 1)",0.9532,4.0,"(2, 2, 2, 2)",0.0006,10.0,"(1, 0, 0, 1)",0.0006,3.0
c=B dc=0 h=B dh=- L=A dL=0 preo=B,contagio Bajo (estable); hospital Bajo (baja); restriccion Alto (estable); cumplimiento Bajo,calma,457,"(2, 2, 0, 0)",0.9993,4.0,"(1, 1, 1, 2)",0.0002,7.0,"(0, 1, 2, 0)",0.0001,3.0
c=B dc=0 h=B dh=- L=A dL=0 preo=M,contagio Bajo (estable); hospital Bajo (baja); restriccion Alto (estable); cumplimiento Medio,calma,13,"(0, 1, 2, 1)",1.0000,5.0,"(2, 2, 2, 2)",0.0000,10.0,"(0, 2, 0, 2)",0.0000,6.0
c=B dc=0 h=B dh=- L=A dL=0 preo=A,contagio Bajo (estable); hospital Bajo (baja); restriccion Alto (estable); cumplimiento Alto,calma,1,"(2, 2, 0, 2)",0.9400,8.0,"(2, 2, 2, 2)",0.0008,10.0,"(1, 0, 0, 2)",0.0008,5.0
c=B dc=0 h=B dh=- L=A dL=+ preo=B,contagio Bajo (estable); hospital Bajo (baja); restriccion Alto (sube); cumplimiento Bajo,calma,25468,"(0, 0, 0, 0)",0.0935,0.0,"(2, 1, 1, 0)",0.0492,4.0,"(0, 2, 0, 0)",0.0483,2.0
c=B dc=0 h=B dh=- L=A dL=+ preo=M,contagio Bajo (estable); hospital Bajo (baja); restriccion Alto (sube); cumplimiento Medio,calma,759,"(1, 2, 1, 2)",0.9901,8.0,"(0, 0, 2, 1)",0.0054,4.0,"(2, 1, 0, 2)",0.0008,7.0
c=B dc=0 h=B dh=- L=A dL=+ preo=A,contagio Bajo (estable); hospital Bajo (baja); restriccion Alto (sube); cumplimiento Alto,calma,305,"(0, 2, 1, 0)",0.9980,3.0,"(1, 2, 1, 0)",0.0008,4.0,"(0, 2, 0, 0)",0.0006,2.0
c=B dc=0 h=B dh=0 L=B dL=- preo=B,contagio Bajo (estable); hospital Bajo (estable); restriccion Bajo (baja); cumplimiento Bajo,calma,8724,"(1, 2, 0, 1)",0.3577,5.0,"(0, 0, 0, 0)",0.1071,0.0,"(0, 1, 0, 0)",0.0671,1.0
c=B dc=0 h=B dh=0 L=B dL=- preo=M,contagio Bajo (estable); hospital Bajo (estable); restriccion Bajo (baja); cumplimiento Medio,calma,206,"(2, 2, 0, 1)",0.9585,6.0,"(0, 2, 2, 2)",0.0231,8.0,"(2, 1, 1, 2)",0.0179,8.0
c=B dc=0 h=B dh=0 L=B dL=- preo=A,contagio Bajo (estable); hospital Bajo (estable); restriccion Bajo (baja); cumplimiento Alto,calma,1124,"(1, 0, 0, 1)",0.8482,3.0,"(1, 2, 1, 0)",0.0565,4.0,"(0, 0, 2, 1)",0.0410,4.0
c=B dc=0 h=B dh=0 L=B dL=0 preo=B,contagio Bajo (estable); hospital Bajo (estable); restriccion Bajo (estable); cumplimiento Bajo,calma,365,"(1, 2, 2, 1)",0.9997,7.0,"(0, 1, 2, 1)",0.0001,5.0,"(2, 2, 2, 1)",0.0001,8.0
c=B dc=0 h=B dh=0 L=B dL=0 preo=M,contagio Bajo (estable); hospital Bajo (estable); restriccion Bajo (estable); cumplimiento Medio,calma,20,"(0, 1, 2, 1)",1.0000,5.0,"(2, 2, 2, 2)",0.0000,10.0,"(0, 2, 0, 2)",0.0000,6.0
c=B dc=0 h=B dh=0 L=B dL=0 preo=A,contagio Bajo (estable); hospital Bajo (estable); restriccion Bajo (estable); cumplimiento Alto,calma,193,"(1, 0, 1, 0)",0.9908,2.0,"(2, 0, 0, 2)",0.0035,6.0,"(0, 1, 1, 1)",0.0024,4.0
c=B dc=0 h=B dh=0 L=B dL=+ preo=B,contagio Bajo (estable); hospital Bajo (estable); restriccion Bajo (sube); cumplimiento Bajo,calma,611,"(0, 2, 2, 1)",0.9988,6.0,"(1, 2, 0, 0)",0.0002,3.0,"(2, 0, 2, 1)",0.0002,6.0
c=B dc=0 h=B dh=0 L=B dL=+ preo=M,contagio Bajo (estable); hospital Bajo (estable); restriccion Bajo (sube); cumplimiento Medio,calma,20,"(2, 1, 1, 1)",1.0000,6.0,"(2, 2, 2, 2)",0.0000,10.0,"(0, 2, 0, 2)",0.0000,6.0
c=B dc=0 h=B dh=0 L=B dL=+ preo=A,contagio Bajo (estable); hospital Bajo (estable); restriccion Bajo (sube); cumplimiento Alto,calma,205,"(1, 2, 0, 1)",0.8951,5.0,"(2, 1, 1, 0)",0.0687,4.0,"(1, 2, 0, 0)",0.0172,3.0
c=B dc=0 h=B dh=0 L=M dL=- preo=B,contagio Bajo (estable); hospital Bajo (estable); restriccion Medio (baja); cumplimiento Bajo,calma,7575,"(0, 0, 1, 0)",0.4757,1.0,"(2, 0, 2, 0)",0.0622,4.0,"(2, 2, 2, 0)",0.0621,6.0
c=B dc=0 h=B dh=0 L=M dL=- preo=M,contagio Bajo (estable); hospital Bajo (estable); restriccion Medio (baja); cumplimiento Medio,calma,426,"(0, 2, 1, 2)",0.9205,7.0,"(0, 1, 2, 1)",0.0778,5.0,"(0, 0, 2, 2)",0.0006,6.0
c=B dc=0 h=B dh=0 L=M dL=- preo=A,contagio Bajo (estable); hospital Bajo (estable); restriccion Medio (baja); cumplimiento Alto,calma,373,"(0, 1, 0, 1)",0.8988,3.0,"(0, 1, 2, 1)",0.0708,5.0,"(1, 2, 0, 0)",0.0077,3.0
c=B dc=0 h=B dh=0 L=M dL=0 preo=B,contagio Bajo (estable); hospital Bajo (estable); restriccion Medio (estable); cumplimiento Bajo,calma,1367,"(1, 2, 1, 1)",0.9860,6.0,"(2, 0, 0, 1)",0.0062,4.0,"(2, 0, 2, 1)",0.0048,6.0
c=B dc=0 h=B dh=0 L=M dL=0 preo=M,contagio Bajo (estable); hospital Bajo (estable); restriccion Medio (estable); cumplimiento Medio,calma,31,"(2, 2, 0, 1)",0.9997,6.0,"(1, 0, 1, 2)",0.0003,6.0,"(2, 2, 2, 2)",0.0000,10.0
c=B dc=0 h=B dh=0 L=M dL=0 preo=A,contagio Bajo (estable); hospital Bajo (estable); restriccion Medio (estable); cumplimiento Alto,calma,201,"(1, 2, 0, 0)",0.9593,3.0,"(0, 2, 1, 2)",0.0256,7.0,"(2, 2, 2, 0)",0.0021,6.0
c=B dc=0 h=B dh=0 L=M dL=+ preo=B,contagio Bajo (estable); hospital Bajo (estable); restriccion Medio (sube); cumplimiento Bajo,calma,30362,"(1, 0, 0, 0)",0.0433,1.0,"(2, 1, 2, 1)",0.0343,7.0,"(0, 2, 0, 0)",0.0321,2.0
c=B dc=0 h=B dh=0 L=M dL=+ preo=M,contagio Bajo (estable); hospital Bajo (estable); restriccion Medio (sube); cumplimiento Medio,calma,152,"(0, 1, 1, 0)",0.9971,2.0,"(0, 2, 1, 2)",0.0016,7.0,"(2, 0, 1, 1)",0.0007,5.0
c=B dc=0 h=B dh=0 L=M dL=+ preo=A,contagio Bajo (estable); hospital Bajo (estable); restriccion Medio (sube); cumplimiento Alto,calma,555,"(0, 2, 1, 1)",0.8518,5.0,"(1, 0, 2, 0)",0.0904,3.0,"(0, 2, 1, 2)",0.0256,7.0
c=B dc=0 h=B dh=0 L=A dL=- preo=B,contagio Bajo (estable); hospital Bajo (estable); restriccion Alto (baja); cumplimiento Bajo,calma,1247,"(0, 1, 1, 0)",0.9672,2.0,"(1, 0, 0, 0)",0.0136,1.0,"(2, 1, 2, 2)",0.0078,9.0
c=B dc=0 h=B dh=0 L=A dL=- preo=M,contagio Bajo (estable); hospital Bajo (estable); restriccion Alto (baja); cumplimiento Medio,calma,7,"(1, 1, 2, 1)",0.9999,6.0,"(2, 2, 2, 2)",0.0000,10.0,"(1, 0, 0, 2)",0.0000,5.0
c=B dc=0 h=B dh=0 L=A dL=- preo=A,contagio Bajo (estable); hospital Bajo (estable); restriccion Alto (baja); cumplimiento Alto,calma,74,"(0, 1, 1, 1)",0.8766,4.0,"(2, 1, 0, 1)",0.0663,5.0,"(2, 1, 2, 0)",0.0500,5.0
c=B dc=0 h=B dh=0 L=A dL=0 preo=B,contagio Bajo (estable); hospital Bajo (estable); restriccion Alto (estable); cumplimiento Bajo,calma,194,"(1, 0, 1, 2)",0.9996,6.0,"(1, 0, 0, 2)",0.0003,5.0,"(0, 0, 2, 2)",0.0001,6.0
c=B dc=0 h=B dh=0 L=A dL=0 preo=M,contagio Bajo (estable); hospital Bajo (estable); restriccion Alto (estable); cumplimiento Medio,calma,5,"(2, 2, 2, 2)",0.9999,10.0,"(1, 1, 1, 0)",0.0000,3.0,"(0, 2, 1, 0)",0.0000,3.0
c=B dc=0 h=B dh=0 L=A dL=0 preo=A,contagio Bajo (estable); hospital Bajo (estable); restriccion Alto (estable); cumplimiento Alto,calma,66,"(2, 1, 0, 0)",0.9725,3.0,"(2, 1, 0, 1)",0.0074,5.0,"(1, 1, 0, 0)",0.0066,2.0
c=B dc=0 h=B dh=0 L=A dL=+ preo=B,contagio Bajo (estable); hospital Bajo (estable); restriccion Alto (sube); cumplimiento Bajo,calma,8296,"(0, 2, 0, 0)",0.2834,2.0,"(2, 2, 1, 0)",0.1846,5.0,"(2, 0, 1, 1)",0.0797,5.0
c=B dc=0 h=B dh=0 L=A dL=+ preo=M,contagio Bajo (estable); hospital Bajo (estable); restriccion Alto (sube); cumplimiento Medio,calma,136,"(0, 2, 1, 0)",0.9997,3.0,"(2, 0, 0, 1)",0.0002,4.0,"(0, 2, 0, 2)",0.0000,6.0
c=B dc=0 h=B dh=0 L=A dL=+ preo=A,contagio Bajo (estable); hospital Bajo (estable); restriccion Alto (sube); cumplimiento Alto,calma,776,"(2, 0, 0, 0)",0.7660,2.0,"(1, 0, 0, 0)",0.1119,1.0,"(0, 0, 0, 0)",0.0971,0.0
c=B dc=0 h=B dh=+ L=B dL=- preo=B,contagio Bajo (estable); hospital Bajo (sube); restriccion Bajo (baja); cumplimiento Bajo,calma,12862,"(0, 0, 2, 0)",0.1600,2.0,"(2, 1, 1, 2)",0.0877,8.0,"(0, 2, 0, 1)",0.0722,4.0
c=B dc=0 h=B dh=+ L=B dL=- preo=M,contagio Bajo (estable); hospital Bajo (sube); restriccion Bajo (baja); cumplimiento Medio,calma,244,"(1, 2, 1, 1)",0.9994,6.0,"(2, 0, 0, 0)",0.0003,2.0,"(0, 1, 0, 0)",0.0001,1.0
c=B dc=0 h=B dh=+ L=B dL=- preo=A,contagio Bajo (estable); hospital Bajo (sube); restriccion Bajo (baja); cumplimiento Alto,calma,680,"(2, 2, 2, 1)",0.6978,8.0,"(2, 1, 0, 0)",0.1540,3.0,"(2, 2, 1, 2)",0.0468,9.0
c=B dc=0 h=B dh=+ L=B dL=0 preo=B,contagio Bajo (estable); hospital Bajo (sube); restriccion Bajo (estable); cumplimiento Bajo,calma,500,"(0, 0, 0, 0)",0.9988,0.0,"(0, 0, 2, 1)",0.0011,4.0,"(2, 2, 2, 1)",0.0000,8.0
c=B dc=0 h=B dh=+ L=B dL=0 preo=M,contagio Bajo (estable); hospital Bajo (sube); restriccion Bajo (estable); cumplimiento Medio,calma,11,"(1, 1, 1, 0)",1.0000,3.0,"(2, 2, 2, 2)",0.0000,10.0,"(0, 2, 1, 0)",0.0000,3.0
c=B dc=0 h=B dh=+ L=B dL=0 preo=A,contagio Bajo (estable); hospital Bajo (sube); restriccion Bajo (estable); cumplimiento Alto,calma,85,"(2, 0, 1, 2)",0.9775,7.0,"(0, 1, 0, 2)",0.0092,5.0,"(1, 2, 2, 2)",0.0031,9.0
c=B dc=0 h=B dh=+ L=B dL=+ preo=B,contagio Bajo (estable); hospital Bajo (sube); restriccion Bajo (sube); cumplimiento Bajo,calma,638,"(1, 1, 0, 2)",0.9986,6.0,"(0, 0, 1, 0)",0.0003,1.0,"(2, 2, 2, 1)",0.0002,8.0
c=B dc=0 h=B dh=+ L=B dL=+ preo=M,contagio Bajo (estable); hospital Bajo (sube); restriccion Bajo (sube); cumplimiento Medio,calma,14,"(1, 0, 2, 1)",0.9999,5.0,"(2, 2, 2, 2)",0.0000,10.0,"(1, 0, 0, 1)",0.0000,3.0
c=B dc=0 h=B dh=+ L=B dL=+ preo=A,contagio Bajo (estable); hospital Bajo (sube); restriccion Bajo (sube); cumplimiento Alto,calma,58,"(2, 1, 0, 2)",0.9999,7.0,"(2, 2, 2, 2)",0.0000,10.0,"(0, 2, 0, 2)",0.0000,6.0
c=B dc=0 h=B dh=+ L=M dL=- preo=B,contagio Bajo (estable); hospital Bajo (sube); restriccion Medio (baja); cumplimiento Bajo,calma,11833,"(2, 1, 0, 0)",0.1763,3.0,"(0, 2, 2, 2)",0.1007,8.0,"(0, 1, 0, 1)",0.0708,3.0
c=B dc=0 h=B dh=+ L=M dL=- preo=M,contagio Bajo (estable); hospital Bajo (sube); restriccion Medio (baja); cumplimiento Medio,calma,393,"(2, 0, 0, 1)",0.9876,4.0,"(0, 1, 1, 2)",0.0061,6.0,"(1, 1, 1, 2)",0.0031,7.0
c=B dc=0 h=B dh=+ L=M dL=- preo=A,contagio Bajo (estable); hospital Bajo (sube); restriccion Medio (baja); cumplimiento Alto,calma,82,"(0, 1, 0, 0)",0.9274,1.0,"(1, 1, 0, 1)",0.0342,4.0,"(1, 0, 0, 2)",0.0005,5.0
c=B dc=0 h=B dh=+ L=M dL=0 preo=B,contagio Bajo (estable); hospital Bajo (sube); restriccion Medio (estable); cumplimiento Bajo,calma,1990,"(2, 0, 0, 0)",0.9616,2.0,"(0, 0, 1, 0)",0.0129,1.0,"(2, 2, 2, 0)",0.0107,6.0
c=B dc=0 h=B dh=+ L=M dL=0 preo=M,contagio Bajo (estable); hospital Bajo (sube); restriccion Medio (estable); cumplimiento Medio,calma,33,"(1, 2, 0, 2)",1.0000,7.0,"(0, 2, 1, 1)",0.0000,5.0,"(2, 2, 2, 2)",0.0000,10.0
c=B dc=0 h=B dh=+ L=M dL=0 preo=A,contagio Bajo (estable); hospital Bajo (sube); restriccion Medio (estable); cumplimiento Alto,calma,63,"(2, 0, 0, 0)",0.8728,2.0,"(1, 2, 2, 2)",0.0740,9.0,"(0, 2, 0, 0)",0.0345,2.0
c=B dc=0 h=B dh=+ L=M dL=+ preo=B,contagio Bajo (estable); hospital Bajo (sube); restriccion Medio (sube); cumplimiento Bajo,calma,46943,"(0, 1, 0, 0)",0.0298,1.0,"(2, 0, 0, 1)",0.0255,4.0,"(2, 2, 0, 0)",0.0240,4.0
c=B dc=0 h=B dh=+ L=M dL=+ preo=M,contagio Bajo (estable); hospital Bajo (sube); restriccion Medio (sube); cumplimiento Medio,calma,125,"(1, 1, 2, 1)",0.9992,6.0,"(1, 2, 0, 2)",0.0005,7.0,"(2, 0, 0, 0)",0.0003,2.0
c=B dc=0 h=B dh=+ L=M dL=+ preo=A,contagio Bajo (estable); hospital Bajo (sube); restriccion Medio (sube); cumplimiento Alto,calma,141,"(2, 0, 0, 0)",0.9957,2.0,"(0, 1, 2, 2)",0.0005,7.0,"(2, 2, 2, 2)",0.0000,10.0
c=B dc=0 h=B dh=+ L=A dL=- preo=B,contagio Bajo (estable); hospital Bajo (sube); restriccion Alto (baja); cumplimiento Bajo,calma,2244,"(0, 1, 1, 1)",0.8156,4.0,"(2, 2, 1, 1)",0.0797,7.0,"(1, 1, 0, 0)",0.0247,2.0
c=B dc=0 h=B dh=+ L=A dL=- preo=M,contagio Bajo (estable); hospital Bajo (sube); restriccion Alto (baja); cumplimiento Medio,calma,4,"(2, 2, 1, 0)",0.9999,5.0,"(2, 2, 2, 2)",0.0000,10.0,"(1, 0, 0, 2)",0.0000,5.0
c=B dc=0 h=B dh=+ L=A dL=- preo=A,contagio Bajo (estable); hospital Bajo (sube); restriccion Alto (baja); cumplimiento Alto,calma,0,"(2, 2, 2, 2)",0.0123,10.0,"(1, 1, 1, 0)",0.0123,3.0,"(0, 2, 1, 0)",0.0123,3.0
c=B dc=0 h=B dh=+ L=A dL=0 preo=B,contagio Bajo (estable); hospital Bajo (sube); restriccion Alto (estable); cumplimiento Bajo,calma,333,"(1, 0, 2, 0)",0.9992,3.0,"(2, 0, 2, 0)",0.0002,4.0,"(1, 2, 2, 1)",0.0002,7.0
c=B dc=0 h=B dh=+ L=A dL=0 preo=M,contagio Bajo (estable); hospital Bajo (sube); restriccion Alto (estable); cumplimiento Medio,calma,2,"(1, 0, 2, 0)",0.9983,3.0,"(2, 2, 2, 2)",0.0000,10.0,"(1, 0, 0, 1)",0.0000,3.0
c=B dc=0 h=B dh=+ L=A dL=0 preo=A,contagio Bajo (estable); hospital Bajo (sube); restriccion Alto (estable); cumplimiento Alto,calma,0,"(2, 2, 2, 2)",0.0123,10.0,"(1, 1, 1, 0)",0.0123,3.0,"(0, 2, 1, 0)",0.0123,3.0
c=B dc=0 h=B dh=+ L=A dL=+ preo=B,contagio Bajo (estable); hospital Bajo (sube); restriccion Alto (sube); cumplimiento Bajo,calma,12206,"(0, 0, 1, 0)",0.2920,1.0,"(1, 1, 2, 0)",0.1272,4.0,"(2, 1, 2, 0)",0.0984,5.0
c=B dc=0 h=B dh=+ L=A dL=+ preo=M,contagio Bajo (estable); hospital Bajo (sube); restriccion Alto (sube); cumplimiento Medio,calma,127,"(0, 2, 2, 1)",1.0000,6.0,"(2, 2, 2, 2)",0.0000,10.0,"(1, 1, 1, 0)",0.0000,3.0
c=B dc=0 h=B dh=+ L=A dL=+ preo=A,contagio Bajo (estable); hospital Bajo (sube); restriccion Alto (sube); cumplimiento Alto,calma,131,"(2, 2, 2, 2)",0.8622,10.0,"(0, 0, 0, 1)",0.1034,2.0,"(0, 0, 2, 1)",0.0091,4.0
c=B dc=0 h=M dh=- L=B dL=- preo=B,contagio Bajo (estable); hospital Medio (baja); restriccion Bajo (baja); cumplimiento Bajo,calma,10631,"(2, 2, 1, 1)",0.1836,7.0,"(1, 2, 2, 1)",0.1597,7.0,"(0, 0, 0, 0)",0.0959,0.0
c=B dc=0 h=M dh=- L=B dL=- preo=M,contagio Bajo (estable); hospital Medio (baja); restriccion Bajo (baja); cumplimiento Medio,calma,2988,"(2, 2, 1, 1)",0.5172,7.0,"(0, 2, 1, 0)",0.2274,3.0,"(2, 0, 1, 2)",0.0846,7.0
c=B dc=0 h=M dh=- L=B dL=- preo=A,contagio Bajo (estable); hospital Medio (baja); restriccion Bajo (baja); cumplimiento Alto,calma,1052,"(2, 0, 2, 1)",0.8347,6.0,"(1, 1, 0, 2)",0.0825,6.0,"(0, 1, 2, 2)",0.0317,7.0
c=B dc=0 h=M dh=- L=B dL=0 preo=B,contagio Bajo (estable); hospital Medio (baja); restriccion Bajo (estable); cumplimiento Bajo,calma,449,"(2, 2, 0, 0)",0.9876,4.0,"(0, 1, 0, 1)",0.0103,3.0,"(2, 2, 1, 1)",0.0004,7.0
c=B dc=0 h=M dh=- L=B dL=0 preo=M,contagio Bajo (estable); hospital Medio (baja); restriccion Bajo (estable); cumplimiento Medio,calma,106,"(2, 0, 1, 1)",0.9997,5.0,"(0, 2, 0, 2)",0.0000,6.0,"(0, 2, 1, 0)",0.0000,3.0
c=B dc=0 h=M dh=- L=B dL=0 preo=A,contagio Bajo (estable); hospital Medio (baja); restriccion Bajo (estable); cumplimiento Alto,calma,35,"(1, 0, 2, 2)",0.9953,7.0,"(2, 2, 2, 2)",0.0001,10.0,"(1, 0, 0, 1)",0.0001,3.0
c=B dc=0 h=M dh=- L=B dL=+ preo=B,contagio Bajo (estable); hospital Medio (baja); restriccion Bajo (sube); cumplimiento Bajo,calma,420,"(1, 0, 2, 2)",0.9970,7.0,"(1, 0, 1, 0)",0.0008,2.0,"(0, 2, 1, 2)",0.0006,7.0
c=B dc=0 h=M dh=- L=B dL=+ preo=M,contagio Bajo (estable); hospital Medio (baja); restriccion Bajo (sube); cumplimiento Medio,calma,54,"(1, 1, 1, 1)",0.9992,5.0,"(0, 0, 0, 1)",0.0006,2.0,"(1, 0, 1, 1)",0.0001,4.0
c=B dc=0 h=M dh=- L=B dL=+ preo=A,contagio Bajo (estable); hospital Medio (baja); restriccion Bajo (sube); cumplimiento Alto,calma,20,"(2, 2, 0, 2)",0.9715,8.0,"(2, 2, 2, 2)",0.0250,10.0,"(2, 0, 2, 0)",0.0002,4.0
c=B dc=0 h=M dh=- L=M dL=- preo=B,contagio Bajo (estable); hospital Medio (baja); restriccion Medio (baja); cumplimiento Bajo,calma,12816,"(2, 0, 1, 0)",0.0791,3.0,"(1, 1, 0, 2)",0.0548,6.0,"(0, 1, 0, 1)",0.0495,3.0
c=B dc=0 h=M dh=- L=M dL=- preo=M,contagio Bajo (estable); hospital Medio (baja); restriccion Medio (baja); cumplimiento Medio,calma,11668,"(2, 2, 0, 2)",0.1364,8.0,"(1, 2, 2, 2)",0.0913,9.0,"(1, 2, 2, 0)",0.0877,5.0
c=B dc=0 h=M dh=- L=M dL=- preo=A,contagio Bajo (estable); hospital Medio (baja); restriccion Medio (baja); cumplimiento Alto,calma,290,"(1, 2, 2, 1)",0.9943,7.0,"(1, 0, 0, 0)",0.0035,1.0,"(1, 0, 1, 0)",0.0007,2.0
c=B dc=0 h=M dh=- L=M dL=0 preo=B,contagio Bajo (estable); hospital Medio (baja); restriccion Medio (estable); cumplimiento Bajo,calma,4689,"(2, 1, 1, 2)",0.5219,8.0,"(1, 0, 1, 0)",0.1013,2.0,"(0, 2, 1, 2)",0.0580,7.0
c=B dc=0 h=M dh=- L=M dL=0 preo=M,contagio Bajo (estable); hospital Medio (baja); restriccion Medio (estable); cumplimiento Medio,calma,2177,"(2, 2, 1, 2)",0.9431,9.0,"(2, 0, 1, 2)",0.0166,7.0,"(0, 0, 0, 1)",0.0138,2.0
c=B dc=0 h=M dh=- L=M dL=0 preo=A,contagio Bajo (estable); hospital Medio (baja); restriccion Medio (estable); cumplimiento Alto,calma,97,"(2, 1, 2, 0)",0.6917,5.0,"(1, 1, 1, 2)",0.2237,7.0,"(2, 1, 2, 1)",0.0803,7.0
c=B dc=0 h=M dh=- L=M dL=+ preo=B,contagio Bajo (estable); hospital Medio (baja); restriccion Medio (sube); cumplimiento Bajo,calma,19961,"(0, 0, 0, 0)",0.0728,0.0,"(0, 1, 1, 0)",0.0636,2.0,"(1, 2, 1, 1)",0.0460,6.0
c=B dc=0 h=M dh=- L=M dL=+ preo=M,contagio Bajo (estable); hospital Medio (baja); restriccion Medio (sube); cumplimiento Medio,calma,934,"(2, 2, 1, 0)",0.9417,5.0,"(0, 1, 1, 2)",0.0190,6.0,"(1, 1, 0, 1)",0.0144,4.0
c=B dc=0 h=M dh=- L=M dL=+ preo=A,contagio Bajo (estable); hospital Medio (baja); restriccion Medio (sube); cumplimiento Alto,calma,202,"(0, 2, 0, 2)",0.9884,6.0,"(1, 1, 1, 1)",0.0059,5.0,"(1, 0, 2, 1)",0.0026,5.0
c=B dc=0 h=M dh=- L=A dL=- preo=B,contagio Bajo (estable); hospital Medio (baja); restriccion Alto (baja); cumplimiento Bajo,calma,1051,"(1, 2, 0, 2)",0.9408,7.0,"(1, 0, 2, 0)",0.0214,3.0,"(2, 2, 1, 1)",0.0206,7.0
c=B dc=0 h=M dh=- L=A dL=- preo=M,contagio Bajo (estable); hospital Medio (baja); restriccion Alto (baja); cumplimiento Medio,calma,216,"(1, 0, 1, 2)",0.9974,6.0,"(0, 2, 1, 2)",0.0023,7.0,"(0, 1, 1, 1)",0.0001,4.0
c=B dc=0 h=M dh=- L=A dL=- preo=A,contagio Bajo (estable); hospital Medio (baja); restriccion Alto (baja); cumplimiento Alto,calma,128,"(1, 2, 2, 2)",0.9947,9.0,"(2, 2, 1, 2)",0.0024,9.0,"(0, 1, 2, 1)",0.0019,5.0
c=B dc=0 h=M dh=- L=A dL=0 preo=B,contagio Bajo (estable); hospital Medio (baja); restriccion Alto (estable); cumplimiento Bajo,calma,457,"(0, 1, 1, 2)",0.9968,6.0,"(0, 2, 2, 0)",0.0010,4.0,"(2, 0, 2, 1)",0.0005,6.0
c=B dc=0 h=M dh=- L=A dL=0 preo=M,contagio Bajo (estable); hospital Medio (baja); restriccion Alto (estable); cumplimiento Medio,calma,367,"(0, 2, 1, 0)",0.9989,3.0,"(0, 0, 2, 2)",0.0006,6.0,"(2, 0, 2, 1)",0.0002,6.0
c=B dc=0 h=M dh=- L=A dL=0 preo=A,contagio Bajo (estable); hospital Medio (baja); restriccion Alto (estable); cumplimiento Alto,calma,39,"(1, 0, 2, 0)",0.9941,3.0,"(1, 1, 1, 1)",0.0035,5.0,"(1, 0, 0, 1)",0.0000,3.0
c=B dc=0 h=M dh=- L=A dL=+ preo=B,contagio Bajo (estable); hospital Medio (baja); restriccion Alto (sube); cumplimiento Bajo,calma,14220,"(2, 0, 2, 0)",0.1154,4.0,"(0, 2, 1, 0)",0.0779,3.0,"(1, 2, 0, 0)",0.0603,3.0
c=B dc=0 h=M dh=- L=A dL=+ preo=M,contagio Bajo (estable); hospital Medio (baja); restriccion Alto (sube); cumplimiento Medio,calma,5260,"(1, 2, 1, 0)",0.2378,4.0,"(2, 2, 2, 0)",0.1361,6.0,"(0, 0, 1, 0)",0.1324,1.0
c=B dc=0 h=M dh=- L=A dL=+ preo=A,contagio Bajo (estable); hospital Medio (baja); restriccion Alto (sube); cumplimiento Alto,calma,1072,"(2, 0, 0, 0)",0.5593,2.0,"(2, 2, 1, 2)",0.3097,9.0,"(0, 2, 2, 0)",0.0813,4.0
c=B dc=0 h=M dh=0 L=B dL=- preo=B,contagio Bajo (estable); hospital Medio (estable); restriccion Bajo (baja); cumplimiento Bajo,calma,6845,"(1, 2, 0, 0)",0.2323,3.0,"(0, 1, 0, 0)",0.2017,1.0,"(0, 0, 2, 0)",0.1269,2.0
c=B dc=0 h=M dh=0 L=B dL=- preo=M,contagio Bajo (estable); hospital Medio (estable); restriccion Bajo (baja); cumplimiento Medio,calma,495,"(0, 2, 2, 1)",0.9896,6.0,"(2, 2, 0, 0)",0.0024,4.0,"(1, 1, 0, 1)",0.0023,4.0
c=B dc=0 h=M dh=0 L=B dL=- preo=A,contagio Bajo (estable); hospital Medio (estable); restriccion Bajo (baja); cumplimiento Alto,calma,158,"(2, 0, 1, 1)",0.9890,5.0,"(0, 2, 1, 0)",0.0037,3.0,"(1, 2, 2, 2)",0.0033,9.0
c=B dc=0 h=M dh=0 L=B dL=0 preo=B,contagio Bajo (estable); hospital Medio (estable); restriccion Bajo (estable); cumplimiento Bajo,calma,313,"(1, 1, 1, 1)",0.9827,5.0,"(0, 0, 1, 0)",0.0131,1.0,"(2, 0, 1, 0)",0.0039,3.0
c=B dc=0 h=M dh=0 L=B dL=0 preo=M,contagio Bajo (estable); hospital Medio (estable); restriccion Bajo (estable); cumplimiento Medio,calma,31,"(2, 2, 0, 2)",1.0000,8.0,"(2, 2, 2, 2)",0.0000,10.0,"(1, 0, 0, 2)",0.0000,5.0
c=B dc=0 h=M dh=0 L=B dL=0 preo=A,contagio Bajo (estable); hospital Medio (estable); restriccion Bajo (estable); cumplimiento Alto,calma,18,"(0, 1, 1, 2)",0.9951,6.0,"(2, 2, 2, 2)",0.0001,10.0,"(0, 2, 0, 2)",0.0001,6.0
c=B dc=0 h=M dh=0 L=B dL=+ preo=B,contagio Bajo (estable); hospital Medio (estable); restriccion Bajo (sube); cumplimiento Bajo,calma,314,"(2, 1, 2, 1)",0.9993,7.0,"(2, 1, 1, 2)",0.0001,8.0,"(2, 1, 0, 0)",0.0001,3.0
c=B dc=0 h=M dh=0 L=B dL=+ preo=M,contagio Bajo (estable); hospital Medio (estable); restriccion Bajo (sube); cumplimiento Medio,calma,13,"(2, 1, 2, 1)",0.9998,7.0,"(0, 2, 0, 1)",0.0000,4.0,"(0, 2, 1, 0)",0.0000,3.0
c=B dc=0 h=M dh=0 L=B dL=+ preo=A,contagio Bajo (estable); hospital Medio (estable); restriccion Bajo (sube); cumplimiento Alto,calma,20,"(1, 0, 0, 1)",0.9788,3.0,"(1, 0, 2, 0)",0.0146,3.0,"(2, 2, 2, 2)",0.0001,10.0
c=B dc=0 h=M dh=0 L=M dL=- preo=B,contagio Bajo (estable); hospital Medio (estable); restriccion Medio (baja); cumplimiento Bajo,calma,6875,"(2, 1, 2, 0)",0.2914,5.0,"(1, 0, 2, 2)",0.1764,7.0,"(2, 2, 0, 2)",0.1445,8.0
c=B dc=0 h=M dh=0 L=M dL=- preo=M,contagio Bajo (estable); hospital Medio (estable); restriccion Medio (baja); cumplimiento Medio,calma,3105,"(1, 1, 1, 2)",0.7298,7.0,"(1, 1, 1, 0)",0.1456,3.0,"(0, 1, 1, 2)",0.0211,6.0
c=B dc=0 h=M dh=0 L=M dL=- preo=A,contagio Bajo (estable); hospital Medio (estable); restriccion Medio (baja); cumplimiento Alto,calma,42,"(2, 0, 1, 0)",0.9955,3.0,"(0, 0, 2, 1)",0.0003,4.0,"(2, 2, 2, 2)",0.0001,10.0
c=B dc=0 h=M dh=0 L=M dL=0 preo=B,contagio Bajo (estable); hospital Medio (estable); restriccion Medio (estable); cumplimiento Bajo,calma,2245,"(1, 2, 2, 1)",0.9481,7.0,"(0, 1, 1, 0)",0.0311,2.0,"(0, 1, 0, 1)",0.0109,3.0
c=B dc=0 h=M dh=0 L=M dL=0 preo=M,contagio Bajo (estable); hospital Medio (estable); restriccion Medio (estable); cumplimiento Medio,calma,568,"(0, 0, 1, 2)",0.9337,5.0,"(1, 2, 2, 0)",0.0517,5.0,"(1, 2, 1, 2)",0.0059,8.0
c=B dc=0 h=M dh=0 L=M dL=0 preo=A,contagio Bajo (estable); hospital Medio (estable); restriccion Medio (estable); cumplimiento Alto,calma,19,"(2, 2, 0, 2)",0.9978,8.0,"(2, 2, 2, 2)",0.0000,10.0,"(1, 0, 0, 2)",0.0000,5.0
c=B dc=0 h=M dh=0 L=M dL=+ preo=B,contagio Bajo (estable); hospital Medio (estable); restriccion Medio (sube); cumplimiento Bajo,calma,11784,"(2, 0, 0, 0)",0.1346,2.0,"(2, 1, 2, 2)",0.0717,9.0,"(2, 1, 0, 0)",0.0661,3.0
c=B dc=0 h=M dh=0 L=M dL=+ preo=M,contagio Bajo (estable); hospital Medio (estable); restriccion Medio (sube); cumplimiento Medio,calma,155,"(2, 2, 1, 2)",0.9996,9.0,"(1, 2, 0, 1)",0.0003,5.0,"(1, 1, 2, 0)",0.0001,4.0
c=B dc=0 h=M dh=0 L=M dL=+ preo=A,contagio Bajo (estable); hospital Medio (estable); restriccion Medio (sube); cumplimiento Alto,calma,73,"(2, 2, 2, 1)",0.9953,8.0,"(1, 2, 2, 1)",0.0017,7.0,"(0, 2, 0, 2)",0.0000,6.0
c=B dc=0 h=M dh=0 L=A dL=- preo=B,contagio Bajo (estable); hospital Medio (estable); restriccion Alto (baja); cumplimiento Bajo,calma,726,"(2, 0, 2, 0)",0.9917,4.0,"(0, 2, 2, 1)",0.0074,6.0,"(1, 1, 1, 1)",0.0002,5.0
c=B dc=0 h=M dh=0 L=A dL=- preo=M,contagio Bajo (estable); hospital Medio (estable); restriccion Alto (baja); cumplimiento Medio,calma,14,"(2, 0, 2, 2)",1.0000,8.0,"(2, 2, 2, 2)",0.0000,10.0,"(1, 0, 0, 1)",0.0000,3.0
c=B dc=0 h=M dh=0 L=A dL=- preo=A,contagio Bajo (estable); hospital Medio (estable); restriccion Alto (baja); cumplimiento Alto,calma,14,"(2, 1, 1, 0)",0.9930,4.0,"(2, 2, 2, 2)",0.0001,10.0,"(1, 0, 0, 1)",0.0001,3.0
c=B dc=0 h=M dh=0 L=A dL=0 preo=B,contagio Bajo (estable); hospital Medio (estable); restriccion Alto (estable); cumplimiento Bajo,calma,163,"(1, 1, 2, 2)",0.9990,8.0,"(1, 1, 1, 0)",0.0004,3.0,"(1, 2, 1, 2)",0.0003,8.0
c=B dc=0 h=M dh=0 L=A dL=0 preo=M,contagio Bajo (estable); hospital Medio (estable); restriccion Alto (estable); cumplimiento Medio,calma,5,"(2, 0, 2, 1)",0.9858,6.0,"(1, 1, 1, 2)",0.0116,7.0,"(2, 2, 2, 2)",0.0000,10.0
c=B dc=0 h=M dh=0 L=A dL=0 preo=A,contagio Bajo (estable); hospital Medio (estable); restriccion Alto (estable); cumplimiento Alto,calma,13,"(2, 1, 0, 0)",0.9896,3.0,"(2, 2, 2, 2)",0.0001,10.0,"(1, 0, 0, 1)",0.0001,3.0
c=B dc=0 h=M dh=0 L=A dL=+ preo=B,contagio Bajo (estable); hospital Medio (estable); restriccion Alto (sube); cumplimiento Bajo,calma,7399,"(1, 0, 0, 0)",0.6366,1.0,"(2, 1, 1, 2)",0.0398,8.0,"(0, 1, 1, 0)",0.0394,2.0
c=B dc=0 h=M dh=0 L=A dL=+ preo=M,contagio Bajo (estable); hospital Medio (estable); restriccion Alto (sube); cumplimiento Medio,calma,596,"(1, 1, 2, 0)",0.9802,4.0,"(2, 0, 1, 0)",0.0073,3.0,"(1, 1, 1, 0)",0.0040,3.0
c=B dc=0 h=M dh=0 L=A dL=+ preo=A,contagio Bajo (estable); hospital Medio (estable); restriccion Alto (sube); cumplimiento Alto,calma,81,"(1, 1, 0, 1)",0.9941,4.0,"(0, 2, 1, 0)",0.0025,3.0,"(2, 2, 2, 2)",0.0000,10.0
c=B dc=0 h=M dh=+ L=B dL=- preo=B,contagio Bajo (estable); hospital Medio (sube); restriccion Bajo (baja); cumplimiento Bajo,calma,11160,"(0, 2, 1, 1)",0.0834,5.0,"(1, 2, 1, 2)",0.0744,8.0,"(0, 0, 0, 1)",0.0670,2.0
c=B dc=0 h=M dh=+ L=B dL=- preo=M,contagio Bajo (estable); hospital Medio (sube); restriccion Bajo (baja); cumplimiento Medio,calma,663,"(1, 0, 2, 1)",0.9186,5.0,"(2, 2, 0, 1)",0.0270,6.0,"(1, 1, 2, 1)",0.0170,6.0
c=B dc=0 h=M dh=+ L=B dL=- preo=A,contagio Bajo (estable); hospital Medio (sube); restriccion Bajo (baja); cumplimiento Alto,calma,94,"(0, 1, 2, 0)",0.6876,3.0,"(0, 1, 1, 2)",0.0206,6.0,"(2, 0, 2, 2)",0.0107,8.0
c=B dc=0 h=M dh=+ L=B dL=0 preo=B,contagio Bajo (estable); hospital Medio (sube); restriccion Bajo (estable); cumplimiento Bajo,calma,501,"(2, 0, 1, 2)",0.9976,7.0,"(1, 2, 0, 2)",0.0005,7.0,"(0, 1, 1, 0)",0.0004,2.0
c=B dc=0 h=M dh=+ L=B dL=0 preo=M,contagio Bajo (estable); hospital Medio (sube); restriccion Bajo (estable); cumplimiento Medio,calma,27,"(2, 2, 2, 2)",0.9999,10.0,"(1, 1, 1, 0)",0.0000,3.0,"(0, 2, 1, 0)",0.0000,3.0
c=B dc=0 h=M dh=+ L=B dL=0 preo=A,contagio Bajo (estable); hospital Medio (sube); restriccion Bajo (estable); cumplimiento Alto,calma,17,"(2, 0, 1, 2)",0.7808,7.0,"(1, 0, 2, 2)",0.0087,7.0,"(2, 2, 2, 2)",0.0027,10.0
c=B dc=0 h=M dh=+ L=B dL=+ preo=B,contagio Bajo (estable); hospital Medio (sube); restriccion Bajo (sube); cumplimiento Bajo,calma,445,"(0, 0, 2, 1)",0.9960,4.0,"(2, 2, 1, 1)",0.0009,7.0,"(2, 2, 0, 1)",0.0008,6.0
c=B dc=0 h=M dh=+ L=B dL=+ preo=M,contagio Bajo (estable); hospital Medio (sube); restriccion Bajo (sube); cumplimiento Medio,calma,14,"(0, 0, 0, 0)",0.9983,0.0,"(1, 1, 1, 0)",0.0000,3.0,"(0, 2, 1, 0)",0.0000,3.0
c=B dc=0 h=M dh=+ L=B dL=+ preo=A,contagio Bajo (estable); hospital Medio (sube); restriccion Bajo (sube); cumplimiento Alto,calma,7,"(0, 2, 1, 1)",0.5042,5.0,"(2, 2, 2, 2)",0.0062,10.0,"(1, 1, 1, 0)",0.0062,3.0
c=B dc=0 h=M dh=+ L=M dL=- preo=B,contagio Bajo (estable); hospital Medio (sube); restriccion Medio (baja); cumplimiento Bajo,calma,11661,"(1, 2, 1, 2)",0.1064,8.0,"(2, 2, 0, 0)",0.0768,4.0,"(0, 1, 0, 0)",0.0759,1.0
c=B dc=0 h=M dh=+ L=M dL=- preo=M,contagio Bajo (estable); hospital Medio (sube); restriccion Medio (baja); cumplimiento Medio,calma,4060,"(0, 2, 1, 0)",0.3657,3.0,"(2, 1, 0, 2)",0.2310,7.0,"(2, 0, 2, 1)",0.0923,6.0
c=B dc=0 h=M dh=+ L=M dL=- preo=A,contagio Bajo (estable); hospital Medio (sube); restriccion Medio (baja); cumplimiento Alto,calma,18,"(0, 2, 0, 1)",0.9986,4.0,"(1, 1, 1, 0)",0.0000,3.0,"(0, 2, 1, 0)",0.0000,3.0
c=B dc=0 h=M dh=+ L=M dL=0 preo=B,contagio Bajo (estable); hospital Medio (sube); restriccion Medio (estable); cumplimiento Bajo,calma,3344,"(0, 1, 0, 0)",0.6820,1.0,"(2, 1, 2, 1)",0.1493,7.0,"(0, 0, 2, 0)",0.1204,2.0
c=B dc=0 h=M dh=+ L=M dL=0 preo=M,contagio Bajo (estable); hospital Medio (sube); restriccion Medio (estable); cumplimiento Medio,calma,716,"(2, 1, 2, 2)",0.9927,9.0,"(0, 1, 1, 2)",0.0036,6.0,"(1, 2, 2, 2)",0.0005,9.0
c=B dc=0 h=M dh=+ L=M dL=0 preo=A,contagio Bajo (estable); hospital Medio (sube); restriccion Medio (estable); cumplimiento Alto,calma,24,"(1, 1, 2, 0)",0.8049,4.0,"(2, 2, 2, 2)",0.0024,10.0,"(1, 0, 0, 2)",0.0024,5.0
c=B dc=0 h=M dh=+ L=M dL=+ preo=B,contagio Bajo (estable); hospital Medio (sube); restriccion Medio (sube); cumplimiento Bajo,calma,21701,"(0, 1, 1, 0)",0.0495,2.0,"(0, 1, 0, 1)",0.0398,3.0,"(1, 1, 1, 2)",0.0384,7.0
c=B dc=0 h=M dh=+ L=M dL=+ preo=M,contagio Bajo (estable); hospital Medio (sube); restriccion Medio (sube); cumplimiento Medio,calma,198,"(1, 1, 0, 2)",0.9949,6.0,"(0, 2, 0, 2)",0.0021,6.0,"(1, 1, 0, 0)",0.0014,2.0
c=B dc=0 h=M dh=+ L=M dL=+ preo=A,contagio Bajo (estable); hospital Medio (sube); restriccion Medio (sube); cumplimiento Alto,calma,14,"(2, 2, 1, 2)",0.9766,9.0,"(2, 2, 2, 2)",0.0003,10.0,"(1, 0, 0, 2)",0.0003,5.0
c=B dc=0 h=M dh=+ L=A dL=- preo=B,contagio Bajo (estable); hospital Medio (sube); restriccion Alto (baja); cumplimiento Bajo,calma,1324,"(2, 2, 2, 2)",0.9504,10.0,"(2, 0, 2, 0)",0.0256,4.0,"(1, 0, 0, 1)",0.0127,3.0
c=B dc=0 h=M dh=+ L=A dL=- preo=M,contagio Bajo (estable); hospital Medio (sube); restriccion Alto (baja); cumplimiento Medio,calma,20,"(2, 1, 2, 1)",0.9999,7.0,"(1, 0, 0, 2)",0.0000,5.0,"(0, 2, 1, 0)",0.0000,3.0
c=B dc=0 h=M dh=+ L=A dL=- preo=A,contagio Bajo (estable); hospital Medio (sube); restriccion Alto (baja); cumplimiento Alto,calma,8,"(1, 2, 1, 0)",0.9973,4.0,"(2, 2, 2, 2)",0.0000,10.0,"(1, 0, 0, 2)",0.0000,5.0
c=B dc=0 h=M dh=+ L=A dL=0 preo=B,contagio Bajo (estable); hospital Medio (sube); restriccion Alto (estable); cumplimiento Bajo,calma,247,"(0, 0, 2, 2)",0.9970,6.0,"(1, 1, 2, 1)",0.0007,6.0,"(2, 2, 1, 0)",0.0007,5.0
c=B dc=0 h=M dh=+ L=A dL=0 preo=M,contagio Bajo (estable); hospital Medio (sube); restriccion Alto (estable); cumplimiento Medio,calma,3,"(2, 0, 1, 0)",0.9994,3.0,"(2, 2, 2, 2)",0.0000,10.0,"(0, 2, 0, 2)",0.0000,6.0
c=B dc=0 h=M dh=+ L=A dL=0 preo=A,contagio Bajo (estable); hospital Medio (sube); restriccion Alto (estable); cumplimiento Alto,calma,2,"(2, 2, 2, 2)",0.0124,10.0,"(2, 2, 2, 1)",0.0124,8.0,"(0, 2, 1, 1)",0.0124,5.0
c=B dc=0 h=M dh=+ L=A dL=+ preo=B,contagio Bajo (estable); hospital Medio (sube); restriccion Alto (sube); cumplimiento Bajo,calma,11111,"(2, 0, 0, 0)",0.1746,2.0,"(1, 1, 1, 0)",0.1210,3.0,"(2, 1, 2, 0)",0.0957,5.0
c=B dc=0 h=M dh=+ L=A dL=+ preo=M,contagio Bajo (estable); hospital Medio (sube); restriccion Alto (sube); cumplimiento Medio,calma,719,"(2, 2, 0, 1)",0.8950,6.0,"(2, 1, 1, 2)",0.0552,8.0,"(1, 2, 0, 1)",0.0283,5.0
c=B dc=0 h=M dh=+ L=A dL=+ preo=A,contagio Bajo (estable); hospital Medio (sube); restriccion Alto (sube); cumplimiento Alto,calma,21,"(0, 1, 0, 0)",0.9798,1.0,"(2, 0, 0, 1)",0.0012,4.0,"(1, 0, 0, 2)",0.0002,5.0
c=B dc=0 h=A dh=- L=B dL=- preo=B,contagio Bajo (estable); hospital Alto (baja); restriccion Bajo (baja); cumplimiento Bajo,emergencia,812,"(2, 2, 1, 1)",0.9582,7.0,"(2, 1, 1, 1)",0.0355,6.0,"(1, 2, 2, 0)",0.0032,5.0
c=B dc=0 h=A dh=- L=B dL=- preo=M,contagio Bajo (estable); hospital Alto (baja); restriccion Bajo (baja); cumplimiento Medio,emergencia,1956,"(2, 1, 2, 0)",0.6836,5.0,"(1, 1, 0, 2)",0.0793,6.0,"(1, 0, 2, 2)",0.0702,7.0
c=B dc=0 h=A dh=- L=B dL=- preo=A,contagio Bajo (estable); hospital Alto (baja); restriccion Bajo (baja); cumplimiento Alto,emergencia,33306,"(1, 2, 0, 2)",0.0321,7.0,"(1, 0, 0, 0)",0.0203,1.0,"(0, 1, 2, 0)",0.0198,3.0
c=B dc=0 h=A dh=- L=B dL=0 preo=B,contagio Bajo (estable); hospital Alto (baja); restriccion Bajo (estable); cumplimiento Bajo,emergencia,2,"(1, 0, 2, 2)",0.9962,7.0,"(2, 2, 2, 2)",0.0000,10.0,"(1, 0, 0, 1)",0.0000,3.0
c=B dc=0 h=A dh=- L=B dL=0 preo=M,contagio Bajo (estable); hospital Alto (baja); restriccion Bajo (estable); cumplimiento Medio,emergencia,16,"(1, 0, 2, 0)",0.9981,3.0,"(2, 2, 2, 2)",0.0000,10.0,"(1, 0, 0, 1)",0.0000,3.0
c=B dc=0 h=A dh=- L=B dL=0 preo=A,contagio Bajo (estable); hospital Alto (baja); restriccion Bajo (estable); cumplimiento Alto,emergencia,433,"(2, 0, 0, 1)",0.4718,4.0,"(1, 0, 0, 1)",0.0611,3.0,"(1, 0, 0, 2)",0.0329,5.0
c=B dc=0 h=A dh=- L=B dL=+ preo=B,contagio Bajo (estable); hospital Alto (baja); restriccion Bajo (sube); cumplimiento Bajo,emergencia,4,"(2, 0, 2, 1)",0.9964,6.0,"(1, 2, 1, 1)",0.0030,6.0,"(1, 0, 0, 1)",0.0000,3.0
c=B dc=0 h=A dh=- L=B dL=+ preo=M,contagio Bajo (estable); hospital Alto (baja); restriccion Bajo (sube); cumplimiento Medio,emergencia,11,"(2, 1, 1, 2)",0.9981,8.0,"(2, 2, 2, 2)",0.0000,10.0,"(1, 0, 0, 1)",0.0000,3.0
c=B dc=0 h=A dh=- L=B dL=+ preo=A,contagio Bajo (estable); hospital Alto (baja); restriccion Bajo (sube); cumplimiento Alto,emergencia,389,"(1, 2, 2, 2)",0.4323,9.0,"(1, 2, 0, 2)",0.0585,7.0,"(1, 0, 0, 2)",0.0459,5.0
c=B dc=0 h=A dh=- L=M dL=- preo=B,contagio Bajo (estable); hospital Alto (baja); restriccion Medio (baja); cumplimiento Bajo,emergencia,1360,"(1, 0, 0, 0)",0.7748,1.0,"(1, 1, 0, 2)",0.0690,6.0,"(1, 2, 1, 2)",0.0493,8.0
c=B dc=0 h=A dh=- L=M dL=- preo=M,contagio Bajo (estable); hospital Alto (baja); restriccion Medio (baja); cumplimiento Medio,emergencia,5568,"(2, 2, 2, 2)",0.2963,10.0,"(1, 1, 2, 2)",0.1695,8.0,"(1, 2, 2, 0)",0.0971,5.0
c=B dc=0 h=A dh=- L=M dL=- preo=A,contagio Bajo (estable); hospital Alto (baja); restriccion Medio (baja); cumplimiento Alto,emergencia,14947,"(2, 2, 2, 0)",0.0209,6.0,"(2, 0, 0, 2)",0.0191,6.0,"(1, 2, 1, 0)",0.0183,4.0
c=B dc=0 h=A dh=- L=M dL=0 preo=B,contagio Bajo (estable); hospital Alto (baja); restriccion Medio (estable); cumplimiento Bajo,emergencia,82,"(0, 0, 0, 2)",0.9976,4.0,"(1, 2, 2, 1)",0.0015,7.0,"(2, 0, 2, 1)",0.0006,6.0
c=B dc=0 h=A dh=- L=M dL=0 preo=M,contagio Bajo (estable); hospital Alto (baja); restriccion Medio (estable); cumplimiento Medio,emergencia,739,"(0, 1, 1, 1)",0.9284,4.0,"(1, 1, 1, 0)",0.0233,3.0,"(2, 1, 2, 2)",0.0196,9.0
c=B dc=0 h=A dh=- L=M dL=0 preo=A,contagio Bajo (estable); hospital Alto (baja); restriccion Medio (estable); cumplimiento Alto,emergencia,5314,"(2, 1, 2, 1)",0.0677,7.0,"(0, 2, 0, 2)",0.0408,6.0,"(0, 1, 0, 1)",0.0408,3.0
c=B dc=0 h=A dh=- L=M dL=+ preo=B,contagio Bajo (estable); hospital Alto (baja); restriccion Medio (sube); cumplimiento Bajo,emergencia,427,"(2, 1, 1, 0)",0.9899,4.0,"(0, 2, 1, 2)",0.0050,7.0,"(2, 1, 1, 1)",0.0014,6.0
c=B dc=0 h=A dh=- L=M dL=+ preo=M,contagio Bajo (estable); hospital Alto (baja); restriccion Medio (sube); cumplimiento Medio,emergencia,590,"(2, 0, 0, 0)",0.9660,2.0,"(1, 2, 1, 2)",0.0081,8.0,"(2, 1, 2, 0)",0.0055,5.0
c=B dc=0 h=A dh=- L=M dL=+ preo=A,contagio Bajo (estable); hospital Alto (baja); restriccion Medio (sube); cumplimiento Alto,emergencia,2325,"(1, 0, 2, 2)",0.2180,7.0,"(2, 2, 2, 2)",0.0955,10.0,"(1, 0, 1, 1)",0.0697,4.0
c=B dc=0 h=A dh=- L=A dL=- preo=B,contagio Bajo (estable); hospital Alto (baja); restriccion Alto (baja); cumplimiento Bajo,emergencia,194,"(2, 1, 0, 2)",0.9945,7.0,"(1, 2, 2, 2)",0.0034,9.0,"(2, 0, 1, 2)",0.0014,7.0
c=B dc=0 h=A dh=- L=A dL=- preo=M,contagio Bajo (estable); hospital Alto (baja); restriccion Alto (baja); cumplimiento Medio,emergencia,465,"(1, 1, 0, 2)",0.9860,6.0,"(2, 2, 2, 1)",0.0072,8.0,"(1, 1, 2, 1)",0.0017,6.0
c=B dc=0 h=A dh=- L=A dL=- preo=A,contagio Bajo (estable); hospital Alto (baja); restriccion Alto (baja); cumplimiento Alto,emergencia,7810,"(1, 1, 2, 2)",0.0979,8.0,"(0, 0, 0, 1)",0.0494,2.0,"(2, 1, 0, 0)",0.0394,3.0
c=B dc=0 h=A dh=- L=A dL=0 preo=B,contagio Bajo (estable); hospital Alto (baja); restriccion Alto (estable); cumplimiento Bajo,emergencia,253,"(1, 1, 0, 2)",0.9864,6.0,"(2, 2, 1, 1)",0.0048,7.0,"(1, 2, 2, 0)",0.0027,5.0
c=B dc=0 h=A dh=- L=A dL=0 preo=M,contagio Bajo (estable); hospital Alto (baja); restriccion Alto (estable); cumplimiento Medio,emergencia,530,"(2, 1, 1, 2)",0.9841,8.0,"(2, 0, 2, 0)",0.0093,4.0,"(1, 2, 2, 2)",0.0023,9.0
c=B dc=0 h=A dh=- L=A dL=0 preo=A,contagio Bajo (estable); hospital Alto (baja); restriccion Alto (estable); cumplimiento Alto,emergencia,1884,"(1, 2, 1, 0)",0.4018,4.0,"(1, 2, 0, 2)",0.0427,7.0,"(1, 2, 1, 2)",0.0379,8.0
c=B dc=0 h=A dh=- L=A dL=+ preo=B,contagio Bajo (estable); hospital Alto (baja); restriccion Alto (sube); cumplimiento Bajo,emergencia,1529,"(2, 0, 1, 2)",0.8396,7.0,"(2, 2, 2, 1)",0.0791,8.0,"(2, 0, 2, 1)",0.0409,6.0
c=B dc=0 h=A dh=- L=A dL=+ preo=M,contagio Bajo (estable); hospital Alto (baja); restriccion Alto (sube); cumplimiento Medio,emergencia,6138,"(2, 1, 1, 2)",0.3036,8.0,"(1, 1, 2, 0)",0.1084,4.0,"(1, 0, 2, 0)",0.0932,3.0
c=B dc=0 h=A dh=- L=A dL=+ preo=A,contagio Bajo (estable); hospital Alto (baja); restriccion Alto (sube); cumplimiento Alto,emergencia,34668,"(2, 0, 1, 0)",0.0319,3.0,"(1, 2, 2, 2)",0.0228,9.0,"(0, 1, 1, 1)",0.0211,4.0
c=B dc=0 h=A dh=0 L=B dL=- preo=B,contagio Bajo (estable); hospital Alto (estable); restriccion Bajo (baja); cumplimiento Bajo,emergencia,809,"(0, 2, 2, 1)",0.9715,6.0,"(0, 1, 0, 0)",0.0109,1.0,"(1, 2, 2, 2)",0.0037,9.0
c=B dc=0 h=A dh=0 L=B dL=- preo=M,contagio Bajo (estable); hospital Alto (estable); restriccion Bajo (baja); cumplimiento Medio,emergencia,236,"(2, 1, 2, 1)",0.9873,7.0,"(1, 2, 2, 1)",0.0043,7.0,"(0, 0, 1, 1)",0.0037,3.0
c=B dc=0 h=A dh=0 L=B dL=- preo=A,contagio Bajo (estable); hospital Alto (estable); restriccion Bajo (baja); cumplimiento Alto,emergencia,4660,"(2, 1, 2, 2)",0.0618,9.0,"(1, 2, 1, 2)",0.0463,8.0,"(0, 2, 1, 1)",0.0414,5.0
c=B dc=0 h=A dh=0 L=B dL=0 preo=B,contagio Bajo (estable); hospital Alto (estable); restriccion Bajo (estable); cumplimiento Bajo,emergencia,102,"(1, 0, 0, 2)",0.9929,5.0,"(1, 0, 1, 0)",0.0026,2.0,"(2, 1, 1, 2)",0.0025,8.0
c=B dc=0 h=A dh=0 L=B dL=0 preo=M,contagio Bajo (estable); hospital Alto (estable); restriccion Bajo (estable); cumplimiento Medio,emergencia,16,"(0, 0, 0, 2)",0.9975,4.0,"(2, 2, 2, 2)",0.0000,10.0,"(1, 0, 1, 0)",0.0000,2.0
c=B dc=0 h=A dh=0 L=B dL=0 preo=A,contagio Bajo (estable); hospital Alto (estable); restriccion Bajo (estable); cumplimiento Alto,emergencia,146,"(2, 1, 0, 2)",0.5682,7.0,"(2, 1, 1, 1)",0.0444,6.0,"(0, 2, 2, 2)",0.0321,8.0
c=B dc=0 h=A dh=0 L=B dL=+ preo=B,contagio Bajo (estable); hospital Alto (estable); restriccion Bajo (sube); cumplimiento Bajo,emergencia,131,"(1, 1, 2, 1)",0.9939,6.0,"(1, 2, 0, 2)",0.0017,7.0,"(0, 0, 2, 2)",0.0014,6.0
c=B dc=0 h=A dh=0 L=B dL=+ preo=M,contagio Bajo (estable); hospital Alto (estable); restriccion Bajo (sube); cumplimiento Medio,emergencia,16,"(1, 1, 2, 2)",0.9987,8.0,"(2, 2, 2, 2)",0.0000,10.0,"(1, 0, 0, 2)",0.0000,5.0
c=B dc=0 h=A dh=0 L=B dL=+ preo=A,contagio Bajo (estable); hospital Alto (estable); restriccion Bajo (sube); cumplimiento Alto,emergencia,170,"(2, 1, 2, 1)",0.3175,7.0,"(1, 0, 0, 1)",0.2941,3.0,"(1, 0, 1, 0)",0.0249,2.0
c=B dc=0 h=A dh=0 L=M dL=- preo=B,contagio Bajo (estable); hospital Alto (estable); restriccion Medio (baja); cumplimiento Bajo,emergencia,587,"(0, 1, 0, 0)",0.9829,1.0,"(2, 0, 0, 0)",0.0031,2.0,"(1, 0, 0, 1)",0.0024,3.0
c=B dc=0 h=A dh=0 L=M dL=- preo=M,contagio Bajo (estable); hospital Alto (estable); restriccion Medio (baja); cumplimiento Medio,emergencia,1286,"(1, 2, 1, 2)",0.9478,8.0,"(0, 2, 2, 1)",0.0340,6.0,"(1, 1, 1, 1)",0.0027,5.0
c=B dc=0 h=A dh=0 L=M dL=- preo=A,contagio Bajo (estable); hospital Alto (estable); restriccion Medio (baja); cumplimiento Alto,emergencia,2242,"(2, 2, 1, 1)",0.1307,7.0,"(2, 2, 0, 0)",0.0682,4.0,"(2, 2, 1, 0)",0.0649,5.0
c=B dc=0 h=A dh=0 L=M dL=0 preo=B,contagio Bajo (estable); hospital Alto (estable); restriccion Medio (estable); cumplimiento Bajo,emergencia,131,"(0, 1, 2, 2)",0.9979,7.0,"(2, 0, 2, 2)",0.0018,8.0,"(2, 2, 2, 2)",0.0000,10.0
c=B dc=0 h=A dh=0 L=M dL=0 preo=M,contagio Bajo (estable); hospital Alto (estable); restriccion Medio (estable); cumplimiento Medio,emergencia,83,"(0, 2, 0, 0)",0.9731,2.0,"(1, 1, 0, 0)",0.0255,2.0,"(2, 2, 2, 2)",0.0000,10.0
c=B dc=0 h=A dh=0 L=M dL=0 preo=A,contagio Bajo (estable); hospital Alto (estable); restriccion Medio (estable); cumplimiento Alto,emergencia,375,"(2, 1, 0, 2)",0.2765,7.0,"(1, 0, 2, 1)",0.0607,5.0,"(1, 1, 0, 1)",0.0528,4.0
c=B dc=0 h=A dh=0 L=M dL=+ preo=B,contagio Bajo (estable); hospital Alto (estable); restriccion Medio (sube); cumplimiento Bajo,emergencia,484,"(2, 1, 1, 0)",0.9840,4.0,"(1, 2, 2, 0)",0.0057,5.0,"(2, 0, 1, 0)",0.0032,3.0
c=B dc=0 h=A dh=0 L=M dL=+ preo=M,contagio Bajo (estable); hospital Alto (estable); restriccion Medio (sube); cumplimiento Medio,emergencia,77,"(2, 1, 1, 2)",0.9997,8.0,"(2, 2, 2, 2)",0.0000,10.0,"(0, 2, 0, 2)",0.0000,6.0
c=B dc=0 h=A dh=0 L=M dL=+ preo=A,contagio Bajo (estable); hospital Alto (estable); restriccion Medio (sube); cumplimiento Alto,emergencia,824,"(1, 2, 2, 1)",0.2030,7.0,"(2, 1, 0, 0)",0.0662,3.0,"(0, 0, 0, 0)",0.0621,0.0
c=B dc=0 h=A dh=0 L=A dL=- preo=B,contagio Bajo (estable); hospital Alto (estable); restriccion Alto (baja); cumplimiento Bajo,emergencia,71,"(2, 0, 0, 2)",0.9998,6.0,"(2, 2, 2, 2)",0.0000,10.0,"(0, 2, 0, 2)",0.0000,6.0
c=B dc=0 h=A dh=0 L=A dL=- preo=M,contagio Bajo (estable); hospital Alto (estable); restriccion Alto (baja); cumplimiento Medio,emergencia,30,"(0, 2, 0, 2)",0.9954,6.0,"(1, 1, 1, 0)",0.0001,3.0,"(0, 2, 1, 0)",0.0001,3.0
c=B dc=0 h=A dh=0 L=A dL=- preo=A,contagio Bajo (estable); hospital Alto (estable); restriccion Alto (baja); cumplimiento Alto,emergencia,924,"(1, 0, 1, 1)",0.2256,4.0,"(0, 2, 2, 1)",0.0591,6.0,"(2, 0, 0, 1)",0.0459,4.0
c=B dc=0 h=A dh=0 L=A dL=0 preo=B,contagio Bajo (estable); hospital Alto (estable); restriccion Alto (estable); cumplimiento Bajo,emergencia,66,"(0, 0, 1, 0)",0.9996,1.0,"(2, 2, 2, 2)",0.0000,10.0,"(1, 0, 0, 2)",0.0000,5.0
c=B dc=0 h=A dh=0 L=A dL=0 preo=M,contagio Bajo (estable); hospital Alto (estable); restriccion Alto (estable); cumplimiento Medio,emergencia,41,"(1, 2, 1, 0)",0.9852,4.0,"(0, 0, 1, 1)",0.0097,3.0,"(0, 0, 2, 0)",0.0037,2.0
c=B dc=0 h=A dh=0 L=A dL=0 preo=A,contagio Bajo (estable); hospital Alto (estable); restriccion Alto (estable); cumplimiento Alto,emergencia,220,"(2, 1, 1, 0)",0.3437,4.0,"(0, 2, 0, 0)",0.0493,2.0,"(1, 1, 0, 0)",0.0462,2.0
c=B dc=0 h=A dh=0 L=A dL=+ preo=B,contagio Bajo (estable); hospital Alto (estable); restriccion Alto (sube); cumplimiento Bajo,emergencia,719,"(1, 1, 0, 0)",0.8418,2.0,"(1, 0, 0, 0)",0.1327,1.0,"(1, 0, 1, 2)",0.0170,6.0
c=B dc=0 h=A dh=0 L=A dL=+ preo=M,contagio Bajo (estable); hospital Alto (estable); restriccion Alto (sube); cumplimiento Medio,emergencia,731,"(0, 2, 2, 1)",0.9872,6.0,"(2, 2, 1, 2)",0.0031,9.0,"(1, 1, 1, 2)",0.0024,7.0
c=B dc=0 h=A dh=0 L=A dL=+ preo=A,contagio Bajo (estable); hospital Alto (estable); restriccion Alto (sube); cumplimiento Alto,emergencia,1655,"(1, 2, 2, 2)",0.2516,9.0,"(2, 0, 2, 1)",0.0772,6.0,"(0, 1, 1, 2)",0.0712,6.0
c=B dc=0 h=A dh=+ L=B dL=- preo=B,contagio Bajo (estable); hospital Alto (sube); restriccion Bajo (baja); cumplimiento Bajo,emergencia,425,"(1, 2, 2, 2)",0.9992,9.0,"(2, 0, 2, 1)",0.0003,6.0,"(0, 0, 0, 0)",0.0002,0.0
c=B dc=0 h=A dh=+ L=B dL=- preo=M,contagio Bajo (estable); hospital Alto (sube); restriccion Bajo (baja); cumplimiento Medio,emergencia,302,"(1, 2, 2, 1)",0.9889,7.0,"(0, 2, 1, 1)",0.0037,5.0,"(0, 1, 2, 1)",0.0029,5.0
c=B dc=0 h=A dh=+ L=B dL=- preo=A,contagio Bajo (estable); hospital Alto (sube); restriccion Bajo (baja); cumplimiento Alto,emergencia,1805,"(0, 2, 1, 1)",0.1536,5.0,"(1, 2, 1, 0)",0.0698,4.0,"(1, 1, 1, 0)",0.0446,3.0
c=B dc=0 h=A dh=+ L=B dL=0 preo=B,contagio Bajo (estable); hospital Alto (sube); restriccion Bajo (estable); cumplimiento Bajo,emergencia,8,"(1, 0, 1, 1)",0.9999,4.0,"(2, 2, 2, 2)",0.0000,10.0,"(1, 0, 0, 1)",0.0000,3.0
c=B dc=0 h=A dh=+ L=B dL=0 preo=M,contagio Bajo (estable); hospital Alto (sube); restriccion Bajo (estable); cumplimiento Medio,emergencia,6,"(0, 2, 0, 0)",0.8648,2.0,"(1, 2, 0, 1)",0.0032,5.0,"(2, 2, 2, 2)",0.0017,10.0
c=B dc=0 h=A dh=+ L=B dL=0 preo=A,contagio Bajo (estable); hospital Alto (sube); restriccion Bajo (estable); cumplimiento Alto,emergencia,31,"(2, 2, 1, 0)",0.5559,5.0,"(1, 2, 0, 1)",0.0222,5.0,"(2, 2, 2, 2)",0.0055,10.0
c=B dc=0 h=A dh=+ L=B dL=+ preo=B,contagio Bajo (estable); hospital Alto (sube); restriccion Bajo (sube); cumplimiento Bajo,emergencia,9,"(2, 0, 0, 1)",0.9999,4.0,"(2, 2, 2, 2)",0.0000,10.0,"(0, 2, 0, 2)",0.0000,6.0
c=B dc=0 h=A dh=+ L=B dL=+ preo=M,contagio Bajo (estable); hospital Alto (sube); restriccion Bajo (sube); cumplimiento Medio,emergencia,4,"(1, 1, 0, 0)",0.1528,2.0,"(2, 2, 2, 2)",0.0106,10.0,"(1, 0, 0, 2)",0.0106,5.0
c=B dc=0 h=A dh=+ L=B dL=+ preo=A,contagio Bajo (estable); hospital Alto (sube); restriccion Bajo (sube); cumplimiento Alto,emergencia,15,"(2, 2, 2, 0)",0.0613,6.0,"(2, 2, 2, 2)",0.0120,10.0,"(1, 0, 1, 1)",0.0120,4.0
c=B dc=0 h=A dh=+ L=M dL=- preo=B,contagio Bajo (estable); hospital Alto (sube); restriccion Medio (baja); cumplimiento Bajo,emergencia,687,"(1, 2, 0, 2)",0.9869,7.0,"(2, 0, 2, 0)",0.0063,4.0,"(0, 0, 0, 1)",0.0036,2.0
c=B dc=0 h=A dh=+ L=M dL=- preo=M,contagio Bajo (estable); hospital Alto (sube); restriccion Medio (baja); cumplimiento Medio,emergencia,1998,"(0, 1, 2, 2)",0.7398,7.0,"(2, 2, 2, 1)",0.0857,8.0,"(1, 0, 1, 0)",0.0248,2.0
c=B dc=0 h=A dh=+ L=M dL=- preo=A,contagio Bajo (estable); hospital Alto (sube); restriccion Medio (baja); cumplimiento Alto,emergencia,3729,"(0, 2, 2, 0)",0.0634,4.0,"(2, 0, 0, 2)",0.0458,6.0,"(2, 0, 2, 1)",0.0397,6.0
c=B dc=0 h=A dh=+ L=M dL=0 preo=B,contagio Bajo (estable); hospital Alto (sube); restriccion Medio (estable); cumplimiento Bajo,emergencia,175,"(2, 2, 0, 1)",0.9978,6.0,"(0, 0, 2, 1)",0.0011,4.0,"(1, 2, 1, 0)",0.0009,4.0
c=B dc=0 h=A dh=+ L=M dL=0 preo=M,contagio Bajo (estable); hospital Alto (sube); restriccion Medio (estable); cumplimiento Medio,emergencia,238,"(1, 2, 2, 1)",0.9976,7.0,"(0, 0, 2, 0)",0.0007,2.0,"(1, 2, 1, 2)",0.0007,8.0
c=B dc=0 h=A dh=+ L=M dL=0 preo=A,contagio Bajo (estable); hospital Alto (sube); restriccion Medio (estable); cumplimiento Alto,emergencia,257,"(1, 0, 1, 1)",0.1400,4.0,"(1, 1, 1, 0)",0.0691,3.0,"(0, 2, 0, 1)",0.0493,4.0
c=B dc=0 h=A dh=+ L=M dL=+ preo=B,contagio Bajo (estable); hospital Alto (sube); restriccion Medio (sube); cumplimiento Bajo,emergencia,564,"(2, 2, 2, 2)",0.9564,10.0,"(1, 1, 2, 0)",0.0358,4.0,"(1, 2, 1, 0)",0.0012,4.0
c=B dc=0 h=A dh=+ L=M dL=+ preo=M,contagio Bajo (estable); hospital Alto (sube); restriccion Medio (sube); cumplimiento Medio,emergencia,104,"(2, 1, 0, 2)",0.9958,7.0,"(0, 0, 1, 2)",0.0023,5.0,"(1, 1, 0, 1)",0.0011,4.0
c=B dc=0 h=A dh=+ L=M dL=+ preo=A,contagio Bajo (estable); hospital Alto (sube); restriccion Medio (sube); cumplimiento Alto,emergencia,753,"(0, 1, 0, 2)",0.1152,5.0,"(2, 1, 0, 0)",0.0793,3.0,"(1, 0, 1, 2)",0.0641,6.0
c=B dc=0 h=A dh=+ L=A dL=- preo=B,contagio Bajo (estable); hospital Alto (sube); restriccion Alto (baja); cumplimiento Bajo,emergencia,40,"(1, 1, 2, 1)",0.9998,6.0,"(2, 2, 2, 2)",0.0000,10.0,"(1, 0, 0, 2)",0.0000,5.0
c=B dc=0 h=A dh=+ L=A dL=- preo=M,contagio Bajo (estable); hospital Alto (sube); restriccion Alto (baja); cumplimiento Medio,emergencia,33,"(1, 0, 0, 0)",0.9985,1.0,"(0, 1, 1, 0)",0.0007,2.0,"(2, 2, 2, 2)",0.0000,10.0
c=B dc=0 h=A dh=+ L=A dL=- preo=A,contagio Bajo (estable); hospital Alto (sube); restriccion Alto (baja); cumplimiento Alto,emergencia,1090,"(2, 1, 2, 2)",0.0954,9.0,"(1, 0, 0, 0)",0.0586,1.0,"(0, 2, 2, 2)",0.0461,8.0
c=B dc=0 h=A dh=+ L=A dL=0 preo=B,contagio Bajo (estable); hospital Alto (sube); restriccion Alto (estable); cumplimiento Bajo,emergencia,40,"(0, 2, 0, 1)",0.9994,4.0,"(1, 1, 1, 0)",0.0000,3.0,"(0, 2, 1, 0)",0.0000,3.0
c=B dc=0 h=A dh=+ L=A dL=0 preo=M,contagio Bajo (estable); hospital Alto (sube); restriccion Alto (estable); cumplimiento Medio,emergencia,24,"(2, 2, 2, 0)",0.9999,6.0,"(2, 2, 2, 2)",0.0000,10.0,"(1, 0, 0, 2)",0.0000,5.0
c=B dc=0 h=A dh=+ L=A dL=0 preo=A,contagio Bajo (estable); hospital Alto (sube); restriccion Alto (estable); cumplimiento Alto,emergencia,78,"(1, 1, 2, 0)",0.2421,4.0,"(0, 2, 1, 2)",0.0097,7.0,"(0, 2, 2, 1)",0.0097,6.0
c=B dc=0 h=A dh=+ L=A dL=+ preo=B,contagio Bajo (estable); hospital Alto (sube); restriccion Alto (sube); cumplimiento Bajo,emergencia,679,"(1, 2, 2, 0)",0.9458,5.0,"(1, 1, 0, 2)",0.0145,6.0,"(0, 2, 2, 2)",0.0139,8.0
c=B dc=0 h=A dh=+ L=A dL=+ preo=M,contagio Bajo (estable); hospital Alto (sube); restriccion Alto (sube); cumplimiento Medio,emergencia,815,"(2, 2, 2, 2)",0.9597,10.0,"(1, 2, 0, 2)",0.0146,7.0,"(1, 2, 1, 2)",0.0044,8.0
c=B dc=0 h=A dh=+ L=A dL=+ preo=A,contagio Bajo (estable); hospital Alto (sube); restriccion Alto (sube); cumplimiento Alto,emergencia,1072,"(0, 0, 1, 2)",0.2219,5.0,"(2, 1, 2, 2)",0.0546,9.0,"(2, 0, 1, 0)",0.0501,3.0
c=B dc=+ h=B dh=- L=B dL=- preo=B,contagio Bajo (sube); hospital Bajo (baja); restriccion Bajo (baja); cumplimiento Bajo,prop_lenta,532047,"(2, 2, 2, 0)",0.0287,6.0,"(1, 2, 2, 1)",0.0235,7.0,"(2, 1, 1, 1)",0.0234,6.0
c=B dc=+ h=B dh=- L=B dL=- preo=M,contagio Bajo (sube); hospital Bajo (baja); restriccion Bajo (baja); cumplimiento Medio,prop_lenta,4126,"(2, 2, 2, 0)",0.6159,6.0,"(1, 0, 0, 2)",0.0919,5.0,"(0, 1, 2, 0)",0.0732,3.0
c=B dc=+ h=B dh=- L=B dL=- preo=A,contagio Bajo (sube); hospital Bajo (baja); restriccion Bajo (baja); cumplimiento Alto,prop_lenta,3727,"(1, 0, 0, 0)",0.5026,1.0,"(2, 1, 1, 0)",0.1329,4.0,"(2, 1, 0, 0)",0.0861,3.0
c=B dc=+ h=B dh=- L=B dL=0 preo=B,contagio Bajo (sube); hospital Bajo (baja); restriccion Bajo (estable); cumplimiento Bajo,prop_lenta,3258,"(0, 0, 2, 0)",0.7255,2.0,"(1, 2, 1, 1)",0.0564,6.0,"(1, 0, 1, 0)",0.0339,2.0
c=B dc=+ h=B dh=- L=B dL=0 preo=M,contagio Bajo (sube); hospital Bajo (baja); restriccion Bajo (estable); cumplimiento Medio,prop_lenta,1347,"(1, 0, 1, 0)",0.6415,2.0,"(2, 1, 0, 1)",0.2388,5.0,"(2, 1, 1, 0)",0.0436,4.0
c=B dc=+ h=B dh=- L=B dL=0 preo=A,contagio Bajo (sube); hospital Bajo (baja); restriccion Bajo (estable); cumplimiento Alto,prop_lenta,1108,"(0, 0, 0, 0)",0.8683,0.0,"(0, 0, 1, 0)",0.0216,1.0,"(0, 0, 2, 2)",0.0153,6.0
c=B dc=+ h=B dh=- L=B dL=+ preo=B,contagio Bajo (sube); hospital Bajo (baja); restriccion Bajo (sube); cumplimiento Bajo,prop_lenta,4310,"(2, 2, 0, 1)",0.5934,6.0,"(2, 2, 2, 0)",0.1064,6.0,"(2, 1, 2, 0)",0.1003,5.0
c=B dc=+ h=B dh=- L=B dL=+ preo=M,contagio Bajo (sube); hospital Bajo (baja); restriccion Bajo (sube); cumplimiento Medio,prop_lenta,509,"(2, 0, 1, 1)",0.9844,5.0,"(1, 0, 0, 0)",0.0044,1.0,"(2, 0, 0, 1)",0.0036,4.0
c=B dc=+ h=B dh=- L=B dL=+ preo=A,contagio Bajo (sube); hospital Bajo (baja); restriccion Bajo (sube); cumplimiento Alto,prop_lenta,772,"(0, 1, 2, 1)",0.6044,5.0,"(2, 0, 2, 2)",0.2567,8.0,"(2, 0, 1, 2)",0.0585,7.0
c=B dc=+ h=B dh=- L=M dL=- preo=B,contagio Bajo (sube); hospital Bajo (baja); restriccion Medio (baja); cumplimiento Bajo,prop_lenta,14166,"(0, 2, 0, 1)",0.0933,4.0,"(0, 2, 2, 1)",0.0672,6.0,"(2, 0, 2, 2)",0.0554,8.0
c=B dc=+ h=B dh=- L=M dL=- preo=M,contagio Bajo (sube); hospital Bajo (baja); restriccion Medio (baja); cumplimiento Medio,prop_lenta,1154,"(2, 1, 0, 2)",0.9818,7.0,"(1, 1, 0, 0)",0.0080,2.0,"(1, 2, 2, 1)",0.0016,7.0
c=B dc=+ h=B dh=- L=M dL=- preo=A,contagio Bajo (sube); hospital Bajo (baja); restriccion Medio (baja); cumplimiento Alto,prop_lenta,122,"(0, 0, 0, 1)",0.9939,2.0,"(1, 0, 1, 2)",0.0009,6.0,"(2, 2, 2, 2)",0.0001,10.0
c=B dc=+ h=B dh=- L=M dL=0 preo=B,contagio Bajo (sube); hospital Bajo (baja); restriccion Medio (estable); cumplimiento Bajo,prop_lenta,2642,"(1, 2, 0, 2)",0.7810,7.0,"(2, 0, 0, 1)",0.1807,4.0,"(1, 1, 0, 1)",0.0117,4.0
c=B dc=+ h=B dh=- L=M dL=0 preo=M,contagio Bajo (sube); hospital Bajo (baja); restriccion Medio (estable); cumplimiento Medio,prop_lenta,210,"(1, 2, 0, 2)",0.9965,7.0,"(1, 1, 2, 2)",0.0015,8.0,"(1, 0, 2, 0)",0.0009,3.0
c=B dc=+ h=B dh=- L=M dL=0 preo=A,contagio Bajo (sube); hospital Bajo (baja); restriccion Medio (estable); cumplimiento Alto,prop_lenta,90,"(2, 2, 0, 0)",0.8797,4.0,"(2, 1, 0, 1)",0.1088,5.0,"(2, 2, 2, 2)",0.0001,10.0
c=B dc=+ h=B dh=- L=M dL=+ preo=B,contagio Bajo (sube); hospital Bajo (baja); restriccion Medio (sube); cumplimiento Bajo,prop_lenta,23109,"(0, 0, 0, 0)",0.0487,0.0,"(2, 1, 2, 1)",0.0451,7.0,"(0, 1, 0, 0)",0.0392,1.0
c=B dc=+ h=B dh=- L=M dL=+ preo=M,contagio Bajo (sube); hospital Bajo (baja); restriccion Medio (sube); cumplimiento Medio,prop_lenta,426,"(1, 2, 2, 0)",0.9672,5.0,"(0, 1, 1, 1)",0.0198,4.0,"(0, 2, 2, 1)",0.0062,6.0
c=B dc=+ h=B dh=- L=M dL=+ preo=A,contagio Bajo (sube); hospital Bajo (baja); restriccion Medio (sube); cumplimiento Alto,prop_lenta,436,"(2, 2, 1, 2)",0.8459,9.0,"(1, 1, 2, 2)",0.0513,8.0,"(0, 0, 2, 1)",0.0278,4.0
c=B dc=+ h=B dh=- L=A dL=- preo=B,contagio Bajo (sube); hospital Bajo (baja); restriccion Alto (baja); cumplimiento Bajo,prop_lenta,837,"(2, 2, 1, 2)",0.9991,9.0,"(2, 2, 1, 1)",0.0002,7.0,"(2, 1, 0, 0)",0.0001,3.0
c=B dc=+ h=B dh=- L=A dL=- preo=M,contagio Bajo (sube); hospital Bajo (baja); restriccion Alto (baja); cumplimiento Medio,prop_lenta,1,"(2, 0, 2, 2)",0.9596,8.0,"(2, 2, 2, 2)",0.0005,10.0,"(1, 0, 0, 1)",0.0005,3.0
c=B dc=+ h=B dh=- L=A dL=- preo=A,contagio Bajo (sube); hospital Bajo (baja); restriccion Alto (baja); cumplimiento Alto,prop_lenta,2,"(0, 0, 0, 0)",0.4937,0.0,"(1, 1, 1, 0)",0.0063,3.0,"(0, 2, 1, 0)",0.0063,3.0
c=B dc=+ h=B dh=- L=A dL=0 preo=B,contagio Bajo (sube); hospital Bajo (baja); restriccion Alto (estable); cumplimiento Bajo,prop_lenta,167,"(0, 1, 2, 1)",0.9965,5.0,"(1, 2, 2, 1)",0.0011,7.0,"(2, 1, 0, 2)",0.0011,7.0
c=B dc=+ h=B dh=- L=A dL=0 preo=M,contagio Bajo (sube); hospital Bajo (baja); restriccion Alto (estable); cumplimiento Medio,prop_lenta,5,"(1, 1, 1, 1)",0.9992,5.0,"(1, 1, 1, 0)",0.0000,3.0,"(0, 2, 1, 0)",0.0000,3.0
c=B dc=+ h=B dh=- L=A dL=0 preo=A,contagio Bajo (sube); hospital Bajo (baja); restriccion Alto (estable); cumplimiento Alto,prop_lenta,4,"(2, 0, 2, 2)",0.9989,8.0,"(2, 2, 2, 2)",0.0000,10.0,"(1, 0, 0, 1)",0.0000,3.0
c=B dc=+ h=B dh=- L=A dL=+ preo=B,contagio Bajo (sube); hospital Bajo (baja); restriccion Alto (sube); cumplimiento Bajo,prop_lenta,6774,"(0, 2, 0, 1)",0.2939,4.0,"(2, 1, 0, 1)",0.1616,5.0,"(0, 2, 0, 0)",0.1246,2.0
c=B dc=+ h=B dh=- L=A dL=+ preo=M,contagio Bajo (sube); hospital Bajo (baja); restriccion Alto (sube); cumplimiento Medio,prop_lenta,194,"(0, 0, 0, 0)",0.9958,0.0,"(0, 0, 2, 0)",0.0038,2.0,"(2, 1, 0, 2)",0.0003,7.0
c=B dc=+ h=B dh=- L=A dL=+ preo=A,contagio Bajo (sube); hospital Bajo (baja); restriccion Alto (sube); cumplimiento Alto,prop_lenta,188,"(0, 0, 0, 0)",0.9880,0.0,"(2, 1, 0, 2)",0.0056,7.0,"(1, 2, 2, 0)",0.0015,5.0
c=B dc=+ h=B dh=0 L=B dL=- preo=B,contagio Bajo (sube); hospital Bajo (estable); restriccion Bajo (baja); cumplimiento Bajo,prop_lenta,231322,"(2, 2, 1, 0)",0.0312,5.0,"(2, 1, 0, 1)",0.0245,5.0,"(1, 2, 0, 1)",0.0241,5.0
c=B dc=+ h=B dh=0 L=B dL=- preo=M,contagio Bajo (sube); hospital Bajo (estable); restriccion Bajo (baja); cumplimiento Medio,prop_lenta,461,"(0, 0, 1, 2)",0.9886,5.0,"(0, 0, 0, 0)",0.0060,0.0,"(1, 0, 1, 1)",0.0019,4.0
c=B dc=+ h=B dh=0 L=B dL=- preo=A,contagio Bajo (sube); hospital Bajo (estable); restriccion Bajo (baja); cumplimiento Alto,prop_lenta,584,"(2, 1, 2, 0)",0.6647,5.0,"(2, 2, 1, 0)",0.1208,5.0,"(2, 0, 0, 0)",0.0647,2.0
c=B dc=+ h=B dh=0 L=B dL=0 preo=B,contagio Bajo (sube); hospital Bajo (estable); restriccion Bajo (estable); cumplimiento Bajo,prop_lenta,1041,"(2, 2, 0, 2)",0.9863,8.0,"(1, 2, 1, 2)",0.0060,8.0,"(2, 2, 2, 1)",0.0025,8.0
c=B dc=+ h=B dh=0 L=B dL=0 preo=M,contagio Bajo (sube); hospital Bajo (estable); restriccion Bajo (estable); cumplimiento Medio,prop_lenta,47,"(1, 2, 2, 2)",0.9997,9.0,"(1, 2, 1, 2)",0.0002,8.0,"(2, 2, 2, 2)",0.0000,10.0
c=B dc=+ h=B dh=0 L=B dL=0 preo=A,contagio Bajo (sube); hospital Bajo (estable); restriccion Bajo (estable); cumplimiento Alto,prop_lenta,162,"(0, 0, 1, 1)",0.9476,3.0,"(0, 0, 1, 0)",0.0335,1.0,"(0, 2, 0, 0)",0.0042,2.0
c=B dc=+ h=B dh=0 L=B dL=+ preo=B,contagio Bajo (sube); hospital Bajo (estable); restriccion Bajo (sube); cumplimiento Bajo,prop_lenta,934,"(2, 1, 2, 1)",0.9738,7.0,"(2, 1, 2, 2)",0.0167,9.0,"(0, 1, 2, 0)",0.0039,3.0
c=B dc=+ h=B dh=0 L=B dL=+ preo=M,contagio Bajo (sube); hospital Bajo (estable); restriccion Bajo (sube); cumplimiento Medio,prop_lenta,47,"(2, 0, 0, 2)",1.0000,6.0,"(2, 2, 2, 2)",0.0000,10.0,"(0, 2, 0, 2)",0.0000,6.0
c=B dc=+ h=B dh=0 L=B dL=+ preo=A,contagio Bajo (sube); hospital Bajo (estable); restriccion Bajo (sube); cumplimiento Alto,prop_lenta,98,"(0, 1, 0, 2)",0.9524,5.0,"(2, 2, 2, 2)",0.0006,10.0,"(0, 2, 0, 2)",0.0006,6.0
c=B dc=+ h=B dh=0 L=M dL=- preo=B,contagio Bajo (sube); hospital Bajo (estable); restriccion Medio (baja); cumplimiento Bajo,prop_lenta,5511,"(0, 0, 0, 0)",0.4657,0.0,"(1, 2, 0, 2)",0.1817,7.0,"(0, 0, 0, 2)",0.0915,4.0
c=B dc=+ h=B dh=0 L=M dL=- preo=M,contagio Bajo (sube); hospital Bajo (estable); restriccion Medio (baja); cumplimiento Medio,prop_lenta,228,"(2, 0, 2, 1)",0.9957,6.0,"(2, 0, 2, 0)",0.0027,4.0,"(2, 2, 2, 1)",0.0015,8.0
c=B dc=+ h=B dh=0 L=M dL=- preo=A,contagio Bajo (sube); hospital Bajo (estable); restriccion Medio (baja); cumplimiento Alto,prop_lenta,13,"(2, 1, 0, 1)",0.9847,5.0,"(2, 2, 2, 0)",0.0050,6.0,"(2, 2, 2, 2)",0.0001,10.0
c=B dc=+ h=B dh=0 L=M dL=0 preo=B,contagio Bajo (sube); hospital Bajo (estable); restriccion Medio (estable); cumplimiento Bajo,prop_lenta,583,"(2, 2, 0, 2)",0.9878,8.0,"(1, 2, 2, 2)",0.0094,9.0,"(0, 0, 0, 0)",0.0007,0.0
c=B dc=+ h=B dh=0 L=M dL=0 preo=M,contagio Bajo (sube); hospital Bajo (estable); restriccion Medio (estable); cumplimiento Medio,prop_lenta,12,"(0, 2, 2, 1)",1.0000,6.0,"(2, 2, 2, 2)",0.0000,10.0,"(1, 1, 1, 0)",0.0000,3.0
c=B dc=+ h=B dh=0 L=M dL=0 preo=A,contagio Bajo (sube); hospital Bajo (estable); restriccion Medio (estable); cumplimiento Alto,prop_lenta,20,"(0, 1, 1, 1)",0.9934,4.0,"(2, 2, 2, 2)",0.0001,10.0,"(0, 2, 0, 2)",0.0001,6.0
c=B dc=+ h=B dh=0 L=M dL=+ preo=B,contagio Bajo (sube); hospital Bajo (estable); restriccion Medio (sube); cumplimiento Bajo,prop_lenta,5657,"(2, 1, 2, 1)",0.4938,7.0,"(1, 2, 2, 1)",0.2120,7.0,"(2, 2, 0, 2)",0.0534,8.0
c=B dc=+ h=B dh=0 L=M dL=+ preo=M,contagio Bajo (sube); hospital Bajo (estable); restriccion Medio (sube); cumplimiento Medio,prop_lenta,64,"(0, 1, 0, 1)",0.9998,3.0,"(2, 2, 2, 2)",0.0000,10.0,"(0, 2, 0, 2)",0.0000,6.0
c=B dc=+ h=B dh=0 L=M dL=+ preo=A,contagio Bajo (sube); hospital Bajo (estable); restriccion Medio (sube); cumplimiento Alto,prop_lenta,85,"(2, 0, 0, 1)",0.9235,4.0,"(2, 1, 1, 0)",0.0619,4.0,"(2, 1, 0, 2)",0.0022,7.0
c=B dc=+ h=B dh=0 L=A dL=- preo=B,contagio Bajo (sube); hospital Bajo (estable); restriccion Alto (baja); cumplimiento Bajo,prop_lenta,350,"(0, 1, 1, 2)",0.9957,6.0,"(0, 1, 0, 0)",0.0007,1.0,"(1, 0, 0, 1)",0.0007,3.0
c=B dc=+ h=B dh=0 L=A dL=- preo=M,contagio Bajo (sube); hospital Bajo (estable); restriccion Alto (baja); cumplimiento Medio,prop_lenta,3,"(2, 1, 1, 1)",0.9972,6.0,"(2, 2, 2, 2)",0.0000,10.0,"(1, 0, 0, 1)",0.0000,3.0
c=B dc=+ h=B dh=0 L=A dL=- preo=A,contagio Bajo (sube); hospital Bajo (estable); restriccion Alto (baja); cumplimiento Alto,prop_lenta,0,"(2, 2, 2, 2)",0.0123,10.0,"(1, 1, 1, 0)",0.0123,3.0,"(0, 2, 1, 0)",0.0123,3.0
c=B dc=+ h=B dh=0 L=A dL=0 preo=B,contagio Bajo (sube); hospital Bajo (estable); restriccion Alto (estable); cumplimiento Bajo,prop_lenta,68,"(2, 2, 0, 2)",0.9999,8.0,"(1, 2, 0, 1)",0.0000,5.0,"(2, 2, 2, 2)",0.0000,10.0
c=B dc=+ h=B dh=0 L=A dL=0 preo=M,contagio Bajo (sube); hospital Bajo (estable); restriccion Alto (estable); cumplimiento Medio,prop_lenta,2,"(0, 1, 2, 0)",0.9976,3.0,"(2, 2, 2, 2)",0.0000,10.0,"(0, 2, 0, 2)",0.0000,6.0
c=B dc=+ h=B dh=0 L=A dL=0 preo=A,contagio Bajo (sube); hospital Bajo (estable); restriccion Alto (estable); cumplimiento Alto,prop_lenta,0,"(2, 2, 2, 2)",0.0123,10.0,"(1, 1, 1, 0)",0.0123,3.0,"(0, 2, 1, 0)",0.0123,3.0
c=B dc=+ h=B dh=0 L=A dL=+ preo=B,contagio Bajo (sube); hospital Bajo (estable); restriccion Alto (sube); cumplimiento Bajo,prop_lenta,1499,"(2, 2, 2, 0)",0.9835,6.0,"(0, 2, 2, 2)",0.0109,8.0,"(1, 0, 2, 0)",0.0022,3.0
c=B dc=+ h=B dh=0 L=A dL=+ preo=M,contagio Bajo (sube); hospital Bajo (estable); restriccion Alto (sube); cumplimiento Medio,prop_lenta,16,"(1, 2, 1, 2)",1.0000,8.0,"(2, 2, 2, 2)",0.0000,10.0,"(0, 2, 0, 2)",0.0000,6.0
c=B dc=+ h=B dh=0 L=A dL=+ preo=A,contagio Bajo (sube); hospital Bajo (estable); restriccion Alto (sube); cumplimiento Alto,prop_lenta,18,"(1, 1, 0, 1)",0.9997,4.0,"(2, 2, 2, 2)",0.0000,10.0,"(1, 0, 0, 1)",0.0000,3.0
c=B dc=+ h=B dh=+ L=B dL=- preo=B,contagio Bajo (sube); hospital Bajo (sube); restriccion Bajo (baja); cumplimiento Bajo,prop_lenta,388683,"(2, 2, 2, 0)",0.0323,6.0,"(2, 2, 0, 1)",0.0233,6.0,"(1, 2, 2, 1)",0.0226,7.0
c=B dc=+ h=B dh=+ L=B dL=- preo=M,contagio Bajo (sube); hospital Bajo (sube); restriccion Bajo (baja); cumplimiento Medio,prop_lenta,729,"(1, 2, 0, 2)",0.9928,7.0,"(2, 0, 1, 2)",0.0021,7.0,"(0, 0, 2, 0)",0.0013,2.0
c=B dc=+ h=B dh=+ L=B dL=- preo=A,contagio Bajo (sube); hospital Bajo (sube); restriccion Bajo (baja); cumplimiento Alto,prop_lenta,2442,"(0, 0, 0, 0)",0.3117,0.0,"(0, 2, 0, 2)",0.1934,6.0,"(1, 0, 2, 0)",0.1059,3.0
c=B dc=+ h=B dh=+ L=B dL=0 preo=B,contagio Bajo (sube); hospital Bajo (sube); restriccion Bajo (estable); cumplimiento Bajo,prop_lenta,1839,"(1, 2, 2, 1)",0.9535,7.0,"(2, 2, 1, 1)",0.0140,7.0,"(0, 1, 2, 1)",0.0106,5.0
c=B dc=+ h=B dh=+ L=B dL=0 preo=M,contagio Bajo (sube); hospital Bajo (sube); restriccion Bajo (estable); cumplimiento Medio,prop_lenta,112,"(2, 1, 1, 2)",0.9991,8.0,"(2, 1, 1, 1)",0.0009,6.0,"(2, 2, 2, 2)",0.0000,10.0
c=B dc=+ h=B dh=+ L=B dL=0 preo=A,contagio Bajo (sube); hospital Bajo (sube); restriccion Bajo (estable); cumplimiento Alto,prop_lenta,564,"(0, 2, 1, 0)",0.9381,3.0,"(1, 2, 1, 2)",0.0307,8.0,"(2, 1, 0, 0)",0.0070,3.0
c=B dc=+ h=B dh=+ L=B dL=+ preo=B,contagio Bajo (sube); hospital Bajo (sube); restriccion Bajo (sube); cumplimiento Bajo,prop_lenta,1407,"(2, 0, 0, 0)",0.8577,2.0,"(0, 0, 0, 1)",0.1012,2.0,"(0, 0, 1, 2)",0.0135,5.0
c=B dc=+ h=B dh=+ L=B dL=+ preo=M,contagio Bajo (sube); hospital Bajo (sube); restriccion Bajo (sube); cumplimiento Medio,prop_lenta,74,"(2, 0, 1, 1)",0.9997,5.0,"(0, 0, 1, 2)",0.0003,5.0,"(1, 0, 0, 2)",0.0000,5.0
c=B dc=+ h=B dh=+ L=B dL=+ preo=A,contagio Bajo (sube); hospital Bajo (sube); restriccion Bajo (sube); cumplimiento Alto,prop_lenta,303,"(1, 0, 0, 1)",0.8559,3.0,"(2, 0, 2, 2)",0.0776,8.0,"(2, 2, 2, 2)",0.0494,10.0
c=B dc=+ h=B dh=+ L=M dL=- preo=B,contagio Bajo (sube); hospital Bajo (sube); restriccion Medio (baja); cumplimiento Bajo,prop_lenta,9195,"(2, 2, 0, 2)",0.2701,8.0,"(0, 2, 0, 1)",0.0876,4.0,"(2, 1, 1, 0)",0.0618,4.0
c=B dc=+ h=B dh=+ L=M dL=- preo=M,contagio Bajo (sube); hospital Bajo (sube); restriccion Medio (baja); cumplimiento Medio,prop_lenta,211,"(0, 0, 1, 0)",0.9941,1.0,"(2, 2, 1, 1)",0.0057,7.0,"(2, 2, 0, 1)",0.0002,6.0
c=B dc=+ h=B dh=+ L=M dL=- preo=A,contagio Bajo (sube); hospital Bajo (sube); restriccion Medio (baja); cumplimiento Alto,prop_lenta,53,"(0, 1, 0, 1)",0.9859,3.0,"(2, 2, 2, 2)",0.0002,10.0,"(0, 2, 0, 2)",0.0002,6.0
c=B dc=+ h=B dh=+ L=M dL=0 preo=B,contagio Bajo (sube); hospital Bajo (sube); restriccion Medio (estable); cumplimiento Bajo,prop_lenta,940,"(0, 2, 1, 2)",0.9892,7.0,"(0, 1, 2, 1)",0.0049,5.0,"(2, 2, 0, 1)",0.0027,6.0
c=B dc=+ h=B dh=+ L=M dL=0 preo=M,contagio Bajo (sube); hospital Bajo (sube); restriccion Medio (estable); cumplimiento Medio,prop_lenta,24,"(2, 0, 2, 1)",0.9995,6.0,"(2, 2, 2, 2)",0.0000,10.0,"(1, 0, 0, 1)",0.0000,3.0
c=B dc=+ h=B dh=+ L=M dL=0 preo=A,contagio Bajo (sube); hospital Bajo (sube); restriccion Medio (estable); cumplimiento Alto,prop_lenta,50,"(1, 1, 2, 0)",0.9252,4.0,"(0, 0, 0, 0)",0.0210,0.0,"(1, 0, 0, 2)",0.0007,5.0
c=B dc=+ h=B dh=+ L=M dL=+ preo=B,contagio Bajo (sube); hospital Bajo (sube); restriccion Medio (sube); cumplimiento Bajo,prop_lenta,9256,"(2, 1, 1, 0)",0.0958,4.0,"(2, 0, 1, 2)",0.0827,7.0,"(1, 1, 1, 0)",0.0764,3.0
c=B dc=+ h=B dh=+ L=M dL=+ preo=M,contagio Bajo (sube); hospital Bajo (sube); restriccion Medio (sube); cumplimiento Medio,prop_lenta,75,"(1, 2, 2, 2)",0.9994,9.0,"(2, 0, 1, 1)",0.0004,5.0,"(1, 2, 1, 2)",0.0001,8.0
c=B dc=+ h=B dh=+ L=M dL=+ preo=A,contagio Bajo (sube); hospital Bajo (sube); restriccion Medio (sube); cumplimiento Alto,prop_lenta,111,"(1, 0, 0, 0)",0.9779,1.0,"(1, 0, 1, 2)",0.0122,6.0,"(2, 0, 2, 1)",0.0052,6.0
c=B dc=+ h=B dh=+ L=A dL=- preo=B,contagio Bajo (sube); hospital Bajo (sube); restriccion Alto (baja); cumplimiento Bajo,prop_lenta,625,"(1, 1, 2, 0)",0.9711,4.0,"(2, 1, 2, 2)",0.0255,9.0,"(1, 0, 2, 1)",0.0006,5.0
c=B dc=+ h=B dh=+ L=A dL=- preo=M,contagio Bajo (sube); hospital Bajo (sube); restriccion Alto (baja); cumplimiento Medio,prop_lenta,2,"(0, 1, 0, 0)",0.9964,1.0,"(0, 2, 0, 2)",0.0000,6.0,"(0, 2, 1, 1)",0.0000,5.0
c=B dc=+ h=B dh=+ L=A dL=- preo=A,contagio Bajo (sube); hospital Bajo (sube); restriccion Alto (baja); cumplimiento Alto,prop_lenta,1,"(2, 0, 2, 1)",0.2441,6.0,"(2, 2, 2, 2)",0.0094,10.0,"(1, 0, 0, 1)",0.0094,3.0
c=B dc=+ h=B dh=+ L=A dL=0 preo=B,contagio Bajo (sube); hospital Bajo (sube); restriccion Alto (estable); cumplimiento Bajo,prop_lenta,134,"(2, 0, 2, 1)",0.9948,6.0,"(2, 2, 2, 2)",0.0025,10.0,"(2, 1, 1, 2)",0.0008,8.0
c=B dc=+ h=B dh=+ L=A dL=0 preo=M,contagio Bajo (sube); hospital Bajo (sube); restriccion Alto (estable); cumplimiento Medio,prop_lenta,1,"(2, 0, 2, 1)",0.2548,6.0,"(2, 2, 2, 2)",0.0093,10.0,"(1, 0, 0, 1)",0.0093,3.0
c=B dc=+ h=B dh=+ L=A dL=0 preo=A,contagio Bajo (sube); hospital Bajo (sube); restriccion Alto (estable); cumplimiento Alto,prop_lenta,0,"(2, 2, 2, 2)",0.0123,10.0,"(1, 1, 1, 0)",0.0123,3.0,"(0, 2, 1, 0)",0.0123,3.0
c=B dc=+ h=B dh=+ L=A dL=+ preo=B,contagio Bajo (sube); hospital Bajo (sube); restriccion Alto (sube); cumplimiento Bajo,prop_lenta,2608,"(2, 0, 2, 2)",0.9501,8.0,"(0, 1, 2, 0)",0.0134,3.0,"(0, 2, 2, 1)",0.0101,6.0
c=B dc=+ h=B dh=+ L=A dL=+ preo=M,contagio Bajo (sube); hospital Bajo (sube); restriccion Alto (sube); cumplimiento Medio,prop_lenta,29,"(0, 1, 2, 0)",0.9979,3.0,"(1, 0, 0, 1)",0.0008,3.0,"(1, 2, 1, 0)",0.0007,4.0
c=B dc=+ h=B dh=+ L=A dL=+ preo=A,contagio Bajo (sube); hospital Bajo (sube); restriccion Alto (sube); cumplimiento Alto,prop_lenta,39,"(2, 0, 1, 0)",0.9737,3.0,"(2, 0, 2, 2)",0.0135,8.0,"(2, 2, 2, 2)",0.0002,10.0
c=B dc=+ h=M dh=- L=B dL=- preo=B,contagio Bajo (sube); hospital Medio (baja); restriccion Bajo (baja); cumplimiento Bajo,prop_lenta,139883,"(2, 2, 2, 0)",0.0279,6.0,"(2, 2, 1, 0)",0.0256,5.0,"(2, 1, 0, 2)",0.0255,7.0
c=B dc=+ h=M dh=- L=B dL=- preo=M,contagio Bajo (sube); hospital Medio (baja); restriccion Bajo (baja); cumplimiento Medio,prop_lenta,11819,"(0, 1, 0, 0)",0.1026,1.0,"(1, 1, 2, 1)",0.0676,6.0,"(2, 0, 0, 2)",0.0552,6.0
c=B dc=+ h=M dh=- L=B dL=- preo=A,contagio Bajo (sube); hospital Medio (baja); restriccion Bajo (baja); cumplimiento Alto,prop_lenta,3016,"(0, 2, 0, 0)",0.6455,2.0,"(1, 0, 2, 2)",0.1272,7.0,"(0, 0, 1, 2)",0.0422,5.0
c=B dc=+ h=M dh=- L=B dL=0 preo=B,contagio Bajo (sube); hospital Medio (baja); restriccion Bajo (estable); cumplimiento Bajo,prop_lenta,1192,"(1, 1, 2, 2)",0.9933,8.0,"(2, 1, 1, 1)",0.0008,6.0,"(0, 1, 1, 2)",0.0008,6.0
c=B dc=+ h=M dh=- L=B dL=0 preo=M,contagio Bajo (sube); hospital Medio (baja); restriccion Bajo (estable); cumplimiento Medio,prop_lenta,1244,"(0, 0, 1, 0)",0.7854,1.0,"(0, 0, 0, 0)",0.1383,0.0,"(0, 2, 1, 2)",0.0225,7.0
c=B dc=+ h=M dh=- L=B dL=0 preo=A,contagio Bajo (sube); hospital Medio (baja); restriccion Bajo (estable); cumplimiento Alto,prop_lenta,168,"(2, 2, 1, 1)",0.9613,7.0,"(0, 2, 2, 2)",0.0091,8.0,"(0, 0, 0, 2)",0.0074,4.0
c=B dc=+ h=M dh=- L=B dL=+ preo=B,contagio Bajo (sube); hospital Medio (baja); restriccion Bajo (sube); cumplimiento Bajo,prop_lenta,839,"(2, 2, 1, 1)",0.8458,7.0,"(0, 0, 1, 0)",0.0906,1.0,"(2, 0, 2, 1)",0.0506,6.0
c=B dc=+ h=M dh=- L=B dL=+ preo=M,contagio Bajo (sube); hospital Medio (baja); restriccion Bajo (sube); cumplimiento Medio,prop_lenta,135,"(2, 0, 0, 0)",0.9920,2.0,"(1, 2, 1, 0)",0.0024,4.0,"(2, 0, 0, 2)",0.0019,6.0
c=B dc=+ h=M dh=- L=B dL=+ preo=A,contagio Bajo (sube); hospital Medio (baja); restriccion Bajo (sube); cumplimiento Alto,prop_lenta,53,"(0, 0, 1, 0)",0.9931,1.0,"(2, 1, 2, 2)",0.0009,9.0,"(2, 2, 2, 2)",0.0001,10.0
c=B dc=+ h=M dh=- L=M dL=- preo=B,contagio Bajo (sube); hospital Medio (baja); restriccion Medio (baja); cumplimiento Bajo,prop_lenta,7990,"(0, 0, 0, 2)",0.1398,4.0,"(2, 2, 0, 1)",0.1087,6.0,"(0, 1, 1, 1)",0.1018,4.0
c=B dc=+ h=M dh=- L=M dL=- preo=M,contagio Bajo (sube); hospital Medio (baja); restriccion Medio (baja); cumplimiento Medio,prop_lenta,6204,"(1, 2, 2, 0)",0.2629,5.0,"(1, 1, 1, 1)",0.1059,5.0,"(2, 2, 0, 0)",0.1024,4.0
c=B dc=+ h=M dh=- L=M dL=- preo=A,contagio Bajo (sube); hospital Medio (baja); restriccion Medio (baja); cumplimiento Alto,prop_lenta,266,"(0, 0, 2, 0)",0.9775,2.0,"(0, 1, 0, 0)",0.0042,1.0,"(1, 2, 1, 1)",0.0036,6.0
c=B dc=+ h=M dh=- L=M dL=0 preo=B,contagio Bajo (sube); hospital Medio (baja); restriccion Medio (estable); cumplimiento Bajo,prop_lenta,3029,"(0, 2, 0, 0)",0.8664,2.0,"(2, 0, 0, 2)",0.0191,6.0,"(1, 1, 2, 2)",0.0180,8.0
c=B dc=+ h=M dh=- L=M dL=0 preo=M,contagio Bajo (sube); hospital Medio (baja); restriccion Medio (estable); cumplimiento Medio,prop_lenta,1357,"(2, 2, 1, 0)",0.9632,5.0,"(2, 2, 0, 1)",0.0135,6.0,"(2, 2, 0, 0)",0.0054,4.0
c=B dc=+ h=M dh=- L=M dL=0 preo=A,contagio Bajo (sube); hospital Medio (baja); restriccion Medio (estable); cumplimiento Alto,prop_lenta,66,"(0, 0, 0, 1)",0.9772,2.0,"(0, 0, 2, 0)",0.0140,2.0,"(2, 1, 0, 1)",0.0038,5.0
c=B dc=+ h=M dh=- L=M dL=+ preo=B,contagio Bajo (sube); hospital Medio (baja); restriccion Medio (sube); cumplimiento Bajo,prop_lenta,5334,"(1, 1, 1, 2)",0.4644,7.0,"(2, 2, 0, 0)",0.1248,4.0,"(2, 2, 0, 2)",0.0502,8.0
c=B dc=+ h=M dh=- L=M dL=+ preo=M,contagio Bajo (sube); hospital Medio (baja); restriccion Medio (sube); cumplimiento Medio,prop_lenta,602,"(0, 0, 1, 0)",0.9847,1.0,"(1, 0, 1, 0)",0.0039,2.0,"(0, 0, 0, 1)",0.0033,2.0
c=B dc=+ h=M dh=- L=M dL=+ preo=A,contagio Bajo (sube); hospital Medio (baja); restriccion Medio (sube); cumplimiento Alto,prop_lenta,147,"(0, 1, 2, 0)",0.9786,3.0,"(2, 2, 2, 0)",0.0182,6.0,"(0, 0, 0, 1)",0.0010,2.0
c=B dc=+ h=M dh=- L=A dL=- preo=B,contagio Bajo (sube); hospital Medio (baja); restriccion Alto (baja); cumplimiento Bajo,prop_lenta,419,"(2, 0, 0, 1)",0.9964,4.0,"(2, 2, 2, 2)",0.0007,10.0,"(2, 0, 2, 0)",0.0007,4.0
c=B dc=+ h=M dh=- L=A dL=- preo=M,contagio Bajo (sube); hospital Medio (baja); restriccion Alto (baja); cumplimiento Medio,prop_lenta,165,"(2, 1, 0, 1)",0.9986,5.0,"(0, 2, 1, 0)",0.0012,3.0,"(2, 0, 2, 1)",0.0001,6.0
c=B dc=+ h=M dh=- L=A dL=- preo=A,contagio Bajo (sube); hospital Medio (baja); restriccion Alto (baja); cumplimiento Alto,prop_lenta,104,"(1, 1, 0, 2)",0.9977,6.0,"(1, 1, 1, 0)",0.0000,3.0,"(0, 2, 1, 0)",0.0000,3.0
c=B dc=+ h=M dh=- L=A dL=0 preo=B,contagio Bajo (sube); hospital Medio (baja); restriccion Alto (estable); cumplimiento Bajo,prop_lenta,262,"(0, 1, 2, 0)",0.9972,3.0,"(2, 0, 2, 1)",0.0016,6.0,"(1, 1, 2, 2)",0.0011,8.0
c=B dc=+ h=M dh=- L=A dL=0 preo=M,contagio Bajo (sube); hospital Medio (baja); restriccion Alto (estable); cumplimiento Medio,prop_lenta,139,"(1, 2, 2, 0)",0.9963,5.0,"(1, 0, 2, 2)",0.0033,7.0,"(2, 2, 0, 2)",0.0003,8.0
c=B dc=+ h=M dh=- L=A dL=0 preo=A,contagio Bajo (sube); hospital Medio (baja); restriccion Alto (estable); cumplimiento Alto,prop_lenta,26,"(1, 2, 2, 2)",0.9759,9.0,"(2, 2, 2, 2)",0.0003,10.0,"(0, 2, 0, 2)",0.0003,6.0
c=B dc=+ h=M dh=- L=A dL=+ preo=B,contagio Bajo (sube); hospital Medio (baja); restriccion Alto (sube); cumplimiento Bajo,prop_lenta,4862,"(2, 0, 1, 0)",0.2971,3.0,"(1, 2, 2, 0)",0.1535,5.0,"(2, 2, 2, 1)",0.1361,8.0
c=B dc=+ h=M dh=- L=A dL=+ preo=M,contagio Bajo (sube); hospital Medio (baja); restriccion Alto (sube); cumplimiento Medio,prop_lenta,2205,"(1, 0, 2, 1)",0.7382,5.0,"(2, 2, 0, 1)",0.1406,6.0,"(2, 2, 2, 0)",0.0361,6.0
c=B dc=+ h=M dh=- L=A dL=+ preo=A,contagio Bajo (sube); hospital Medio (baja); restriccion Alto (sube); cumplimiento Alto,prop_lenta,445,"(1, 0, 1, 2)",0.8783,6.0,"(2, 0, 0, 2)",0.0428,6.0,"(1, 0, 0, 1)",0.0405,3.0
c=B dc=+ h=M dh=0 L=B dL=- preo=B,contagio Bajo (sube); hospital Medio (estable); restriccion Bajo (baja); cumplimiento Bajo,prop_lenta,97558,"(2, 2, 2, 0)",0.0367,6.0,"(2, 1, 2, 0)",0.0260,5.0,"(1, 2, 2, 1)",0.0259,7.0
c=B dc=+ h=M dh=0 L=B dL=- preo=M,contagio Bajo (sube); hospital Medio (estable); restriccion Bajo (baja); cumplimiento Medio,prop_lenta,1487,"(2, 2, 1, 1)",0.8793,7.0,"(2, 1, 2, 2)",0.1040,9.0,"(1, 0, 1, 2)",0.0062,6.0
c=B dc=+ h=M dh=0 L=B dL=- preo=A,contagio Bajo (sube); hospital Medio (estable); restriccion Bajo (baja); cumplimiento Alto,prop_lenta,220,"(0, 2, 0, 0)",0.9901,2.0,"(1, 2, 1, 2)",0.0022,8.0,"(2, 2, 2, 0)",0.0017,6.0
c=B dc=+ h=M dh=0 L=B dL=0 preo=B,contagio Bajo (sube); hospital Medio (estable); restriccion Bajo (estable); cumplimiento Bajo,prop_lenta,560,"(0, 1, 0, 1)",0.9939,3.0,"(2, 1, 1, 2)",0.0017,8.0,"(1, 2, 1, 0)",0.0014,4.0
c=B dc=+ h=M dh=0 L=B dL=0 preo=M,contagio Bajo (sube); hospital Medio (estable); restriccion Bajo (estable); cumplimiento Medio,prop_lenta,176,"(0, 2, 2, 2)",0.9991,8.0,"(1, 2, 0, 0)",0.0005,3.0,"(2, 2, 2, 2)",0.0002,10.0
c=B dc=+ h=M dh=0 L=B dL=0 preo=A,contagio Bajo (sube); hospital Medio (estable); restriccion Bajo (estable); cumplimiento Alto,prop_lenta,28,"(1, 2, 2, 2)",0.9715,9.0,"(2, 2, 2, 2)",0.0004,10.0,"(0, 2, 0, 2)",0.0004,6.0
c=B dc=+ h=M dh=0 L=B dL=+ preo=B,contagio Bajo (sube); hospital Medio (estable); restriccion Bajo (sube); cumplimiento Bajo,prop_lenta,476,"(0, 1, 0, 2)",0.9865,5.0,"(2, 2, 0, 0)",0.0036,4.0,"(0, 1, 1, 0)",0.0031,2.0
c=B dc=+ h=M dh=0 L=B dL=+ preo=M,contagio Bajo (sube); hospital Medio (estable); restriccion Bajo (sube); cumplimiento Medio,prop_lenta,15,"(2, 0, 0, 1)",0.8986,4.0,"(1, 1, 1, 2)",0.0969,7.0,"(2, 2, 2, 2)",0.0001,10.0
c=B dc=+ h=M dh=0 L=B dL=+ preo=A,contagio Bajo (sube); hospital Medio (estable); restriccion Bajo (sube); cumplimiento Alto,prop_lenta,9,"(1, 2, 0, 2)",0.9808,7.0,"(2, 2, 2, 2)",0.0002,10.0,"(1, 0, 0, 2)",0.0002,5.0
c=B dc=+ h=M dh=0 L=M dL=- preo=B,contagio Bajo (sube); hospital Medio (estable); restriccion Medio (baja); cumplimiento Bajo,prop_lenta,3330,"(0, 0, 2, 0)",0.8450,2.0,"(0, 1, 0, 1)",0.0540,3.0,"(0, 2, 0, 2)",0.0317,6.0
c=B dc=+ h=M dh=0 L=M dL=- preo=M,contagio Bajo (sube); hospital Medio (estable); restriccion Medio (baja); cumplimiento Medio,prop_lenta,955,"(0, 1, 1, 0)",0.9712,2.0,"(2, 2, 0, 1)",0.0086,6.0,"(2, 0, 2, 1)",0.0077,6.0
c=B dc=+ h=M dh=0 L=M dL=- preo=A,contagio Bajo (sube); hospital Medio (estable); restriccion Medio (baja); cumplimiento Alto,prop_lenta,13,"(0, 0, 0, 0)",0.9974,0.0,"(2, 2, 2, 1)",0.0000,8.0,"(0, 2, 1, 0)",0.0000,3.0
c=B dc=+ h=M dh=0 L=M dL=0 preo=B,contagio Bajo (sube); hospital Medio (estable); restriccion Medio (estable); cumplimiento Bajo,prop_lenta,1179,"(2, 0, 1, 2)",0.9333,7.0,"(0, 0, 0, 0)",0.0618,0.0,"(1, 1, 2, 1)",0.0012,6.0
c=B dc=+ h=M dh=0 L=M dL=0 preo=M,contagio Bajo (sube); hospital Medio (estable); restriccion Medio (estable); cumplimiento Medio,prop_lenta,275,"(2, 0, 0, 0)",0.9987,2.0,"(2, 1, 0, 2)",0.0006,7.0,"(0, 0, 1, 2)",0.0003,5.0
c=B dc=+ h=M dh=0 L=M dL=0 preo=A,contagio Bajo (sube); hospital Medio (estable); restriccion Medio (estable); cumplimiento Alto,prop_lenta,2,"(1, 2, 2, 1)",0.2903,7.0,"(2, 2, 2, 2)",0.0089,10.0,"(0, 2, 0, 2)",0.0089,6.0
c=B dc=+ h=M dh=0 L=M dL=+ preo=B,contagio Bajo (sube); hospital Medio (estable); restriccion Medio (sube); cumplimiento Bajo,prop_lenta,2652,"(2, 0, 1, 2)",0.8072,7.0,"(1, 2, 1, 1)",0.0493,6.0,"(0, 0, 0, 2)",0.0370,4.0
c=B dc=+ h=M dh=0 L=M dL=+ preo=M,contagio Bajo (sube); hospital Medio (estable); restriccion Medio (sube); cumplimiento Medio,prop_lenta,72,"(2, 1, 2, 0)",0.9994,5.0,"(0, 2, 1, 2)",0.0003,7.0,"(2, 2, 2, 2)",0.0000,10.0
c=B dc=+ h=M dh=0 L=M dL=+ preo=A,contagio Bajo (sube); hospital Medio (estable); restriccion Medio (sube); cumplimiento Alto,prop_lenta,14,"(1, 2, 1, 0)",0.9970,4.0,"(2, 2, 2, 2)",0.0000,10.0,"(1, 0, 0, 2)",0.0000,5.0
c=B dc=+ h=M dh=0 L=A dL=- preo=B,contagio Bajo (sube); hospital Medio (estable); restriccion Alto (baja); cumplimiento Bajo,prop_lenta,212,"(0, 1, 1, 0)",0.9995,2.0,"(1, 0, 0, 0)",0.0004,1.0,"(1, 2, 0, 1)",0.0001,5.0
c=B dc=+ h=M dh=0 L=A dL=- preo=M,contagio Bajo (sube); hospital Medio (estable); restriccion Alto (baja); cumplimiento Medio,prop_lenta,4,"(1, 2, 0, 2)",0.9995,7.0,"(1, 1, 0, 2)",0.0001,6.0,"(1, 0, 0, 2)",0.0000,5.0
c=B dc=+ h=M dh=0 L=A dL=- preo=A,contagio Bajo (sube); hospital Medio (estable); restriccion Alto (baja); cumplimiento Alto,prop_lenta,2,"(1, 2, 0, 1)",0.8611,5.0,"(2, 2, 2, 2)",0.0017,10.0,"(1, 0, 0, 2)",0.0017,5.0
c=B dc=+ h=M dh=0 L=A dL=0 preo=B,contagio Bajo (sube); hospital Medio (estable); restriccion Alto (estable); cumplimiento Bajo,prop_lenta,53,"(0, 2, 2, 1)",1.0000,6.0,"(1, 0, 2, 0)",0.0000,3.0,"(2, 2, 2, 2)",0.0000,10.0
c=B dc=+ h=M dh=0 L=A dL=0 preo=M,contagio Bajo (sube); hospital Medio (estable); restriccion Alto (estable); cumplimiento Medio,prop_lenta,2,"(2, 1, 2, 2)",0.9962,9.0,"(2, 2, 2, 2)",0.0000,10.0,"(1, 0, 0, 2)",0.0000,5.0
c=B dc=+ h=M dh=0 L=A dL=0 preo=A,contagio Bajo (sube); hospital Medio (estable); restriccion Alto (estable); cumplimiento Alto,prop_lenta,0,"(2, 2, 2, 2)",0.0123,10.0,"(1, 1, 1, 0)",0.0123,3.0,"(0, 2, 1, 0)",0.0123,3.0
c=B dc=+ h=M dh=0 L=A dL=+ preo=B,contagio Bajo (sube); hospital Medio (estable); restriccion Alto (sube); cumplimiento Bajo,prop_lenta,1902,"(1, 1, 0, 2)",0.7340,6.0,"(2, 2, 2, 1)",0.1433,8.0,"(0, 2, 1, 0)",0.0548,3.0
c=B dc=+ h=M dh=0 L=A dL=+ preo=M,contagio Bajo (sube); hospital Medio (estable); restriccion Alto (sube); cumplimiento Medio,prop_lenta,130,"(0, 0, 1, 0)",0.9897,1.0,"(2, 1, 0, 0)",0.0068,3.0,"(1, 1, 2, 1)",0.0032,6.0
c=B dc=+ h=M dh=0 L=A dL=+ preo=A,contagio Bajo (sube); hospital Medio (estable); restriccion Alto (sube); cumplimiento Alto,prop_lenta,2,"(1, 0, 2, 1)",0.9660,5.0,"(2, 2, 2, 2)",0.0004,10.0,"(1, 0, 0, 1)",0.0004,3.0
c=B dc=+ h=M dh=+ L=B dL=- preo=B,contagio Bajo (sube); hospital Medio (sube); restriccion Bajo (baja); cumplimiento Bajo,prop_lenta,205000,"(2, 2, 2, 0)",0.0300,6.0,"(2, 1, 2, 0)",0.0259,5.0,"(2, 0, 2, 1)",0.0247,6.0
c=B dc=+ h=M dh=+ L=B dL=- preo=M,contagio Bajo (sube); hospital Medio (sube); restriccion Bajo (baja); cumplimiento Medio,prop_lenta,1612,"(0, 0, 0, 0)",0.8740,0.0,"(1, 1, 2, 2)",0.0329,8.0,"(1, 1, 0, 1)",0.0276,4.0
c=B dc=+ h=M dh=+ L=B dL=- preo=A,contagio Bajo (sube); hospital Medio (sube); restriccion Bajo (baja); cumplimiento Alto,prop_lenta,369,"(0, 1, 2, 0)",0.7570,3.0,"(0, 1, 1, 1)",0.0443,4.0,"(1, 1, 0, 2)",0.0321,6.0
c=B dc=+ h=M dh=+ L=B dL=0 preo=B,contagio Bajo (sube); hospital Medio (sube); restriccion Bajo (estable); cumplimiento Bajo,prop_lenta,1039,"(0, 1, 1, 2)",0.9534,6.0,"(1, 2, 2, 0)",0.0223,5.0,"(1, 0, 0, 1)",0.0075,3.0
c=B dc=+ h=M dh=+ L=B dL=0 preo=M,contagio Bajo (sube); hospital Medio (sube); restriccion Bajo (estable); cumplimiento Medio,prop_lenta,137,"(0, 0, 1, 0)",0.9995,1.0,"(0, 2, 1, 0)",0.0002,3.0,"(2, 0, 0, 1)",0.0000,4.0
c=B dc=+ h=M dh=+ L=B dL=0 preo=A,contagio Bajo (sube); hospital Medio (sube); restriccion Bajo (estable); cumplimiento Alto,prop_lenta,69,"(2, 0, 0, 0)",0.8992,2.0,"(0, 1, 2, 2)",0.0020,7.0,"(2, 0, 2, 2)",0.0013,8.0
c=B dc=+ h=M dh=+ L=B dL=+ preo=B,contagio Bajo (sube); hospital Medio (sube); restriccion Bajo (sube); cumplimiento Bajo,prop_lenta,729,"(1, 1, 1, 0)",0.9957,3.0,"(2, 1, 2, 1)",0.0012,7.0,"(2, 2, 2, 2)",0.0010,10.0
c=B dc=+ h=M dh=+ L=B dL=+ preo=M,contagio Bajo (sube); hospital Medio (sube); restriccion Bajo (sube); cumplimiento Medio,prop_lenta,18,"(2, 1, 2, 0)",0.9996,5.0,"(1, 1, 2, 1)",0.0002,6.0,"(2, 2, 2, 2)",0.0000,10.0
c=B dc=+ h=M dh=+ L=B dL=+ preo=A,contagio Bajo (sube); hospital Medio (sube); restriccion Bajo (sube); cumplimiento Alto,prop_lenta,11,"(1, 1, 1, 2)",0.9973,7.0,"(2, 2, 2, 2)",0.0000,10.0,"(1, 0, 0, 2)",0.0000,5.0
c=B dc=+ h=M dh=+ L=M dL=- preo=B,contagio Bajo (sube); hospital Medio (sube); restriccion Medio (baja); cumplimiento Bajo,prop_lenta,5963,"(2, 2, 0, 1)",0.4437,6.0,"(1, 0, 1, 1)",0.1470,4.0,"(2, 2, 2, 1)",0.0662,8.0
c=B dc=+ h=M dh=+ L=M dL=- preo=M,contagio Bajo (sube); hospital Medio (sube); restriccion Medio (baja); cumplimiento Medio,prop_lenta,1088,"(0, 0, 1, 1)",0.9514,3.0,"(1, 2, 2, 0)",0.0124,5.0,"(1, 0, 2, 0)",0.0064,3.0
c=B dc=+ h=M dh=+ L=M dL=- preo=A,contagio Bajo (sube); hospital Medio (sube); restriccion Medio (baja); cumplimiento Alto,prop_lenta,10,"(2, 1, 2, 1)",0.9745,7.0,"(1, 0, 0, 2)",0.0003,5.0,"(0, 2, 1, 0)",0.0003,3.0
c=B dc=+ h=M dh=+ L=M dL=0 preo=B,contagio Bajo (sube); hospital Medio (sube); restriccion Medio (estable); cumplimiento Bajo,prop_lenta,1669,"(2, 2, 2, 2)",0.9607,10.0,"(1, 2, 1, 2)",0.0183,8.0,"(1, 1, 1, 1)",0.0053,5.0
c=B dc=+ h=M dh=+ L=M dL=0 preo=M,contagio Bajo (sube); hospital Medio (sube); restriccion Medio (estable); cumplimiento Medio,prop_lenta,335,"(1, 2, 0, 1)",0.9978,5.0,"(2, 1, 1, 2)",0.0007,8.0,"(1, 1, 0, 2)",0.0006,6.0
c=B dc=+ h=M dh=+ L=M dL=0 preo=A,contagio Bajo (sube); hospital Medio (sube); restriccion Medio (estable); cumplimiento Alto,prop_lenta,9,"(0, 2, 0, 1)",0.9863,4.0,"(2, 0, 0, 0)",0.0011,2.0,"(0, 2, 0, 2)",0.0002,6.0
c=B dc=+ h=M dh=+ L=M dL=+ preo=B,contagio Bajo (sube); hospital Medio (sube); restriccion Medio (sube); cumplimiento Bajo,prop_lenta,4232,"(0, 2, 2, 1)",0.3696,6.0,"(0, 1, 0, 1)",0.1443,3.0,"(2, 1, 2, 0)",0.1035,5.0
c=B dc=+ h=M dh=+ L=M dL=+ preo=M,contagio Bajo (sube); hospital Medio (sube); restriccion Medio (sube); cumplimiento Medio,prop_lenta,106,"(0, 0, 1, 0)",0.9988,1.0,"(1, 2, 0, 2)",0.0004,7.0,"(0, 2, 2, 2)",0.0003,8.0
c=B dc=+ h=M dh=+ L=M dL=+ preo=A,contagio Bajo (sube); hospital Medio (sube); restriccion Medio (sube); cumplimiento Alto,prop_lenta,9,"(2, 1, 2, 1)",0.9965,7.0,"(0, 2, 0, 1)",0.0000,4.0,"(0, 2, 1, 0)",0.0000,3.0
c=B dc=+ h=M dh=+ L=A dL=- preo=B,contagio Bajo (sube); hospital Medio (sube); restriccion Alto (baja); cumplimiento Bajo,prop_lenta,371,"(0, 0, 1, 1)",0.9986,3.0,"(2, 2, 2, 0)",0.0006,6.0,"(1, 0, 1, 0)",0.0003,2.0
c=B dc=+ h=M dh=+ L=A dL=- preo=M,contagio Bajo (sube); hospital Medio (sube); restriccion Alto (baja); cumplimiento Medio,prop_lenta,5,"(1, 2, 0, 0)",0.9988,3.0,"(2, 2, 2, 2)",0.0000,10.0,"(1, 0, 0, 2)",0.0000,5.0
c=B dc=+ h=M dh=+ L=A dL=- preo=A,contagio Bajo (sube); hospital Medio (sube); restriccion Alto (baja); cumplimiento Alto,prop_lenta,1,"(1, 1, 0, 0)",0.1667,2.0,"(2, 2, 2, 2)",0.0104,10.0,"(1, 0, 0, 1)",0.0104,3.0
c=B dc=+ h=M dh=+ L=A dL=0 preo=B,contagio Bajo (sube); hospital Medio (sube); restriccion Alto (estable); cumplimiento Bajo,prop_lenta,80,"(1, 1, 0, 2)",0.9987,6.0,"(0, 2, 0, 0)",0.0007,2.0,"(2, 1, 2, 0)",0.0005,5.0
c=B dc=+ h=M dh=+ L=A dL=0 preo=M,contagio Bajo (sube); hospital Medio (sube); restriccion Alto (estable); cumplimiento Medio,prop_lenta,2,"(2, 2, 1, 2)",0.9856,9.0,"(2, 2, 2, 2)",0.0002,10.0,"(1, 0, 0, 2)",0.0002,5.0
c=B dc=+ h=M dh=+ L=A dL=0 preo=A,contagio Bajo (sube); hospital Medio (sube); restriccion Alto (estable); cumplimiento Alto,prop_lenta,1,"(0, 1, 2, 1)",0.4582,5.0,"(2, 2, 2, 2)",0.0068,10.0,"(0, 2, 0, 2)",0.0068,6.0
c=B dc=+ h=M dh=+ L=A dL=+ preo=B,contagio Bajo (sube); hospital Medio (sube); restriccion Alto (sube); cumplimiento Bajo,prop_lenta,2774,"(1, 0, 1, 1)",0.7466,4.0,"(2, 0, 0, 0)",0.0907,2.0,"(1, 0, 2, 0)",0.0391,3.0
c=B dc=+ h=M dh=+ L=A dL=+ preo=M,contagio Bajo (sube); hospital Medio (sube); restriccion Alto (sube); cumplimiento Medio,prop_lenta,152,"(2, 2, 0, 1)",0.9993,6.0,"(1, 2, 0, 1)",0.0004,5.0,"(1, 0, 1, 0)",0.0002,2.0
c=B dc=+ h=M dh=+ L=A dL=+ preo=A,contagio Bajo (sube); hospital Medio (sube); restriccion Alto (sube); cumplimiento Alto,prop_lenta,4,"(1, 2, 1, 2)",0.9023,8.0,"(2, 2, 2, 2)",0.0012,10.0,"(0, 2, 0, 2)",0.0012,6.0
c=B dc=+ h=A dh=- L=B dL=- preo=B,contagio Bajo (sube); hospital Alto (baja); restriccion Bajo (baja); cumplimiento Bajo,emergencia,3931,"(2, 2, 2, 1)",0.5356,8.0,"(2, 0, 2, 2)",0.2638,8.0,"(0, 0, 1, 2)",0.0469,5.0
c=B dc=+ h=A dh=- L=B dL=- preo=M,contagio Bajo (sube); hospital Alto (baja); restriccion Bajo (baja); cumplimiento Medio,emergencia,5599,"(1, 1, 2, 2)",0.5434,8.0,"(1, 2, 2, 2)",0.0718,9.0,"(2, 1, 2, 0)",0.0421,5.0
c=B dc=+ h=A dh=- L=B dL=- preo=A,contagio Bajo (sube); hospital Alto (baja); restriccion Bajo (baja); cumplimiento Alto,emergencia,55609,"(0, 2, 2, 2)",0.0273,8.0,"(2, 2, 2, 2)",0.0166,10.0,"(0, 1, 1, 0)",0.0165,2.0
c=B dc=+ h=A dh=- L=B dL=0 preo=B,contagio Bajo (sube); hospital Alto (baja); restriccion Bajo (estable); cumplimiento Bajo,emergencia,18,"(1, 0, 1, 0)",0.9995,2.0,"(2, 2, 2, 2)",0.0000,10.0,"(1, 0, 0, 1)",0.0000,3.0
c=B dc=+ h=A dh=- L=B dL=0 preo=M,contagio Bajo (sube); hospital Alto (baja); restriccion Bajo (estable); cumplimiento Medio,emergencia,57,"(2, 2, 2, 0)",0.9996,6.0,"(2, 2, 2, 2)",0.0000,10.0,"(1, 0, 1, 0)",0.0000,2.0
c=B dc=+ h=A dh=- L=B dL=0 preo=A,contagio Bajo (sube); hospital Alto (baja); restriccion Bajo (estable); cumplimiento Alto,emergencia,821,"(2, 1, 2, 1)",0.4398,7.0,"(1, 2, 0, 1)",0.1696,5.0,"(0, 2, 0, 2)",0.0946,6.0
c=B dc=+ h=A dh=- L=B dL=+ preo=B,contagio Bajo (sube); hospital Alto (baja); restriccion Bajo (sube); cumplimiento Bajo,emergencia,15,"(0, 0, 0, 0)",0.9989,0.0,"(1, 1, 1, 0)",0.0000,3.0,"(0, 2, 1, 0)",0.0000,3.0
c=B dc=+ h=A dh=- L=B dL=+ preo=M,contagio Bajo (sube); hospital Alto (baja); restriccion Bajo (sube); cumplimiento Medio,emergencia,23,"(1, 1, 1, 0)",0.9988,3.0,"(2, 2, 2, 1)",0.0000,8.0,"(0, 2, 1, 0)",0.0000,3.0
c=B dc=+ h=A dh=- L=B dL=+ preo=A,contagio Bajo (sube); hospital Alto (baja); restriccion Bajo (sube); cumplimiento Alto,emergencia,368,"(2, 1, 1, 2)",0.5260,8.0,"(1, 0, 0, 0)",0.0365,1.0,"(1, 0, 1, 0)",0.0343,2.0
c=B dc=+ h=A dh=- L=M dL=- preo=B,contagio Bajo (sube); hospital Alto (baja); restriccion Medio (baja); cumplimiento Bajo,emergencia,1689,"(1, 1, 0, 1)",0.6958,4.0,"(2, 0, 1, 0)",0.1693,3.0,"(0, 2, 2, 2)",0.0813,8.0
c=B dc=+ h=A dh=- L=M dL=- preo=M,contagio Bajo (sube); hospital Alto (baja); restriccion Medio (baja); cumplimiento Medio,emergencia,4974,"(0, 1, 2, 2)",0.3663,7.0,"(0, 0, 1, 1)",0.0616,3.0,"(1, 2, 1, 2)",0.0590,8.0
c=B dc=+ h=A dh=- L=M dL=- preo=A,contagio Bajo (sube); hospital Alto (baja); restriccion Medio (baja); cumplimiento Alto,emergencia,7611,"(2, 2, 0, 0)",0.0544,4.0,"(1, 1, 2, 0)",0.0350,4.0,"(2, 1, 1, 2)",0.0337,8.0
c=B dc=+ h=A dh=- L=M dL=0 preo=B,contagio Bajo (sube); hospital Alto (baja); restriccion Medio (estable); cumplimiento Bajo,emergencia,122,"(2, 2, 0, 0)",0.9977,4.0,"(2, 2, 1, 1)",0.0022,7.0,"(2, 2, 2, 2)",0.0000,10.0
c=B dc=+ h=A dh=- L=M dL=0 preo=M,contagio Bajo (sube); hospital Alto (baja); restriccion Medio (estable); cumplimiento Medio,emergencia,727,"(0, 1, 2, 2)",0.8869,7.0,"(1, 0, 0, 2)",0.0528,5.0,"(0, 2, 2, 2)",0.0320,8.0
c=B dc=+ h=A dh=- L=M dL=0 preo=A,contagio Bajo (sube); hospital Alto (baja); restriccion Medio (estable); cumplimiento Alto,emergencia,2645,"(0, 1, 2, 2)",0.0860,7.0,"(1, 2, 0, 0)",0.0769,3.0,"(1, 2, 2, 2)",0.0765,9.0
c=B dc=+ h=A dh=- L=M dL=+ preo=B,contagio Bajo (sube); hospital Alto (baja); restriccion Medio (sube); cumplimiento Bajo,emergencia,538,"(1, 2, 0, 0)",0.9614,3.0,"(2, 0, 0, 1)",0.0258,4.0,"(0, 1, 1, 1)",0.0015,4.0
c=B dc=+ h=A dh=- L=M dL=+ preo=M,contagio Bajo (sube); hospital Alto (baja); restriccion Medio (sube); cumplimiento Medio,emergencia,402,"(0, 1, 0, 0)",0.9668,1.0,"(0, 2, 2, 1)",0.0134,6.0,"(2, 1, 0, 0)",0.0042,3.0
c=B dc=+ h=A dh=- L=M dL=+ preo=A,contagio Bajo (sube); hospital Alto (baja); restriccion Medio (sube); cumplimiento Alto,emergencia,1815,"(1, 0, 2, 2)",0.3853,7.0,"(0, 1, 2, 2)",0.0658,7.0,"(1, 1, 2, 1)",0.0555,6.0
c=B dc=+ h=A dh=- L=A dL=- preo=B,contagio Bajo (sube); hospital Alto (baja); restriccion Alto (baja); cumplimiento Bajo,emergencia,164,"(0, 2, 2, 0)",0.9964,4.0,"(0, 1, 2, 0)",0.0018,3.0,"(2, 0, 2, 2)",0.0011,8.0
c=B dc=+ h=A dh=- L=A dL=- preo=M,contagio Bajo (sube); hospital Alto (baja); restriccion Alto (baja); cumplimiento Medio,emergencia,457,"(2, 2, 2, 1)",0.9945,8.0,"(1, 2, 1, 1)",0.0013,6.0,"(0, 1, 2, 1)",0.0005,5.0
c=B dc=+ h=A dh=- L=A dL=- preo=A,contagio Bajo (sube); hospital Alto (baja); restriccion Alto (baja); cumplimiento Alto,emergencia,5844,"(1, 2, 2, 0)",0.1577,5.0,"(0, 2, 0, 1)",0.0731,4.0,"(1, 1, 0, 1)",0.0576,4.0
c=B dc=+ h=A dh=- L=A dL=0 preo=B,contagio Bajo (sube); hospital Alto (baja); restriccion Alto (estable); cumplimiento Bajo,emergencia,176,"(1, 1, 1, 1)",0.9977,5.0,"(0, 1, 1, 0)",0.0019,2.0,"(1, 2, 0, 2)",0.0001,7.0
c=B dc=+ h=A dh=- L=A dL=0 preo=M,contagio Bajo (sube); hospital Alto (baja); restriccion Alto (estable); cumplimiento Medio,emergencia,193,"(2, 1, 1, 1)",0.9928,6.0,"(2, 1, 0, 0)",0.0014,3.0,"(0, 1, 2, 0)",0.0012,3.0
c=B dc=+ h=A dh=- L=A dL=0 preo=A,contagio Bajo (sube); hospital Alto (baja); restriccion Alto (estable); cumplimiento Alto,emergencia,991,"(0, 2, 1, 1)",0.2668,5.0,"(1, 2, 0, 2)",0.0864,7.0,"(0, 1, 1, 1)",0.0651,4.0
c=B dc=+ h=A dh=- L=A dL=+ preo=B,contagio Bajo (sube); hospital Alto (baja); restriccion Alto (sube); cumplimiento Bajo,emergencia,811,"(2, 2, 2, 2)",0.9836,10.0,"(2, 1, 2, 0)",0.0106,5.0,"(0, 2, 0, 0)",0.0026,2.0
c=B dc=+ h=A dh=- L=A dL=+ preo=M,contagio Bajo (sube); hospital Alto (baja); restriccion Alto (sube); cumplimiento Medio,emergencia,3374,"(2, 2, 0, 1)",0.3504,6.0,"(0, 1, 1, 2)",0.1050,6.0,"(1, 1, 0, 0)",0.0812,2.0
c=B dc=+ h=A dh=- L=A dL=+ preo=A,contagio Bajo (sube); hospital Alto (baja); restriccion Alto (sube); cumplimiento Alto,emergencia,12117,"(1, 0, 1, 1)",0.0631,4.0,"(0, 1, 2, 2)",0.0375,7.0,"(1, 0, 0, 1)",0.0298,3.0
c=B dc=+ h=A dh=0 L=B dL=- preo=B,contagio Bajo (sube); hospital Alto (estable); restriccion Bajo (baja); cumplimiento Bajo,emergencia,1536,"(0, 2, 0, 2)",0.7872,6.0,"(0, 2, 2, 1)",0.1179,6.0,"(1, 2, 0, 2)",0.0328,7.0
c=B dc=+ h=A dh=0 L=B dL=- preo=M,contagio Bajo (sube); hospital Alto (estable); restriccion Bajo (baja); cumplimiento Medio,emergencia,532,"(2, 1, 2, 2)",0.9757,9.0,"(0, 0, 1, 1)",0.0169,3.0,"(0, 0, 0, 0)",0.0012,0.0
c=B dc=+ h=A dh=0 L=B dL=- preo=A,contagio Bajo (sube); hospital Alto (estable); restriccion Bajo (baja); cumplimiento Alto,emergencia,4059,"(2, 1, 1, 2)",0.1061,8.0,"(0, 2, 1, 2)",0.0589,7.0,"(0, 2, 2, 0)",0.0515,4.0
c=B dc=+ h=A dh=0 L=B dL=0 preo=B,contagio Bajo (sube); hospital Alto (estable); restriccion Bajo (estable); cumplimiento Bajo,emergencia,0,"(2, 2, 2, 2)",0.0123,10.0,"(1, 1, 1, 0)",0.0123,3.0,"(0, 2, 1, 0)",0.0123,3.0
c=B dc=+ h=A dh=0 L=B dL=0 preo=M,contagio Bajo (sube); hospital Alto (estable); restriccion Bajo (estable); cumplimiento Medio,emergencia,5,"(1, 1, 1, 2)",0.8950,7.0,"(2, 2, 2, 1)",0.0013,8.0,"(0, 2, 1, 0)",0.0013,3.0
c=B dc=+ h=A dh=0 L=B dL=0 preo=A,contagio Bajo (sube); hospital Alto (estable); restriccion Bajo (estable); cumplimiento Alto,emergencia,47,"(0, 2, 0, 0)",0.2861,2.0,"(1, 0, 2, 0)",0.0095,3.0,"(0, 2, 1, 1)",0.0095,5.0
c=B dc=+ h=A dh=0 L=B dL=+ preo=B,contagio Bajo (sube); hospital Alto (estable); restriccion Bajo (sube); cumplimiento Bajo,emergencia,3,"(0, 0, 2, 1)",0.9346,4.0,"(2, 2, 1, 0)",0.0582,5.0,"(2, 2, 2, 2)",0.0001,10.0
c=B dc=+ h=A dh=0 L=B dL=+ preo=M,contagio Bajo (sube); hospital Alto (estable); restriccion Bajo (sube); cumplimiento Medio,emergencia,3,"(2, 0, 0, 0)",0.3059,2.0,"(2, 2, 2, 2)",0.0087,10.0,"(0, 2, 0, 2)",0.0087,6.0
c=B dc=+ h=A dh=0 L=B dL=+ preo=A,contagio Bajo (sube); hospital Alto (estable); restriccion Bajo (sube); cumplimiento Alto,emergencia,21,"(2, 1, 2, 0)",0.0689,5.0,"(2, 2, 0, 1)",0.0560,6.0,"(2, 2, 2, 2)",0.0113,10.0
c=B dc=+ h=A dh=0 L=M dL=- preo=B,contagio Bajo (sube); hospital Alto (estable); restriccion Medio (baja); cumplimiento Bajo,emergencia,387,"(0, 2, 2, 1)",0.9935,6.0,"(1, 0, 2, 2)",0.0023,7.0,"(1, 1, 2, 2)",0.0015,8.0
c=B dc=+ h=A dh=0 L=M dL=- preo=M,contagio Bajo (sube); hospital Alto (estable); restriccion Medio (baja); cumplimiento Medio,emergencia,956,"(0, 1, 2, 2)",0.7994,7.0,"(2, 0, 2, 1)",0.1801,6.0,"(0, 2, 1, 2)",0.0064,7.0
c=B dc=+ h=A dh=0 L=M dL=- preo=A,contagio Bajo (sube); hospital Alto (estable); restriccion Medio (baja); cumplimiento Alto,emergencia,1003,"(1, 0, 1, 2)",0.1555,6.0,"(2, 2, 2, 2)",0.0855,10.0,"(2, 2, 0, 0)",0.0799,4.0
c=B dc=+ h=A dh=0 L=M dL=0 preo=B,contagio Bajo (sube); hospital Alto (estable); restriccion Medio (estable); cumplimiento Bajo,emergencia,25,"(2, 0, 1, 0)",0.9999,3.0,"(2, 1, 1, 2)",0.0000,8.0,"(2, 2, 2, 2)",0.0000,10.0
c=B dc=+ h=A dh=0 L=M dL=0 preo=M,contagio Bajo (sube); hospital Alto (estable); restriccion Medio (estable); cumplimiento Medio,emergencia,87,"(2, 2, 2, 1)",0.9987,8.0,"(1, 0, 2, 0)",0.0008,3.0,"(0, 1, 1, 1)",0.0002,4.0
c=B dc=+ h=A dh=0 L=M dL=0 preo=A,contagio Bajo (sube); hospital Alto (estable); restriccion Medio (estable); cumplimiento Alto,emergencia,163,"(2, 1, 0, 2)",0.3466,7.0,"(0, 2, 2, 2)",0.0466,8.0,"(1, 2, 2, 2)",0.0356,9.0
c=B dc=+ h=A dh=0 L=M dL=+ preo=B,contagio Bajo (sube); hospital Alto (estable); restriccion Medio (sube); cumplimiento Bajo,emergencia,103,"(1, 2, 0, 0)",0.9083,3.0,"(0, 1, 2, 1)",0.0867,5.0,"(2, 2, 1, 1)",0.0047,7.0
c=B dc=+ h=A dh=0 L=M dL=+ preo=M,contagio Bajo (sube); hospital Alto (estable); restriccion Medio (sube); cumplimiento Medio,emergencia,30,"(0, 2, 0, 1)",0.9927,4.0,"(2, 1, 0, 2)",0.0049,7.0,"(0, 2, 0, 2)",0.0000,6.0
c=B dc=+ h=A dh=0 L=M dL=+ preo=A,contagio Bajo (sube); hospital Alto (estable); restriccion Medio (sube); cumplimiento Alto,emergencia,302,"(2, 0, 2, 2)",0.3077,8.0,"(0, 0, 1, 2)",0.0668,5.0,"(0, 0, 1, 1)",0.0570,3.0
c=B dc=+ h=A dh=0 L=A dL=- preo=B,contagio Bajo (sube); hospital Alto (estable); restriccion Alto (baja); cumplimiento Bajo,emergencia,13,"(0, 1, 0, 0)",0.9996,1.0,"(0, 2, 0, 2)",0.0000,6.0,"(0, 2, 1, 1)",0.0000,5.0
c=B dc=+ h=A dh=0 L=A dL=- preo=M,contagio Bajo (sube); hospital Alto (estable); restriccion Alto (baja); cumplimiento Medio,emergencia,20,"(0, 0, 0, 0)",0.9985,0.0,"(1, 1, 1, 0)",0.0000,3.0,"(0, 2, 1, 0)",0.0000,3.0
c=B dc=+ h=A dh=0 L=A dL=- preo=A,contagio Bajo (sube); hospital Alto (estable); restriccion Alto (baja); cumplimiento Alto,emergencia,302,"(2, 2, 1, 2)",0.3785,9.0,"(2, 0, 0, 2)",0.0464,6.0,"(1, 0, 0, 0)",0.0348,1.0
c=B dc=+ h=A dh=0 L=A dL=0 preo=B,contagio Bajo (sube); hospital Alto (estable); restriccion Alto (estable); cumplimiento Bajo,emergencia,8,"(2, 2, 2, 0)",0.9999,6.0,"(2, 2, 2, 2)",0.0000,10.0,"(1, 0, 0, 2)",0.0000,5.0
c=B dc=+ h=A dh=0 L=A dL=0 preo=M,contagio Bajo (sube); hospital Alto (estable); restriccion Alto (estable); cumplimiento Medio,emergencia,10,"(2, 1, 0, 1)",0.9983,5.0,"(2, 2, 2, 2)",0.0000,10.0,"(1, 0, 0, 1)",0.0000,3.0
c=B dc=+ h=A dh=0 L=A dL=0 preo=A,contagio Bajo (sube); hospital Alto (estable); restriccion Alto (estable); cumplimiento Alto,emergencia,36,"(0, 1, 2, 0)",0.3097,3.0,"(2, 2, 2, 2)",0.0087,10.0,"(0, 2, 0, 2)",0.0087,6.0
c=B dc=+ h=A dh=0 L=A dL=+ preo=B,contagio Bajo (sube); hospital Alto (estable); restriccion Alto (sube); cumplimiento Bajo,emergencia,128,"(1, 0, 1, 1)",0.9999,4.0,"(2, 2, 2, 2)",0.0000,10.0,"(1, 0, 0, 1)",0.0000,3.0
c=B dc=+ h=A dh=0 L=A dL=+ preo=M,contagio Bajo (sube); hospital Alto (estable); restriccion Alto (sube); cumplimiento Medio,emergencia,331,"(2, 2, 1, 0)",0.9913,5.0,"(1, 0, 0, 2)",0.0050,5.0,"(1, 0, 1, 1)",0.0010,4.0
c=B dc=+ h=A dh=0 L=A dL=+ preo=A,contagio Bajo (sube); hospital Alto (estable); restriccion Alto (sube); cumplimiento Alto,emergencia,258,"(2, 2, 0, 2)",0.4336,8.0,"(0, 1, 2, 1)",0.1215,5.0,"(1, 2, 2, 0)",0.1196,5.0
c=B dc=+ h=A dh=+ L=B dL=- preo=B,contagio Bajo (sube); hospital Alto (sube); restriccion Bajo (baja); cumplimiento Bajo,emergencia,5305,"(0, 2, 2, 2)",0.3144,8.0,"(2, 0, 0, 2)",0.1498,6.0,"(1, 2, 0, 2)",0.1201,7.0
c=B dc=+ h=A dh=+ L=B dL=- preo=M,contagio Bajo (sube); hospital Alto (sube); restriccion Bajo (baja); cumplimiento Medio,emergencia,823,"(2, 2, 2, 1)",0.9825,8.0,"(1, 2, 0, 1)",0.0042,5.0,"(2, 0, 2, 2)",0.0027,8.0
c=B dc=+ h=A dh=+ L=B dL=- preo=A,contagio Bajo (sube); hospital Alto (sube); restriccion Bajo (baja); cumplimiento Alto,emergencia,2430,"(0, 2, 0, 2)",0.1438,6.0,"(0, 0, 0, 0)",0.0731,0.0,"(2, 0, 1, 2)",0.0561,7.0
c=B dc=+ h=A dh=+ L=B dL=0 preo=B,contagio Bajo (sube); hospital Alto (sube); restriccion Bajo (estable); cumplimiento Bajo,emergencia,13,"(0, 2, 1, 2)",1.0000,7.0,"(2, 2, 2, 2)",0.0000,10.0,"(1, 1, 1, 0)",0.0000,3.0
c=B dc=+ h=A dh=+ L=B dL=0 preo=M,contagio Bajo (sube); hospital Alto (sube); restriccion Bajo (estable); cumplimiento Medio,emergencia,17,"(2, 1, 2, 2)",0.9995,9.0,"(2, 2, 2, 2)",0.0000,10.0,"(1, 0, 0, 1)",0.0000,3.0
c=B dc=+ h=A dh=+ L=B dL=0 preo=A,contagio Bajo (sube); hospital Alto (sube); restriccion Bajo (estable); cumplimiento Alto,emergencia,46,"(1, 0, 1, 0)",0.8188,2.0,"(2, 2, 2, 2)",0.0023,10.0,"(0, 2, 0, 2)",0.0023,6.0
c=B dc=+ h=A dh=+ L=B dL=+ preo=B,contagio Bajo (sube); hospital Alto (sube); restriccion Bajo (sube); cumplimiento Bajo,emergencia,22,"(1, 1, 2, 2)",0.9995,8.0,"(2, 2, 2, 2)",0.0000,10.0,"(1, 0, 0, 2)",0.0000,5.0
c=B dc=+ h=A dh=+ L=B dL=+ preo=M,contagio Bajo (sube); hospital Alto (sube); restriccion Bajo (sube); cumplimiento Medio,emergencia,6,"(2, 0, 0, 0)",0.9288,2.0,"(2, 2, 2, 2)",0.0009,10.0,"(0, 2, 0, 2)",0.0009,6.0
c=B dc=+ h=A dh=+ L=B dL=+ preo=A,contagio Bajo (sube); hospital Alto (sube); restriccion Bajo (sube); cumplimiento Alto,emergencia,12,"(1, 1, 2, 0)",0.1452,4.0,"(2, 2, 2, 2)",0.0109,10.0,"(1, 0, 1, 1)",0.0109,4.0
c=B dc=+ h=A dh=+ L=M dL=- preo=B,contagio Bajo (sube); hospital Alto (sube); restriccion Medio (baja); cumplimiento Bajo,emergencia,556,"(2, 1, 2, 2)",0.9521,9.0,"(1, 2, 2, 2)",0.0234,9.0,"(1, 2, 0, 2)",0.0085,7.0
c=B dc=+ h=A dh=+ L=M dL=- preo=M,contagio Bajo (sube); hospital Alto (sube); restriccion Medio (baja); cumplimiento Medio,emergencia,1287,"(2, 2, 1, 1)",0.8166,7.0,"(0, 2, 1, 0)",0.0805,3.0,"(0, 2, 0, 1)",0.0325,4.0
c=B dc=+ h=A dh=+ L=M dL=- preo=A,contagio Bajo (sube); hospital Alto (sube); restriccion Medio (baja); cumplimiento Alto,emergencia,1788,"(0, 2, 2, 2)",0.1431,8.0,"(2, 1, 1, 2)",0.0429,8.0,"(1, 1, 1, 0)",0.0425,3.0
c=B dc=+ h=A dh=+ L=M dL=0 preo=B,contagio Bajo (sube); hospital Alto (sube); restriccion Medio (estable); cumplimiento Bajo,emergencia,133,"(1, 1, 2, 0)",0.9977,4.0,"(1, 0, 0, 0)",0.0014,1.0,"(2, 1, 2, 1)",0.0006,7.0
c=B dc=+ h=A dh=+ L=M dL=0 preo=M,contagio Bajo (sube); hospital Alto (sube); restriccion Medio (estable); cumplimiento Medio,emergencia,182,"(2, 2, 1, 2)",0.9957,9.0,"(0, 0, 0, 0)",0.0040,0.0,"(1, 0, 0, 2)",0.0000,5.0
c=B dc=+ h=A dh=+ L=M dL=0 preo=A,contagio Bajo (sube); hospital Alto (sube); restriccion Medio (estable); cumplimiento Alto,emergencia,226,"(2, 2, 2, 1)",0.2548,8.0,"(2, 1, 2, 0)",0.0637,5.0,"(2, 2, 1, 0)",0.0608,5.0
c=B dc=+ h=A dh=+ L=M dL=+ preo=B,contagio Bajo (sube); hospital Alto (sube); restriccion Medio (sube); cumplimiento Bajo,emergencia,260,"(2, 1, 1, 2)",0.9971,8.0,"(1, 1, 2, 0)",0.0011,4.0,"(1, 2, 1, 2)",0.0009,8.0
c=B dc=+ h=A dh=+ L=M dL=+ preo=M,contagio Bajo (sube); hospital Alto (sube); restriccion Medio (sube); cumplimiento Medio,emergencia,47,"(1, 0, 1, 0)",0.9921,2.0,"(2, 2, 1, 2)",0.0043,9.0,"(1, 0, 0, 2)",0.0000,5.0
c=B dc=+ h=A dh=+ L=M dL=+ preo=A,contagio Bajo (sube); hospital Alto (sube); restriccion Medio (sube); cumplimiento Alto,emergencia,561,"(2, 1, 0, 1)",0.1329,5.0,"(1, 2, 0, 1)",0.0599,5.0,"(1, 2, 2, 2)",0.0594,9.0
c=B dc=+ h=A dh=+ L=A dL=- preo=B,contagio Bajo (sube); hospital Alto (sube); restriccion Alto (baja); cumplimiento Bajo,emergencia,9,"(0, 2, 2, 1)",0.9994,6.0,"(2, 2, 2, 2)",0.0000,10.0,"(1, 1, 1, 0)",0.0000,3.0
c=B dc=+ h=A dh=+ L=A dL=- preo=M,contagio Bajo (sube); hospital Alto (sube); restriccion Alto (baja); cumplimiento Medio,emergencia,15,"(2, 1, 0, 0)",0.9967,3.0,"(2, 2, 2, 2)",0.0000,10.0,"(1, 0, 0, 1)",0.0000,3.0
c=B dc=+ h=A dh=+ L=A dL=- preo=A,contagio Bajo (sube); hospital Alto (sube); restriccion Alto (baja); cumplimiento Alto,emergencia,307,"(1, 1, 1, 1)",0.2438,5.0,"(0, 1, 0, 0)",0.0486,1.0,"(2, 2, 2, 0)",0.0464,6.0
c=B dc=+ h=A dh=+ L=A dL=0 preo=B,contagio Bajo (sube); hospital Alto (sube); restriccion Alto (estable); cumplimiento Bajo,emergencia,4,"(1, 0, 2, 0)",0.9998,3.0,"(2, 2, 2, 2)",0.0000,10.0,"(1, 0, 0, 1)",0.0000,3.0
c=B dc=+ h=A dh=+ L=A dL=0 preo=M,contagio Bajo (sube); hospital Alto (sube); restriccion Alto (estable); cumplimiento Medio,emergencia,4,"(2, 2, 2, 2)",0.9935,10.0,"(1, 1, 1, 0)",0.0001,3.0,"(0, 2, 1, 0)",0.0001,3.0
c=B dc=+ h=A dh=+ L=A dL=0 preo=A,contagio Bajo (sube); hospital Alto (sube); restriccion Alto (estable); cumplimiento Alto,emergencia,14,"(1, 2, 1, 2)",0.1406,8.0,"(1, 1, 1, 0)",0.0108,3.0,"(0, 2, 1, 0)",0.0108,3.0
c=B dc=+ h=A dh=+ L=A dL=+ preo=B,contagio Bajo (sube); hospital Alto (sube); restriccion Alto (sube); cumplimiento Bajo,emergencia,197,"(1, 2, 1, 1)",0.9988,6.0,"(1, 0, 1, 0)",0.0010,2.0,"(1, 2, 2, 0)",0.0000,5.0
c=B dc=+ h=A dh=+ L=A dL=+ preo=M,contagio Bajo (sube); hospital Alto (sube); restriccion Alto (sube); cumplimiento Medio,emergencia,331,"(2, 1, 2, 2)",0.9883,9.0,"(0, 1, 2, 1)",0.0041,5.0,"(0, 2, 0, 1)",0.0036,4.0
c=B dc=+ h=A dh=+ L=A dL=+ preo=A,contagio Bajo (sube); hospital Alto (sube); restriccion Alto (sube); cumplimiento Alto,emergencia,196,"(1, 0, 1, 0)",0.2443,2.0,"(0, 2, 1, 0)",0.0725,3.0,"(2, 0, 0, 1)",0.0314,4.0
c=M dc=- h=B dh=- L=B dL=- preo=B,contagio Medio (baja); hospital Bajo (baja); restriccion Bajo (baja); cumplimiento Bajo,calma,827,"(2, 2, 1, 2)",0.9957,9.0,"(0, 0, 2, 2)",0.0025,6.0,"(0, 1, 0, 0)",0.0012,1.0
c=M dc=- h=B dh=- L=B dL=- preo=M,contagio Medio (baja); hospital Bajo (baja); restriccion Bajo (baja); cumplimiento Medio,calma,317,"(1, 2, 2, 2)",0.9954,9.0,"(1, 1, 0, 2)",0.0039,6.0,"(0, 1, 1, 1)",0.0002,4.0
c=M dc=- h=B dh=- L=B dL=- preo=A,contagio Medio (baja); hospital Bajo (baja); restriccion Bajo (baja); cumplimiento Alto,calma,11,"(1, 2, 1, 1)",0.9277,6.0,"(2, 2, 0, 1)",0.0298,6.0,"(2, 2, 2, 2)",0.0043,10.0
c=M dc=- h=B dh=- L=B dL=0 preo=B,contagio Medio (baja); hospital Bajo (baja); restriccion Bajo (estable); cumplimiento Bajo,calma,23,"(0, 2, 0, 0)",1.0000,2.0,"(0, 2, 0, 2)",0.0000,6.0,"(0, 2, 1, 0)",0.0000,3.0
c=M dc=- h=B dh=- L=B dL=0 preo=M,contagio Medio (baja); hospital Bajo (baja); restriccion Bajo (estable); cumplimiento Medio,calma,12,"(2, 0, 1, 1)",0.9976,5.0,"(0, 2, 0, 2)",0.0000,6.0,"(0, 2, 1, 0)",0.0000,3.0
c=M dc=- h=B dh=- L=B dL=0 preo=A,contagio Medio (baja); hospital Bajo (baja); restriccion Bajo (estable); cumplimiento Alto,calma,6,"(0, 1, 0, 0)",0.9066,1.0,"(0, 2, 0, 2)",0.0012,6.0,"(0, 2, 1, 1)",0.0012,5.0
c=M dc=- h=B dh=- L=B dL=+ preo=B,contagio Medio (baja); hospital Bajo (baja); restriccion Bajo (sube); cumplimiento Bajo,calma,1053,"(2, 1, 2, 2)",0.9228,9.0,"(2, 2, 0, 2)",0.0257,8.0,"(1, 2, 1, 1)",0.0227,6.0
c=M dc=- h=B dh=- L=B dL=+ preo=M,contagio Medio (baja); hospital Bajo (baja); restriccion Bajo (sube); cumplimiento Medio,calma,16,"(0, 0, 0, 1)",0.9789,2.0,"(0, 0, 2, 2)",0.0151,6.0,"(2, 2, 2, 2)",0.0001,10.0
c=M dc=- h=B dh=- L=B dL=+ preo=A,contagio Medio (baja); hospital Bajo (baja); restriccion Bajo (sube); cumplimiento Alto,calma,12,"(1, 1, 1, 2)",0.9853,7.0,"(1, 1, 1, 0)",0.0002,3.0,"(0, 2, 1, 1)",0.0002,5.0
c=M dc=- h=B dh=- L=M dL=- preo=B,contagio Medio (baja); hospital Bajo (baja); restriccion Medio (baja); cumplimiento Bajo,calma,1675,"(2, 1, 2, 2)",0.9571,9.0,"(2, 1, 0, 2)",0.0182,7.0,"(2, 1, 2, 1)",0.0098,7.0
c=M dc=- h=B dh=- L=M dL=- preo=M,contagio Medio (baja); hospital Bajo (baja); restriccion Medio (baja); cumplimiento Medio,calma,912,"(1, 2, 2, 0)",0.9079,5.0,"(2, 1, 2, 2)",0.0468,9.0,"(2, 1, 0, 0)",0.0126,3.0
c=M dc=- h=B dh=- L=M dL=- preo=A,contagio Medio (baja); hospital Bajo (baja); restriccion Medio (baja); cumplimiento Alto,calma,9,"(0, 0, 0, 0)",0.6538,0.0,"(1, 1, 1, 0)",0.0043,3.0,"(0, 2, 1, 0)",0.0043,3.0
c=M dc=- h=B dh=- L=M dL=0 preo=B,contagio Medio (baja); hospital Bajo (baja); restriccion Medio (estable); cumplimiento Bajo,calma,391,"(2, 2, 0, 0)",0.9985,4.0,"(1, 1, 1, 0)",0.0005,3.0,"(0, 2, 0, 0)",0.0004,2.0
c=M dc=- h=B dh=- L=M dL=0 preo=M,contagio Medio (baja); hospital Bajo (baja); restriccion Medio (estable); cumplimiento Medio,calma,141,"(2, 1, 0, 2)",0.9928,7.0,"(0, 2, 2, 1)",0.0029,6.0,"(1, 1, 2, 2)",0.0029,8.0
c=M dc=- h=B dh=- L=M dL=0 preo=A,contagio Medio (baja); hospital Bajo (baja); restriccion Medio (estable); cumplimiento Alto,calma,2,"(2, 0, 2, 2)",0.9734,8.0,"(2, 2, 2, 2)",0.0003,10.0,"(1, 0, 0, 1)",0.0003,3.0
c=M dc=- h=B dh=- L=M dL=+ preo=B,contagio Medio (baja); hospital Bajo (baja); restriccion Medio (sube); cumplimiento Bajo,calma,7661,"(2, 0, 0, 0)",0.3398,2.0,"(2, 2, 1, 1)",0.1433,7.0,"(2, 2, 0, 2)",0.1012,8.0
c=M dc=- h=B dh=- L=M dL=+ preo=M,contagio Medio (baja); hospital Bajo (baja); restriccion Medio (sube); cumplimiento Medio,calma,625,"(2, 0, 0, 0)",0.9775,2.0,"(2, 2, 1, 2)",0.0120,9.0,"(1, 1, 2, 1)",0.0054,6.0
c=M dc=- h=B dh=- L=M dL=+ preo=A,contagio Medio (baja); hospital Bajo (baja); restriccion Medio (sube); cumplimiento Alto,calma,119,"(2, 1, 2, 2)",0.9749,9.0,"(0, 1, 2, 0)",0.0221,3.0,"(2, 2, 0, 1)",0.0007,6.0
c=M dc=- h=B dh=- L=A dL=- preo=B,contagio Medio (baja); hospital Bajo (baja); restriccion Alto (baja); cumplimiento Bajo,calma,1428,"(1, 0, 1, 1)",0.8598,4.0,"(2, 2, 1, 2)",0.0605,9.0,"(2, 1, 2, 2)",0.0561,9.0
c=M dc=- h=B dh=- L=A dL=- preo=M,contagio Medio (baja); hospital Bajo (baja); restriccion Alto (baja); cumplimiento Medio,calma,278,"(1, 2, 2, 2)",0.9942,9.0,"(0, 1, 2, 1)",0.0027,5.0,"(0, 2, 2, 0)",0.0010,4.0
c=M dc=- h=B dh=- L=A dL=- preo=A,contagio Medio (baja); hospital Bajo (baja); restriccion Alto (baja); cumplimiento Alto,calma,0,"(2, 2, 2, 2)",0.0123,10.0,"(1, 1, 1, 0)",0.0123,3.0,"(0, 2, 1, 0)",0.0123,3.0
c=M dc=- h=B dh=- L=A dL=0 preo=B,contagio Medio (baja); hospital Bajo (baja); restriccion Alto (estable); cumplimiento Bajo,calma,2845,"(0, 2, 1, 1)",0.6367,5.0,"(0, 1, 0, 1)",0.0976,3.0,"(1, 2, 2, 2)",0.0972,9.0
c=M dc=- h=B dh=- L=A dL=0 preo=M,contagio Medio (baja); hospital Bajo (baja); restriccion Alto (estable); cumplimiento Medio,calma,392,"(0, 1, 0, 1)",0.9922,3.0,"(0, 2, 2, 1)",0.0039,6.0,"(1, 1, 1, 2)",0.0024,7.0
c=M dc=- h=B dh=- L=A dL=0 preo=A,contagio Medio (baja); hospital Bajo (baja); restriccion Alto (estable); cumplimiento Alto,calma,4,"(1, 1, 1, 0)",0.3748,3.0,"(2, 2, 2, 2)",0.0078,10.0,"(0, 2, 1, 0)",0.0078,3.0
c=M dc=- h=B dh=- L=A dL=+ preo=B,contagio Medio (baja); hospital Bajo (baja); restriccion Alto (sube); cumplimiento Bajo,calma,275837,"(2, 2, 2, 2)",0.0413,10.0,"(2, 2, 1, 1)",0.0341,7.0,"(2, 2, 1, 2)",0.0290,9.0
c=M dc=- h=B dh=- L=A dL=+ preo=M,contagio Medio (baja); hospital Bajo (baja); restriccion Alto (sube); cumplimiento Medio,calma,10212,"(2, 2, 1, 2)",0.2478,9.0,"(2, 0, 1, 1)",0.1660,5.0,"(2, 0, 2, 2)",0.1318,8.0
c=M dc=- h=B dh=- L=A dL=+ preo=A,contagio Medio (baja); hospital Bajo (baja); restriccion Alto (sube); cumplimiento Alto,calma,123,"(1, 2, 0, 1)",0.9442,5.0,"(2, 2, 0, 0)",0.0295,4.0,"(2, 1, 2, 0)",0.0091,5.0
c=M dc=- h=B dh=0 L=B dL=- preo=B,contagio Medio (baja); hospital Bajo (estable); restriccion Bajo (baja); cumplimiento Bajo,calma,247,"(2, 2, 1, 1)",0.9997,7.0,"(2, 2, 2, 2)",0.0002,10.0,"(1, 2, 2, 1)",0.0000,7.0
c=M dc=- h=B dh=0 L=B dL=- preo=M,contagio Medio (baja); hospital Bajo (estable); restriccion Bajo (baja); cumplimiento Medio,calma,123,"(1, 0, 2, 0)",0.9833,3.0,"(2, 0, 1, 0)",0.0114,3.0,"(2, 2, 1, 1)",0.0043,7.0
c=M dc=- h=B dh=0 L=B dL=- preo=A,contagio Medio (baja); hospital Bajo (estable); restriccion Bajo (baja); cumplimiento Alto,calma,13,"(1, 0, 2, 2)",0.8888,7.0,"(2, 2, 2, 2)",0.0014,10.0,"(1, 0, 0, 1)",0.0014,3.0
c=M dc=- h=B dh=0 L=B dL=0 preo=B,contagio Medio (baja); hospital Bajo (estable); restriccion Bajo (estable); cumplimiento Bajo,calma,12,"(2, 0, 1, 1)",1.0000,5.0,"(0, 2, 0, 2)",0.0000,6.0,"(0, 2, 1, 0)",0.0000,3.0
c=M dc=- h=B dh=0 L=B dL=0 preo=M,contagio Medio (baja); hospital Bajo (estable); restriccion Bajo (estable); cumplimiento Medio,calma,2,"(2, 0, 2, 1)",0.6607,6.0,"(2, 2, 2, 2)",0.0042,10.0,"(1, 0, 0, 1)",0.0042,3.0
c=M dc=- h=B dh=0 L=B dL=0 preo=A,contagio Medio (baja); hospital Bajo (estable); restriccion Bajo (estable); cumplimiento Alto,calma,1,"(2, 0, 0, 2)",0.1002,6.0,"(2, 2, 2, 2)",0.0112,10.0,"(0, 2, 0, 2)",0.0112,6.0
c=M dc=- h=B dh=0 L=B dL=+ preo=B,contagio Medio (baja); hospital Bajo (estable); restriccion Bajo (sube); cumplimiento Bajo,calma,472,"(0, 1, 1, 2)",0.9140,6.0,"(2, 2, 0, 2)",0.0544,8.0,"(1, 2, 0, 0)",0.0229,3.0
c=M dc=- h=B dh=0 L=B dL=+ preo=M,contagio Medio (baja); hospital Bajo (estable); restriccion Bajo (sube); cumplimiento Medio,calma,2,"(0, 1, 2, 0)",0.9970,3.0,"(2, 2, 2, 2)",0.0000,10.0,"(0, 2, 0, 2)",0.0000,6.0
c=M dc=- h=B dh=0 L=B dL=+ preo=A,contagio Medio (baja); hospital Bajo (estable); restriccion Bajo (sube); cumplimiento Alto,calma,3,"(1, 2, 2, 2)",0.9370,9.0,"(2, 2, 2, 2)",0.0008,10.0,"(0, 2, 0, 2)",0.0008,6.0
c=M dc=- h=B dh=0 L=M dL=- preo=B,contagio Medio (baja); hospital Bajo (estable); restriccion Medio (baja); cumplimiento Bajo,calma,797,"(2, 1, 0, 1)",0.9905,5.0,"(1, 2, 2, 1)",0.0068,7.0,"(2, 2, 2, 2)",0.0009,10.0
c=M dc=- h=B dh=0 L=M dL=- preo=M,contagio Medio (baja); hospital Bajo (estable); restriccion Medio (baja); cumplimiento Medio,calma,202,"(2, 0, 1, 2)",0.9927,7.0,"(2, 1, 1, 0)",0.0063,4.0,"(2, 0, 2, 1)",0.0003,6.0
c=M dc=- h=B dh=0 L=M dL=- preo=A,contagio Medio (baja); hospital Bajo (estable); restriccion Medio (baja); cumplimiento Alto,calma,10,"(1, 1, 0, 0)",0.9678,2.0,"(2, 2, 2, 2)",0.0004,10.0,"(1, 0, 0, 1)",0.0004,3.0
c=M dc=- h=B dh=0 L=M dL=0 preo=B,contagio Medio (baja); hospital Bajo (estable); restriccion Medio (estable); cumplimiento Bajo,calma,142,"(1, 0, 1, 1)",0.9996,4.0,"(1, 0, 2, 0)",0.0003,3.0,"(2, 2, 2, 2)",0.0000,10.0
c=M dc=- h=B dh=0 L=M dL=0 preo=M,contagio Medio (baja); hospital Bajo (estable); restriccion Medio (estable); cumplimiento Medio,calma,52,"(2, 1, 0, 2)",1.0000,7.0,"(2, 0, 0, 0)",0.0000,2.0,"(2, 2, 2, 2)",0.0000,10.0
c=M dc=- h=B dh=0 L=M dL=0 preo=A,contagio Medio (baja); hospital Bajo (estable); restriccion Medio (estable); cumplimiento Alto,calma,2,"(2, 2, 2, 2)",0.0124,10.0,"(2, 2, 2, 1)",0.0124,8.0,"(0, 2, 1, 0)",0.0124,3.0
c=M dc=- h=B dh=0 L=M dL=+ preo=B,contagio Medio (baja); hospital Bajo (estable); restriccion Medio (sube); cumplimiento Bajo,calma,2491,"(1, 2, 1, 1)",0.6965,6.0,"(0, 0, 1, 2)",0.0783,5.0,"(1, 0, 0, 2)",0.0687,5.0
c=M dc=- h=B dh=0 L=M dL=+ preo=M,contagio Medio (baja); hospital Bajo (estable); restriccion Medio (sube); cumplimiento Medio,calma,162,"(2, 2, 2, 0)",0.9990,6.0,"(2, 1, 0, 1)",0.0007,5.0,"(1, 1, 1, 1)",0.0002,5.0
c=M dc=- h=B dh=0 L=M dL=+ preo=A,contagio Medio (baja); hospital Bajo (estable); restriccion Medio (sube); cumplimiento Alto,calma,96,"(2, 2, 2, 2)",0.9593,10.0,"(2, 1, 1, 1)",0.0123,6.0,"(0, 2, 2, 1)",0.0080,6.0
c=M dc=- h=B dh=0 L=A dL=- preo=B,contagio Medio (baja); hospital Bajo (estable); restriccion Alto (baja); cumplimiento Bajo,calma,893,"(0, 1, 1, 1)",0.9732,4.0,"(1, 0, 2, 1)",0.0123,5.0,"(1, 2, 1, 1)",0.0018,6.0
c=M dc=- h=B dh=0 L=A dL=- preo=M,contagio Medio (baja); hospital Bajo (estable); restriccion Alto (baja); cumplimiento Medio,calma,173,"(2, 1, 0, 1)",0.9946,5.0,"(1, 2, 1, 1)",0.0042,6.0,"(0, 2, 0, 2)",0.0007,6.0
c=M dc=- h=B dh=0 L=A dL=- preo=A,contagio Medio (baja); hospital Bajo (estable); restriccion Alto (baja); cumplimiento Alto,calma,2,"(1, 2, 2, 1)",0.5668,7.0,"(2, 2, 2, 2)",0.0054,10.0,"(0, 2, 0, 2)",0.0054,6.0
c=M dc=- h=B dh=0 L=A dL=0 preo=B,contagio Medio (baja); hospital Bajo (estable); restriccion Alto (estable); cumplimiento Bajo,calma,1976,"(0, 1, 1, 1)",0.9125,4.0,"(2, 1, 2, 2)",0.0521,9.0,"(1, 2, 2, 0)",0.0196,5.0
c=M dc=- h=B dh=0 L=A dL=0 preo=M,contagio Medio (baja); hospital Bajo (estable); restriccion Alto (estable); cumplimiento Medio,calma,246,"(0, 1, 0, 2)",0.9976,5.0,"(2, 0, 2, 2)",0.0008,8.0,"(0, 0, 0, 1)",0.0008,2.0
c=M dc=- h=B dh=0 L=A dL=0 preo=A,contagio Medio (baja); hospital Bajo (estable); restriccion Alto (estable); cumplimiento Alto,calma,2,"(2, 0, 2, 0)",0.2550,4.0,"(0, 2, 0, 1)",0.0093,4.0,"(0, 2, 1, 0)",0.0093,3.0
c=M dc=- h=B dh=0 L=A dL=+ preo=B,contagio Medio (baja); hospital Bajo (estable); restriccion Alto (sube); cumplimiento Bajo,calma,137325,"(2, 2, 2, 2)",0.0444,10.0,"(2, 1, 2, 2)",0.0369,9.0,"(2, 2, 2, 0)",0.0367,6.0
c=M dc=- h=B dh=0 L=A dL=+ preo=M,contagio Medio (baja); hospital Bajo (estable); restriccion Alto (sube); cumplimiento Medio,calma,3153,"(2, 2, 1, 2)",0.6931,9.0,"(1, 2, 0, 2)",0.2171,7.0,"(0, 0, 2, 1)",0.0495,4.0
c=M dc=- h=B dh=0 L=A dL=+ preo=A,contagio Medio (baja); hospital Bajo (estable); restriccion Alto (sube); cumplimiento Alto,calma,96,"(2, 2, 2, 0)",0.9604,6.0,"(1, 2, 2, 1)",0.0369,7.0,"(2, 0, 0, 2)",0.0003,6.0
c=M dc=- h=B dh=+ L=B dL=- preo=B,contagio Medio (baja); hospital Bajo (sube); restriccion Bajo (baja); cumplimiento Bajo,calma,419,"(1, 2, 1, 2)",0.9812,8.0,"(2, 2, 2, 0)",0.0160,6.0,"(2, 2, 2, 1)",0.0006,8.0
c=M dc=- h=B dh=+ L=B dL=- preo=M,contagio Medio (baja); hospital Bajo (sube); restriccion Bajo (baja); cumplimiento Medio,calma,188,"(1, 1, 0, 1)",0.9969,4.0,"(2, 1, 2, 0)",0.0027,5.0,"(2, 2, 2, 2)",0.0000,10.0
c=M dc=- h=B dh=+ L=B dL=- preo=A,contagio Medio (baja); hospital Bajo (sube); restriccion Bajo (baja); cumplimiento Alto,calma,191,"(2, 2, 1, 0)",0.8634,5.0,"(2, 1, 2, 0)",0.0259,5.0,"(0, 2, 2, 1)",0.0208,6.0
c=M dc=- h=B dh=+ L=B dL=0 preo=B,contagio Medio (baja); hospital Bajo (sube); restriccion Bajo (estable); cumplimiento Bajo,calma,20,"(0, 0, 1, 0)",0.9999,1.0,"(2, 2, 2, 2)",0.0000,10.0,"(1, 0, 1, 0)",0.0000,2.0
c=M dc=- h=B dh=+ L=B dL=0 preo=M,contagio Medio (baja); hospital Bajo (sube); restriccion Bajo (estable); cumplimiento Medio,calma,8,"(2, 0, 0, 2)",0.9975,6.0,"(2, 2, 2, 2)",0.0000,10.0,"(0, 2, 0, 2)",0.0000,6.0
c=M dc=- h=B dh=+ L=B dL=0 preo=A,contagio Medio (baja); hospital Bajo (sube); restriccion Bajo (estable); cumplimiento Alto,calma,8,"(2, 2, 2, 1)",0.9556,8.0,"(2, 2, 2, 2)",0.0006,10.0,"(0, 2, 1, 1)",0.0006,5.0
c=M dc=- h=B dh=+ L=B dL=+ preo=B,contagio Medio (baja); hospital Bajo (sube); restriccion Bajo (sube); cumplimiento Bajo,calma,781,"(2, 2, 1, 1)",0.9962,7.0,"(2, 0, 0, 0)",0.0027,2.0,"(1, 1, 2, 1)",0.0002,6.0
c=M dc=- h=B dh=+ L=B dL=+ preo=M,contagio Medio (baja); hospital Bajo (sube); restriccion Bajo (sube); cumplimiento Medio,calma,6,"(0, 2, 2, 1)",0.9935,6.0,"(2, 2, 2, 2)",0.0001,10.0,"(1, 1, 1, 0)",0.0001,3.0
c=M dc=- h=B dh=+ L=B dL=+ preo=A,contagio Medio (baja); hospital Bajo (sube); restriccion Bajo (sube); cumplimiento Alto,calma,5,"(1, 2, 1, 1)",0.7401,6.0,"(2, 2, 2, 2)",0.0033,10.0,"(1, 0, 1, 0)",0.0033,2.0
c=M dc=- h=B dh=+ L=M dL=- preo=B,contagio Medio (baja); hospital Bajo (sube); restriccion Medio (baja); cumplimiento Bajo,calma,1531,"(0, 1, 1, 0)",0.9925,2.0,"(1, 2, 2, 2)",0.0010,9.0,"(2, 2, 1, 2)",0.0009,9.0
c=M dc=- h=B dh=+ L=M dL=- preo=M,contagio Medio (baja); hospital Bajo (sube); restriccion Medio (baja); cumplimiento Medio,calma,212,"(0, 0, 0, 1)",0.9884,2.0,"(2, 1, 0, 0)",0.0109,3.0,"(0, 2, 2, 1)",0.0003,6.0
c=M dc=- h=B dh=+ L=M dL=- preo=A,contagio Medio (baja); hospital Bajo (sube); restriccion Medio (baja); cumplimiento Alto,calma,96,"(1, 2, 2, 2)",0.9822,9.0,"(2, 1, 1, 1)",0.0004,6.0,"(2, 2, 2, 2)",0.0002,10.0
c=M dc=- h=B dh=+ L=M dL=0 preo=B,contagio Medio (baja); hospital Bajo (sube); restriccion Medio (estable); cumplimiento Bajo,calma,335,"(2, 2, 1, 1)",0.9940,7.0,"(2, 0, 2, 2)",0.0056,8.0,"(1, 0, 1, 1)",0.0001,4.0
c=M dc=- h=B dh=+ L=M dL=0 preo=M,contagio Medio (baja); hospital Bajo (sube); restriccion Medio (estable); cumplimiento Medio,calma,51,"(0, 2, 2, 1)",0.9976,6.0,"(2, 1, 0, 2)",0.0015,7.0,"(0, 2, 0, 0)",0.0004,2.0
c=M dc=- h=B dh=+ L=M dL=0 preo=A,contagio Medio (baja); hospital Bajo (sube); restriccion Medio (estable); cumplimiento Alto,calma,9,"(2, 0, 1, 0)",0.4113,3.0,"(2, 2, 2, 2)",0.0074,10.0,"(1, 1, 1, 0)",0.0074,3.0
c=M dc=- h=B dh=+ L=M dL=+ preo=B,contagio Medio (baja); hospital Bajo (sube); restriccion Medio (sube); cumplimiento Bajo,calma,3886,"(2, 1, 0, 2)",0.5875,7.0,"(2, 1, 2, 2)",0.1424,9.0,"(1, 2, 1, 2)",0.1244,8.0
c=M dc=- h=B dh=+ L=M dL=+ preo=M,contagio Medio (baja); hospital Bajo (sube); restriccion Medio (sube); cumplimiento Medio,calma,251,"(0, 2, 0, 1)",0.9218,4.0,"(0, 0, 2, 0)",0.0380,2.0,"(1, 1, 0, 0)",0.0272,2.0
c=M dc=- h=B dh=+ L=M dL=+ preo=A,contagio Medio (baja); hospital Bajo (sube); restriccion Medio (sube); cumplimiento Alto,calma,718,"(1, 2, 1, 2)",0.8948,8.0,"(2, 2, 0, 0)",0.0132,4.0,"(2, 2, 0, 1)",0.0111,6.0
c=M dc=- h=B dh=+ L=A dL=- preo=B,contagio Medio (baja); hospital Bajo (sube); restriccion Alto (baja); cumplimiento Bajo,calma,2356,"(1, 1, 2, 2)",0.8705,8.0,"(2, 0, 2, 2)",0.0548,8.0,"(2, 2, 0, 2)",0.0226,8.0
c=M dc=- h=B dh=+ L=A dL=- preo=M,contagio Medio (baja); hospital Bajo (sube); restriccion Alto (baja); cumplimiento Medio,calma,243,"(0, 2, 2, 1)",0.8774,6.0,"(1, 2, 2, 2)",0.1088,9.0,"(1, 2, 2, 1)",0.0081,7.0
c=M dc=- h=B dh=+ L=A dL=- preo=A,contagio Medio (baja); hospital Bajo (sube); restriccion Alto (baja); cumplimiento Alto,calma,558,"(2, 2, 2, 1)",0.8551,8.0,"(1, 1, 2, 2)",0.0240,8.0,"(2, 1, 0, 1)",0.0181,5.0
c=M dc=- h=B dh=+ L=A dL=0 preo=B,contagio Medio (baja); hospital Bajo (sube); restriccion Alto (estable); cumplimiento Bajo,calma,4347,"(0, 1, 2, 1)",0.5895,5.0,"(1, 1, 0, 0)",0.1444,2.0,"(0, 0, 2, 1)",0.0583,4.0
c=M dc=- h=B dh=+ L=A dL=0 preo=M,contagio Medio (baja); hospital Bajo (sube); restriccion Alto (estable); cumplimiento Medio,calma,357,"(0, 2, 0, 2)",0.9832,6.0,"(2, 1, 0, 1)",0.0061,5.0,"(2, 0, 2, 0)",0.0028,4.0
c=M dc=- h=B dh=+ L=A dL=0 preo=A,contagio Medio (baja); hospital Bajo (sube); restriccion Alto (estable); cumplimiento Alto,calma,98,"(2, 2, 2, 2)",0.9363,10.0,"(2, 0, 2, 0)",0.0037,4.0,"(0, 0, 0, 1)",0.0008,2.0
c=M dc=- h=B dh=+ L=A dL=+ preo=B,contagio Medio (baja); hospital Bajo (sube); restriccion Alto (sube); cumplimiento Bajo,calma,225552,"(2, 2, 2, 2)",0.0441,10.0,"(2, 1, 1, 2)",0.0367,8.0,"(1, 2, 2, 1)",0.0333,7.0
c=M dc=- h=B dh=+ L=A dL=+ preo=M,contagio Medio (baja); hospital Bajo (sube); restriccion Alto (sube); cumplimiento Medio,calma,3839,"(1, 1, 2, 0)",0.2551,4.0,"(1, 1, 2, 2)",0.1858,8.0,"(1, 2, 0, 2)",0.1543,7.0
c=M dc=- h=B dh=+ L=A dL=+ preo=A,contagio Medio (baja); hospital Bajo (sube); restriccion Alto (sube); cumplimiento Alto,calma,1846,"(1, 1, 0, 1)",0.1971,4.0,"(0, 0, 2, 1)",0.1276,4.0,"(2, 1, 0, 2)",0.1154,7.0
c=M dc=- h=M dh=- L=B dL=- preo=B,contagio Medio (baja); hospital Medio (baja); restriccion Bajo (baja); cumplimiento Bajo,calma,443,"(0, 0, 0, 0)",0.9944,0.0,"(2, 0, 2, 2)",0.0022,8.0,"(2, 0, 0, 0)",0.0015,2.0
c=M dc=- h=M dh=- L=B dL=- preo=M,contagio Medio (baja); hospital Medio (baja); restriccion Bajo (baja); cumplimiento Medio,calma,284,"(1, 1, 1, 0)",0.9826,3.0,"(0, 0, 0, 2)",0.0089,4.0,"(2, 0, 1, 0)",0.0054,3.0
c=M dc=- h=M dh=- L=B dL=- preo=A,contagio Medio (baja); hospital Medio (baja); restriccion Bajo (baja); cumplimiento Alto,calma,18,"(2, 0, 1, 0)",0.8751,3.0,"(2, 2, 2, 2)",0.0016,10.0,"(2, 2, 2, 1)",0.0016,8.0
c=M dc=- h=M dh=- L=B dL=0 preo=B,contagio Medio (baja); hospital Medio (baja); restriccion Bajo (estable); cumplimiento Bajo,calma,8,"(2, 2, 0, 2)",1.0000,8.0,"(2, 2, 2, 2)",0.0000,10.0,"(1, 0, 0, 2)",0.0000,5.0
c=M dc=- h=M dh=- L=B dL=0 preo=M,contagio Medio (baja); hospital Medio (baja); restriccion Bajo (estable); cumplimiento Medio,calma,9,"(0, 0, 0, 1)",0.9833,2.0,"(2, 2, 2, 2)",0.0002,10.0,"(1, 0, 0, 2)",0.0002,5.0
c=M dc=- h=M dh=- L=B dL=0 preo=A,contagio Medio (baja); hospital Medio (baja); restriccion Bajo (estable); cumplimiento Alto,calma,6,"(1, 2, 0, 2)",0.0579,7.0,"(2, 2, 2, 2)",0.0118,10.0,"(1, 0, 1, 0)",0.0118,2.0
c=M dc=- h=M dh=- L=B dL=+ preo=B,contagio Medio (baja); hospital Medio (baja); restriccion Bajo (sube); cumplimiento Bajo,calma,132,"(1, 1, 1, 1)",0.9954,5.0,"(2, 1, 2, 0)",0.0045,5.0,"(0, 2, 1, 0)",0.0000,3.0
c=M dc=- h=M dh=- L=B dL=+ preo=M,contagio Medio (baja); hospital Medio (baja); restriccion Bajo (sube); cumplimiento Medio,calma,28,"(1, 0, 0, 1)",0.9903,3.0,"(0, 0, 0, 2)",0.0075,4.0,"(2, 2, 2, 2)",0.0000,10.0
c=M dc=- h=M dh=- L=B dL=+ preo=A,contagio Medio (baja); hospital Medio (baja); restriccion Bajo (sube); cumplimiento Alto,calma,9,"(2, 2, 2, 1)",0.9220,8.0,"(2, 2, 2, 2)",0.0010,10.0,"(0, 2, 1, 0)",0.0010,3.0
c=M dc=- h=M dh=- L=M dL=- preo=B,contagio Medio (baja); hospital Medio (baja); restriccion Medio (baja); cumplimiento Bajo,calma,356,"(0, 0, 0, 2)",0.9872,4.0,"(2, 2, 2, 2)",0.0070,10.0,"(2, 1, 2, 1)",0.0025,7.0
c=M dc=- h=M dh=- L=M dL=- preo=M,contagio Medio (baja); hospital Medio (baja); restriccion Medio (baja); cumplimiento Medio,calma,1833,"(1, 0, 2, 0)",0.8884,3.0,"(1, 2, 2, 2)",0.0488,9.0,"(1, 0, 0, 1)",0.0179,3.0
c=M dc=- h=M dh=- L=M dL=- preo=A,contagio Medio (baja); hospital Medio (baja); restriccion Medio (baja); cumplimiento Alto,calma,31,"(1, 2, 1, 1)",0.9632,6.0,"(2, 2, 2, 2)",0.0005,10.0,"(1, 0, 1, 0)",0.0005,2.0
c=M dc=- h=M dh=- L=M dL=0 preo=B,contagio Medio (baja); hospital Medio (baja); restriccion Medio (estable); cumplimiento Bajo,calma,104,"(0, 0, 2, 0)",0.9997,2.0,"(2, 2, 0, 2)",0.0002,8.0,"(2, 0, 1, 1)",0.0000,5.0
c=M dc=- h=M dh=- L=M dL=0 preo=M,contagio Medio (baja); hospital Medio (baja); restriccion Medio (estable); cumplimiento Medio,calma,120,"(0, 2, 1, 0)",0.9934,3.0,"(2, 1, 2, 2)",0.0040,9.0,"(0, 1, 0, 0)",0.0011,1.0
c=M dc=- h=M dh=- L=M dL=0 preo=A,contagio Medio (baja); hospital Medio (baja); restriccion Medio (estable); cumplimiento Alto,calma,14,"(2, 2, 0, 0)",0.3826,4.0,"(2, 2, 2, 2)",0.0078,10.0,"(1, 0, 0, 2)",0.0078,5.0
c=M dc=- h=M dh=- L=M dL=+ preo=B,contagio Medio (baja); hospital Medio (baja); restriccion Medio (sube); cumplimiento Bajo,calma,2988,"(2, 1, 0, 2)",0.9834,7.0,"(0, 1, 0, 2)",0.0055,5.0,"(1, 2, 1, 0)",0.0029,4.0
c=M dc=- h=M dh=- L=M dL=+ preo=M,contagio Medio (baja); hospital Medio (baja); restriccion Medio (sube); cumplimiento Medio,calma,1067,"(1, 2, 2, 2)",0.9698,9.0,"(1, 0, 1, 0)",0.0181,2.0,"(2, 0, 0, 0)",0.0049,2.0
c=M dc=- h=M dh=- L=M dL=+ preo=A,contagio Medio (baja); hospital Medio (baja); restriccion Medio (sube); cumplimiento Alto,calma,62,"(0, 1, 2, 0)",0.9915,3.0,"(2, 2, 2, 2)",0.0001,10.0,"(1, 0, 1, 2)",0.0001,6.0
c=M dc=- h=M dh=- L=A dL=- preo=B,contagio Medio (baja); hospital Medio (baja); restriccion Alto (baja); cumplimiento Bajo,calma,197,"(2, 2, 1, 0)",0.9993,5.0,"(2, 1, 2, 1)",0.0005,7.0,"(2, 2, 0, 0)",0.0002,4.0
c=M dc=- h=M dh=- L=A dL=- preo=M,contagio Medio (baja); hospital Medio (baja); restriccion Alto (baja); cumplimiento Medio,calma,89,"(1, 1, 0, 1)",0.9989,4.0,"(1, 0, 1, 0)",0.0004,2.0,"(1, 0, 2, 1)",0.0003,5.0
c=M dc=- h=M dh=- L=A dL=- preo=A,contagio Medio (baja); hospital Medio (baja); restriccion Alto (baja); cumplimiento Alto,calma,18,"(2, 2, 0, 2)",0.9991,8.0,"(2, 2, 2, 2)",0.0000,10.0,"(1, 0, 0, 1)",0.0000,3.0
c=M dc=- h=M dh=- L=A dL=0 preo=B,contagio Medio (baja); hospital Medio (baja); restriccion Alto (estable); cumplimiento Bajo,calma,189,"(0, 0, 2, 0)",0.9971,2.0,"(0, 0, 1, 1)",0.0013,3.0,"(0, 2, 0, 2)",0.0012,6.0
c=M dc=- h=M dh=- L=A dL=0 preo=M,contagio Medio (baja); hospital Medio (baja); restriccion Alto (estable); cumplimiento Medio,calma,138,"(0, 2, 1, 1)",0.9965,5.0,"(0, 2, 1, 0)",0.0020,3.0,"(2, 0, 1, 0)",0.0011,3.0
c=M dc=- h=M dh=- L=A dL=0 preo=A,contagio Medio (baja); hospital Medio (baja); restriccion Alto (estable); cumplimiento Alto,calma,13,"(2, 2, 0, 0)",0.7086,4.0,"(2, 2, 2, 2)",0.0037,10.0,"(1, 0, 1, 2)",0.0037,6.0
c=M dc=- h=M dh=- L=A dL=+ preo=B,contagio Medio (baja); hospital Medio (baja); restriccion Alto (sube); cumplimiento Bajo,calma,25857,"(2, 2, 1, 2)",0.0777,9.0,"(2, 1, 0, 1)",0.0529,5.0,"(0, 2, 2, 1)",0.0452,6.0
c=M dc=- h=M dh=- L=A dL=+ preo=M,contagio Medio (baja); hospital Medio (baja); restriccion Alto (sube); cumplimiento Medio,calma,14487,"(2, 2, 2, 2)",0.1748,10.0,"(2, 2, 1, 2)",0.1201,9.0,"(2, 2, 2, 1)",0.0853,8.0
c=M dc=- h=M dh=- L=A dL=+ preo=A,contagio Medio (baja); hospital Medio (baja); restriccion Alto (sube); cumplimiento Alto,calma,173,"(2, 1, 2, 1)",0.9938,7.0,"(0, 0, 2, 0)",0.0005,2.0,"(1, 1, 1, 1)",0.0001,5.0
c=M dc=- h=M dh=0 L=B dL=- preo=B,contagio Medio (baja); hospital Medio (estable); restriccion Bajo (baja); cumplimiento Bajo,calma,430,"(0, 2, 1, 2)",0.9090,7.0,"(2, 2, 1, 2)",0.0886,9.0,"(1, 0, 1, 0)",0.0010,2.0
c=M dc=- h=M dh=0 L=B dL=- preo=M,contagio Medio (baja); hospital Medio (estable); restriccion Bajo (baja); cumplimiento Medio,calma,146,"(2, 1, 2, 1)",0.9957,7.0,"(2, 0, 2, 1)",0.0019,6.0,"(0, 0, 1, 1)",0.0008,3.0
c=M dc=- h=M dh=0 L=B dL=- preo=A,contagio Medio (baja); hospital Medio (estable); restriccion Bajo (baja); cumplimiento Alto,calma,10,"(2, 2, 2, 1)",0.9880,8.0,"(2, 2, 2, 2)",0.0002,10.0,"(0, 2, 1, 0)",0.0002,3.0
c=M dc=- h=M dh=0 L=B dL=0 preo=B,contagio Medio (baja); hospital Medio (estable); restriccion Bajo (estable); cumplimiento Bajo,calma,6,"(0, 2, 1, 0)",0.9999,3.0,"(2, 2, 2, 2)",0.0000,10.0,"(1, 1, 1, 0)",0.0000,3.0
c=M dc=- h=M dh=0 L=B dL=0 preo=M,contagio Medio (baja); hospital Medio (estable); restriccion Bajo (estable); cumplimiento Medio,calma,6,"(1, 1, 0, 2)",0.9784,6.0,"(1, 2, 0, 1)",0.0176,5.0,"(1, 0, 0, 2)",0.0001,5.0
c=M dc=- h=M dh=0 L=B dL=0 preo=A,contagio Medio (baja); hospital Medio (estable); restriccion Bajo (estable); cumplimiento Alto,calma,0,"(2, 2, 2, 2)",0.0123,10.0,"(1, 1, 1, 0)",0.0123,3.0,"(0, 2, 1, 0)",0.0123,3.0
c=M dc=- h=M dh=0 L=B dL=+ preo=B,contagio Medio (baja); hospital Medio (estable); restriccion Bajo (sube); cumplimiento Bajo,calma,102,"(2, 0, 0, 2)",1.0000,6.0,"(2, 2, 2, 2)",0.0000,10.0,"(0, 2, 0, 2)",0.0000,6.0
c=M dc=- h=M dh=0 L=B dL=+ preo=M,contagio Medio (baja); hospital Medio (estable); restriccion Bajo (sube); cumplimiento Medio,calma,14,"(1, 1, 0, 1)",0.9981,4.0,"(2, 2, 2, 2)",0.0000,10.0,"(1, 0, 0, 1)",0.0000,3.0
c=M dc=- h=M dh=0 L=B dL=+ preo=A,contagio Medio (baja); hospital Medio (estable); restriccion Bajo (sube); cumplimiento Alto,calma,0,"(2, 2, 2, 2)",0.0123,10.0,"(1, 1, 1, 0)",0.0123,3.0,"(0, 2, 1, 0)",0.0123,3.0
c=M dc=- h=M dh=0 L=M dL=- preo=B,contagio Medio (baja); hospital Medio (estable); restriccion Medio (baja); cumplimiento Bajo,calma,413,"(2, 0, 0, 1)",0.9836,4.0,"(2, 1, 2, 1)",0.0042,7.0,"(2, 2, 1, 2)",0.0039,9.0
c=M dc=- h=M dh=0 L=M dL=- preo=M,contagio Medio (baja); hospital Medio (estable); restriccion Medio (baja); cumplimiento Medio,calma,1194,"(1, 0, 2, 1)",0.7495,5.0,"(2, 1, 1, 2)",0.1395,8.0,"(2, 0, 2, 0)",0.0304,4.0
c=M dc=- h=M dh=0 L=M dL=- preo=A,contagio Medio (baja); hospital Medio (estable); restriccion Medio (baja); cumplimiento Alto,calma,14,"(1, 1, 1, 0)",0.6302,3.0,"(0, 2, 0, 0)",0.0634,2.0,"(0, 2, 0, 2)",0.0039,6.0
c=M dc=- h=M dh=0 L=M dL=0 preo=B,contagio Medio (baja); hospital Medio (estable); restriccion Medio (estable); cumplimiento Bajo,calma,104,"(1, 0, 1, 0)",0.9994,2.0,"(1, 2, 2, 1)",0.0004,7.0,"(1, 1, 0, 2)",0.0000,6.0
c=M dc=- h=M dh=0 L=M dL=0 preo=M,contagio Medio (baja); hospital Medio (estable); restriccion Medio (estable); cumplimiento Medio,calma,86,"(2, 2, 0, 1)",0.9991,6.0,"(2, 2, 2, 2)",0.0000,10.0,"(1, 0, 1, 1)",0.0000,4.0
c=M dc=- h=M dh=0 L=M dL=0 preo=A,contagio Medio (baja); hospital Medio (estable); restriccion Medio (estable); cumplimiento Alto,calma,7,"(1, 1, 1, 0)",0.3051,3.0,"(1, 0, 1, 0)",0.0088,2.0,"(0, 2, 1, 0)",0.0088,3.0
c=M dc=- h=M dh=0 L=M dL=+ preo=B,contagio Medio (baja); hospital Medio (estable); restriccion Medio (sube); cumplimiento Bajo,calma,2580,"(2, 2, 0, 0)",0.8695,4.0,"(1, 0, 0, 1)",0.0935,3.0,"(2, 2, 2, 1)",0.0272,8.0
c=M dc=- h=M dh=0 L=M dL=+ preo=M,contagio Medio (baja); hospital Medio (estable); restriccion Medio (sube); cumplimiento Medio,calma,417,"(2, 1, 1, 2)",0.9975,8.0,"(1, 2, 2, 2)",0.0014,9.0,"(0, 1, 2, 0)",0.0004,3.0
c=M dc=- h=M dh=0 L=M dL=+ preo=A,contagio Medio (baja); hospital Medio (estable); restriccion Medio (sube); cumplimiento Alto,calma,28,"(1, 2, 1, 1)",0.9689,6.0,"(2, 2, 2, 2)",0.0004,10.0,"(1, 0, 0, 2)",0.0004,5.0
c=M dc=- h=M dh=0 L=A dL=- preo=B,contagio Medio (baja); hospital Medio (estable); restriccion Alto (baja); cumplimiento Bajo,calma,243,"(1, 1, 1, 0)",0.9974,3.0,"(0, 2, 1, 2)",0.0020,7.0,"(1, 2, 2, 1)",0.0006,7.0
c=M dc=- h=M dh=0 L=A dL=- preo=M,contagio Medio (baja); hospital Medio (estable); restriccion Alto (baja); cumplimiento Medio,calma,50,"(2, 2, 2, 0)",0.9992,6.0,"(2, 2, 1, 1)",0.0007,7.0,"(0, 0, 2, 2)",0.0000,6.0
c=M dc=- h=M dh=0 L=A dL=- preo=A,contagio Medio (baja); hospital Medio (estable); restriccion Alto (baja); cumplimiento Alto,calma,8,"(1, 1, 2, 1)",0.2142,6.0,"(2, 2, 2, 2)",0.0098,10.0,"(1, 0, 0, 2)",0.0098,5.0
c=M dc=- h=M dh=0 L=A dL=0 preo=B,contagio Medio (baja); hospital Medio (estable); restriccion Alto (estable); cumplimiento Bajo,calma,246,"(1, 0, 0, 0)",0.9993,1.0,"(1, 1, 1, 2)",0.0005,7.0,"(1, 0, 0, 2)",0.0001,5.0
c=M dc=- h=M dh=0 L=A dL=0 preo=M,contagio Medio (baja); hospital Medio (estable); restriccion Alto (estable); cumplimiento Medio,calma,92,"(1, 0, 2, 1)",0.9993,5.0,"(2, 2, 2, 2)",0.0000,10.0,"(1, 0, 0, 2)",0.0000,5.0
c=M dc=- h=M dh=0 L=A dL=0 preo=A,contagio Medio (baja); hospital Medio (estable); restriccion Alto (estable); cumplimiento Alto,calma,11,"(1, 2, 2, 2)",0.5160,9.0,"(1, 1, 1, 1)",0.0061,5.0,"(1, 1, 1, 0)",0.0061,3.0
c=M dc=- h=M dh=0 L=A dL=+ preo=B,contagio Medio (baja); hospital Medio (estable); restriccion Alto (sube); cumplimiento Bajo,calma,22295,"(2, 2, 2, 1)",0.0767,8.0,"(2, 2, 0, 1)",0.0553,6.0,"(2, 1, 2, 2)",0.0532,9.0
c=M dc=- h=M dh=0 L=A dL=+ preo=M,contagio Medio (baja); hospital Medio (estable); restriccion Alto (sube); cumplimiento Medio,calma,7686,"(1, 2, 2, 2)",0.5251,9.0,"(2, 0, 0, 0)",0.0647,2.0,"(0, 2, 2, 1)",0.0530,6.0
c=M dc=- h=M dh=0 L=A dL=+ preo=A,contagio Medio (baja); hospital Medio (estable); restriccion Alto (sube); cumplimiento Alto,calma,74,"(1, 2, 0, 0)",0.9535,3.0,"(2, 2, 1, 2)",0.0012,9.0,"(1, 0, 2, 2)",0.0006,7.0
c=M dc=- h=M dh=+ L=B dL=- preo=B,contagio Medio (baja); hospital Medio (sube); restriccion Bajo (baja); cumplimiento Bajo,calma,752,"(1, 2, 2, 1)",0.9978,7.0,"(1, 2, 2, 2)",0.0013,9.0,"(2, 2, 0, 2)",0.0004,8.0
c=M dc=- h=M dh=+ L=B dL=- preo=M,contagio Medio (baja); hospital Medio (sube); restriccion Bajo (baja); cumplimiento Medio,calma,385,"(0, 0, 2, 0)",0.9912,2.0,"(0, 0, 0, 2)",0.0033,4.0,"(0, 2, 0, 0)",0.0020,2.0
c=M dc=- h=M dh=+ L=B dL=- preo=A,contagio Medio (baja); hospital Medio (sube); restriccion Bajo (baja); cumplimiento Alto,calma,44,"(2, 2, 2, 0)",0.4957,6.0,"(0, 2, 0, 0)",0.0177,2.0,"(1, 0, 0, 2)",0.0062,5.0
c=M dc=- h=M dh=+ L=B dL=0 preo=B,contagio Medio (baja); hospital Medio (sube); restriccion Bajo (estable); cumplimiento Bajo,calma,13,"(2, 1, 2, 2)",0.9999,9.0,"(2, 2, 2, 2)",0.0000,10.0,"(1, 0, 0, 2)",0.0000,5.0
c=M dc=- h=M dh=+ L=B dL=0 preo=M,contagio Medio (baja); hospital Medio (sube); restriccion Bajo (estable); cumplimiento Medio,calma,13,"(1, 2, 1, 1)",0.9993,6.0,"(2, 2, 2, 2)",0.0000,10.0,"(1, 0, 0, 2)",0.0000,5.0
c=M dc=- h=M dh=+ L=B dL=0 preo=A,contagio Medio (baja); hospital Medio (sube); restriccion Bajo (estable); cumplimiento Alto,calma,2,"(2, 1, 1, 0)",0.6858,4.0,"(2, 2, 2, 2)",0.0039,10.0,"(0, 2, 0, 2)",0.0039,6.0
c=M dc=- h=M dh=+ L=B dL=+ preo=B,contagio Medio (baja); hospital Medio (sube); restriccion Bajo (sube); cumplimiento Bajo,calma,259,"(1, 1, 1, 2)",0.9981,7.0,"(2, 2, 0, 1)",0.0005,6.0,"(1, 0, 0, 1)",0.0003,3.0
c=M dc=- h=M dh=+ L=B dL=+ preo=M,contagio Medio (baja); hospital Medio (sube); restriccion Bajo (sube); cumplimiento Medio,calma,26,"(0, 0, 1, 0)",0.9884,1.0,"(0, 1, 1, 0)",0.0077,2.0,"(2, 2, 2, 2)",0.0001,10.0
c=M dc=- h=M dh=+ L=B dL=+ preo=A,contagio Medio (baja); hospital Medio (sube); restriccion Bajo (sube); cumplimiento Alto,calma,1,"(2, 2, 1, 0)",0.0438,5.0,"(2, 2, 2, 2)",0.0120,10.0,"(1, 0, 0, 2)",0.0120,5.0
c=M dc=- h=M dh=+ L=M dL=- preo=B,contagio Medio (baja); hospital Medio (sube); restriccion Medio (baja); cumplimiento Bajo,calma,986,"(2, 1, 1, 0)",0.8024,4.0,"(0, 2, 2, 2)",0.0824,8.0,"(1, 1, 0, 1)",0.0375,4.0
c=M dc=- h=M dh=+ L=M dL=- preo=M,contagio Medio (baja); hospital Medio (sube); restriccion Medio (baja); cumplimiento Medio,calma,2094,"(2, 1, 0, 0)",0.6214,3.0,"(0, 1, 0, 2)",0.1210,5.0,"(1, 1, 1, 1)",0.1051,5.0
c=M dc=- h=M dh=+ L=M dL=- preo=A,contagio Medio (baja); hospital Medio (sube); restriccion Medio (baja); cumplimiento Alto,calma,51,"(0, 2, 2, 0)",0.1022,4.0,"(1, 2, 2, 2)",0.0420,9.0,"(2, 2, 2, 2)",0.0111,10.0
c=M dc=- h=M dh=+ L=M dL=0 preo=B,contagio Medio (baja); hospital Medio (sube); restriccion Medio (estable); cumplimiento Bajo,calma,232,"(2, 1, 1, 2)",0.9997,8.0,"(0, 2, 0, 1)",0.0003,4.0,"(0, 2, 1, 1)",0.0000,5.0
c=M dc=- h=M dh=+ L=M dL=0 preo=M,contagio Medio (baja); hospital Medio (sube); restriccion Medio (estable); cumplimiento Medio,calma,162,"(2, 0, 2, 0)",0.9950,4.0,"(2, 0, 1, 2)",0.0014,7.0,"(0, 1, 0, 2)",0.0013,5.0
c=M dc=- h=M dh=+ L=M dL=0 preo=A,contagio Medio (baja); hospital Medio (sube); restriccion Medio (estable); cumplimiento Alto,calma,15,"(1, 2, 1, 1)",0.9829,6.0,"(0, 0, 0, 1)",0.0002,2.0,"(1, 0, 1, 0)",0.0002,2.0
c=M dc=- h=M dh=+ L=M dL=+ preo=B,contagio Medio (baja); hospital Medio (sube); restriccion Medio (sube); cumplimiento Bajo,calma,4209,"(2, 2, 2, 1)",0.9377,8.0,"(2, 0, 0, 0)",0.0317,2.0,"(2, 1, 2, 1)",0.0077,7.0
c=M dc=- h=M dh=+ L=M dL=+ preo=M,contagio Medio (baja); hospital Medio (sube); restriccion Medio (sube); cumplimiento Medio,calma,680,"(1, 1, 0, 0)",0.9514,2.0,"(1, 2, 0, 2)",0.0250,7.0,"(1, 1, 1, 2)",0.0065,7.0
c=M dc=- h=M dh=+ L=M dL=+ preo=A,contagio Medio (baja); hospital Medio (sube); restriccion Medio (sube); cumplimiento Alto,calma,198,"(2, 1, 2, 2)",0.4701,9.0,"(2, 1, 1, 2)",0.0835,8.0,"(1, 1, 2, 2)",0.0490,8.0
c=M dc=- h=M dh=+ L=A dL=- preo=B,contagio Medio (baja); hospital Medio (sube); restriccion Alto (baja); cumplimiento Bajo,calma,648,"(1, 1, 1, 0)",0.9934,3.0,"(2, 1, 2, 2)",0.0010,9.0,"(1, 0, 2, 1)",0.0009,5.0
c=M dc=- h=M dh=+ L=A dL=- preo=M,contagio Medio (baja); hospital Medio (sube); restriccion Alto (baja); cumplimiento Medio,calma,215,"(2, 2, 0, 2)",0.9991,8.0,"(0, 0, 0, 2)",0.0005,4.0,"(1, 1, 0, 1)",0.0003,4.0
c=M dc=- h=M dh=+ L=A dL=- preo=A,contagio Medio (baja); hospital Medio (sube); restriccion Alto (baja); cumplimiento Alto,calma,161,"(1, 2, 1, 2)",0.7414,8.0,"(1, 0, 0, 2)",0.0087,5.0,"(2, 0, 0, 0)",0.0085,2.0
c=M dc=- h=M dh=+ L=A dL=0 preo=B,contagio Medio (baja); hospital Medio (sube); restriccion Alto (estable); cumplimiento Bajo,calma,951,"(2, 0, 1, 2)",0.9922,7.0,"(1, 2, 2, 1)",0.0015,7.0,"(1, 1, 1, 2)",0.0013,7.0
c=M dc=- h=M dh=+ L=A dL=0 preo=M,contagio Medio (baja); hospital Medio (sube); restriccion Alto (estable); cumplimiento Medio,calma,334,"(2, 1, 1, 0)",0.9635,4.0,"(2, 1, 0, 2)",0.0095,7.0,"(2, 2, 0, 1)",0.0068,6.0
c=M dc=- h=M dh=+ L=A dL=0 preo=A,contagio Medio (baja); hospital Medio (sube); restriccion Alto (estable); cumplimiento Alto,calma,64,"(2, 2, 2, 2)",0.8183,10.0,"(0, 1, 1, 0)",0.0024,2.0,"(0, 2, 1, 0)",0.0023,3.0
c=M dc=- h=M dh=+ L=A dL=+ preo=B,contagio Medio (baja); hospital Medio (sube); restriccion Alto (sube); cumplimiento Bajo,calma,59307,"(1, 2, 2, 2)",0.0401,9.0,"(2, 1, 0, 0)",0.0348,3.0,"(2, 1, 1, 2)",0.0306,8.0
c=M dc=- h=M dh=+ L=A dL=+ preo=M,contagio Medio (baja); hospital Medio (sube); restriccion Alto (sube); cumplimiento Medio,calma,13175,"(2, 2, 0, 1)",0.1207,6.0,"(2, 2, 2, 0)",0.0726,6.0,"(1, 1, 2, 1)",0.0537,6.0
c=M dc=- h=M dh=+ L=A dL=+ preo=A,contagio Medio (baja); hospital Medio (sube); restriccion Alto (sube); cumplimiento Alto,calma,584,"(2, 2, 2, 2)",0.4095,10.0,"(0, 0, 1, 0)",0.0513,1.0,"(0, 2, 1, 0)",0.0394,3.0
c=M dc=- h=A dh=- L=B dL=- preo=B,contagio Medio (baja); hospital Alto (baja); restriccion Bajo (baja); cumplimiento Bajo,emergencia,11,"(2, 0, 1, 0)",0.3414,3.0,"(2, 2, 2, 2)",0.0083,10.0,"(1, 0, 1, 0)",0.0083,2.0
c=M dc=- h=A dh=- L=B dL=- preo=M,contagio Medio (baja); hospital Alto (baja); restriccion Bajo (baja); cumplimiento Medio,emergencia,58,"(2, 0, 0, 2)",0.9802,6.0,"(0, 2, 0, 1)",0.0023,4.0,"(1, 1, 1, 0)",0.0002,3.0
c=M dc=- h=A dh=- L=B dL=- preo=A,contagio Medio (baja); hospital Alto (baja); restriccion Bajo (baja); cumplimiento Alto,emergencia,208,"(2, 1, 2, 2)",0.4483,9.0,"(0, 2, 2, 0)",0.0077,4.0,"(2, 1, 1, 1)",0.0077,6.0
c=M dc=- h=A dh=- L=B dL=0 preo=B,contagio Medio (baja); hospital Alto (baja); restriccion Bajo (estable); cumplimiento Bajo,emergencia,0,"(2, 2, 2, 2)",0.0123,10.0,"(1, 1, 1, 0)",0.0123,3.0,"(0, 2, 1, 0)",0.0123,3.0
c=M dc=- h=A dh=- L=B dL=0 preo=M,contagio Medio (baja); hospital Alto (baja); restriccion Bajo (estable); cumplimiento Medio,emergencia,3,"(2, 1, 0, 0)",0.2812,3.0,"(2, 2, 2, 2)",0.0090,10.0,"(0, 2, 0, 2)",0.0090,6.0
c=M dc=- h=A dh=- L=B dL=0 preo=A,contagio Medio (baja); hospital Alto (baja); restriccion Bajo (estable); cumplimiento Alto,emergencia,109,"(2, 0, 1, 0)",0.1942,3.0,"(0, 1, 1, 1)",0.0117,4.0,"(0, 0, 0, 1)",0.0116,2.0
c=M dc=- h=A dh=- L=B dL=+ preo=B,contagio Medio (baja); hospital Alto (baja); restriccion Bajo (sube); cumplimiento Bajo,emergencia,1,"(2, 2, 2, 2)",0.0124,10.0,"(2, 2, 2, 1)",0.0124,8.0,"(0, 2, 1, 1)",0.0124,5.0
c=M dc=- h=A dh=- L=B dL=+ preo=M,contagio Medio (baja); hospital Alto (baja); restriccion Bajo (sube); cumplimiento Medio,emergencia,0,"(2, 2, 2, 2)",0.0123,10.0,"(1, 1, 1, 0)",0.0123,3.0,"(0, 2, 1, 0)",0.0123,3.0
c=M dc=- h=A dh=- L=B dL=+ preo=A,contagio Medio (baja); hospital Alto (baja); restriccion Bajo (sube); cumplimiento Alto,emergencia,180,"(2, 1, 0, 1)",0.2178,5.0,"(0, 1, 0, 2)",0.0108,5.0,"(1, 2, 2, 1)",0.0108,7.0
c=M dc=- h=A dh=- L=M dL=- preo=B,contagio Medio (baja); hospital Alto (baja); restriccion Medio (baja); cumplimiento Bajo,emergencia,42,"(1, 0, 2, 2)",0.9917,7.0,"(2, 2, 2, 2)",0.0001,10.0,"(1, 0, 0, 1)",0.0001,3.0
c=M dc=- h=A dh=- L=M dL=- preo=M,contagio Medio (baja); hospital Alto (baja); restriccion Medio (baja); cumplimiento Medio,emergencia,47,"(0, 2, 1, 2)",0.9508,7.0,"(2, 2, 2, 1)",0.0016,8.0,"(1, 0, 1, 0)",0.0006,2.0
c=M dc=- h=A dh=- L=M dL=- preo=A,contagio Medio (baja); hospital Alto (baja); restriccion Medio (baja); cumplimiento Alto,emergencia,435,"(2, 2, 1, 2)",0.3945,9.0,"(2, 2, 2, 2)",0.0083,10.0,"(2, 0, 2, 2)",0.0083,8.0
c=M dc=- h=A dh=- L=M dL=0 preo=B,contagio Medio (baja); hospital Alto (baja); restriccion Medio (estable); cumplimiento Bajo,emergencia,15,"(2, 2, 0, 2)",0.9978,8.0,"(2, 2, 2, 2)",0.0000,10.0,"(1, 0, 0, 2)",0.0000,5.0
c=M dc=- h=A dh=- L=M dL=0 preo=M,contagio Medio (baja); hospital Alto (baja); restriccion Medio (estable); cumplimiento Medio,emergencia,4,"(2, 1, 1, 0)",0.8765,4.0,"(2, 2, 2, 2)",0.0015,10.0,"(1, 0, 0, 1)",0.0015,3.0
c=M dc=- h=A dh=- L=M dL=0 preo=A,contagio Medio (baja); hospital Alto (baja); restriccion Medio (estable); cumplimiento Alto,emergencia,244,"(2, 2, 1, 1)",0.4968,7.0,"(1, 2, 1, 0)",0.0508,4.0,"(0, 2, 2, 0)",0.0064,4.0
c=M dc=- h=A dh=- L=M dL=+ preo=B,contagio Medio (baja); hospital Alto (baja); restriccion Medio (sube); cumplimiento Bajo,emergencia,68,"(1, 2, 2, 0)",0.9434,5.0,"(2, 0, 0, 0)",0.0422,2.0,"(2, 2, 2, 2)",0.0002,10.0
c=M dc=- h=A dh=- L=M dL=+ preo=M,contagio Medio (baja); hospital Alto (baja); restriccion Medio (sube); cumplimiento Medio,emergencia,274,"(1, 1, 2, 2)",0.9413,8.0,"(2, 1, 0, 1)",0.0224,5.0,"(2, 2, 0, 2)",0.0209,8.0
c=M dc=- h=A dh=- L=M dL=+ preo=A,contagio Medio (baja); hospital Alto (baja); restriccion Medio (sube); cumplimiento Alto,emergencia,541,"(2, 2, 2, 2)",0.4817,10.0,"(1, 0, 2, 2)",0.0297,7.0,"(2, 1, 1, 0)",0.0067,4.0
c=M dc=- h=A dh=- L=A dL=- preo=B,contagio Medio (baja); hospital Alto (baja); restriccion Alto (baja); cumplimiento Bajo,emergencia,205,"(2, 1, 2, 2)",0.9763,9.0,"(2, 1, 2, 1)",0.0066,7.0,"(0, 0, 0, 2)",0.0054,4.0
c=M dc=- h=A dh=- L=A dL=- preo=M,contagio Medio (baja); hospital Alto (baja); restriccion Alto (baja); cumplimiento Medio,emergencia,72,"(0, 2, 2, 0)",0.8964,4.0,"(2, 2, 2, 2)",0.0013,10.0,"(1, 1, 1, 0)",0.0013,3.0
c=M dc=- h=A dh=- L=A dL=- preo=A,contagio Medio (baja); hospital Alto (baja); restriccion Alto (baja); cumplimiento Alto,emergencia,1091,"(2, 1, 2, 1)",0.1178,7.0,"(2, 2, 2, 2)",0.0638,10.0,"(1, 2, 1, 2)",0.0584,8.0
c=M dc=- h=A dh=- L=A dL=0 preo=B,contagio Medio (baja); hospital Alto (baja); restriccion Alto (estable); cumplimiento Bajo,emergencia,166,"(1, 1, 2, 2)",0.9313,8.0,"(0, 2, 0, 1)",0.0382,4.0,"(0, 0, 2, 0)",0.0054,2.0
c=M dc=- h=A dh=- L=A dL=0 preo=M,contagio Medio (baja); hospital Alto (baja); restriccion Alto (estable); cumplimiento Medio,emergencia,60,"(2, 1, 2, 2)",0.9650,9.0,"(0, 0, 0, 2)",0.0098,4.0,"(2, 1, 1, 1)",0.0084,6.0
c=M dc=- h=A dh=- L=A dL=0 preo=A,contagio Medio (baja); hospital Alto (baja); restriccion Alto (estable); cumplimiento Alto,emergencia,1020,"(1, 2, 1, 2)",0.1367,8.0,"(1, 0, 0, 1)",0.0530,3.0,"(2, 2, 1, 0)",0.0519,5.0
c=M dc=- h=A dh=- L=A dL=+ preo=B,contagio Medio (baja); hospital Alto (baja); restriccion Alto (sube); cumplimiento Bajo,emergencia,532,"(2, 2, 1, 1)",0.9248,7.0,"(2, 0, 2, 0)",0.0387,4.0,"(1, 1, 2, 0)",0.0129,4.0
c=M dc=- h=A dh=- L=A dL=+ preo=M,contagio Medio (baja); hospital Alto (baja); restriccion Alto (sube); cumplimiento Medio,emergencia,382,"(2, 2, 0, 0)",0.4477,4.0,"(2, 2, 2, 1)",0.2037,8.0,"(1, 1, 0, 0)",0.1300,2.0
c=M dc=- h=A dh=- L=A dL=+ preo=A,contagio Medio (baja); hospital Alto (baja); restriccion Alto (sube); cumplimiento Alto,emergencia,2600,"(2, 0, 1, 2)",0.0931,7.0,"(0, 0, 2, 2)",0.0625,6.0,"(2, 0, 2, 0)",0.0398,4.0
c=M dc=- h=A dh=0 L=B dL=- preo=B,contagio Medio (baja); hospital Alto (estable); restriccion Bajo (baja); cumplimiento Bajo,emergencia,2,"(2, 0, 2, 1)",0.8299,6.0,"(2, 2, 2, 2)",0.0021,10.0,"(1, 0, 0, 1)",0.0021,3.0
c=M dc=- h=A dh=0 L=B dL=- preo=M,contagio Medio (baja); hospital Alto (estable); restriccion Bajo (baja); cumplimiento Medio,emergencia,32,"(0, 2, 1, 0)",0.9533,3.0,"(2, 2, 2, 1)",0.0006,8.0,"(0, 2, 1, 1)",0.0006,5.0
c=M dc=- h=A dh=0 L=B dL=- preo=A,contagio Medio (baja); hospital Alto (estable); restriccion Bajo (baja); cumplimiento Alto,emergencia,93,"(1, 0, 0, 2)",0.1031,5.0,"(2, 2, 2, 2)",0.0707,10.0,"(2, 0, 2, 0)",0.0129,4.0
c=M dc=- h=A dh=0 L=B dL=0 preo=B,contagio Medio (baja); hospital Alto (estable); restriccion Bajo (estable); cumplimiento Bajo,emergencia,0,"(2, 2, 2, 2)",0.0123,10.0,"(1, 1, 1, 0)",0.0123,3.0,"(0, 2, 1, 0)",0.0123,3.0
c=M dc=- h=A dh=0 L=B dL=0 preo=M,contagio Medio (baja); hospital Alto (estable); restriccion Bajo (estable); cumplimiento Medio,emergencia,0,"(2, 2, 2, 2)",0.0123,10.0,"(1, 1, 1, 0)",0.0123,3.0,"(0, 2, 1, 0)",0.0123,3.0
c=M dc=- h=A dh=0 L=B dL=0 preo=A,contagio Medio (baja); hospital Alto (estable); restriccion Bajo (estable); cumplimiento Alto,emergencia,13,"(2, 2, 2, 2)",0.0128,10.0,"(1, 1, 2, 2)",0.0128,8.0,"(0, 2, 2, 0)",0.0128,4.0
c=M dc=- h=A dh=0 L=B dL=+ preo=B,contagio Medio (baja); hospital Alto (estable); restriccion Bajo (sube); cumplimiento Bajo,emergencia,2,"(2, 1, 2, 2)",0.8351,9.0,"(2, 2, 2, 2)",0.0021,10.0,"(1, 0, 0, 2)",0.0021,5.0
c=M dc=- h=A dh=0 L=B dL=+ preo=M,contagio Medio (baja); hospital Alto (estable); restriccion Bajo (sube); cumplimiento Medio,emergencia,2,"(2, 2, 0, 0)",0.2117,4.0,"(2, 2, 2, 2)",0.0099,10.0,"(1, 0, 0, 2)",0.0099,5.0
c=M dc=- h=A dh=0 L=B dL=+ preo=A,contagio Medio (baja); hospital Alto (estable); restriccion Bajo (sube); cumplimiento Alto,emergencia,15,"(1, 1, 1, 1)",0.0128,5.0,"(1, 0, 0, 2)",0.0128,5.0,"(0, 2, 1, 0)",0.0128,3.0
c=M dc=- h=A dh=0 L=M dL=- preo=B,contagio Medio (baja); hospital Alto (estable); restriccion Medio (baja); cumplimiento Bajo,emergencia,14,"(0, 1, 1, 1)",0.7994,4.0,"(2, 2, 2, 2)",0.0025,10.0,"(0, 2, 0, 2)",0.0025,6.0
c=M dc=- h=A dh=0 L=M dL=- preo=M,contagio Medio (baja); hospital Alto (estable); restriccion Medio (baja); cumplimiento Medio,emergencia,49,"(2, 2, 2, 0)",0.9364,6.0,"(2, 2, 2, 2)",0.0008,10.0,"(1, 0, 0, 2)",0.0008,5.0
c=M dc=- h=A dh=0 L=M dL=- preo=A,contagio Medio (baja); hospital Alto (estable); restriccion Medio (baja); cumplimiento Alto,emergencia,209,"(2, 1, 2, 2)",0.1585,9.0,"(0, 2, 2, 1)",0.0120,6.0,"(0, 1, 2, 2)",0.0120,7.0
c=M dc=- h=A dh=0 L=M dL=0 preo=B,contagio Medio (baja); hospital Alto (estable); restriccion Medio (estable); cumplimiento Bajo,emergencia,2,"(2, 0, 2, 0)",0.0583,4.0,"(0, 2, 0, 1)",0.0118,4.0,"(0, 2, 1, 0)",0.0118,3.0
c=M dc=- h=A dh=0 L=M dL=0 preo=M,contagio Medio (baja); hospital Alto (estable); restriccion Medio (estable); cumplimiento Medio,emergencia,6,"(1, 2, 0, 0)",0.8028,3.0,"(2, 2, 2, 2)",0.0025,10.0,"(1, 0, 0, 2)",0.0025,5.0
c=M dc=- h=A dh=0 L=M dL=0 preo=A,contagio Medio (baja); hospital Alto (estable); restriccion Medio (estable); cumplimiento Alto,emergencia,57,"(2, 1, 0, 2)",0.2541,7.0,"(1, 1, 1, 1)",0.0111,5.0,"(2, 0, 0, 1)",0.0111,4.0
c=M dc=- h=A dh=0 L=M dL=+ preo=B,contagio Medio (baja); hospital Alto (estable); restriccion Medio (sube); cumplimiento Bajo,emergencia,12,"(2, 1, 2, 2)",0.9996,9.0,"(2, 2, 2, 2)",0.0000,10.0,"(1, 0, 0, 2)",0.0000,5.0
c=M dc=- h=A dh=0 L=M dL=+ preo=M,contagio Medio (baja); hospital Alto (estable); restriccion Medio (sube); cumplimiento Medio,emergencia,201,"(1, 2, 2, 1)",0.9878,7.0,"(2, 0, 2, 2)",0.0055,8.0,"(2, 0, 2, 1)",0.0013,6.0
c=M dc=- h=A dh=0 L=M dL=+ preo=A,contagio Medio (baja); hospital Alto (estable); restriccion Medio (sube); cumplimiento Alto,emergencia,162,"(1, 1, 1, 0)",0.1328,3.0,"(2, 1, 2, 1)",0.0120,7.0,"(2, 2, 0, 1)",0.0120,6.0
c=M dc=- h=A dh=0 L=A dL=- preo=B,contagio Medio (baja); hospital Alto (estable); restriccion Alto (baja); cumplimiento Bajo,emergencia,83,"(1, 2, 1, 2)",0.9940,8.0,"(0, 1, 1, 2)",0.0029,6.0,"(0, 1, 1, 0)",0.0005,2.0
c=M dc=- h=A dh=0 L=A dL=- preo=M,contagio Medio (baja); hospital Alto (estable); restriccion Alto (baja); cumplimiento Medio,emergencia,61,"(2, 2, 2, 1)",0.2292,8.0,"(0, 0, 1, 1)",0.0104,3.0,"(1, 0, 0, 2)",0.0097,5.0
c=M dc=- h=A dh=0 L=A dL=- preo=A,contagio Medio (baja); hospital Alto (estable); restriccion Alto (baja); cumplimiento Alto,emergencia,2856,"(1, 2, 2, 2)",0.1025,9.0,"(2, 2, 2, 2)",0.0486,10.0,"(0, 0, 1, 1)",0.0457,3.0
c=M dc=- h=A dh=0 L=A dL=0 preo=B,contagio Medio (baja); hospital Alto (estable); restriccion Alto (estable); cumplimiento Bajo,emergencia,68,"(2, 0, 2, 2)",0.9755,8.0,"(1, 1, 2, 0)",0.0040,4.0,"(2, 0, 1, 1)",0.0009,5.0
c=M dc=- h=A dh=0 L=A dL=0 preo=M,contagio Medio (baja); hospital Alto (estable); restriccion Alto (estable); cumplimiento Medio,emergencia,59,"(1, 2, 0, 0)",0.0884,3.0,"(1, 2, 1, 1)",0.0266,6.0,"(1, 0, 0, 2)",0.0112,5.0
c=M dc=- h=A dh=0 L=A dL=0 preo=A,contagio Medio (baja); hospital Alto (estable); restriccion Alto (estable); cumplimiento Alto,emergencia,3645,"(2, 2, 1, 1)",0.0564,7.0,"(2, 0, 1, 1)",0.0450,5.0,"(2, 1, 0, 0)",0.0310,3.0
c=M dc=- h=A dh=0 L=A dL=+ preo=B,contagio Medio (baja); hospital Alto (estable); restriccion Alto (sube); cumplimiento Bajo,emergencia,217,"(2, 0, 2, 2)",0.9797,8.0,"(1, 1, 2, 1)",0.0105,6.0,"(0, 1, 2, 2)",0.0020,7.0
c=M dc=- h=A dh=0 L=A dL=+ preo=M,contagio Medio (baja); hospital Alto (estable); restriccion Alto (sube); cumplimiento Medio,emergencia,347,"(1, 2, 0, 1)",0.7945,5.0,"(1, 2, 2, 1)",0.1269,7.0,"(1, 2, 0, 0)",0.0486,3.0
c=M dc=- h=A dh=0 L=A dL=+ preo=A,contagio Medio (baja); hospital Alto (estable); restriccion Alto (sube); cumplimiento Alto,emergencia,4181,"(2, 2, 2, 2)",0.0665,10.0,"(2, 0, 2, 0)",0.0488,4.0,"(0, 1, 2, 1)",0.0424,5.0
c=M dc=- h=A dh=+ L=B dL=- preo=B,contagio Medio (baja); hospital Alto (sube); restriccion Bajo (baja); cumplimiento Bajo,emergencia,24,"(0, 1, 1, 2)",0.9876,6.0,"(2, 2, 2, 2)",0.0002,10.0,"(0, 2, 0, 2)",0.0002,6.0
c=M dc=- h=A dh=+ L=B dL=- preo=M,contagio Medio (baja); hospital Alto (sube); restriccion Bajo (baja); cumplimiento Medio,emergencia,118,"(1, 2, 2, 1)",0.7964,7.0,"(2, 2, 2, 2)",0.0026,10.0,"(1, 1, 1, 0)",0.0026,3.0
c=M dc=- h=A dh=+ L=B dL=- preo=A,contagio Medio (baja); hospital Alto (sube); restriccion Bajo (baja); cumplimiento Alto,emergencia,144,"(1, 2, 2, 1)",0.0829,7.0,"(2, 1, 0, 1)",0.0307,5.0,"(1, 2, 2, 2)",0.0238,9.0
c=M dc=- h=A dh=+ L=B dL=0 preo=B,contagio Medio (baja); hospital Alto (sube); restriccion Bajo (estable); cumplimiento Bajo,emergencia,1,"(2, 2, 2, 2)",0.0124,10.0,"(2, 2, 2, 1)",0.0124,8.0,"(0, 2, 1, 1)",0.0124,5.0
c=M dc=- h=A dh=+ L=B dL=0 preo=M,contagio Medio (baja); hospital Alto (sube); restriccion Bajo (estable); cumplimiento Medio,emergencia,3,"(1, 0, 1, 0)",0.0487,2.0,"(2, 2, 2, 2)",0.0120,10.0,"(0, 2, 1, 2)",0.0120,7.0
c=M dc=- h=A dh=+ L=B dL=0 preo=A,contagio Medio (baja); hospital Alto (sube); restriccion Bajo (estable); cumplimiento Alto,emergencia,17,"(2, 2, 2, 2)",0.0130,10.0,"(0, 2, 0, 2)",0.0130,6.0,"(0, 2, 2, 0)",0.0130,4.0
c=M dc=- h=A dh=+ L=B dL=+ preo=B,contagio Medio (baja); hospital Alto (sube); restriccion Bajo (sube); cumplimiento Bajo,emergencia,3,"(0, 0, 2, 0)",0.0352,2.0,"(2, 2, 2, 2)",0.0122,10.0,"(1, 0, 0, 2)",0.0122,5.0
c=M dc=- h=A dh=+ L=B dL=+ preo=M,contagio Medio (baja); hospital Alto (sube); restriccion Bajo (sube); cumplimiento Medio,emergencia,5,"(2, 0, 0, 0)",0.6180,2.0,"(2, 2, 2, 2)",0.0048,10.0,"(0, 2, 0, 2)",0.0048,6.0
c=M dc=- h=A dh=+ L=B dL=+ preo=A,contagio Medio (baja); hospital Alto (sube); restriccion Bajo (sube); cumplimiento Alto,emergencia,31,"(2, 0, 1, 2)",0.0764,7.0,"(2, 2, 2, 2)",0.0124,10.0,"(1, 0, 1, 2)",0.0124,6.0
c=M dc=- h=A dh=+ L=M dL=- preo=B,contagio Medio (baja); hospital Alto (sube); restriccion Medio (baja); cumplimiento Bajo,emergencia,114,"(1, 2, 2, 1)",0.6821,7.0,"(0, 2, 0, 1)",0.1103,4.0,"(1, 2, 0, 1)",0.1049,5.0
c=M dc=- h=A dh=+ L=M dL=- preo=M,contagio Medio (baja); hospital Alto (sube); restriccion Medio (baja); cumplimiento Medio,emergencia,453,"(2, 0, 2, 2)",0.7105,8.0,"(0, 0, 2, 2)",0.1217,6.0,"(0, 1, 2, 1)",0.0687,5.0
c=M dc=- h=A dh=+ L=M dL=- preo=A,contagio Medio (baja); hospital Alto (sube); restriccion Medio (baja); cumplimiento Alto,emergencia,468,"(2, 1, 1, 2)",0.1295,8.0,"(1, 0, 1, 2)",0.0391,6.0,"(2, 1, 2, 0)",0.0293,5.0
c=M dc=- h=A dh=+ L=M dL=0 preo=B,contagio Medio (baja); hospital Alto (sube); restriccion Medio (estable); cumplimiento Bajo,emergencia,5,"(2, 0, 1, 1)",0.8875,5.0,"(0, 2, 0, 2)",0.0014,6.0,"(0, 2, 1, 0)",0.0014,3.0
c=M dc=- h=A dh=+ L=M dL=0 preo=M,contagio Medio (baja); hospital Alto (sube); restriccion Medio (estable); cumplimiento Medio,emergencia,20,"(0, 2, 2, 1)",0.9870,6.0,"(2, 2, 2, 2)",0.0002,10.0,"(2, 2, 2, 1)",0.0002,8.0
c=M dc=- h=A dh=+ L=M dL=0 preo=A,contagio Medio (baja); hospital Alto (sube); restriccion Medio (estable); cumplimiento Alto,emergencia,66,"(2, 2, 1, 1)",0.3983,7.0,"(1, 1, 1, 1)",0.0088,5.0,"(0, 2, 1, 1)",0.0088,5.0
c=M dc=- h=A dh=+ L=M dL=+ preo=B,contagio Medio (baja); hospital Alto (sube); restriccion Medio (sube); cumplimiento Bajo,emergencia,56,"(1, 0, 1, 0)",0.8931,2.0,"(1, 0, 0, 2)",0.0013,5.0,"(0, 2, 1, 1)",0.0013,5.0
c=M dc=- h=A dh=+ L=M dL=+ preo=M,contagio Medio (baja); hospital Alto (sube); restriccion Medio (sube); cumplimiento Medio,emergencia,449,"(2, 1, 2, 2)",0.9846,9.0,"(0, 0, 1, 0)",0.0064,1.0,"(1, 1, 0, 2)",0.0048,6.0
c=M dc=- h=A dh=+ L=M dL=+ preo=A,contagio Medio (baja); hospital Alto (sube); restriccion Medio (sube); cumplimiento Alto,emergencia,347,"(2, 0, 2, 2)",0.1039,8.0,"(0, 2, 1, 1)",0.0812,5.0,"(0, 1, 2, 1)",0.0373,5.0
c=M dc=- h=A dh=+ L=A dL=- preo=B,contagio Medio (baja); hospital Alto (sube); restriccion Alto (baja); cumplimiento Bajo,emergencia,524,"(2, 1, 1, 2)",0.6738,8.0,"(0, 2, 1, 0)",0.0927,3.0,"(0, 1, 1, 1)",0.0891,4.0
c=M dc=- h=A dh=+ L=A dL=- preo=M,contagio Medio (baja); hospital Alto (sube); restriccion Alto (baja); cumplimiento Medio,emergencia,505,"(1, 2, 0, 0)",0.2974,3.0,"(2, 0, 0, 1)",0.0587,4.0,"(0, 2, 1, 1)",0.0422,5.0
c=M dc=- h=A dh=+ L=A dL=- preo=A,contagio Medio (baja); hospital Alto (sube); restriccion Alto (baja); cumplimiento Alto,emergencia,7122,"(2, 2, 0, 2)",0.0343,8.0,"(2, 1, 1, 2)",0.0288,8.0,"(2, 2, 1, 0)",0.0263,5.0
c=M dc=- h=A dh=+ L=A dL=0 preo=B,contagio Medio (baja); hospital Alto (sube); restriccion Alto (estable); cumplimiento Bajo,emergencia,658,"(0, 2, 1, 1)",0.4939,5.0,"(2, 2, 0, 1)",0.2458,6.0,"(0, 2, 0, 2)",0.0948,6.0
c=M dc=- h=A dh=+ L=A dL=0 preo=M,contagio Medio (baja); hospital Alto (sube); restriccion Alto (estable); cumplimiento Medio,emergencia,660,"(2, 1, 1, 1)",0.4650,6.0,"(2, 2, 1, 2)",0.1194,9.0,"(0, 2, 0, 1)",0.0959,4.0
c=M dc=- h=A dh=+ L=A dL=0 preo=A,contagio Medio (baja); hospital Alto (sube); restriccion Alto (estable); cumplimiento Alto,emergencia,7754,"(1, 2, 2, 2)",0.0448,9.0,"(1, 0, 1, 0)",0.0310,2.0,"(0, 2, 2, 1)",0.0309,6.0
c=M dc=- h=A dh=+ L=A dL=+ preo=B,contagio Medio (baja); hospital Alto (sube); restriccion Alto (sube); cumplimiento Bajo,emergencia,932,"(2, 1, 0, 2)",0.3839,7.0,"(2, 0, 1, 2)",0.1061,7.0,"(1, 2, 2, 2)",0.0784,9.0
c=M dc=- h=A dh=+ L=A dL=+ preo=M,contagio Medio (baja); hospital Alto (sube); restriccion Alto (sube); cumplimiento Medio,emergencia,1565,"(0, 2, 2, 0)",0.3400,4.0,"(0, 1, 0, 1)",0.1498,3.0,"(0, 1, 2, 1)",0.1021,5.0
c=M dc=- h=A dh=+ L=A dL=+ preo=A,contagio Medio (baja); hospital Alto (sube); restriccion Alto (sube); cumplimiento Alto,emergencia,6987,"(2, 2, 2, 1)",0.0410,8.0,"(0, 1, 1, 0)",0.0369,2.0,"(2, 2, 1, 2)",0.0368,9.0
c=M dc=0 h=B dh=- L=B dL=- preo=B,contagio Medio (estable); hospital Bajo (baja); restriccion Bajo (baja); cumplimiento Bajo,calma,4248,"(0, 2, 2, 2)",0.7395,8.0,"(1, 1, 2, 2)",0.0779,8.0,"(2, 2, 2, 2)",0.0514,10.0
c=M dc=0 h=B dh=- L=B dL=- preo=M,contagio Medio (estable); hospital Bajo (baja); restriccion Bajo (baja); cumplimiento Medio,calma,824,"(0, 0, 1, 0)",0.9015,1.0,"(2, 1, 1, 2)",0.0560,8.0,"(1, 2, 0, 2)",0.0112,7.0
c=M dc=0 h=B dh=- L=B dL=- preo=A,contagio Medio (estable); hospital Bajo (baja); restriccion Bajo (baja); cumplimiento Alto,calma,32,"(2, 2, 1, 1)",0.9341,7.0,"(2, 2, 2, 2)",0.0008,10.0,"(1, 0, 0, 2)",0.0008,5.0
c=M dc=0 h=B dh=- L=B dL=0 preo=B,contagio Medio (estable); hospital Bajo (baja); restriccion Bajo (estable); cumplimiento Bajo,calma,90,"(2, 1, 2, 1)",0.9999,7.0,"(2, 0, 2, 0)",0.0000,4.0,"(0, 1, 1, 0)",0.0000,2.0
c=M dc=0 h=B dh=- L=B dL=0 preo=M,contagio Medio (estable); hospital Bajo (baja); restriccion Bajo (estable); cumplimiento Medio,calma,20,"(0, 2, 0, 0)",0.9983,2.0,"(0, 2, 0, 2)",0.0000,6.0,"(0, 2, 1, 0)",0.0000,3.0
c=M dc=0 h=B dh=- L=B dL=0 preo=A,contagio Medio (estable); hospital Bajo (baja); restriccion Bajo (estable); cumplimiento Alto,calma,9,"(1, 2, 2, 1)",0.9991,7.0,"(2, 2, 2, 2)",0.0000,10.0,"(0, 2, 0, 2)",0.0000,6.0
c=M dc=0 h=B dh=- L=B dL=+ preo=B,contagio Medio (estable); hospital Bajo (baja); restriccion Bajo (sube); cumplimiento Bajo,calma,2921,"(1, 0, 0, 1)",0.6411,3.0,"(2, 2, 0, 2)",0.1534,8.0,"(2, 2, 2, 1)",0.0646,8.0
c=M dc=0 h=B dh=- L=B dL=+ preo=M,contagio Medio (estable); hospital Bajo (baja); restriccion Bajo (sube); cumplimiento Medio,calma,32,"(2, 2, 0, 2)",0.9955,8.0,"(1, 0, 2, 2)",0.0034,7.0,"(2, 0, 1, 2)",0.0007,7.0
c=M dc=0 h=B dh=- L=B dL=+ preo=A,contagio Medio (estable); hospital Bajo (baja); restriccion Bajo (sube); cumplimiento Alto,calma,41,"(1, 0, 1, 1)",0.9236,4.0,"(0, 2, 0, 2)",0.0513,6.0,"(1, 0, 0, 1)",0.0003,3.0
c=M dc=0 h=B dh=- L=M dL=- preo=B,contagio Medio (estable); hospital Bajo (baja); restriccion Medio (baja); cumplimiento Bajo,calma,3560,"(1, 2, 0, 2)",0.7768,7.0,"(0, 1, 2, 2)",0.0701,7.0,"(1, 1, 1, 2)",0.0650,7.0
c=M dc=0 h=B dh=- L=M dL=- preo=M,contagio Medio (estable); hospital Bajo (baja); restriccion Medio (baja); cumplimiento Medio,calma,492,"(0, 0, 1, 1)",0.9076,3.0,"(0, 1, 1, 0)",0.0604,2.0,"(1, 1, 2, 0)",0.0092,4.0
c=M dc=0 h=B dh=- L=M dL=- preo=A,contagio Medio (estable); hospital Bajo (baja); restriccion Medio (baja); cumplimiento Alto,calma,13,"(1, 1, 0, 1)",0.8206,4.0,"(2, 2, 2, 2)",0.0022,10.0,"(1, 0, 0, 1)",0.0022,3.0
c=M dc=0 h=B dh=- L=M dL=0 preo=B,contagio Medio (estable); hospital Bajo (baja); restriccion Medio (estable); cumplimiento Bajo,calma,360,"(1, 2, 1, 2)",0.9993,8.0,"(2, 2, 2, 0)",0.0003,6.0,"(1, 0, 2, 1)",0.0001,5.0
c=M dc=0 h=B dh=- L=M dL=0 preo=M,contagio Medio (estable); hospital Bajo (baja); restriccion Medio (estable); cumplimiento Medio,calma,99,"(2, 2, 2, 2)",1.0000,10.0,"(2, 2, 2, 1)",0.0000,8.0,"(0, 2, 1, 1)",0.0000,5.0
c=M dc=0 h=B dh=- L=M dL=0 preo=A,contagio Medio (estable); hospital Bajo (baja); restriccion Medio (estable); cumplimiento Alto,calma,1,"(0, 2, 2, 2)",0.6228,8.0,"(2, 2, 2, 2)",0.0047,10.0,"(1, 1, 1, 0)",0.0047,3.0
c=M dc=0 h=B dh=- L=M dL=+ preo=B,contagio Medio (estable); hospital Bajo (baja); restriccion Medio (sube); cumplimiento Bajo,calma,9072,"(0, 2, 0, 0)",0.2319,2.0,"(2, 2, 0, 1)",0.1224,6.0,"(0, 0, 2, 1)",0.0969,4.0
c=M dc=0 h=B dh=- L=M dL=+ preo=M,contagio Medio (estable); hospital Bajo (baja); restriccion Medio (sube); cumplimiento Medio,calma,603,"(2, 2, 2, 2)",0.9969,10.0,"(0, 1, 1, 1)",0.0017,4.0,"(0, 1, 2, 0)",0.0003,3.0
c=M dc=0 h=B dh=- L=M dL=+ preo=A,contagio Medio (estable); hospital Bajo (baja); restriccion Medio (sube); cumplimiento Alto,calma,101,"(1, 2, 2, 1)",0.9909,7.0,"(2, 1, 0, 1)",0.0005,5.0,"(2, 2, 2, 2)",0.0001,10.0
c=M dc=0 h=B dh=- L=A dL=- preo=B,contagio Medio (estable); hospital Bajo (baja); restriccion Alto (baja); cumplimiento Bajo,calma,542,"(0, 0, 0, 1)",0.9973,2.0,"(2, 2, 0, 2)",0.0005,8.0,"(0, 2, 1, 0)",0.0005,3.0
c=M dc=0 h=B dh=- L=A dL=- preo=M,contagio Medio (estable); hospital Bajo (baja); restriccion Alto (baja); cumplimiento Medio,calma,5,"(1, 1, 2, 2)",0.9997,8.0,"(2, 2, 2, 2)",0.0000,10.0,"(1, 0, 0, 2)",0.0000,5.0
c=M dc=0 h=B dh=- L=A dL=- preo=A,contagio Medio (estable); hospital Bajo (baja); restriccion Alto (baja); cumplimiento Alto,calma,0,"(2, 2, 2, 2)",0.0123,10.0,"(1, 1, 1, 0)",0.0123,3.0,"(0, 2, 1, 0)",0.0123,3.0
c=M dc=0 h=B dh=- L=A dL=0 preo=B,contagio Medio (estable); hospital Bajo (baja); restriccion Alto (estable); cumplimiento Bajo,calma,305,"(0, 1, 0, 2)",0.9967,5.0,"(2, 2, 0, 2)",0.0012,8.0,"(0, 1, 1, 1)",0.0008,4.0
c=M dc=0 h=B dh=- L=A dL=0 preo=M,contagio Medio (estable); hospital Bajo (baja); restriccion Alto (estable); cumplimiento Medio,calma,9,"(1, 2, 0, 1)",0.9998,5.0,"(2, 2, 2, 2)",0.0000,10.0,"(1, 0, 0, 2)",0.0000,5.0
c=M dc=0 h=B dh=- L=A dL=0 preo=A,contagio Medio (estable); hospital Bajo (baja); restriccion Alto (estable); cumplimiento Alto,calma,0,"(2, 2, 2, 2)",0.0123,10.0,"(1, 1, 1, 0)",0.0123,3.0,"(0, 2, 1, 0)",0.0123,3.0
c=M dc=0 h=B dh=- L=A dL=+ preo=B,contagio Medio (estable); hospital Bajo (baja); restriccion Alto (sube); cumplimiento Bajo,calma,7338,"(0, 2, 2, 1)",0.2809,6.0,"(2, 2, 1, 0)",0.1187,5.0,"(0, 1, 1, 0)",0.1083,2.0
c=M dc=0 h=B dh=- L=A dL=+ preo=M,contagio Medio (estable); hospital Bajo (baja); restriccion Alto (sube); cumplimiento Medio,calma,255,"(1, 2, 2, 0)",0.9886,5.0,"(2, 0, 1, 0)",0.0074,3.0,"(0, 2, 1, 1)",0.0013,5.0
c=M dc=0 h=B dh=- L=A dL=+ preo=A,contagio Medio (estable); hospital Bajo (baja); restriccion Alto (sube); cumplimiento Alto,calma,11,"(0, 2, 2, 1)",0.8463,6.0,"(2, 2, 2, 2)",0.0019,10.0,"(1, 1, 1, 0)",0.0019,3.0
c=M dc=0 h=B dh=0 L=B dL=- preo=B,contagio Medio (estable); hospital Bajo (estable); restriccion Bajo (baja); cumplimiento Bajo,calma,1736,"(2, 2, 1, 0)",0.9345,5.0,"(2, 1, 2, 1)",0.0138,7.0,"(2, 1, 0, 0)",0.0129,3.0
c=M dc=0 h=B dh=0 L=B dL=- preo=M,contagio Medio (estable); hospital Bajo (estable); restriccion Bajo (baja); cumplimiento Medio,calma,370,"(0, 2, 0, 0)",0.9755,2.0,"(2, 1, 2, 2)",0.0096,9.0,"(2, 0, 0, 2)",0.0043,6.0
c=M dc=0 h=B dh=0 L=B dL=- preo=A,contagio Medio (estable); hospital Bajo (estable); restriccion Bajo (baja); cumplimiento Alto,calma,155,"(2, 1, 2, 2)",0.8025,9.0,"(1, 2, 1, 1)",0.1186,6.0,"(1, 1, 2, 2)",0.0156,8.0
c=M dc=0 h=B dh=0 L=B dL=0 preo=B,contagio Medio (estable); hospital Bajo (estable); restriccion Bajo (estable); cumplimiento Bajo,calma,51,"(2, 1, 2, 1)",0.9997,7.0,"(0, 2, 0, 0)",0.0001,2.0,"(0, 0, 2, 2)",0.0001,6.0
c=M dc=0 h=B dh=0 L=B dL=0 preo=M,contagio Medio (estable); hospital Bajo (estable); restriccion Bajo (estable); cumplimiento Medio,calma,13,"(1, 2, 2, 2)",1.0000,9.0,"(2, 1, 0, 2)",0.0000,7.0,"(2, 2, 2, 2)",0.0000,10.0
c=M dc=0 h=B dh=0 L=B dL=0 preo=A,contagio Medio (estable); hospital Bajo (estable); restriccion Bajo (estable); cumplimiento Alto,calma,29,"(2, 1, 0, 2)",0.9560,7.0,"(2, 2, 2, 2)",0.0006,10.0,"(0, 2, 0, 1)",0.0006,4.0
c=M dc=0 h=B dh=0 L=B dL=+ preo=B,contagio Medio (estable); hospital Bajo (estable); restriccion Bajo (sube); cumplimiento Bajo,calma,1311,"(0, 1, 1, 0)",0.9854,2.0,"(2, 0, 1, 0)",0.0035,3.0,"(2, 2, 0, 1)",0.0018,6.0
c=M dc=0 h=B dh=0 L=B dL=+ preo=M,contagio Medio (estable); hospital Bajo (estable); restriccion Bajo (sube); cumplimiento Medio,calma,8,"(2, 0, 0, 1)",0.9949,4.0,"(2, 2, 2, 2)",0.0001,10.0,"(1, 1, 1, 0)",0.0001,3.0
c=M dc=0 h=B dh=0 L=B dL=+ preo=A,contagio Medio (estable); hospital Bajo (estable); restriccion Bajo (sube); cumplimiento Alto,calma,46,"(1, 2, 1, 1)",0.8196,6.0,"(2, 0, 1, 1)",0.1676,5.0,"(0, 2, 1, 0)",0.0020,3.0
c=M dc=0 h=B dh=0 L=M dL=- preo=B,contagio Medio (estable); hospital Bajo (estable); restriccion Medio (baja); cumplimiento Bajo,calma,1549,"(2, 2, 2, 2)",0.9907,10.0,"(1, 0, 2, 0)",0.0028,3.0,"(0, 1, 0, 0)",0.0025,1.0
c=M dc=0 h=B dh=0 L=M dL=- preo=M,contagio Medio (estable); hospital Bajo (estable); restriccion Medio (baja); cumplimiento Medio,calma,151,"(1, 0, 1, 2)",0.9874,6.0,"(1, 2, 0, 2)",0.0076,7.0,"(2, 1, 2, 1)",0.0035,7.0
c=M dc=0 h=B dh=0 L=M dL=- preo=A,contagio Medio (estable); hospital Bajo (estable); restriccion Medio (baja); cumplimiento Alto,calma,40,"(2, 2, 2, 2)",0.7921,10.0,"(1, 0, 2, 2)",0.1722,7.0,"(1, 0, 0, 1)",0.0005,3.0
c=M dc=0 h=B dh=0 L=M dL=0 preo=B,contagio Medio (estable); hospital Bajo (estable); restriccion Medio (estable); cumplimiento Bajo,calma,154,"(0, 2, 1, 1)",0.9984,5.0,"(2, 0, 2, 0)",0.0010,4.0,"(2, 0, 1, 1)",0.0004,5.0
c=M dc=0 h=B dh=0 L=M dL=0 preo=M,contagio Medio (estable); hospital Bajo (estable); restriccion Medio (estable); cumplimiento Medio,calma,38,"(0, 0, 2, 2)",0.9920,6.0,"(0, 1, 2, 2)",0.0042,7.0,"(2, 2, 2, 2)",0.0000,10.0
c=M dc=0 h=B dh=0 L=M dL=0 preo=A,contagio Medio (estable); hospital Bajo (estable); restriccion Medio (estable); cumplimiento Alto,calma,17,"(0, 1, 2, 0)",0.5955,3.0,"(2, 1, 2, 1)",0.0396,7.0,"(1, 0, 0, 2)",0.0046,5.0
c=M dc=0 h=B dh=0 L=M dL=+ preo=B,contagio Medio (estable); hospital Bajo (estable); restriccion Medio (sube); cumplimiento Bajo,calma,3184,"(2, 0, 1, 2)",0.6156,7.0,"(2, 1, 2, 2)",0.1201,9.0,"(2, 1, 2, 0)",0.0572,5.0
c=M dc=0 h=B dh=0 L=M dL=+ preo=M,contagio Medio (estable); hospital Bajo (estable); restriccion Medio (sube); cumplimiento Medio,calma,145,"(1, 0, 0, 0)",0.9889,1.0,"(2, 1, 1, 1)",0.0086,6.0,"(2, 2, 2, 2)",0.0000,10.0
c=M dc=0 h=B dh=0 L=M dL=+ preo=A,contagio Medio (estable); hospital Bajo (estable); restriccion Medio (sube); cumplimiento Alto,calma,119,"(1, 2, 2, 2)",0.9310,9.0,"(2, 2, 2, 2)",0.0009,10.0,"(1, 1, 1, 0)",0.0009,3.0
c=M dc=0 h=B dh=0 L=A dL=- preo=B,contagio Medio (estable); hospital Bajo (estable); restriccion Alto (baja); cumplimiento Bajo,calma,299,"(2, 1, 1, 2)",0.9999,8.0,"(2, 1, 0, 1)",0.0001,5.0,"(2, 0, 1, 1)",0.0000,5.0
c=M dc=0 h=B dh=0 L=A dL=- preo=M,contagio Medio (estable); hospital Bajo (estable); restriccion Alto (baja); cumplimiento Medio,calma,5,"(2, 1, 2, 1)",0.9989,7.0,"(1, 0, 0, 2)",0.0000,5.0,"(0, 2, 1, 0)",0.0000,3.0
c=M dc=0 h=B dh=0 L=A dL=- preo=A,contagio Medio (estable); hospital Bajo (estable); restriccion Alto (baja); cumplimiento Alto,calma,5,"(0, 2, 2, 0)",0.7838,4.0,"(2, 2, 2, 2)",0.0027,10.0,"(1, 1, 1, 0)",0.0027,3.0
c=M dc=0 h=B dh=0 L=A dL=0 preo=B,contagio Medio (estable); hospital Bajo (estable); restriccion Alto (estable); cumplimiento Bajo,calma,194,"(0, 2, 1, 1)",0.9960,5.0,"(0, 0, 1, 0)",0.0011,1.0,"(1, 1, 1, 0)",0.0011,3.0
c=M dc=0 h=B dh=0 L=A dL=0 preo=M,contagio Medio (estable); hospital Bajo (estable); restriccion Alto (estable); cumplimiento Medio,calma,5,"(0, 2, 0, 2)",0.9971,6.0,"(1, 1, 1, 0)",0.0000,3.0,"(0, 2, 1, 0)",0.0000,3.0
c=M dc=0 h=B dh=0 L=A dL=0 preo=A,contagio Medio (estable); hospital Bajo (estable); restriccion Alto (estable); cumplimiento Alto,calma,12,"(0, 0, 2, 1)",0.7977,4.0,"(2, 2, 2, 2)",0.0025,10.0,"(1, 0, 0, 2)",0.0025,5.0
c=M dc=0 h=B dh=0 L=A dL=+ preo=B,contagio Medio (estable); hospital Bajo (estable); restriccion Alto (sube); cumplimiento Bajo,calma,3614,"(2, 2, 1, 2)",0.9433,9.0,"(2, 0, 1, 0)",0.0128,3.0,"(2, 2, 2, 2)",0.0112,10.0
c=M dc=0 h=B dh=0 L=A dL=+ preo=M,contagio Medio (estable); hospital Bajo (estable); restriccion Alto (sube); cumplimiento Medio,calma,65,"(0, 2, 1, 0)",0.9999,3.0,"(2, 2, 2, 1)",0.0000,8.0,"(0, 2, 1, 1)",0.0000,5.0
c=M dc=0 h=B dh=0 L=A dL=+ preo=A,contagio Medio (estable); hospital Bajo (estable); restriccion Alto (sube); cumplimiento Alto,calma,93,"(2, 2, 0, 0)",0.9593,4.0,"(2, 0, 0, 0)",0.0075,2.0,"(0, 0, 1, 1)",0.0051,3.0
c=M dc=0 h=B dh=+ L=B dL=- preo=B,contagio Medio (estable); hospital Bajo (sube); restriccion Bajo (baja); cumplimiento Bajo,calma,2800,"(1, 2, 2, 1)",0.8762,7.0,"(0, 1, 2, 2)",0.0403,7.0,"(1, 2, 1, 2)",0.0204,8.0
c=M dc=0 h=B dh=+ L=B dL=- preo=M,contagio Medio (estable); hospital Bajo (sube); restriccion Bajo (baja); cumplimiento Medio,calma,576,"(0, 2, 1, 0)",0.9873,3.0,"(2, 1, 1, 2)",0.0093,8.0,"(0, 2, 2, 0)",0.0015,4.0
c=M dc=0 h=B dh=+ L=B dL=- preo=A,contagio Medio (estable); hospital Bajo (sube); restriccion Bajo (baja); cumplimiento Alto,calma,544,"(1, 1, 1, 2)",0.8446,7.0,"(0, 2, 2, 2)",0.0340,8.0,"(2, 2, 0, 1)",0.0233,6.0
c=M dc=0 h=B dh=+ L=B dL=0 preo=B,contagio Medio (estable); hospital Bajo (sube); restriccion Bajo (estable); cumplimiento Bajo,calma,63,"(0, 0, 0, 1)",1.0000,2.0,"(2, 2, 2, 2)",0.0000,10.0,"(1, 0, 0, 2)",0.0000,5.0
c=M dc=0 h=B dh=+ L=B dL=0 preo=M,contagio Medio (estable); hospital Bajo (sube); restriccion Bajo (estable); cumplimiento Medio,calma,19,"(1, 2, 2, 0)",0.9994,5.0,"(2, 2, 2, 2)",0.0000,10.0,"(0, 2, 0, 2)",0.0000,6.0
c=M dc=0 h=B dh=+ L=B dL=0 preo=A,contagio Medio (estable); hospital Bajo (sube); restriccion Bajo (estable); cumplimiento Alto,calma,11,"(0, 1, 0, 2)",0.9146,5.0,"(2, 2, 2, 2)",0.0011,10.0,"(0, 2, 0, 2)",0.0011,6.0
c=M dc=0 h=B dh=+ L=B dL=+ preo=B,contagio Medio (estable); hospital Bajo (sube); restriccion Bajo (sube); cumplimiento Bajo,calma,2089,"(2, 0, 2, 2)",0.9183,8.0,"(0, 2, 1, 2)",0.0250,7.0,"(2, 2, 1, 0)",0.0126,5.0
c=M dc=0 h=B dh=+ L=B dL=+ preo=M,contagio Medio (estable); hospital Bajo (sube); restriccion Bajo (sube); cumplimiento Medio,calma,7,"(1, 1, 1, 2)",0.9992,7.0,"(1, 1, 1, 0)",0.0000,3.0,"(0, 2, 1, 0)",0.0000,3.0
c=M dc=0 h=B dh=+ L=B dL=+ preo=A,contagio Medio (estable); hospital Bajo (sube); restriccion Bajo (sube); cumplimiento Alto,calma,26,"(1, 1, 2, 1)",0.9568,6.0,"(1, 2, 1, 0)",0.0193,4.0,"(2, 2, 2, 2)",0.0003,10.0
c=M dc=0 h=B dh=+ L=M dL=- preo=B,contagio Medio (estable); hospital Bajo (sube); restriccion Medio (baja); cumplimiento Bajo,calma,2770,"(1, 2, 2, 1)",0.9579,7.0,"(2, 1, 1, 2)",0.0161,8.0,"(2, 1, 0, 0)",0.0046,3.0
c=M dc=0 h=B dh=+ L=M dL=- preo=M,contagio Medio (estable); hospital Bajo (sube); restriccion Medio (baja); cumplimiento Medio,calma,179,"(1, 2, 2, 2)",0.9962,9.0,"(2, 1, 1, 2)",0.0018,8.0,"(1, 1, 2, 1)",0.0010,6.0
c=M dc=0 h=B dh=+ L=M dL=- preo=A,contagio Medio (estable); hospital Bajo (sube); restriccion Medio (baja); cumplimiento Alto,calma,22,"(2, 2, 2, 1)",0.9724,8.0,"(2, 1, 1, 0)",0.0195,4.0,"(1, 0, 0, 1)",0.0001,3.0
c=M dc=0 h=B dh=+ L=M dL=0 preo=B,contagio Medio (estable); hospital Bajo (sube); restriccion Medio (estable); cumplimiento Bajo,calma,239,"(1, 2, 2, 2)",0.9998,9.0,"(1, 2, 1, 1)",0.0001,6.0,"(1, 1, 0, 0)",0.0001,2.0
c=M dc=0 h=B dh=+ L=M dL=0 preo=M,contagio Medio (estable); hospital Bajo (sube); restriccion Medio (estable); cumplimiento Medio,calma,43,"(0, 1, 0, 1)",0.9998,3.0,"(2, 2, 2, 2)",0.0000,10.0,"(0, 2, 0, 2)",0.0000,6.0
c=M dc=0 h=B dh=+ L=M dL=0 preo=A,contagio Medio (estable); hospital Bajo (sube); restriccion Medio (estable); cumplimiento Alto,calma,2,"(2, 0, 0, 1)",0.2427,4.0,"(2, 2, 2, 2)",0.0095,10.0,"(0, 2, 0, 2)",0.0095,6.0
c=M dc=0 h=B dh=+ L=M dL=+ preo=B,contagio Medio (estable); hospital Bajo (sube); restriccion Medio (sube); cumplimiento Bajo,calma,5123,"(2, 0, 1, 0)",0.4883,3.0,"(2, 2, 0, 0)",0.0811,4.0,"(2, 1, 0, 2)",0.0712,7.0
c=M dc=0 h=B dh=+ L=M dL=+ preo=M,contagio Medio (estable); hospital Bajo (sube); restriccion Medio (sube); cumplimiento Medio,calma,232,"(2, 2, 2, 1)",0.9998,8.0,"(0, 1, 0, 0)",0.0001,1.0,"(1, 0, 0, 1)",0.0001,3.0
c=M dc=0 h=B dh=+ L=M dL=+ preo=A,contagio Medio (estable); hospital Bajo (sube); restriccion Medio (sube); cumplimiento Alto,calma,445,"(1, 0, 0, 1)",0.8549,3.0,"(0, 2, 1, 1)",0.0195,5.0,"(0, 0, 2, 1)",0.0044,4.0
c=M dc=0 h=B dh=+ L=A dL=- preo=B,contagio Medio (estable); hospital Bajo (sube); restriccion Alto (baja); cumplimiento Bajo,calma,669,"(0, 0, 1, 1)",0.9990,3.0,"(1, 0, 1, 0)",0.0004,2.0,"(1, 0, 0, 1)",0.0003,3.0
c=M dc=0 h=B dh=+ L=A dL=- preo=M,contagio Medio (estable); hospital Bajo (sube); restriccion Alto (baja); cumplimiento Medio,calma,4,"(2, 2, 2, 2)",0.9996,10.0,"(1, 1, 1, 0)",0.0000,3.0,"(0, 2, 1, 0)",0.0000,3.0
c=M dc=0 h=B dh=+ L=A dL=- preo=A,contagio Medio (estable); hospital Bajo (sube); restriccion Alto (baja); cumplimiento Alto,calma,0,"(2, 2, 2, 2)",0.0123,10.0,"(1, 1, 1, 0)",0.0123,3.0,"(0, 2, 1, 0)",0.0123,3.0
c=M dc=0 h=B dh=+ L=A dL=0 preo=B,contagio Medio (estable); hospital Bajo (sube); restriccion Alto (estable); cumplimiento Bajo,calma,361,"(0, 2, 0, 0)",0.9997,2.0,"(2, 2, 2, 0)",0.0001,6.0,"(1, 1, 2, 1)",0.0001,6.0
c=M dc=0 h=B dh=+ L=A dL=0 preo=M,contagio Medio (estable); hospital Bajo (sube); restriccion Alto (estable); cumplimiento Medio,calma,6,"(0, 1, 2, 0)",0.9908,3.0,"(2, 2, 2, 2)",0.0001,10.0,"(0, 2, 0, 2)",0.0001,6.0
c=M dc=0 h=B dh=+ L=A dL=0 preo=A,contagio Medio (estable); hospital Bajo (sube); restriccion Alto (estable); cumplimiento Alto,calma,3,"(2, 2, 0, 0)",0.1297,4.0,"(2, 2, 2, 2)",0.0109,10.0,"(1, 0, 0, 2)",0.0109,5.0
c=M dc=0 h=B dh=+ L=A dL=+ preo=B,contagio Medio (estable); hospital Bajo (sube); restriccion Alto (sube); cumplimiento Bajo,calma,6121,"(2, 2, 1, 1)",0.6266,7.0,"(1, 2, 0, 2)",0.0784,7.0,"(2, 2, 1, 0)",0.0720,5.0
c=M dc=0 h=B dh=+ L=A dL=+ preo=M,contagio Medio (estable); hospital Bajo (sube); restriccion Alto (sube); cumplimiento Medio,calma,96,"(2, 0, 1, 0)",0.9903,3.0,"(1, 1, 1, 1)",0.0036,5.0,"(1, 0, 2, 2)",0.0035,7.0
c=M dc=0 h=B dh=+ L=A dL=+ preo=A,contagio Medio (estable); hospital Bajo (sube); restriccion Alto (sube); cumplimiento Alto,calma,118,"(2, 0, 2, 2)",0.9814,8.0,"(1, 2, 1, 2)",0.0088,8.0,"(0, 1, 2, 1)",0.0036,5.0
c=M dc=0 h=M dh=- L=B dL=- preo=B,contagio Medio (estable); hospital Medio (baja); restriccion Bajo (baja); cumplimiento Bajo,calma,1798,"(2, 1, 2, 0)",0.9735,5.0,"(2, 1, 0, 0)",0.0077,3.0,"(2, 2, 0, 1)",0.0056,6.0
c=M dc=0 h=M dh=- L=B dL=- preo=M,contagio Medio (estable); hospital Medio (baja); restriccion Bajo (baja); cumplimiento Medio,calma,1033,"(2, 1, 0, 2)",0.8384,7.0,"(2, 2, 1, 2)",0.1320,9.0,"(1, 0, 2, 0)",0.0062,3.0
c=M dc=0 h=M dh=- L=B dL=- preo=A,contagio Medio (estable); hospital Medio (baja); restriccion Bajo (baja); cumplimiento Alto,calma,37,"(1, 2, 0, 0)",0.9942,3.0,"(1, 1, 2, 1)",0.0001,6.0,"(0, 2, 1, 1)",0.0001,5.0
c=M dc=0 h=M dh=- L=B dL=0 preo=B,contagio Medio (estable); hospital Medio (baja); restriccion Bajo (estable); cumplimiento Bajo,calma,36,"(0, 2, 0, 2)",0.9994,6.0,"(1, 1, 2, 1)",0.0004,6.0,"(1, 2, 2, 2)",0.0002,9.0
c=M dc=0 h=M dh=- L=B dL=0 preo=M,contagio Medio (estable); hospital Medio (baja); restriccion Bajo (estable); cumplimiento Medio,calma,29,"(0, 1, 0, 2)",0.9916,5.0,"(2, 2, 2, 2)",0.0001,10.0,"(0, 2, 0, 2)",0.0001,6.0
c=M dc=0 h=M dh=- L=B dL=0 preo=A,contagio Medio (estable); hospital Medio (baja); restriccion Bajo (estable); cumplimiento Alto,calma,6,"(2, 1, 2, 2)",0.9317,9.0,"(2, 2, 2, 2)",0.0009,10.0,"(1, 0, 0, 2)",0.0009,5.0
c=M dc=0 h=M dh=- L=B dL=+ preo=B,contagio Medio (estable); hospital Medio (baja); restriccion Bajo (sube); cumplimiento Bajo,calma,436,"(2, 2, 1, 1)",0.9985,7.0,"(2, 0, 1, 2)",0.0006,7.0,"(0, 2, 2, 1)",0.0002,6.0
c=M dc=0 h=M dh=- L=B dL=+ preo=M,contagio Medio (estable); hospital Medio (baja); restriccion Bajo (sube); cumplimiento Medio,calma,68,"(1, 0, 1, 1)",0.9655,4.0,"(1, 2, 1, 1)",0.0139,6.0,"(0, 0, 0, 0)",0.0098,0.0
c=M dc=0 h=M dh=- L=B dL=+ preo=A,contagio Medio (estable); hospital Medio (baja); restriccion Bajo (sube); cumplimiento Alto,calma,5,"(0, 1, 2, 0)",0.7783,3.0,"(2, 2, 2, 2)",0.0028,10.0,"(0, 2, 0, 2)",0.0028,6.0
c=M dc=0 h=M dh=- L=M dL=- preo=B,contagio Medio (estable); hospital Medio (baja); restriccion Medio (baja); cumplimiento Bajo,calma,958,"(2, 2, 2, 1)",0.9889,8.0,"(0, 2, 0, 2)",0.0074,6.0,"(2, 1, 1, 2)",0.0029,8.0
c=M dc=0 h=M dh=- L=M dL=- preo=M,contagio Medio (estable); hospital Medio (baja); restriccion Medio (baja); cumplimiento Medio,calma,1038,"(0, 1, 2, 0)",0.9325,3.0,"(2, 1, 0, 0)",0.0266,3.0,"(1, 0, 1, 0)",0.0110,2.0
c=M dc=0 h=M dh=- L=M dL=- preo=A,contagio Medio (estable); hospital Medio (baja); restriccion Medio (baja); cumplimiento Alto,calma,22,"(1, 2, 1, 0)",0.0449,4.0,"(2, 2, 2, 2)",0.0121,10.0,"(1, 0, 1, 0)",0.0121,2.0
c=M dc=0 h=M dh=- L=M dL=0 preo=B,contagio Medio (estable); hospital Medio (baja); restriccion Medio (estable); cumplimiento Bajo,calma,189,"(0, 1, 2, 0)",0.9975,3.0,"(2, 2, 2, 2)",0.0012,10.0,"(0, 2, 0, 1)",0.0006,4.0
c=M dc=0 h=M dh=- L=M dL=0 preo=M,contagio Medio (estable); hospital Medio (baja); restriccion Medio (estable); cumplimiento Medio,calma,95,"(1, 2, 2, 2)",0.9997,9.0,"(2, 2, 2, 2)",0.0000,10.0,"(1, 1, 1, 0)",0.0000,3.0
c=M dc=0 h=M dh=- L=M dL=0 preo=A,contagio Medio (estable); hospital Medio (baja); restriccion Medio (estable); cumplimiento Alto,calma,16,"(0, 0, 2, 1)",0.8258,4.0,"(0, 1, 0, 2)",0.0555,5.0,"(2, 1, 0, 1)",0.0024,5.0
c=M dc=0 h=M dh=- L=M dL=+ preo=B,contagio Medio (estable); hospital Medio (baja); restriccion Medio (sube); cumplimiento Bajo,calma,3268,"(2, 2, 2, 2)",0.9652,10.0,"(1, 2, 1, 2)",0.0091,8.0,"(1, 0, 1, 1)",0.0086,4.0
c=M dc=0 h=M dh=- L=M dL=+ preo=M,contagio Medio (estable); hospital Medio (baja); restriccion Medio (sube); cumplimiento Medio,calma,586,"(2, 2, 2, 2)",0.9986,10.0,"(0, 1, 1, 1)",0.0005,4.0,"(0, 0, 0, 2)",0.0003,4.0
c=M dc=0 h=M dh=- L=M dL=+ preo=A,contagio Medio (estable); hospital Medio (baja); restriccion Medio (sube); cumplimiento Alto,calma,48,"(2, 1, 0, 1)",0.9159,5.0,"(0, 1, 0, 1)",0.0317,3.0,"(2, 2, 2, 2)",0.0007,10.0
c=M dc=0 h=M dh=- L=A dL=- preo=B,contagio Medio (estable); hospital Medio (baja); restriccion Alto (baja); cumplimiento Bajo,calma,155,"(0, 2, 1, 2)",0.9988,7.0,"(1, 1, 2, 0)",0.0006,4.0,"(0, 0, 0, 1)",0.0006,2.0
c=M dc=0 h=M dh=- L=A dL=- preo=M,contagio Medio (estable); hospital Medio (baja); restriccion Alto (baja); cumplimiento Medio,calma,40,"(1, 0, 2, 0)",0.9971,3.0,"(2, 2, 2, 2)",0.0000,10.0,"(1, 0, 0, 1)",0.0000,3.0
c=M dc=0 h=M dh=- L=A dL=- preo=A,contagio Medio (estable); hospital Medio (baja); restriccion Alto (baja); cumplimiento Alto,calma,4,"(2, 1, 1, 1)",0.9766,6.0,"(2, 2, 2, 2)",0.0003,10.0,"(0, 2, 0, 1)",0.0003,4.0
c=M dc=0 h=M dh=- L=A dL=0 preo=B,contagio Medio (estable); hospital Medio (baja); restriccion Alto (estable); cumplimiento Bajo,calma,41,"(1, 0, 1, 2)",1.0000,6.0,"(2, 2, 2, 2)",0.0000,10.0,"(1, 0, 0, 1)",0.0000,3.0
c=M dc=0 h=M dh=- L=A dL=0 preo=M,contagio Medio (estable); hospital Medio (baja); restriccion Alto (estable); cumplimiento Medio,calma,15,"(2, 0, 0, 0)",0.9991,2.0,"(2, 2, 2, 2)",0.0000,10.0,"(0, 2, 0, 2)",0.0000,6.0
c=M dc=0 h=M dh=- L=A dL=0 preo=A,contagio Medio (estable); hospital Medio (baja); restriccion Alto (estable); cumplimiento Alto,calma,1,"(2, 2, 2, 2)",0.0124,10.0,"(2, 2, 2, 1)",0.0124,8.0,"(0, 2, 1, 1)",0.0124,5.0
c=M dc=0 h=M dh=- L=A dL=+ preo=B,contagio Medio (estable); hospital Medio (baja); restriccion Alto (sube); cumplimiento Bajo,calma,1545,"(2, 2, 1, 2)",0.9847,9.0,"(2, 2, 0, 0)",0.0076,4.0,"(0, 0, 2, 1)",0.0063,4.0
c=M dc=0 h=M dh=- L=A dL=+ preo=M,contagio Medio (estable); hospital Medio (baja); restriccion Alto (sube); cumplimiento Medio,calma,433,"(2, 2, 2, 2)",0.9977,10.0,"(2, 0, 2, 1)",0.0008,6.0,"(1, 2, 1, 2)",0.0007,8.0
c=M dc=0 h=M dh=- L=A dL=+ preo=A,contagio Medio (estable); hospital Medio (baja); restriccion Alto (sube); cumplimiento Alto,calma,21,"(1, 0, 1, 0)",0.7624,2.0,"(2, 2, 2, 2)",0.0030,10.0,"(1, 0, 0, 1)",0.0030,3.0
c=M dc=0 h=M dh=0 L=B dL=- preo=B,contagio Medio (estable); hospital Medio (estable); restriccion Bajo (baja); cumplimiento Bajo,calma,1551,"(0, 1, 1, 0)",0.9567,2.0,"(0, 2, 2, 1)",0.0234,6.0,"(1, 1, 2, 1)",0.0048,6.0
c=M dc=0 h=M dh=0 L=B dL=- preo=M,contagio Medio (estable); hospital Medio (estable); restriccion Bajo (baja); cumplimiento Medio,calma,554,"(1, 1, 2, 1)",0.9909,6.0,"(1, 1, 1, 2)",0.0026,7.0,"(1, 1, 0, 0)",0.0018,2.0
c=M dc=0 h=M dh=0 L=B dL=- preo=A,contagio Medio (estable); hospital Medio (estable); restriccion Bajo (baja); cumplimiento Alto,calma,31,"(2, 2, 0, 2)",0.8960,8.0,"(2, 2, 2, 2)",0.0013,10.0,"(1, 0, 0, 2)",0.0013,5.0
c=M dc=0 h=M dh=0 L=B dL=0 preo=B,contagio Medio (estable); hospital Medio (estable); restriccion Bajo (estable); cumplimiento Bajo,calma,41,"(0, 1, 1, 2)",0.9976,6.0,"(2, 1, 0, 1)",0.0017,5.0,"(0, 2, 1, 1)",0.0003,5.0
c=M dc=0 h=M dh=0 L=B dL=0 preo=M,contagio Medio (estable); hospital Medio (estable); restriccion Bajo (estable); cumplimiento Medio,calma,16,"(0, 0, 0, 2)",0.9930,4.0,"(2, 2, 2, 2)",0.0001,10.0,"(1, 0, 0, 2)",0.0001,5.0
c=M dc=0 h=M dh=0 L=B dL=0 preo=A,contagio Medio (estable); hospital Medio (estable); restriccion Bajo (estable); cumplimiento Alto,calma,5,"(1, 2, 1, 2)",0.9405,8.0,"(1, 1, 1, 0)",0.0007,3.0,"(0, 2, 1, 0)",0.0007,3.0
c=M dc=0 h=M dh=0 L=B dL=+ preo=B,contagio Medio (estable); hospital Medio (estable); restriccion Bajo (sube); cumplimiento Bajo,calma,365,"(1, 1, 0, 0)",0.9986,2.0,"(0, 1, 1, 0)",0.0005,2.0,"(1, 1, 2, 2)",0.0003,8.0
c=M dc=0 h=M dh=0 L=B dL=+ preo=M,contagio Medio (estable); hospital Medio (estable); restriccion Bajo (sube); cumplimiento Medio,calma,15,"(1, 1, 2, 2)",0.9963,8.0,"(2, 2, 2, 2)",0.0000,10.0,"(1, 0, 0, 1)",0.0000,3.0
c=M dc=0 h=M dh=0 L=B dL=+ preo=A,contagio Medio (estable); hospital Medio (estable); restriccion Bajo (sube); cumplimiento Alto,calma,2,"(1, 1, 0, 2)",0.1302,6.0,"(1, 1, 1, 0)",0.0109,3.0,"(0, 2, 1, 0)",0.0109,3.0
c=M dc=0 h=M dh=0 L=M dL=- preo=B,contagio Medio (estable); hospital Medio (estable); restriccion Medio (baja); cumplimiento Bajo,calma,1012,"(0, 0, 1, 0)",0.9803,1.0,"(2, 1, 1, 2)",0.0026,8.0,"(2, 0, 2, 2)",0.0023,8.0
c=M dc=0 h=M dh=0 L=M dL=- preo=M,contagio Medio (estable); hospital Medio (estable); restriccion Medio (baja); cumplimiento Medio,calma,600,"(2, 1, 2, 2)",0.9945,9.0,"(1, 0, 1, 2)",0.0013,6.0,"(1, 2, 2, 2)",0.0013,9.0
c=M dc=0 h=M dh=0 L=M dL=- preo=A,contagio Medio (estable); hospital Medio (estable); restriccion Medio (baja); cumplimiento Alto,calma,5,"(0, 1, 1, 2)",0.6389,6.0,"(2, 2, 2, 2)",0.0045,10.0,"(0, 2, 0, 2)",0.0045,6.0
c=M dc=0 h=M dh=0 L=M dL=0 preo=B,contagio Medio (estable); hospital Medio (estable); restriccion Medio (estable); cumplimiento Bajo,calma,151,"(2, 0, 0, 1)",0.9983,4.0,"(2, 2, 0, 2)",0.0009,8.0,"(0, 2, 2, 0)",0.0007,4.0
c=M dc=0 h=M dh=0 L=M dL=0 preo=M,contagio Medio (estable); hospital Medio (estable); restriccion Medio (estable); cumplimiento Medio,calma,47,"(1, 2, 0, 2)",0.9987,7.0,"(0, 0, 0, 1)",0.0005,2.0,"(2, 2, 2, 2)",0.0000,10.0
c=M dc=0 h=M dh=0 L=M dL=0 preo=A,contagio Medio (estable); hospital Medio (estable); restriccion Medio (estable); cumplimiento Alto,calma,1,"(1, 2, 0, 0)",0.0131,3.0,"(2, 2, 2, 2)",0.0123,10.0,"(1, 0, 0, 2)",0.0123,5.0
c=M dc=0 h=M dh=0 L=M dL=+ preo=B,contagio Medio (estable); hospital Medio (estable); restriccion Medio (sube); cumplimiento Bajo,calma,2585,"(2, 2, 2, 2)",0.9699,10.0,"(2, 0, 2, 0)",0.0113,4.0,"(2, 1, 1, 1)",0.0043,6.0
c=M dc=0 h=M dh=0 L=M dL=+ preo=M,contagio Medio (estable); hospital Medio (estable); restriccion Medio (sube); cumplimiento Medio,calma,230,"(0, 1, 0, 0)",0.9988,1.0,"(2, 2, 0, 2)",0.0003,8.0,"(1, 2, 2, 0)",0.0002,5.0
c=M dc=0 h=M dh=0 L=M dL=+ preo=A,contagio Medio (estable); hospital Medio (estable); restriccion Medio (sube); cumplimiento Alto,calma,23,"(2, 1, 1, 0)",0.6960,4.0,"(2, 2, 2, 2)",0.0234,10.0,"(0, 2, 0, 1)",0.0036,4.0
c=M dc=0 h=M dh=0 L=A dL=- preo=B,contagio Medio (estable); hospital Medio (estable); restriccion Alto (baja); cumplimiento Bajo,calma,179,"(1, 1, 2, 0)",0.9994,4.0,"(1, 1, 0, 2)",0.0003,6.0,"(0, 1, 2, 1)",0.0002,5.0
c=M dc=0 h=M dh=0 L=A dL=- preo=M,contagio Medio (estable); hospital Medio (estable); restriccion Alto (baja); cumplimiento Medio,calma,18,"(2, 1, 0, 1)",0.9989,5.0,"(2, 2, 2, 2)",0.0000,10.0,"(1, 0, 0, 1)",0.0000,3.0
c=M dc=0 h=M dh=0 L=A dL=- preo=A,contagio Medio (estable); hospital Medio (estable); restriccion Alto (baja); cumplimiento Alto,calma,3,"(0, 1, 1, 1)",0.0365,4.0,"(2, 2, 2, 2)",0.0121,10.0,"(0, 2, 0, 1)",0.0121,4.0
c=M dc=0 h=M dh=0 L=A dL=0 preo=B,contagio Medio (estable); hospital Medio (estable); restriccion Alto (estable); cumplimiento Bajo,calma,47,"(1, 2, 2, 0)",0.9984,5.0,"(0, 1, 2, 1)",0.0015,5.0,"(2, 2, 2, 2)",0.0000,10.0
c=M dc=0 h=M dh=0 L=A dL=0 preo=M,contagio Medio (estable); hospital Medio (estable); restriccion Alto (estable); cumplimiento Medio,calma,8,"(1, 2, 2, 2)",0.9998,9.0,"(2, 2, 2, 2)",0.0000,10.0,"(0, 2, 0, 2)",0.0000,6.0
c=M dc=0 h=M dh=0 L=A dL=0 preo=A,contagio Medio (estable); hospital Medio (estable); restriccion Alto (estable); cumplimiento Alto,calma,2,"(2, 2, 1, 1)",0.1210,7.0,"(2, 2, 2, 2)",0.0110,10.0,"(1, 0, 0, 2)",0.0110,5.0
c=M dc=0 h=M dh=0 L=A dL=+ preo=B,contagio Medio (estable); hospital Medio (estable); restriccion Alto (sube); cumplimiento Bajo,calma,1226,"(2, 0, 1, 1)",0.9173,5.0,"(2, 2, 2, 1)",0.0565,8.0,"(2, 2, 1, 0)",0.0079,5.0
c=M dc=0 h=M dh=0 L=A dL=+ preo=M,contagio Medio (estable); hospital Medio (estable); restriccion Alto (sube); cumplimiento Medio,calma,177,"(1, 0, 1, 0)",0.9962,2.0,"(1, 1, 2, 0)",0.0030,4.0,"(0, 1, 2, 2)",0.0001,7.0
c=M dc=0 h=M dh=0 L=A dL=+ preo=A,contagio Medio (estable); hospital Medio (estable); restriccion Alto (sube); cumplimiento Alto,calma,14,"(2, 2, 0, 1)",0.1548,6.0,"(2, 2, 2, 2)",0.0106,10.0,"(1, 0, 0, 2)",0.0106,5.0
c=M dc=0 h=M dh=+ L=B dL=- preo=B,contagio Medio (estable); hospital Medio (sube); restriccion Bajo (baja); cumplimiento Bajo,calma,2917,"(2, 1, 2, 0)",0.8782,5.0,"(1, 2, 0, 0)",0.0529,3.0,"(1, 0, 0, 1)",0.0213,3.0
c=M dc=0 h=M dh=+ L=B dL=- preo=M,contagio Medio (estable); hospital Medio (sube); restriccion Bajo (baja); cumplimiento Medio,calma,1114,"(2, 1, 1, 2)",0.9855,8.0,"(2, 0, 2, 1)",0.0044,6.0,"(0, 1, 2, 0)",0.0041,3.0
c=M dc=0 h=M dh=+ L=B dL=- preo=A,contagio Medio (estable); hospital Medio (sube); restriccion Bajo (baja); cumplimiento Alto,calma,119,"(2, 2, 2, 0)",0.1710,6.0,"(0, 2, 2, 1)",0.0423,6.0,"(2, 2, 2, 2)",0.0102,10.0
c=M dc=0 h=M dh=+ L=B dL=0 preo=B,contagio Medio (estable); hospital Medio (sube); restriccion Bajo (estable); cumplimiento Bajo,calma,64,"(1, 1, 0, 0)",0.9999,2.0,"(2, 2, 2, 2)",0.0000,10.0,"(1, 0, 0, 1)",0.0000,3.0
c=M dc=0 h=M dh=+ L=B dL=0 preo=M,contagio Medio (estable); hospital Medio (sube); restriccion Bajo (estable); cumplimiento Medio,calma,50,"(0, 2, 1, 2)",0.9914,7.0,"(2, 0, 2, 2)",0.0070,8.0,"(2, 0, 0, 1)",0.0005,4.0
c=M dc=0 h=M dh=+ L=B dL=0 preo=A,contagio Medio (estable); hospital Medio (sube); restriccion Bajo (estable); cumplimiento Alto,calma,1,"(2, 2, 2, 2)",0.0124,10.0,"(2, 2, 2, 1)",0.0124,8.0,"(0, 2, 1, 1)",0.0124,5.0
c=M dc=0 h=M dh=+ L=B dL=+ preo=B,contagio Medio (estable); hospital Medio (sube); restriccion Bajo (sube); cumplimiento Bajo,calma,723,"(1, 0, 1, 1)",0.7765,4.0,"(1, 1, 2, 2)",0.2081,8.0,"(0, 2, 2, 2)",0.0043,8.0
c=M dc=0 h=M dh=+ L=B dL=+ preo=M,contagio Medio (estable); hospital Medio (sube); restriccion Bajo (sube); cumplimiento Medio,calma,37,"(2, 0, 2, 2)",0.9994,8.0,"(0, 0, 1, 0)",0.0004,1.0,"(2, 2, 2, 2)",0.0000,10.0
c=M dc=0 h=M dh=+ L=B dL=+ preo=A,contagio Medio (estable); hospital Medio (sube); restriccion Bajo (sube); cumplimiento Alto,calma,7,"(0, 1, 1, 0)",0.4823,2.0,"(2, 2, 2, 2)",0.0065,10.0,"(0, 2, 0, 2)",0.0065,6.0
c=M dc=0 h=M dh=+ L=M dL=- preo=B,contagio Medio (estable); hospital Medio (sube); restriccion Medio (baja); cumplimiento Bajo,calma,2086,"(0, 2, 2, 2)",0.9003,8.0,"(1, 0, 1, 2)",0.0426,6.0,"(2, 2, 2, 1)",0.0260,8.0
c=M dc=0 h=M dh=+ L=M dL=- preo=M,contagio Medio (estable); hospital Medio (sube); restriccion Medio (baja); cumplimiento Medio,calma,1077,"(2, 1, 2, 2)",0.9897,9.0,"(1, 0, 2, 0)",0.0022,3.0,"(2, 0, 1, 2)",0.0016,7.0
c=M dc=0 h=M dh=+ L=M dL=- preo=A,contagio Medio (estable); hospital Medio (sube); restriccion Medio (baja); cumplimiento Alto,calma,14,"(0, 0, 0, 2)",0.7994,4.0,"(2, 2, 2, 2)",0.0025,10.0,"(1, 0, 1, 1)",0.0025,4.0
c=M dc=0 h=M dh=+ L=M dL=0 preo=B,contagio Medio (estable); hospital Medio (sube); restriccion Medio (estable); cumplimiento Bajo,calma,297,"(2, 2, 0, 1)",0.9972,6.0,"(1, 2, 1, 1)",0.0010,6.0,"(0, 1, 1, 1)",0.0008,4.0
c=M dc=0 h=M dh=+ L=M dL=0 preo=M,contagio Medio (estable); hospital Medio (sube); restriccion Medio (estable); cumplimiento Medio,calma,96,"(0, 0, 1, 2)",0.9871,5.0,"(1, 0, 2, 1)",0.0088,5.0,"(0, 2, 0, 2)",0.0024,6.0
c=M dc=0 h=M dh=+ L=M dL=0 preo=A,contagio Medio (estable); hospital Medio (sube); restriccion Medio (estable); cumplimiento Alto,calma,10,"(2, 2, 1, 0)",0.8893,5.0,"(0, 1, 0, 1)",0.0114,3.0,"(2, 2, 2, 2)",0.0013,10.0
c=M dc=0 h=M dh=+ L=M dL=+ preo=B,contagio Medio (estable); hospital Medio (sube); restriccion Medio (sube); cumplimiento Bajo,calma,4406,"(1, 1, 2, 2)",0.6994,8.0,"(0, 2, 2, 2)",0.1168,8.0,"(2, 1, 1, 2)",0.0393,8.0
c=M dc=0 h=M dh=+ L=M dL=+ preo=M,contagio Medio (estable); hospital Medio (sube); restriccion Medio (sube); cumplimiento Medio,calma,450,"(2, 2, 1, 0)",0.9942,5.0,"(1, 0, 1, 1)",0.0013,4.0,"(0, 2, 2, 0)",0.0012,4.0
c=M dc=0 h=M dh=+ L=M dL=+ preo=A,contagio Medio (estable); hospital Medio (sube); restriccion Medio (sube); cumplimiento Alto,calma,98,"(2, 1, 1, 2)",0.8120,8.0,"(2, 1, 2, 1)",0.0108,7.0,"(1, 0, 1, 1)",0.0066,4.0
c=M dc=0 h=M dh=+ L=A dL=- preo=B,contagio Medio (estable); hospital Medio (sube); restriccion Alto (baja); cumplimiento Bajo,calma,358,"(2, 1, 2, 1)",0.9984,7.0,"(0, 2, 0, 2)",0.0003,6.0,"(0, 0, 2, 0)",0.0003,2.0
c=M dc=0 h=M dh=+ L=A dL=- preo=M,contagio Medio (estable); hospital Medio (sube); restriccion Alto (baja); cumplimiento Medio,calma,18,"(1, 0, 0, 1)",0.9968,3.0,"(2, 2, 2, 2)",0.0000,10.0,"(1, 1, 1, 0)",0.0000,3.0
c=M dc=0 h=M dh=+ L=A dL=- preo=A,contagio Medio (estable); hospital Medio (sube); restriccion Alto (baja); cumplimiento Alto,calma,2,"(0, 2, 0, 1)",0.6518,4.0,"(2, 2, 2, 1)",0.0044,8.0,"(0, 2, 1, 0)",0.0044,3.0
c=M dc=0 h=M dh=+ L=A dL=0 preo=B,contagio Medio (estable); hospital Medio (sube); restriccion Alto (estable); cumplimiento Bajo,calma,125,"(2, 0, 0, 1)",0.9995,4.0,"(0, 1, 1, 1)",0.0002,4.0,"(0, 0, 0, 1)",0.0002,2.0
c=M dc=0 h=M dh=+ L=A dL=0 preo=M,contagio Medio (estable); hospital Medio (sube); restriccion Alto (estable); cumplimiento Medio,calma,16,"(2, 1, 1, 1)",0.9998,6.0,"(2, 2, 2, 2)",0.0000,10.0,"(1, 0, 0, 1)",0.0000,3.0
c=M dc=0 h=M dh=+ L=A dL=0 preo=A,contagio Medio (estable); hospital Medio (sube); restriccion Alto (estable); cumplimiento Alto,calma,2,"(1, 0, 2, 0)",0.0763,3.0,"(2, 2, 2, 2)",0.0115,10.0,"(1, 0, 0, 1)",0.0115,3.0
c=M dc=0 h=M dh=+ L=A dL=+ preo=B,contagio Medio (estable); hospital Medio (sube); restriccion Alto (sube); cumplimiento Bajo,calma,2606,"(2, 0, 2, 0)",0.7226,4.0,"(1, 2, 2, 0)",0.2006,5.0,"(0, 2, 0, 0)",0.0337,2.0
c=M dc=0 h=M dh=+ L=A dL=+ preo=M,contagio Medio (estable); hospital Medio (sube); restriccion Alto (sube); cumplimiento Medio,calma,325,"(0, 1, 1, 0)",0.9419,2.0,"(2, 1, 1, 0)",0.0223,4.0,"(0, 0, 0, 2)",0.0079,4.0
c=M dc=0 h=M dh=+ L=A dL=+ preo=A,contagio Medio (estable); hospital Medio (sube); restriccion Alto (sube); cumplimiento Alto,calma,26,"(1, 2, 2, 0)",0.5309,5.0,"(2, 2, 2, 2)",0.0059,10.0,"(1, 1, 1, 0)",0.0059,3.0
c=M dc=0 h=A dh=- L=B dL=- preo=B,contagio Medio (estable); hospital Alto (baja); restriccion Bajo (baja); cumplimiento Bajo,emergencia,36,"(0, 0, 1, 1)",0.5373,3.0,"(2, 2, 2, 2)",0.0058,10.0,"(1, 0, 0, 2)",0.0058,5.0
c=M dc=0 h=A dh=- L=B dL=- preo=M,contagio Medio (estable); hospital Alto (baja); restriccion Bajo (baja); cumplimiento Medio,emergencia,178,"(1, 2, 1, 1)",0.9579,6.0,"(1, 2, 0, 0)",0.0153,3.0,"(1, 0, 0, 2)",0.0003,5.0
c=M dc=0 h=A dh=- L=B dL=- preo=A,contagio Medio (estable); hospital Alto (baja); restriccion Bajo (baja); cumplimiento Alto,emergencia,431,"(2, 2, 1, 2)",0.5246,9.0,"(2, 0, 1, 2)",0.0235,7.0,"(2, 0, 1, 1)",0.0063,5.0
c=M dc=0 h=A dh=- L=B dL=0 preo=B,contagio Medio (estable); hospital Alto (baja); restriccion Bajo (estable); cumplimiento Bajo,emergencia,2,"(1, 2, 2, 1)",0.0653,7.0,"(2, 2, 2, 2)",0.0117,10.0,"(0, 2, 0, 2)",0.0117,6.0
c=M dc=0 h=A dh=- L=B dL=0 preo=M,contagio Medio (estable); hospital Alto (baja); restriccion Bajo (estable); cumplimiento Medio,emergencia,5,"(2, 2, 2, 1)",0.9732,8.0,"(2, 2, 2, 2)",0.0003,10.0,"(0, 2, 1, 1)",0.0003,5.0
c=M dc=0 h=A dh=- L=B dL=0 preo=A,contagio Medio (estable); hospital Alto (baja); restriccion Bajo (estable); cumplimiento Alto,emergencia,116,"(2, 2, 1, 2)",0.3284,9.0,"(2, 0, 2, 0)",0.0098,4.0,"(0, 2, 2, 2)",0.0097,8.0
c=M dc=0 h=A dh=- L=B dL=+ preo=B,contagio Medio (estable); hospital Alto (baja); restriccion Bajo (sube); cumplimiento Bajo,emergencia,2,"(2, 2, 0, 2)",0.9228,8.0,"(2, 2, 2, 2)",0.0010,10.0,"(1, 0, 0, 2)",0.0010,5.0
c=M dc=0 h=A dh=- L=B dL=+ preo=M,contagio Medio (estable); hospital Alto (baja); restriccion Bajo (sube); cumplimiento Medio,emergencia,3,"(2, 1, 2, 0)",0.5798,5.0,"(2, 2, 2, 2)",0.0053,10.0,"(0, 2, 0, 2)",0.0053,6.0
c=M dc=0 h=A dh=- L=B dL=+ preo=A,contagio Medio (estable); hospital Alto (baja); restriccion Bajo (sube); cumplimiento Alto,emergencia,146,"(2, 2, 1, 2)",0.6866,9.0,"(2, 1, 2, 1)",0.0044,7.0,"(0, 2, 2, 2)",0.0044,8.0
c=M dc=0 h=A dh=- L=M dL=- preo=B,contagio Medio (estable); hospital Alto (baja); restriccion Medio (baja); cumplimiento Bajo,emergencia,69,"(1, 2, 0, 1)",0.9401,5.0,"(2, 2, 0, 0)",0.0451,4.0,"(0, 2, 0, 2)",0.0028,6.0
c=M dc=0 h=A dh=- L=M dL=- preo=M,contagio Medio (estable); hospital Alto (baja); restriccion Medio (baja); cumplimiento Medio,emergencia,51,"(2, 0, 1, 0)",0.9234,3.0,"(2, 2, 2, 2)",0.0010,10.0,"(0, 2, 0, 2)",0.0010,6.0
c=M dc=0 h=A dh=- L=M dL=- preo=A,contagio Medio (estable); hospital Alto (baja); restriccion Medio (baja); cumplimiento Alto,emergencia,328,"(2, 2, 1, 1)",0.3802,7.0,"(1, 1, 1, 1)",0.0317,5.0,"(2, 2, 0, 1)",0.0216,6.0
c=M dc=0 h=A dh=- L=M dL=0 preo=B,contagio Medio (estable); hospital Alto (baja); restriccion Medio (estable); cumplimiento Bajo,emergencia,25,"(1, 2, 0, 2)",0.9856,7.0,"(2, 2, 2, 2)",0.0002,10.0,"(1, 0, 0, 2)",0.0002,5.0
c=M dc=0 h=A dh=- L=M dL=0 preo=M,contagio Medio (estable); hospital Alto (baja); restriccion Medio (estable); cumplimiento Medio,emergencia,5,"(0, 0, 0, 1)",0.9405,2.0,"(2, 2, 2, 2)",0.0007,10.0,"(1, 0, 0, 2)",0.0007,5.0
c=M dc=0 h=A dh=- L=M dL=0 preo=A,contagio Medio (estable); hospital Alto (baja); restriccion Medio (estable); cumplimiento Alto,emergencia,135,"(1, 0, 1, 2)",0.1664,6.0,"(0, 1, 2, 2)",0.0120,7.0,"(2, 1, 0, 2)",0.0120,7.0
c=M dc=0 h=A dh=- L=M dL=+ preo=B,contagio Medio (estable); hospital Alto (baja); restriccion Medio (sube); cumplimiento Bajo,emergencia,32,"(0, 2, 1, 0)",0.9984,3.0,"(2, 2, 2, 1)",0.0000,8.0,"(0, 2, 1, 1)",0.0000,5.0
c=M dc=0 h=A dh=- L=M dL=+ preo=M,contagio Medio (estable); hospital Alto (baja); restriccion Medio (sube); cumplimiento Medio,emergencia,105,"(1, 1, 1, 0)",0.9284,3.0,"(0, 1, 0, 1)",0.0212,3.0,"(0, 1, 2, 1)",0.0013,5.0
c=M dc=0 h=A dh=- L=M dL=+ preo=A,contagio Medio (estable); hospital Alto (baja); restriccion Medio (sube); cumplimiento Alto,emergencia,295,"(0, 2, 2, 0)",0.4646,4.0,"(0, 1, 2, 2)",0.0184,7.0,"(0, 0, 2, 1)",0.0072,4.0
c=M dc=0 h=A dh=- L=A dL=- preo=B,contagio Medio (estable); hospital Alto (baja); restriccion Alto (baja); cumplimiento Bajo,emergencia,47,"(2, 2, 0, 1)",0.9945,6.0,"(1, 1, 1, 0)",0.0025,3.0,"(0, 1, 0, 0)",0.0001,1.0
c=M dc=0 h=A dh=- L=A dL=- preo=M,contagio Medio (estable); hospital Alto (baja); restriccion Alto (baja); cumplimiento Medio,emergencia,8,"(2, 1, 0, 1)",0.9926,5.0,"(2, 2, 2, 2)",0.0001,10.0,"(1, 0, 0, 1)",0.0001,3.0
c=M dc=0 h=A dh=- L=A dL=- preo=A,contagio Medio (estable); hospital Alto (baja); restriccion Alto (baja); cumplimiento Alto,emergencia,170,"(1, 2, 0, 1)",0.1404,5.0,"(2, 2, 1, 0)",0.0451,5.0,"(0, 1, 2, 2)",0.0259,7.0
c=M dc=0 h=A dh=- L=A dL=0 preo=B,contagio Medio (estable); hospital Alto (baja); restriccion Alto (estable); cumplimiento Bajo,emergencia,30,"(0, 2, 0, 2)",0.9683,6.0,"(0, 2, 0, 0)",0.0244,2.0,"(0, 2, 1, 0)",0.0001,3.0
c=M dc=0 h=A dh=- L=A dL=0 preo=M,contagio Medio (estable); hospital Alto (baja); restriccion Alto (estable); cumplimiento Medio,emergencia,5,"(0, 0, 0, 0)",0.9726,0.0,"(1, 1, 1, 0)",0.0003,3.0,"(0, 2, 1, 0)",0.0003,3.0
c=M dc=0 h=A dh=- L=A dL=0 preo=A,contagio Medio (estable); hospital Alto (baja); restriccion Alto (estable); cumplimiento Alto,emergencia,54,"(1, 2, 2, 1)",0.1054,7.0,"(0, 0, 1, 0)",0.0514,1.0,"(2, 2, 2, 2)",0.0118,10.0
c=M dc=0 h=A dh=- L=A dL=+ preo=B,contagio Medio (estable); hospital Alto (baja); restriccion Alto (sube); cumplimiento Bajo,emergencia,60,"(2, 0, 1, 1)",0.9769,5.0,"(2, 2, 2, 2)",0.0003,10.0,"(1, 1, 1, 0)",0.0003,3.0
c=M dc=0 h=A dh=- L=A dL=+ preo=M,contagio Medio (estable); hospital Alto (baja); restriccion Alto (sube); cumplimiento Medio,emergencia,65,"(2, 0, 2, 0)",0.9872,4.0,"(2, 0, 2, 1)",0.0037,6.0,"(1, 1, 0, 0)",0.0001,2.0
c=M dc=0 h=A dh=- L=A dL=+ preo=A,contagio Medio (estable); hospital Alto (baja); restriccion Alto (sube); cumplimiento Alto,emergencia,192,"(2, 2, 1, 2)",0.5286,9.0,"(1, 1, 1, 0)",0.0574,3.0,"(0, 1, 2, 1)",0.0192,5.0
c=M dc=0 h=A dh=0 L=B dL=- preo=B,contagio Medio (estable); hospital Alto (estable); restriccion Bajo (baja); cumplimiento Bajo,emergencia,110,"(2, 2, 2, 0)",0.9963,6.0,"(2, 2, 2, 2)",0.0000,10.0,"(1, 0, 0, 2)",0.0000,5.0
c=M dc=0 h=A dh=0 L=B dL=- preo=M,contagio Medio (estable); hospital Alto (estable); restriccion Bajo (baja); cumplimiento Medio,emergencia,139,"(2, 2, 1, 2)",0.9958,9.0,"(1, 1, 1, 1)",0.0023,5.0,"(1, 0, 1, 0)",0.0000,2.0
c=M dc=0 h=A dh=0 L=B dL=- preo=A,contagio Medio (estable); hospital Alto (estable); restriccion Bajo (baja); cumplimiento Alto,emergencia,329,"(2, 0, 2, 2)",0.2270,8.0,"(0, 2, 2, 2)",0.0430,8.0,"(2, 2, 0, 2)",0.0376,8.0
c=M dc=0 h=A dh=0 L=B dL=0 preo=B,contagio Medio (estable); hospital Alto (estable); restriccion Bajo (estable); cumplimiento Bajo,emergencia,16,"(2, 2, 2, 0)",0.9990,6.0,"(0, 2, 1, 1)",0.0000,5.0,"(2, 2, 2, 2)",0.0000,10.0
c=M dc=0 h=A dh=0 L=B dL=0 preo=M,contagio Medio (estable); hospital Alto (estable); restriccion Bajo (estable); cumplimiento Medio,emergencia,5,"(0, 1, 0, 0)",0.7618,1.0,"(0, 2, 0, 2)",0.0030,6.0,"(0, 2, 1, 1)",0.0030,5.0
c=M dc=0 h=A dh=0 L=B dL=0 preo=A,contagio Medio (estable); hospital Alto (estable); restriccion Bajo (estable); cumplimiento Alto,emergencia,29,"(1, 2, 0, 2)",0.0959,7.0,"(2, 2, 2, 2)",0.0117,10.0,"(1, 0, 1, 1)",0.0117,4.0
c=M dc=0 h=A dh=0 L=B dL=+ preo=B,contagio Medio (estable); hospital Alto (estable); restriccion Bajo (sube); cumplimiento Bajo,emergencia,17,"(0, 2, 1, 1)",0.9843,5.0,"(0, 2, 0, 2)",0.0095,6.0,"(2, 2, 2, 1)",0.0001,8.0
c=M dc=0 h=A dh=0 L=B dL=+ preo=M,contagio Medio (estable); hospital Alto (estable); restriccion Bajo (sube); cumplimiento Medio,emergencia,3,"(2, 0, 0, 2)",0.2485,6.0,"(2, 2, 2, 2)",0.0094,10.0,"(1, 1, 1, 0)",0.0094,3.0
c=M dc=0 h=A dh=0 L=B dL=+ preo=A,contagio Medio (estable); hospital Alto (estable); restriccion Bajo (sube); cumplimiento Alto,emergencia,42,"(2, 2, 2, 2)",0.3682,10.0,"(1, 1, 2, 2)",0.0085,8.0,"(1, 0, 0, 0)",0.0085,1.0
c=M dc=0 h=A dh=0 L=M dL=- preo=B,contagio Medio (estable); hospital Alto (estable); restriccion Medio (baja); cumplimiento Bajo,emergencia,62,"(1, 1, 1, 2)",0.9742,7.0,"(1, 1, 1, 0)",0.0003,3.0,"(0, 2, 1, 0)",0.0003,3.0
c=M dc=0 h=A dh=0 L=M dL=- preo=M,contagio Medio (estable); hospital Alto (estable); restriccion Medio (baja); cumplimiento Medio,emergencia,58,"(0, 0, 0, 0)",0.4808,0.0,"(2, 0, 1, 1)",0.1615,5.0,"(2, 2, 2, 1)",0.0046,8.0
c=M dc=0 h=A dh=0 L=M dL=- preo=A,contagio Medio (estable); hospital Alto (estable); restriccion Medio (baja); cumplimiento Alto,emergencia,178,"(2, 2, 0, 2)",0.1788,8.0,"(1, 2, 1, 2)",0.0395,8.0,"(2, 0, 1, 1)",0.0377,5.0
c=M dc=0 h=A dh=0 L=M dL=0 preo=B,contagio Medio (estable); hospital Alto (estable); restriccion Medio (estable); cumplimiento Bajo,emergencia,18,"(2, 2, 2, 1)",0.9978,8.0,"(0, 2, 1, 0)",0.0000,3.0,"(0, 2, 1, 1)",0.0000,5.0
c=M dc=0 h=A dh=0 L=M dL=0 preo=M,contagio Medio (estable); hospital Alto (estable); restriccion Medio (estable); cumplimiento Medio,emergencia,2,"(2, 2, 2, 0)",0.6253,6.0,"(2, 2, 2, 2)",0.0047,10.0,"(1, 0, 0, 2)",0.0047,5.0
c=M dc=0 h=A dh=0 L=M dL=0 preo=A,contagio Medio (estable); hospital Alto (estable); restriccion Medio (estable); cumplimiento Alto,emergencia,49,"(2, 2, 0, 1)",0.2348,6.0,"(1, 0, 0, 1)",0.0496,3.0,"(0, 0, 2, 1)",0.0129,4.0
c=M dc=0 h=A dh=0 L=M dL=+ preo=B,contagio Medio (estable); hospital Alto (estable); restriccion Medio (sube); cumplimiento Bajo,emergencia,61,"(2, 0, 0, 1)",0.9663,4.0,"(0, 2, 1, 0)",0.0034,3.0,"(1, 1, 1, 0)",0.0004,3.0
c=M dc=0 h=A dh=0 L=M dL=+ preo=M,contagio Medio (estable); hospital Alto (estable); restriccion Medio (sube); cumplimiento Medio,emergencia,78,"(2, 2, 0, 2)",0.9957,8.0,"(2, 2, 2, 2)",0.0001,10.0,"(1, 0, 0, 2)",0.0001,5.0
c=M dc=0 h=A dh=0 L=M dL=+ preo=A,contagio Medio (estable); hospital Alto (estable); restriccion Medio (sube); cumplimiento Alto,emergencia,109,"(2, 2, 0, 0)",0.2043,4.0,"(2, 0, 0, 1)",0.0477,4.0,"(0, 1, 2, 1)",0.0113,5.0
c=M dc=0 h=A dh=0 L=A dL=- preo=B,contagio Medio (estable); hospital Alto (estable); restriccion Alto (baja); cumplimiento Bajo,emergencia,23,"(1, 2, 0, 2)",0.9685,7.0,"(2, 2, 2, 2)",0.0004,10.0,"(1, 0, 0, 2)",0.0004,5.0
c=M dc=0 h=A dh=0 L=A dL=- preo=M,contagio Medio (estable); hospital Alto (estable); restriccion Alto (baja); cumplimiento Medio,emergencia,13,"(0, 0, 1, 1)",0.8606,3.0,"(2, 2, 2, 2)",0.0017,10.0,"(1, 0, 1, 0)",0.0017,2.0
c=M dc=0 h=A dh=0 L=A dL=- preo=A,contagio Medio (estable); hospital Alto (estable); restriccion Alto (baja); cumplimiento Alto,emergencia,68,"(0, 1, 0, 2)",0.1121,5.0,"(0, 1, 1, 1)",0.0290,4.0,"(1, 2, 0, 2)",0.0255,7.0
c=M dc=0 h=A dh=0 L=A dL=0 preo=B,contagio Medio (estable); hospital Alto (estable); restriccion Alto (estable); cumplimiento Bajo,emergencia,18,"(1, 0, 1, 1)",0.9960,4.0,"(2, 2, 2, 2)",0.0000,10.0,"(1, 0, 0, 1)",0.0000,3.0
c=M dc=0 h=A dh=0 L=A dL=0 preo=M,contagio Medio (estable); hospital Alto (estable); restriccion Alto (estable); cumplimiento Medio,emergencia,4,"(2, 1, 0, 1)",0.9365,5.0,"(2, 2, 2, 2)",0.0008,10.0,"(1, 0, 0, 1)",0.0008,3.0
c=M dc=0 h=A dh=0 L=A dL=0 preo=A,contagio Medio (estable); hospital Alto (estable); restriccion Alto (estable); cumplimiento Alto,emergencia,34,"(2, 1, 0, 0)",0.0390,3.0,"(2, 2, 2, 2)",0.0125,10.0,"(1, 0, 1, 1)",0.0125,4.0
c=M dc=0 h=A dh=0 L=A dL=+ preo=B,contagio Medio (estable); hospital Alto (estable); restriccion Alto (sube); cumplimiento Bajo,emergencia,95,"(1, 2, 1, 2)",0.8567,8.0,"(0, 0, 1, 0)",0.1359,1.0,"(2, 2, 2, 2)",0.0001,10.0
c=M dc=0 h=A dh=0 L=A dL=+ preo=M,contagio Medio (estable); hospital Alto (estable); restriccion Alto (sube); cumplimiento Medio,emergencia,54,"(2, 1, 0, 1)",0.9026,5.0,"(2, 2, 2, 2)",0.0012,10.0,"(0, 2, 0, 2)",0.0012,6.0
c=M dc=0 h=A dh=0 L=A dL=+ preo=A,contagio Medio (estable); hospital Alto (estable); restriccion Alto (sube); cumplimiento Alto,emergencia,138,"(2, 2, 2, 1)",0.2457,8.0,"(1, 2, 2, 1)",0.0567,7.0,"(0, 2, 0, 0)",0.0134,2.0
c=M dc=0 h=A dh=+ L=B dL=- preo=B,contagio Medio (estable); hospital Alto (sube); restriccion Bajo (baja); cumplimiento Bajo,emergencia,85,"(2, 2, 1, 2)",0.9987,9.0,"(1, 2, 0, 1)",0.0005,5.0,"(1, 0, 2, 2)",0.0001,7.0
c=M dc=0 h=A dh=+ L=B dL=- preo=M,contagio Medio (estable); hospital Alto (sube); restriccion Bajo (baja); cumplimiento Medio,emergencia,438,"(2, 0, 2, 1)",0.8335,6.0,"(0, 1, 1, 2)",0.0329,6.0,"(2, 2, 2, 1)",0.0230,8.0
c=M dc=0 h=A dh=+ L=B dL=- preo=A,contagio Medio (estable); hospital Alto (sube); restriccion Bajo (baja); cumplimiento Alto,emergencia,347,"(2, 1, 0, 2)",0.1142,7.0,"(2, 2, 0, 1)",0.0393,6.0,"(1, 2, 0, 1)",0.0350,5.0
c=M dc=0 h=A dh=+ L=B dL=0 preo=B,contagio Medio (estable); hospital Alto (sube); restriccion Bajo (estable); cumplimiento Bajo,emergencia,3,"(1, 1, 1, 1)",0.9668,5.0,"(1, 1, 1, 0)",0.0004,3.0,"(0, 2, 1, 0)",0.0004,3.0
c=M dc=0 h=A dh=+ L=B dL=0 preo=M,contagio Medio (estable); hospital Alto (sube); restriccion Bajo (estable); cumplimiento Medio,emergencia,3,"(1, 0, 2, 2)",0.9838,7.0,"(2, 2, 2, 2)",0.0002,10.0,"(1, 0, 0, 1)",0.0002,3.0
c=M dc=0 h=A dh=+ L=B dL=0 preo=A,contagio Medio (estable); hospital Alto (sube); restriccion Bajo (estable); cumplimiento Alto,emergencia,17,"(2, 1, 2, 2)",0.1026,9.0,"(2, 2, 2, 2)",0.0117,10.0,"(1, 0, 1, 0)",0.0117,2.0
c=M dc=0 h=A dh=+ L=B dL=+ preo=B,contagio Medio (estable); hospital Alto (sube); restriccion Bajo (sube); cumplimiento Bajo,emergencia,8,"(2, 2, 1, 1)",0.9970,7.0,"(2, 2, 2, 2)",0.0000,10.0,"(1, 0, 0, 2)",0.0000,5.0
c=M dc=0 h=A dh=+ L=B dL=+ preo=M,contagio Medio (estable); hospital Alto (sube); restriccion Bajo (sube); cumplimiento Medio,emergencia,4,"(2, 1, 2, 0)",0.7727,5.0,"(2, 2, 2, 2)",0.0029,10.0,"(0, 2, 0, 1)",0.0029,4.0
c=M dc=0 h=A dh=+ L=B dL=+ preo=A,contagio Medio (estable); hospital Alto (sube); restriccion Bajo (sube); cumplimiento Alto,emergencia,16,"(2, 2, 2, 2)",0.0130,10.0,"(1, 0, 0, 2)",0.0130,5.0,"(0, 2, 1, 1)",0.0130,5.0
c=M dc=0 h=A dh=+ L=M dL=- preo=B,contagio Medio (estable); hospital Alto (sube); restriccion Medio (baja); cumplimiento Bajo,emergencia,148,"(2, 2, 2, 1)",0.9891,8.0,"(0, 0, 0, 2)",0.0080,4.0,"(2, 0, 0, 1)",0.0004,4.0
c=M dc=0 h=A dh=+ L=M dL=- preo=M,contagio Medio (estable); hospital Alto (sube); restriccion Medio (baja); cumplimiento Medio,emergencia,336,"(2, 1, 1, 2)",0.9533,8.0,"(1, 2, 1, 1)",0.0129,6.0,"(0, 2, 1, 0)",0.0045,3.0
c=M dc=0 h=A dh=+ L=M dL=- preo=A,contagio Medio (estable); hospital Alto (sube); restriccion Medio (baja); cumplimiento Alto,emergencia,256,"(2, 2, 2, 2)",0.1535,10.0,"(2, 0, 1, 2)",0.0390,7.0,"(2, 1, 0, 2)",0.0338,7.0
c=M dc=0 h=A dh=+ L=M dL=0 preo=B,contagio Medio (estable); hospital Alto (sube); restriccion Medio (estable); cumplimiento Bajo,emergencia,7,"(2, 1, 1, 2)",0.9990,8.0,"(2, 2, 2, 2)",0.0000,10.0,"(1, 0, 0, 1)",0.0000,3.0
c=M dc=0 h=A dh=+ L=M dL=0 preo=M,contagio Medio (estable); hospital Alto (sube); restriccion Medio (estable); cumplimiento Medio,emergencia,17,"(2, 0, 1, 1)",0.8744,5.0,"(2, 2, 2, 2)",0.0016,10.0,"(1, 1, 1, 0)",0.0016,3.0
c=M dc=0 h=A dh=+ L=M dL=0 preo=A,contagio Medio (estable); hospital Alto (sube); restriccion Medio (estable); cumplimiento Alto,emergencia,39,"(2, 1, 2, 1)",0.0944,7.0,"(2, 2, 2, 2)",0.0126,10.0,"(0, 2, 1, 2)",0.0126,7.0
c=M dc=0 h=A dh=+ L=M dL=+ preo=B,contagio Medio (estable); hospital Alto (sube); restriccion Medio (sube); cumplimiento Bajo,emergencia,54,"(1, 0, 2, 2)",0.9890,7.0,"(0, 1, 0, 1)",0.0106,3.0,"(0, 0, 2, 1)",0.0000,4.0
c=M dc=0 h=A dh=+ L=M dL=+ preo=M,contagio Medio (estable); hospital Alto (sube); restriccion Medio (sube); cumplimiento Medio,emergencia,148,"(2, 2, 2, 2)",0.9920,10.0,"(0, 1, 1, 1)",0.0019,4.0,"(0, 2, 0, 2)",0.0012,6.0
c=M dc=0 h=A dh=+ L=M dL=+ preo=A,contagio Medio (estable); hospital Alto (sube); restriccion Medio (sube); cumplimiento Alto,emergencia,145,"(0, 2, 1, 2)",0.1192,7.0,"(1, 0, 1, 1)",0.0305,4.0,"(0, 2, 1, 0)",0.0155,3.0
c=M dc=0 h=A dh=+ L=A dL=- preo=B,contagio Medio (estable); hospital Alto (sube); restriccion Alto (baja); cumplimiento Bajo,emergencia,76,"(2, 0, 1, 2)",0.9371,7.0,"(2, 2, 1, 0)",0.0133,5.0,"(2, 2, 2, 2)",0.0006,10.0
c=M dc=0 h=A dh=+ L=A dL=- preo=M,contagio Medio (estable); hospital Alto (sube); restriccion Alto (baja); cumplimiento Medio,emergencia,38,"(1, 0, 2, 1)",0.3591,5.0,"(1, 1, 0, 0)",0.2797,2.0,"(2, 1, 2, 0)",0.0694,5.0
c=M dc=0 h=A dh=+ L=A dL=- preo=A,contagio Medio (estable); hospital Alto (sube); restriccion Alto (baja); cumplimiento Alto,emergencia,108,"(2, 0, 0, 2)",0.1311,6.0,"(1, 0, 2, 2)",0.0430,7.0,"(1, 1, 0, 1)",0.0229,4.0
c=M dc=0 h=A dh=+ L=A dL=0 preo=B,contagio Medio (estable); hospital Alto (sube); restriccion Alto (estable); cumplimiento Bajo,emergencia,40,"(2, 2, 2, 0)",0.9895,6.0,"(2, 2, 2, 2)",0.0001,10.0,"(1, 0, 0, 2)",0.0001,5.0
c=M dc=0 h=A dh=+ L=A dL=0 preo=M,contagio Medio (estable); hospital Alto (sube); restriccion Alto (estable); cumplimiento Medio,emergencia,18,"(1, 2, 1, 2)",0.2820,8.0,"(2, 1, 0, 2)",0.2103,7.0,"(1, 1, 2, 0)",0.0132,4.0
c=M dc=0 h=A dh=+ L=A dL=0 preo=A,contagio Medio (estable); hospital Alto (sube); restriccion Alto (estable); cumplimiento Alto,emergencia,55,"(1, 2, 2, 2)",0.0911,9.0,"(0, 0, 2, 2)",0.0296,6.0,"(2, 2, 2, 2)",0.0116,10.0
c=M dc=0 h=A dh=+ L=A dL=+ preo=B,contagio Medio (estable); hospital Alto (sube); restriccion Alto (sube); cumplimiento Bajo,emergencia,65,"(1, 2, 2, 2)",0.9990,9.0,"(0, 2, 1, 0)",0.0007,3.0,"(1, 2, 0, 2)",0.0001,7.0
c=M dc=0 h=A dh=+ L=A dL=+ preo=M,contagio Medio (estable); hospital Alto (sube); restriccion Alto (sube); cumplimiento Medio,emergencia,93,"(1, 0, 0, 2)",0.3150,5.0,"(2, 0, 2, 2)",0.2095,8.0,"(2, 0, 0, 2)",0.1182,6.0
c=M dc=0 h=A dh=+ L=A dL=+ preo=A,contagio Medio (estable); hospital Alto (sube); restriccion Alto (sube); cumplimiento Alto,emergencia,138,"(1, 1, 1, 1)",0.1410,5.0,"(0, 2, 0, 1)",0.0147,4.0,"(0, 0, 0, 1)",0.0115,2.0
c=M dc=+ h=B dh=- L=B dL=- preo=B,contagio Medio (sube); hospital Bajo (baja); restriccion Bajo (baja); cumplimiento Bajo,prop_rapida,1660887,"(2, 2, 2, 2)",0.0618,10.0,"(2, 2, 2, 1)",0.0542,8.0,"(2, 2, 1, 2)",0.0540,9.0
c=M dc=+ h=B dh=- L=B dL=- preo=M,contagio Medio (sube); hospital Bajo (baja); restriccion Bajo (baja); cumplimiento Medio,prop_rapida,3524,"(2, 2, 2, 1)",0.9216,8.0,"(2, 0, 2, 0)",0.0181,4.0,"(0, 1, 0, 0)",0.0150,1.0
c=M dc=+ h=B dh=- L=B dL=- preo=A,contagio Medio (sube); hospital Bajo (baja); restriccion Bajo (baja); cumplimiento Alto,prop_rapida,427,"(0, 2, 0, 1)",0.8288,4.0,"(2, 2, 0, 0)",0.1192,4.0,"(2, 2, 1, 1)",0.0109,7.0
c=M dc=+ h=B dh=- L=B dL=0 preo=B,contagio Medio (sube); hospital Bajo (baja); restriccion Bajo (estable); cumplimiento Bajo,prop_rapida,2103,"(2, 1, 2, 2)",0.9726,9.0,"(1, 2, 0, 0)",0.0171,3.0,"(2, 0, 1, 2)",0.0047,7.0
c=M dc=+ h=B dh=- L=B dL=0 preo=M,contagio Medio (sube); hospital Bajo (baja); restriccion Bajo (estable); cumplimiento Medio,prop_rapida,797,"(0, 1, 2, 1)",0.9730,5.0,"(1, 2, 2, 2)",0.0150,9.0,"(0, 2, 2, 0)",0.0032,4.0
c=M dc=+ h=B dh=- L=B dL=0 preo=A,contagio Medio (sube); hospital Bajo (baja); restriccion Bajo (estable); cumplimiento Alto,prop_rapida,83,"(1, 0, 0, 1)",0.9791,3.0,"(0, 0, 1, 2)",0.0036,5.0,"(2, 2, 2, 2)",0.0002,10.0
c=M dc=+ h=B dh=- L=B dL=+ preo=B,contagio Medio (sube); hospital Bajo (baja); restriccion Bajo (sube); cumplimiento Bajo,prop_rapida,10473,"(2, 2, 0, 2)",0.2615,8.0,"(2, 0, 2, 2)",0.1804,8.0,"(2, 1, 2, 1)",0.1040,7.0
c=M dc=+ h=B dh=- L=B dL=+ preo=M,contagio Medio (sube); hospital Bajo (baja); restriccion Bajo (sube); cumplimiento Medio,prop_rapida,358,"(1, 2, 0, 2)",0.9975,7.0,"(1, 2, 1, 0)",0.0008,4.0,"(1, 0, 0, 0)",0.0007,1.0
c=M dc=+ h=B dh=- L=B dL=+ preo=A,contagio Medio (sube); hospital Bajo (baja); restriccion Bajo (sube); cumplimiento Alto,prop_rapida,146,"(2, 1, 0, 1)",0.9590,5.0,"(2, 0, 0, 2)",0.0117,6.0,"(1, 1, 1, 0)",0.0069,3.0
c=M dc=+ h=B dh=- L=M dL=- preo=B,contagio Medio (sube); hospital Bajo (baja); restriccion Medio (baja); cumplimiento Bajo,prop_rapida,5976,"(2, 2, 1, 1)",0.6428,7.0,"(1, 1, 1, 2)",0.0847,7.0,"(1, 1, 2, 2)",0.0685,8.0
c=M dc=+ h=B dh=- L=M dL=- preo=M,contagio Medio (sube); hospital Bajo (baja); restriccion Medio (baja); cumplimiento Medio,prop_rapida,697,"(2, 1, 1, 1)",0.9882,6.0,"(0, 1, 0, 1)",0.0028,3.0,"(0, 1, 0, 2)",0.0024,5.0
c=M dc=+ h=B dh=- L=M dL=- preo=A,contagio Medio (sube); hospital Bajo (baja); restriccion Medio (baja); cumplimiento Alto,prop_rapida,4,"(1, 0, 1, 2)",0.9833,6.0,"(2, 2, 2, 2)",0.0002,10.0,"(1, 0, 0, 1)",0.0002,3.0
c=M dc=+ h=B dh=- L=M dL=0 preo=B,contagio Medio (sube); hospital Bajo (baja); restriccion Medio (estable); cumplimiento Bajo,prop_rapida,391,"(2, 2, 2, 2)",0.9959,10.0,"(2, 2, 2, 0)",0.0038,6.0,"(0, 1, 0, 0)",0.0001,1.0
c=M dc=+ h=B dh=- L=M dL=0 preo=M,contagio Medio (sube); hospital Bajo (baja); restriccion Medio (estable); cumplimiento Medio,prop_rapida,60,"(2, 1, 2, 2)",0.9999,9.0,"(2, 2, 2, 2)",0.0000,10.0,"(1, 0, 0, 2)",0.0000,5.0
c=M dc=+ h=B dh=- L=M dL=0 preo=A,contagio Medio (sube); hospital Bajo (baja); restriccion Medio (estable); cumplimiento Alto,prop_rapida,1,"(2, 2, 2, 2)",0.0124,10.0,"(2, 2, 2, 1)",0.0124,8.0,"(0, 2, 1, 0)",0.0124,3.0
c=M dc=+ h=B dh=- L=M dL=+ preo=B,contagio Medio (sube); hospital Bajo (baja); restriccion Medio (sube); cumplimiento Bajo,prop_rapida,9232,"(2, 2, 2, 1)",0.3071,8.0,"(2, 2, 1, 1)",0.1436,7.0,"(0, 2, 2, 1)",0.0804,6.0
c=M dc=+ h=B dh=- L=M dL=+ preo=M,contagio Medio (sube); hospital Bajo (baja); restriccion Medio (sube); cumplimiento Medio,prop_rapida,528,"(0, 2, 2, 0)",0.9688,4.0,"(1, 0, 2, 1)",0.0127,5.0,"(1, 0, 2, 0)",0.0088,3.0
c=M dc=+ h=B dh=- L=M dL=+ preo=A,contagio Medio (sube); hospital Bajo (baja); restriccion Medio (sube); cumplimiento Alto,prop_rapida,54,"(1, 0, 2, 0)",0.4455,3.0,"(0, 1, 0, 0)",0.3688,1.0,"(1, 1, 2, 2)",0.0994,8.0
c=M dc=+ h=B dh=- L=A dL=- preo=B,contagio Medio (sube); hospital Bajo (baja); restriccion Alto (baja); cumplimiento Bajo,prop_rapida,213,"(0, 2, 1, 2)",0.9991,7.0,"(0, 0, 1, 0)",0.0004,1.0,"(0, 2, 0, 1)",0.0003,4.0
c=M dc=+ h=B dh=- L=A dL=- preo=M,contagio Medio (sube); hospital Bajo (baja); restriccion Alto (baja); cumplimiento Medio,prop_rapida,1,"(1, 2, 0, 0)",0.7374,3.0,"(2, 2, 2, 2)",0.0033,10.0,"(1, 0, 0, 2)",0.0033,5.0
c=M dc=+ h=B dh=- L=A dL=- preo=A,contagio Medio (sube); hospital Bajo (baja); restriccion Alto (baja); cumplimiento Alto,prop_rapida,0,"(2, 2, 2, 2)",0.0123,10.0,"(1, 1, 1, 0)",0.0123,3.0,"(0, 2, 1, 0)",0.0123,3.0
c=M dc=+ h=B dh=- L=A dL=0 preo=B,contagio Medio (sube); hospital Bajo (baja); restriccion Alto (estable); cumplimiento Bajo,prop_rapida,52,"(0, 0, 0, 0)",0.9998,0.0,"(2, 1, 2, 1)",0.0002,7.0,"(1, 1, 0, 1)",0.0000,4.0
c=M dc=+ h=B dh=- L=A dL=0 preo=M,contagio Medio (sube); hospital Bajo (baja); restriccion Alto (estable); cumplimiento Medio,prop_rapida,0,"(2, 2, 2, 2)",0.0123,10.0,"(1, 1, 1, 0)",0.0123,3.0,"(0, 2, 1, 0)",0.0123,3.0
c=M dc=+ h=B dh=- L=A dL=0 preo=A,contagio Medio (sube); hospital Bajo (baja); restriccion Alto (estable); cumplimiento Alto,prop_rapida,0,"(2, 2, 2, 2)",0.0123,10.0,"(1, 1, 1, 0)",0.0123,3.0,"(0, 2, 1, 0)",0.0123,3.0
c=M dc=+ h=B dh=- L=A dL=+ preo=B,contagio Medio (sube); hospital Bajo (baja); restriccion Alto (sube); cumplimiento Bajo,prop_rapida,2300,"(0, 2, 2, 0)",0.8253,4.0,"(2, 2, 1, 0)",0.0924,5.0,"(1, 0, 1, 2)",0.0204,6.0
c=M dc=+ h=B dh=- L=A dL=+ preo=M,contagio Medio (sube); hospital Bajo (baja); restriccion Alto (sube); cumplimiento Medio,prop_rapida,51,"(2, 2, 1, 1)",0.9977,7.0,"(2, 0, 1, 1)",0.0019,5.0,"(1, 0, 0, 1)",0.0000,3.0
c=M dc=+ h=B dh=- L=A dL=+ preo=A,contagio Medio (sube); hospital Bajo (baja); restriccion Alto (sube); cumplimiento Alto,prop_rapida,3,"(1, 2, 1, 0)",0.9874,4.0,"(2, 2, 2, 2)",0.0002,10.0,"(1, 0, 0, 2)",0.0002,5.0
c=M dc=+ h=B dh=0 L=B dL=- preo=B,contagio Medio (sube); hospital Bajo (estable); restriccion Bajo (baja); cumplimiento Bajo,prop_rapida,1012387,"(2, 2, 2, 2)",0.0692,10.0,"(2, 2, 1, 2)",0.0543,9.0,"(1, 2, 2, 2)",0.0492,9.0
c=M dc=+ h=B dh=0 L=B dL=- preo=M,contagio Medio (sube); hospital Bajo (estable); restriccion Bajo (baja); cumplimiento Medio,prop_rapida,996,"(1, 1, 1, 1)",0.8748,5.0,"(0, 1, 0, 2)",0.0678,5.0,"(0, 1, 2, 2)",0.0235,7.0
c=M dc=+ h=B dh=0 L=B dL=- preo=A,contagio Medio (sube); hospital Bajo (estable); restriccion Bajo (baja); cumplimiento Alto,prop_rapida,222,"(2, 2, 2, 0)",0.9187,6.0,"(0, 2, 0, 2)",0.0583,6.0,"(2, 2, 2, 2)",0.0061,10.0
c=M dc=+ h=B dh=0 L=B dL=0 preo=B,contagio Medio (sube); hospital Bajo (estable); restriccion Bajo (estable); cumplimiento Bajo,prop_rapida,923,"(2, 2, 2, 0)",0.9985,6.0,"(2, 0, 2, 2)",0.0002,8.0,"(2, 2, 0, 2)",0.0002,8.0
c=M dc=+ h=B dh=0 L=B dL=0 preo=M,contagio Medio (sube); hospital Bajo (estable); restriccion Bajo (estable); cumplimiento Medio,prop_rapida,35,"(1, 1, 2, 1)",0.9995,6.0,"(2, 2, 2, 2)",0.0000,10.0,"(1, 0, 0, 2)",0.0000,5.0
c=M dc=+ h=B dh=0 L=B dL=0 preo=A,contagio Medio (sube); hospital Bajo (estable); restriccion Bajo (estable); cumplimiento Alto,prop_rapida,45,"(2, 0, 1, 2)",0.9722,7.0,"(2, 2, 1, 2)",0.0157,9.0,"(1, 0, 0, 0)",0.0019,1.0
c=M dc=+ h=B dh=0 L=B dL=+ preo=B,contagio Medio (sube); hospital Bajo (estable); restriccion Bajo (sube); cumplimiento Bajo,prop_rapida,4840,"(1, 2, 0, 2)",0.4420,7.0,"(2, 2, 1, 0)",0.1328,5.0,"(1, 0, 2, 1)",0.1288,5.0
c=M dc=+ h=B dh=0 L=B dL=+ preo=M,contagio Medio (sube); hospital Bajo (estable); restriccion Bajo (sube); cumplimiento Medio,prop_rapida,52,"(1, 0, 0, 2)",0.9989,5.0,"(1, 0, 0, 0)",0.0007,1.0,"(1, 1, 1, 0)",0.0000,3.0
c=M dc=+ h=B dh=0 L=B dL=+ preo=A,contagio Medio (sube); hospital Bajo (estable); restriccion Bajo (sube); cumplimiento Alto,prop_rapida,49,"(2, 1, 1, 2)",0.9802,8.0,"(0, 1, 0, 0)",0.0029,1.0,"(0, 0, 0, 1)",0.0006,2.0
c=M dc=+ h=B dh=0 L=M dL=- preo=B,contagio Medio (sube); hospital Bajo (estable); restriccion Medio (baja); cumplimiento Bajo,prop_rapida,3252,"(1, 2, 2, 1)",0.9384,7.0,"(2, 2, 2, 2)",0.0304,10.0,"(2, 0, 1, 0)",0.0080,3.0
c=M dc=+ h=B dh=0 L=M dL=- preo=M,contagio Medio (sube); hospital Bajo (estable); restriccion Medio (baja); cumplimiento Medio,prop_rapida,269,"(1, 1, 1, 0)",0.9910,3.0,"(2, 1, 1, 1)",0.0024,6.0,"(1, 0, 0, 1)",0.0024,3.0
c=M dc=+ h=B dh=0 L=M dL=- preo=A,contagio Medio (sube); hospital Bajo (estable); restriccion Medio (baja); cumplimiento Alto,prop_rapida,4,"(1, 0, 1, 2)",0.9336,6.0,"(2, 2, 2, 2)",0.0008,10.0,"(1, 0, 0, 1)",0.0008,3.0
c=M dc=+ h=B dh=0 L=M dL=0 preo=B,contagio Medio (sube); hospital Bajo (estable); restriccion Medio (estable); cumplimiento Bajo,prop_rapida,123,"(1, 2, 2, 0)",0.9997,5.0,"(1, 1, 1, 1)",0.0003,5.0,"(0, 2, 0, 2)",0.0000,6.0
c=M dc=+ h=B dh=0 L=M dL=0 preo=M,contagio Medio (sube); hospital Bajo (estable); restriccion Medio (estable); cumplimiento Medio,prop_rapida,19,"(1, 1, 0, 1)",0.9998,4.0,"(2, 2, 2, 2)",0.0000,10.0,"(1, 0, 0, 1)",0.0000,3.0
c=M dc=+ h=B dh=0 L=M dL=0 preo=A,contagio Medio (sube); hospital Bajo (estable); restriccion Medio (estable); cumplimiento Alto,prop_rapida,0,"(2, 2, 2, 2)",0.0123,10.0,"(1, 1, 1, 0)",0.0123,3.0,"(0, 2, 1, 0)",0.0123,3.0
c=M dc=+ h=B dh=0 L=M dL=+ preo=B,contagio Medio (sube); hospital Bajo (estable); restriccion Medio (sube); cumplimiento Bajo,prop_rapida,3857,"(2, 1, 2, 1)",0.6304,7.0,"(2, 2, 2, 2)",0.0865,10.0,"(2, 0, 2, 2)",0.0769,8.0
c=M dc=+ h=B dh=0 L=M dL=+ preo=M,contagio Medio (sube); hospital Bajo (estable); restriccion Medio (sube); cumplimiento Medio,prop_rapida,122,"(1, 1, 2, 2)",0.9984,8.0,"(2, 2, 2, 2)",0.0014,10.0,"(0, 1, 1, 0)",0.0001,2.0
c=M dc=+ h=B dh=0 L=M dL=+ preo=A,contagio Medio (sube); hospital Bajo (estable); restriccion Medio (sube); cumplimiento Alto,prop_rapida,23,"(1, 2, 2, 2)",0.9146,9.0,"(2, 2, 0, 1)",0.0314,6.0,"(2, 2, 2, 2)",0.0007,10.0
c=M dc=+ h=B dh=0 L=A dL=- preo=B,contagio Medio (sube); hospital Bajo (estable); restriccion Alto (baja); cumplimiento Bajo,prop_rapida,102,"(0, 2, 2, 2)",0.9989,8.0,"(2, 0, 0, 0)",0.0005,2.0,"(1, 1, 2, 1)",0.0003,6.0
c=M dc=+ h=B dh=0 L=A dL=- preo=M,contagio Medio (sube); hospital Bajo (estable); restriccion Alto (baja); cumplimiento Medio,prop_rapida,1,"(1, 0, 0, 0)",0.4711,1.0,"(2, 2, 2, 2)",0.0066,10.0,"(1, 1, 1, 0)",0.0066,3.0
c=M dc=+ h=B dh=0 L=A dL=- preo=A,contagio Medio (sube); hospital Bajo (estable); restriccion Alto (baja); cumplimiento Alto,prop_rapida,0,"(2, 2, 2, 2)",0.0123,10.0,"(1, 1, 1, 0)",0.0123,3.0,"(0, 2, 1, 0)",0.0123,3.0
c=M dc=+ h=B dh=0 L=A dL=0 preo=B,contagio Medio (sube); hospital Bajo (estable); restriccion Alto (estable); cumplimiento Bajo,prop_rapida,32,"(0, 0, 1, 0)",0.9999,1.0,"(2, 2, 2, 2)",0.0000,10.0,"(1, 0, 0, 2)",0.0000,5.0
c=M dc=+ h=B dh=0 L=A dL=0 preo=M,contagio Medio (sube); hospital Bajo (estable); restriccion Alto (estable); cumplimiento Medio,prop_rapida,1,"(0, 0, 0, 1)",0.7022,2.0,"(2, 2, 2, 2)",0.0037,10.0,"(1, 0, 0, 2)",0.0037,5.0
c=M dc=+ h=B dh=0 L=A dL=0 preo=A,contagio Medio (sube); hospital Bajo (estable); restriccion Alto (estable); cumplimiento Alto,prop_rapida,0,"(2, 2, 2, 2)",0.0123,10.0,"(1, 1, 1, 0)",0.0123,3.0,"(0, 2, 1, 0)",0.0123,3.0
c=M dc=+ h=B dh=0 L=A dL=+ preo=B,contagio Medio (sube); hospital Bajo (estable); restriccion Alto (sube); cumplimiento Bajo,prop_rapida,946,"(0, 1, 2, 0)",0.8744,3.0,"(1, 1, 0, 2)",0.0927,6.0,"(2, 0, 2, 0)",0.0140,4.0
c=M dc=+ h=B dh=0 L=A dL=+ preo=M,contagio Medio (sube); hospital Bajo (estable); restriccion Alto (sube); cumplimiento Medio,prop_rapida,14,"(2, 0, 2, 2)",0.9995,8.0,"(2, 2, 2, 2)",0.0000,10.0,"(1, 0, 0, 1)",0.0000,3.0
c=M dc=+ h=B dh=0 L=A dL=+ preo=A,contagio Medio (sube); hospital Bajo (estable); restriccion Alto (sube); cumplimiento Alto,prop_rapida,3,"(1, 1, 0, 0)",0.8012,2.0,"(2, 2, 2, 2)",0.0025,10.0,"(1, 0, 0, 1)",0.0025,3.0
c=M dc=+ h=B dh=+ L=B dL=- preo=B,contagio Medio (sube); hospital Bajo (sube); restriccion Bajo (baja); cumplimiento Bajo,prop_rapida,1895185,"(2, 2, 2, 2)",0.0613,10.0,"(2, 2, 1, 2)",0.0564,9.0,"(2, 2, 1, 1)",0.0538,7.0
c=M dc=+ h=B dh=+ L=B dL=- preo=M,contagio Medio (sube); hospital Bajo (sube); restriccion Bajo (baja); cumplimiento Medio,prop_rapida,1670,"(2, 2, 0, 2)",0.9569,8.0,"(2, 1, 0, 1)",0.0307,5.0,"(0, 1, 0, 0)",0.0032,1.0
c=M dc=+ h=B dh=+ L=B dL=- preo=A,contagio Medio (sube); hospital Bajo (sube); restriccion Bajo (baja); cumplimiento Alto,prop_rapida,2126,"(2, 1, 0, 1)",0.4071,5.0,"(2, 2, 0, 1)",0.1743,6.0,"(0, 1, 2, 0)",0.0961,3.0
c=M dc=+ h=B dh=+ L=B dL=0 preo=B,contagio Medio (sube); hospital Bajo (sube); restriccion Bajo (estable); cumplimiento Bajo,prop_rapida,1471,"(1, 0, 2, 2)",0.7747,7.0,"(1, 2, 0, 2)",0.1858,7.0,"(1, 2, 2, 1)",0.0214,7.0
c=M dc=+ h=B dh=+ L=B dL=0 preo=M,contagio Medio (sube); hospital Bajo (sube); restriccion Bajo (estable); cumplimiento Medio,prop_rapida,111,"(2, 2, 0, 2)",1.0000,8.0,"(1, 0, 1, 0)",0.0000,2.0,"(1, 0, 0, 2)",0.0000,5.0
c=M dc=+ h=B dh=+ L=B dL=0 preo=A,contagio Medio (sube); hospital Bajo (sube); restriccion Bajo (estable); cumplimiento Alto,prop_rapida,228,"(1, 1, 2, 2)",0.9424,8.0,"(1, 0, 2, 0)",0.0368,3.0,"(2, 0, 0, 1)",0.0059,4.0
c=M dc=+ h=B dh=+ L=B dL=+ preo=B,contagio Medio (sube); hospital Bajo (sube); restriccion Bajo (sube); cumplimiento Bajo,prop_rapida,7536,"(2, 2, 0, 2)",0.3774,8.0,"(1, 2, 1, 2)",0.1865,8.0,"(2, 2, 1, 1)",0.1797,7.0
c=M dc=+ h=B dh=+ L=B dL=+ preo=M,contagio Medio (sube); hospital Bajo (sube); restriccion Bajo (sube); cumplimiento Medio,prop_rapida,47,"(1, 1, 1, 1)",0.9997,5.0,"(2, 2, 2, 1)",0.0000,8.0,"(0, 2, 1, 1)",0.0000,5.0
c=M dc=+ h=B dh=+ L=B dL=+ preo=A,contagio Medio (sube); hospital Bajo (sube); restriccion Bajo (sube); cumplimiento Alto,prop_rapida,115,"(0, 2, 0, 2)",0.8947,6.0,"(1, 2, 1, 0)",0.0207,4.0,"(1, 2, 0, 0)",0.0078,3.0
c=M dc=+ h=B dh=+ L=M dL=- preo=B,contagio Medio (sube); hospital Bajo (sube); restriccion Medio (baja); cumplimiento Bajo,prop_rapida,5617,"(2, 2, 1, 2)",0.7576,9.0,"(1, 1, 0, 1)",0.1204,4.0,"(0, 0, 0, 2)",0.0260,4.0
c=M dc=+ h=B dh=+ L=M dL=- preo=M,contagio Medio (sube); hospital Bajo (sube); restriccion Medio (baja); cumplimiento Medio,prop_rapida,297,"(2, 0, 1, 2)",0.9733,7.0,"(2, 0, 2, 2)",0.0157,8.0,"(2, 1, 1, 2)",0.0079,8.0
c=M dc=+ h=B dh=+ L=M dL=- preo=A,contagio Medio (sube); hospital Bajo (sube); restriccion Medio (baja); cumplimiento Alto,prop_rapida,20,"(0, 1, 1, 1)",0.9500,4.0,"(2, 2, 2, 2)",0.0006,10.0,"(0, 2, 1, 0)",0.0006,3.0
c=M dc=+ h=B dh=+ L=M dL=0 preo=B,contagio Medio (sube); hospital Bajo (sube); restriccion Medio (estable); cumplimiento Bajo,prop_rapida,243,"(1, 2, 0, 2)",0.9983,7.0,"(2, 2, 1, 2)",0.0006,9.0,"(0, 1, 2, 0)",0.0004,3.0
c=M dc=+ h=B dh=+ L=M dL=0 preo=M,contagio Medio (sube); hospital Bajo (sube); restriccion Medio (estable); cumplimiento Medio,prop_rapida,32,"(1, 2, 2, 2)",0.9999,9.0,"(2, 2, 2, 2)",0.0000,10.0,"(1, 1, 1, 0)",0.0000,3.0
c=M dc=+ h=B dh=+ L=M dL=0 preo=A,contagio Medio (sube); hospital Bajo (sube); restriccion Medio (estable); cumplimiento Alto,prop_rapida,6,"(0, 2, 0, 2)",0.9719,6.0,"(1, 1, 1, 0)",0.0004,3.0,"(0, 2, 1, 0)",0.0004,3.0
c=M dc=+ h=B dh=+ L=M dL=+ preo=B,contagio Medio (sube); hospital Bajo (sube); restriccion Medio (sube); cumplimiento Bajo,prop_rapida,6120,"(2, 2, 2, 1)",0.5293,8.0,"(1, 1, 1, 2)",0.0568,7.0,"(2, 2, 0, 2)",0.0546,8.0
c=M dc=+ h=B dh=+ L=M dL=+ preo=M,contagio Medio (sube); hospital Bajo (sube); restriccion Medio (sube); cumplimiento Medio,prop_rapida,175,"(1, 2, 2, 2)",0.9978,9.0,"(2, 1, 1, 2)",0.0019,8.0,"(2, 0, 2, 0)",0.0002,4.0
c=M dc=+ h=B dh=+ L=M dL=+ preo=A,contagio Medio (sube); hospital Bajo (sube); restriccion Medio (sube); cumplimiento Alto,prop_rapida,172,"(2, 0, 1, 0)",0.5731,3.0,"(2, 2, 2, 0)",0.0771,6.0,"(1, 2, 1, 0)",0.0464,4.0
c=M dc=+ h=B dh=+ L=A dL=- preo=B,contagio Medio (sube); hospital Bajo (sube); restriccion Alto (baja); cumplimiento Bajo,prop_rapida,220,"(2, 0, 1, 2)",0.9960,7.0,"(1, 2, 2, 1)",0.0013,7.0,"(2, 1, 1, 1)",0.0010,6.0
c=M dc=+ h=B dh=+ L=A dL=- preo=M,contagio Medio (sube); hospital Bajo (sube); restriccion Alto (baja); cumplimiento Medio,prop_rapida,2,"(2, 2, 1, 2)",0.6739,9.0,"(2, 2, 2, 2)",0.0041,10.0,"(1, 0, 0, 2)",0.0041,5.0
c=M dc=+ h=B dh=+ L=A dL=- preo=A,contagio Medio (sube); hospital Bajo (sube); restriccion Alto (baja); cumplimiento Alto,prop_rapida,0,"(2, 2, 2, 2)",0.0123,10.0,"(1, 1, 1, 0)",0.0123,3.0,"(0, 2, 1, 0)",0.0123,3.0
c=M dc=+ h=B dh=+ L=A dL=0 preo=B,contagio Medio (sube); hospital Bajo (sube); restriccion Alto (estable); cumplimiento Bajo,prop_rapida,32,"(0, 1, 2, 0)",0.9997,3.0,"(1, 0, 1, 2)",0.0003,6.0,"(2, 2, 2, 2)",0.0000,10.0
c=M dc=+ h=B dh=+ L=A dL=0 preo=M,contagio Medio (sube); hospital Bajo (sube); restriccion Alto (estable); cumplimiento Medio,prop_rapida,0,"(2, 2, 2, 2)",0.0123,10.0,"(1, 1, 1, 0)",0.0123,3.0,"(0, 2, 1, 0)",0.0123,3.0
c=M dc=+ h=B dh=+ L=A dL=0 preo=A,contagio Medio (sube); hospital Bajo (sube); restriccion Alto (estable); cumplimiento Alto,prop_rapida,0,"(2, 2, 2, 2)",0.0123,10.0,"(1, 1, 1, 0)",0.0123,3.0,"(0, 2, 1, 0)",0.0123,3.0
c=M dc=+ h=B dh=+ L=A dL=+ preo=B,contagio Medio (sube); hospital Bajo (sube); restriccion Alto (sube); cumplimiento Bajo,prop_rapida,1549,"(1, 2, 2, 2)",0.9933,9.0,"(1, 1, 2, 1)",0.0026,6.0,"(0, 2, 1, 2)",0.0011,7.0
c=M dc=+ h=B dh=+ L=A dL=+ preo=M,contagio Medio (sube); hospital Bajo (sube); restriccion Alto (sube); cumplimiento Medio,prop_rapida,26,"(1, 2, 2, 0)",0.9997,5.0,"(1, 0, 1, 0)",0.0001,2.0,"(2, 2, 2, 2)",0.0000,10.0
c=M dc=+ h=B dh=+ L=A dL=+ preo=A,contagio Medio (sube); hospital Bajo (sube); restriccion Alto (sube); cumplimiento Alto,prop_rapida,14,"(1, 0, 1, 1)",0.9788,4.0,"(1, 0, 2, 1)",0.0028,5.0,"(2, 2, 2, 2)",0.0016,10.0
c=M dc=+ h=M dh=- L=B dL=- preo=B,contagio Medio (sube); hospital Medio (baja); restriccion Bajo (baja); cumplimiento Bajo,prop_rapida,259547,"(2, 2, 2, 2)",0.0677,10.0,"(2, 2, 1, 0)",0.0469,5.0,"(2, 2, 2, 1)",0.0437,8.0
c=M dc=+ h=M dh=- L=B dL=- preo=M,contagio Medio (sube); hospital Medio (baja); restriccion Bajo (baja); cumplimiento Medio,prop_rapida,8974,"(2, 2, 2, 1)",0.4668,8.0,"(2, 1, 2, 0)",0.2040,5.0,"(2, 1, 1, 1)",0.0448,6.0
c=M dc=+ h=M dh=- L=B dL=- preo=A,contagio Medio (sube); hospital Medio (baja); restriccion Bajo (baja); cumplimiento Alto,prop_rapida,408,"(2, 2, 1, 2)",0.9957,9.0,"(1, 2, 0, 0)",0.0022,3.0,"(1, 1, 2, 0)",0.0009,4.0
c=M dc=+ h=M dh=- L=B dL=0 preo=B,contagio Medio (sube); hospital Medio (baja); restriccion Bajo (estable); cumplimiento Bajo,prop_rapida,597,"(1, 2, 2, 2)",0.9980,9.0,"(2, 2, 1, 1)",0.0006,7.0,"(2, 1, 2, 2)",0.0003,9.0
c=M dc=+ h=M dh=- L=B dL=0 preo=M,contagio Medio (sube); hospital Medio (baja); restriccion Bajo (estable); cumplimiento Medio,prop_rapida,780,"(2, 1, 1, 1)",0.9793,6.0,"(1, 2, 2, 0)",0.0048,5.0,"(2, 0, 1, 2)",0.0021,7.0
c=M dc=+ h=M dh=- L=B dL=0 preo=A,contagio Medio (sube); hospital Medio (baja); restriccion Bajo (estable); cumplimiento Alto,prop_rapida,106,"(0, 2, 0, 2)",0.9912,6.0,"(2, 2, 2, 1)",0.0001,8.0,"(0, 2, 1, 1)",0.0001,5.0
c=M dc=+ h=M dh=- L=B dL=+ preo=B,contagio Medio (sube); hospital Medio (baja); restriccion Bajo (sube); cumplimiento Bajo,prop_rapida,1858,"(2, 2, 0, 2)",0.9279,8.0,"(2, 1, 0, 2)",0.0186,7.0,"(2, 1, 2, 0)",0.0102,5.0
c=M dc=+ h=M dh=- L=B dL=+ preo=M,contagio Medio (sube); hospital Medio (baja); restriccion Bajo (sube); cumplimiento Medio,prop_rapida,192,"(0, 1, 2, 0)",0.9797,3.0,"(0, 1, 1, 0)",0.0057,2.0,"(0, 0, 0, 1)",0.0055,2.0
c=M dc=+ h=M dh=- L=B dL=+ preo=A,contagio Medio (sube); hospital Medio (baja); restriccion Bajo (sube); cumplimiento Alto,prop_rapida,35,"(1, 1, 2, 1)",0.9947,6.0,"(2, 0, 0, 1)",0.0004,4.0,"(2, 2, 2, 2)",0.0001,10.0
c=M dc=+ h=M dh=- L=M dL=- preo=B,contagio Medio (sube); hospital Medio (baja); restriccion Medio (baja); cumplimiento Bajo,prop_rapida,1434,"(1, 1, 2, 0)",0.9772,4.0,"(2, 2, 0, 0)",0.0081,4.0,"(2, 1, 0, 1)",0.0061,5.0
c=M dc=+ h=M dh=- L=M dL=- preo=M,contagio Medio (sube); hospital Medio (baja); restriccion Medio (baja); cumplimiento Medio,prop_rapida,1325,"(0, 0, 2, 1)",0.7714,4.0,"(1, 2, 2, 2)",0.0692,9.0,"(0, 0, 0, 1)",0.0331,2.0
c=M dc=+ h=M dh=- L=M dL=- preo=A,contagio Medio (sube); hospital Medio (baja); restriccion Medio (baja); cumplimiento Alto,prop_rapida,28,"(1, 1, 0, 0)",0.9976,2.0,"(2, 2, 2, 2)",0.0000,10.0,"(1, 0, 1, 0)",0.0000,2.0
c=M dc=+ h=M dh=- L=M dL=0 preo=B,contagio Medio (sube); hospital Medio (baja); restriccion Medio (estable); cumplimiento Bajo,prop_rapida,256,"(0, 2, 2, 1)",0.9972,6.0,"(2, 1, 2, 2)",0.0011,9.0,"(1, 0, 0, 0)",0.0010,1.0
c=M dc=+ h=M dh=- L=M dL=0 preo=M,contagio Medio (sube); hospital Medio (baja); restriccion Medio (estable); cumplimiento Medio,prop_rapida,226,"(1, 0, 2, 0)",0.9961,3.0,"(1, 2, 2, 2)",0.0020,9.0,"(2, 1, 0, 2)",0.0014,7.0
c=M dc=+ h=M dh=- L=M dL=0 preo=A,contagio Medio (sube); hospital Medio (baja); restriccion Medio (estable); cumplimiento Alto,prop_rapida,14,"(2, 2, 0, 1)",0.9873,6.0,"(2, 2, 2, 2)",0.0002,10.0,"(1, 0, 0, 2)",0.0002,5.0
c=M dc=+ h=M dh=- L=M dL=+ preo=B,contagio Medio (sube); hospital Medio (baja); restriccion Medio (sube); cumplimiento Bajo,prop_rapida,2951,"(2, 0, 2, 1)",0.3973,6.0,"(2, 1, 2, 1)",0.2984,7.0,"(2, 1, 1, 1)",0.1566,6.0
c=M dc=+ h=M dh=- L=M dL=+ preo=M,contagio Medio (sube); hospital Medio (baja); restriccion Medio (sube); cumplimiento Medio,prop_rapida,330,"(2, 1, 1, 2)",0.9977,8.0,"(1, 0, 1, 2)",0.0014,6.0,"(2, 0, 1, 1)",0.0005,5.0
c=M dc=+ h=M dh=- L=M dL=+ preo=A,contagio Medio (sube); hospital Medio (baja); restriccion Medio (sube); cumplimiento Alto,prop_rapida,40,"(0, 1, 0, 0)",0.9372,1.0,"(1, 1, 1, 1)",0.0008,5.0,"(0, 2, 2, 0)",0.0008,4.0
c=M dc=+ h=M dh=- L=A dL=- preo=B,contagio Medio (sube); hospital Medio (baja); restriccion Alto (baja); cumplimiento Bajo,prop_rapida,69,"(1, 2, 0, 1)",1.0000,5.0,"(2, 2, 2, 0)",0.0000,6.0,"(2, 2, 2, 2)",0.0000,10.0
c=M dc=+ h=M dh=- L=A dL=- preo=M,contagio Medio (sube); hospital Medio (baja); restriccion Alto (baja); cumplimiento Medio,prop_rapida,13,"(0, 0, 1, 2)",0.9983,5.0,"(2, 2, 2, 2)",0.0000,10.0,"(1, 0, 1, 0)",0.0000,2.0
c=M dc=+ h=M dh=- L=A dL=- preo=A,contagio Medio (sube); hospital Medio (baja); restriccion Alto (baja); cumplimiento Alto,prop_rapida,0,"(2, 2, 2, 2)",0.0123,10.0,"(1, 1, 1, 0)",0.0123,3.0,"(0, 2, 1, 0)",0.0123,3.0
c=M dc=+ h=M dh=- L=A dL=0 preo=B,contagio Medio (sube); hospital Medio (baja); restriccion Alto (estable); cumplimiento Bajo,prop_rapida,20,"(1, 2, 2, 1)",0.9998,7.0,"(2, 2, 2, 2)",0.0000,10.0,"(0, 2, 0, 2)",0.0000,6.0
c=M dc=+ h=M dh=- L=A dL=0 preo=M,contagio Medio (sube); hospital Medio (baja); restriccion Alto (estable); cumplimiento Medio,prop_rapida,3,"(1, 2, 1, 2)",0.9955,8.0,"(2, 2, 2, 2)",0.0001,10.0,"(0, 2, 0, 2)",0.0001,6.0
c=M dc=+ h=M dh=- L=A dL=0 preo=A,contagio Medio (sube); hospital Medio (baja); restriccion Alto (estable); cumplimiento Alto,prop_rapida,2,"(2, 1, 1, 0)",0.4392,4.0,"(2, 2, 2, 2)",0.0070,10.0,"(1, 0, 0, 1)",0.0070,3.0
c=M dc=+ h=M dh=- L=A dL=+ preo=B,contagio Medio (sube); hospital Medio (baja); restriccion Alto (sube); cumplimiento Bajo,prop_rapida,1052,"(0, 1, 1, 1)",0.8940,4.0,"(2, 1, 2, 0)",0.0408,5.0,"(2, 2, 1, 0)",0.0318,5.0
c=M dc=+ h=M dh=- L=A dL=+ preo=M,contagio Medio (sube); hospital Medio (baja); restriccion Alto (sube); cumplimiento Medio,prop_rapida,192,"(0, 1, 0, 1)",0.9970,3.0,"(0, 1, 0, 2)",0.0024,5.0,"(2, 1, 1, 2)",0.0000,8.0
c=M dc=+ h=M dh=- L=A dL=+ preo=A,contagio Medio (sube); hospital Medio (baja); restriccion Alto (sube); cumplimiento Alto,prop_rapida,10,"(2, 1, 1, 1)",0.0211,6.0,"(2, 2, 2, 2)",0.0123,10.0,"(0, 2, 0, 1)",0.0123,4.0
c=M dc=+ h=M dh=0 L=B dL=- preo=B,contagio Medio (sube); hospital Medio (estable); restriccion Bajo (baja); cumplimiento Bajo,prop_rapida,233442,"(2, 2, 2, 2)",0.0817,10.0,"(2, 2, 1, 2)",0.0595,9.0,"(1, 2, 2, 2)",0.0594,9.0
c=M dc=+ h=M dh=0 L=B dL=- preo=M,contagio Medio (sube); hospital Medio (estable); restriccion Bajo (baja); cumplimiento Medio,prop_rapida,4263,"(2, 2, 1, 2)",0.8885,9.0,"(0, 1, 0, 0)",0.0277,1.0,"(2, 2, 0, 2)",0.0178,8.0
c=M dc=+ h=M dh=0 L=B dL=- preo=A,contagio Medio (sube); hospital Medio (estable); restriccion Bajo (baja); cumplimiento Alto,prop_rapida,138,"(2, 2, 1, 1)",0.9846,7.0,"(2, 1, 0, 0)",0.0003,3.0,"(2, 2, 2, 2)",0.0002,10.0
c=M dc=+ h=M dh=0 L=B dL=0 preo=B,contagio Medio (sube); hospital Medio (estable); restriccion Bajo (estable); cumplimiento Bajo,prop_rapida,450,"(1, 1, 2, 1)",0.9868,6.0,"(0, 1, 0, 0)",0.0108,1.0,"(0, 1, 2, 0)",0.0005,3.0
c=M dc=+ h=M dh=0 L=B dL=0 preo=M,contagio Medio (sube); hospital Medio (estable); restriccion Bajo (estable); cumplimiento Medio,prop_rapida,220,"(0, 2, 2, 1)",0.9925,6.0,"(1, 2, 1, 1)",0.0059,6.0,"(1, 0, 0, 1)",0.0005,3.0
c=M dc=+ h=M dh=0 L=B dL=0 preo=A,contagio Medio (sube); hospital Medio (estable); restriccion Bajo (estable); cumplimiento Alto,prop_rapida,25,"(2, 2, 1, 1)",0.9951,7.0,"(2, 2, 2, 2)",0.0001,10.0,"(1, 0, 1, 0)",0.0001,2.0
c=M dc=+ h=M dh=0 L=B dL=+ preo=B,contagio Medio (sube); hospital Medio (estable); restriccion Bajo (sube); cumplimiento Bajo,prop_rapida,1349,"(0, 2, 0, 2)",0.9344,6.0,"(0, 2, 2, 1)",0.0370,6.0,"(2, 1, 0, 0)",0.0052,3.0
c=M dc=+ h=M dh=0 L=B dL=+ preo=M,contagio Medio (sube); hospital Medio (estable); restriccion Bajo (sube); cumplimiento Medio,prop_rapida,74,"(0, 2, 1, 0)",0.9727,3.0,"(2, 0, 1, 0)",0.0163,3.0,"(1, 0, 0, 1)",0.0066,3.0
c=M dc=+ h=M dh=0 L=B dL=+ preo=A,contagio Medio (sube); hospital Medio (estable); restriccion Bajo (sube); cumplimiento Alto,prop_rapida,12,"(1, 2, 2, 0)",0.8427,5.0,"(2, 2, 2, 2)",0.0020,10.0,"(1, 1, 1, 0)",0.0020,3.0
c=M dc=+ h=M dh=0 L=M dL=- preo=B,contagio Medio (sube); hospital Medio (estable); restriccion Medio (baja); cumplimiento Bajo,prop_rapida,1231,"(1, 2, 2, 2)",0.9978,9.0,"(2, 0, 0, 2)",0.0004,6.0,"(1, 1, 0, 1)",0.0003,4.0
c=M dc=+ h=M dh=0 L=M dL=- preo=M,contagio Medio (sube); hospital Medio (estable); restriccion Medio (baja); cumplimiento Medio,prop_rapida,554,"(2, 1, 1, 2)",0.9900,8.0,"(0, 2, 1, 0)",0.0040,3.0,"(1, 0, 2, 2)",0.0013,7.0
c=M dc=+ h=M dh=0 L=M dL=- preo=A,contagio Medio (sube); hospital Medio (estable); restriccion Medio (baja); cumplimiento Alto,prop_rapida,6,"(0, 0, 0, 1)",0.9129,2.0,"(2, 2, 2, 2)",0.0011,10.0,"(1, 0, 0, 2)",0.0011,5.0
c=M dc=+ h=M dh=0 L=M dL=0 preo=B,contagio Medio (sube); hospital Medio (estable); restriccion Medio (estable); cumplimiento Bajo,prop_rapida,175,"(0, 0, 0, 1)",0.9994,2.0,"(2, 1, 0, 0)",0.0005,3.0,"(1, 1, 0, 0)",0.0000,2.0
c=M dc=+ h=M dh=0 L=M dL=0 preo=M,contagio Medio (sube); hospital Medio (estable); restriccion Medio (estable); cumplimiento Medio,prop_rapida,102,"(2, 2, 0, 1)",0.9967,6.0,"(1, 2, 0, 1)",0.0015,5.0,"(0, 1, 0, 1)",0.0007,3.0
c=M dc=+ h=M dh=0 L=M dL=0 preo=A,contagio Medio (sube); hospital Medio (estable); restriccion Medio (estable); cumplimiento Alto,prop_rapida,3,"(1, 2, 0, 1)",0.7214,5.0,"(2, 2, 2, 2)",0.0035,10.0,"(1, 0, 0, 2)",0.0035,5.0
c=M dc=+ h=M dh=0 L=M dL=+ preo=B,contagio Medio (sube); hospital Medio (estable); restriccion Medio (sube); cumplimiento Bajo,prop_rapida,2076,"(1, 2, 0, 0)",0.9559,3.0,"(0, 0, 2, 1)",0.0168,4.0,"(0, 1, 0, 0)",0.0052,1.0
c=M dc=+ h=M dh=0 L=M dL=+ preo=M,contagio Medio (sube); hospital Medio (estable); restriccion Medio (sube); cumplimiento Medio,prop_rapida,137,"(0, 2, 1, 0)",0.9992,3.0,"(2, 2, 2, 2)",0.0000,10.0,"(1, 0, 0, 1)",0.0000,3.0
c=M dc=+ h=M dh=0 L=M dL=+ preo=A,contagio Medio (sube); hospital Medio (estable); restriccion Medio (sube); cumplimiento Alto,prop_rapida,8,"(1, 2, 1, 2)",0.9534,8.0,"(1, 1, 1, 0)",0.0006,3.0,"(0, 2, 1, 0)",0.0006,3.0
c=M dc=+ h=M dh=0 L=A dL=- preo=B,contagio Medio (sube); hospital Medio (estable); restriccion Alto (baja); cumplimiento Bajo,prop_rapida,63,"(2, 2, 0, 1)",0.9971,6.0,"(2, 1, 2, 2)",0.0025,9.0,"(0, 1, 2, 1)",0.0004,5.0
c=M dc=+ h=M dh=0 L=A dL=- preo=M,contagio Medio (sube); hospital Medio (estable); restriccion Alto (baja); cumplimiento Medio,prop_rapida,3,"(0, 0, 1, 1)",0.9949,3.0,"(2, 2, 2, 2)",0.0001,10.0,"(1, 0, 0, 2)",0.0001,5.0
c=M dc=+ h=M dh=0 L=A dL=- preo=A,contagio Medio (sube); hospital Medio (estable); restriccion Alto (baja); cumplimiento Alto,prop_rapida,0,"(2, 2, 2, 2)",0.0123,10.0,"(1, 1, 1, 0)",0.0123,3.0,"(0, 2, 1, 0)",0.0123,3.0
c=M dc=+ h=M dh=0 L=A dL=0 preo=B,contagio Medio (sube); hospital Medio (estable); restriccion Alto (estable); cumplimiento Bajo,prop_rapida,9,"(2, 0, 2, 2)",0.9998,8.0,"(2, 2, 2, 2)",0.0000,10.0,"(1, 0, 0, 1)",0.0000,3.0
c=M dc=+ h=M dh=0 L=A dL=0 preo=M,contagio Medio (sube); hospital Medio (estable); restriccion Alto (estable); cumplimiento Medio,prop_rapida,1,"(2, 2, 2, 2)",0.0124,10.0,"(2, 2, 2, 1)",0.0124,8.0,"(0, 2, 1, 1)",0.0124,5.0
c=M dc=+ h=M dh=0 L=A dL=0 preo=A,contagio Medio (sube); hospital Medio (estable); restriccion Alto (estable); cumplimiento Alto,prop_rapida,0,"(2, 2, 2, 2)",0.0123,10.0,"(1, 1, 1, 0)",0.0123,3.0,"(0, 2, 1, 0)",0.0123,3.0
c=M dc=+ h=M dh=0 L=A dL=+ preo=B,contagio Medio (sube); hospital Medio (estable); restriccion Alto (sube); cumplimiento Bajo,prop_rapida,718,"(2, 0, 1, 1)",0.9638,5.0,"(0, 2, 0, 0)",0.0322,2.0,"(2, 1, 0, 0)",0.0016,3.0
c=M dc=+ h=M dh=0 L=A dL=+ preo=M,contagio Medio (sube); hospital Medio (estable); restriccion Alto (sube); cumplimiento Medio,prop_rapida,65,"(0, 0, 2, 2)",0.9976,6.0,"(2, 2, 2, 2)",0.0000,10.0,"(1, 0, 0, 2)",0.0000,5.0
c=M dc=+ h=M dh=0 L=A dL=+ preo=A,contagio Medio (sube); hospital Medio (estable); restriccion Alto (sube); cumplimiento Alto,prop_rapida,2,"(0, 2, 0, 1)",0.0218,4.0,"(1, 1, 1, 0)",0.0123,3.0,"(0, 2, 1, 0)",0.0123,3.0
c=M dc=+ h=M dh=+ L=B dL=- preo=B,contagio Medio (sube); hospital Medio (sube); restriccion Bajo (baja); cumplimiento Bajo,prop_rapida,678853,"(2, 2, 2, 2)",0.0756,10.0,"(2, 2, 2, 1)",0.0555,8.0,"(2, 2, 0, 2)",0.0548,8.0
c=M dc=+ h=M dh=+ L=B dL=- preo=M,contagio Medio (sube); hospital Medio (sube); restriccion Bajo (baja); cumplimiento Medio,prop_rapida,6811,"(1, 2, 2, 2)",0.5840,9.0,"(0, 2, 2, 2)",0.1116,8.0,"(1, 1, 2, 2)",0.0821,8.0
c=M dc=+ h=M dh=+ L=B dL=- preo=A,contagio Medio (sube); hospital Medio (sube); restriccion Bajo (baja); cumplimiento Alto,prop_rapida,479,"(2, 1, 2, 0)",0.5245,5.0,"(1, 2, 0, 2)",0.0921,7.0,"(2, 2, 0, 2)",0.0505,8.0
c=M dc=+ h=M dh=+ L=B dL=0 preo=B,contagio Medio (sube); hospital Medio (sube); restriccion Bajo (estable); cumplimiento Bajo,prop_rapida,1007,"(0, 2, 2, 2)",0.9696,8.0,"(2, 1, 2, 2)",0.0212,9.0,"(1, 0, 1, 2)",0.0041,6.0
c=M dc=+ h=M dh=+ L=B dL=0 preo=M,contagio Medio (sube); hospital Medio (sube); restriccion Bajo (estable); cumplimiento Medio,prop_rapida,294,"(2, 1, 2, 1)",0.9981,7.0,"(2, 2, 2, 1)",0.0009,8.0,"(0, 1, 1, 1)",0.0003,4.0
c=M dc=+ h=M dh=+ L=B dL=0 preo=A,contagio Medio (sube); hospital Medio (sube); restriccion Bajo (estable); cumplimiento Alto,prop_rapida,79,"(1, 1, 1, 1)",0.1249,5.0,"(1, 1, 2, 0)",0.1042,4.0,"(0, 1, 2, 2)",0.0737,7.0
c=M dc=+ h=M dh=+ L=B dL=+ preo=B,contagio Medio (sube); hospital Medio (sube); restriccion Bajo (sube); cumplimiento Bajo,prop_rapida,2935,"(2, 2, 1, 2)",0.9225,9.0,"(2, 1, 2, 2)",0.0498,9.0,"(2, 0, 1, 1)",0.0093,5.0
c=M dc=+ h=M dh=+ L=B dL=+ preo=M,contagio Medio (sube); hospital Medio (sube); restriccion Bajo (sube); cumplimiento Medio,prop_rapida,75,"(2, 2, 2, 1)",0.9995,8.0,"(1, 2, 1, 2)",0.0003,8.0,"(1, 0, 1, 0)",0.0000,2.0
c=M dc=+ h=M dh=+ L=B dL=+ preo=A,contagio Medio (sube); hospital Medio (sube); restriccion Bajo (sube); cumplimiento Alto,prop_rapida,29,"(2, 1, 2, 1)",0.9541,7.0,"(2, 2, 2, 1)",0.0062,8.0,"(1, 1, 0, 1)",0.0005,4.0
c=M dc=+ h=M dh=+ L=M dL=- preo=B,contagio Medio (sube); hospital Medio (sube); restriccion Medio (baja); cumplimiento Bajo,prop_rapida,2977,"(1, 1, 0, 0)",0.8124,2.0,"(0, 1, 2, 0)",0.1010,3.0,"(1, 1, 1, 1)",0.0319,5.0
c=M dc=+ h=M dh=+ L=M dL=- preo=M,contagio Medio (sube); hospital Medio (sube); restriccion Medio (baja); cumplimiento Medio,prop_rapida,1035,"(2, 2, 2, 2)",0.9879,10.0,"(1, 0, 1, 2)",0.0075,6.0,"(0, 2, 0, 0)",0.0017,2.0
c=M dc=+ h=M dh=+ L=M dL=- preo=A,contagio Medio (sube); hospital Medio (sube); restriccion Medio (baja); cumplimiento Alto,prop_rapida,8,"(1, 0, 2, 0)",0.8736,3.0,"(2, 2, 2, 2)",0.0016,10.0,"(1, 0, 1, 0)",0.0016,2.0
c=M dc=+ h=M dh=+ L=M dL=0 preo=B,contagio Medio (sube); hospital Medio (sube); restriccion Medio (estable); cumplimiento Bajo,prop_rapida,304,"(2, 2, 0, 0)",0.9664,4.0,"(0, 2, 2, 1)",0.0331,6.0,"(2, 1, 1, 2)",0.0003,8.0
c=M dc=+ h=M dh=+ L=M dL=0 preo=M,contagio Medio (sube); hospital Medio (sube); restriccion Medio (estable); cumplimiento Medio,prop_rapida,167,"(2, 2, 0, 2)",0.9981,8.0,"(2, 1, 2, 1)",0.0014,7.0,"(1, 1, 2, 0)",0.0004,4.0
c=M dc=+ h=M dh=+ L=M dL=0 preo=A,contagio Medio (sube); hospital Medio (sube); restriccion Medio (estable); cumplimiento Alto,prop_rapida,9,"(1, 1, 1, 2)",0.8491,7.0,"(2, 2, 2, 2)",0.0019,10.0,"(1, 0, 0, 2)",0.0019,5.0
c=M dc=+ h=M dh=+ L=M dL=+ preo=B,contagio Medio (sube); hospital Medio (sube); restriccion Medio (sube); cumplimiento Bajo,prop_rapida,3705,"(2, 2, 1, 1)",0.7439,7.0,"(0, 1, 0, 0)",0.0326,1.0,"(1, 0, 2, 0)",0.0304,3.0
c=M dc=+ h=M dh=+ L=M dL=+ preo=M,contagio Medio (sube); hospital Medio (sube); restriccion Medio (sube); cumplimiento Medio,prop_rapida,245,"(0, 2, 1, 0)",0.9876,3.0,"(2, 2, 1, 1)",0.0081,7.0,"(1, 1, 2, 2)",0.0028,8.0
c=M dc=+ h=M dh=+ L=M dL=+ preo=A,contagio Medio (sube); hospital Medio (sube); restriccion Medio (sube); cumplimiento Alto,prop_rapida,33,"(0, 2, 2, 0)",0.9173,4.0,"(0, 1, 2, 0)",0.0053,3.0,"(2, 2, 2, 2)",0.0010,10.0
c=M dc=+ h=M dh=+ L=A dL=- preo=B,contagio Medio (sube); hospital Medio (sube); restriccion Alto (baja); cumplimiento Bajo,prop_rapida,109,"(2, 1, 0, 0)",0.9984,3.0,"(1, 2, 0, 0)",0.0015,3.0,"(2, 2, 2, 2)",0.0000,10.0
c=M dc=+ h=M dh=+ L=A dL=- preo=M,contagio Medio (sube); hospital Medio (sube); restriccion Alto (baja); cumplimiento Medio,prop_rapida,9,"(2, 1, 1, 1)",0.9984,6.0,"(2, 2, 2, 2)",0.0000,10.0,"(1, 0, 0, 1)",0.0000,3.0
c=M dc=+ h=M dh=+ L=A dL=- preo=A,contagio Medio (sube); hospital Medio (sube); restriccion Alto (baja); cumplimiento Alto,prop_rapida,0,"(2, 2, 2, 2)",0.0123,10.0,"(1, 1, 1, 0)",0.0123,3.0,"(0, 2, 1, 0)",0.0123,3.0
c=M dc=+ h=M dh=+ L=A dL=0 preo=B,contagio Medio (sube); hospital Medio (sube); restriccion Alto (estable); cumplimiento Bajo,prop_rapida,27,"(0, 1, 2, 1)",0.9998,5.0,"(2, 2, 2, 2)",0.0000,10.0,"(0, 2, 0, 2)",0.0000,6.0
c=M dc=+ h=M dh=+ L=A dL=0 preo=M,contagio Medio (sube); hospital Medio (sube); restriccion Alto (estable); cumplimiento Medio,prop_rapida,0,"(2, 2, 2, 2)",0.0123,10.0,"(1, 1, 1, 0)",0.0123,3.0,"(0, 2, 1, 0)",0.0123,3.0
c=M dc=+ h=M dh=+ L=A dL=0 preo=A,contagio Medio (sube); hospital Medio (sube); restriccion Alto (estable); cumplimiento Alto,prop_rapida,0,"(2, 2, 2, 2)",0.0123,10.0,"(1, 1, 1, 0)",0.0123,3.0,"(0, 2, 1, 0)",0.0123,3.0
c=M dc=+ h=M dh=+ L=A dL=+ preo=B,contagio Medio (sube); hospital Medio (sube); restriccion Alto (sube); cumplimiento Bajo,prop_rapida,1262,"(1, 1, 2, 2)",0.9531,8.0,"(1, 0, 1, 2)",0.0337,6.0,"(0, 0, 1, 1)",0.0043,3.0
c=M dc=+ h=M dh=+ L=A dL=+ preo=M,contagio Medio (sube); hospital Medio (sube); restriccion Alto (sube); cumplimiento Medio,prop_rapida,82,"(0, 0, 1, 1)",0.9993,3.0,"(2, 2, 2, 2)",0.0000,10.0,"(1, 0, 0, 2)",0.0000,5.0
c=M dc=+ h=M dh=+ L=A dL=+ preo=A,contagio Medio (sube); hospital Medio (sube); restriccion Alto (sube); cumplimiento Alto,prop_rapida,2,"(1, 2, 1, 1)",0.0316,6.0,"(2, 2, 2, 2)",0.0122,10.0,"(1, 0, 0, 1)",0.0122,3.0
c=M dc=+ h=A dh=- L=B dL=- preo=B,contagio Medio (sube); hospital Alto (baja); restriccion Bajo (baja); cumplimiento Bajo,emergencia,1014,"(2, 2, 2, 2)",0.9062,10.0,"(1, 2, 2, 2)",0.0396,9.0,"(0, 2, 2, 1)",0.0267,6.0
c=M dc=+ h=A dh=- L=B dL=- preo=M,contagio Medio (sube); hospital Alto (baja); restriccion Bajo (baja); cumplimiento Medio,emergencia,680,"(2, 2, 0, 1)",0.8746,6.0,"(0, 1, 1, 2)",0.0361,6.0,"(2, 1, 2, 0)",0.0322,5.0
c=M dc=+ h=A dh=- L=B dL=- preo=A,contagio Medio (sube); hospital Alto (baja); restriccion Bajo (baja); cumplimiento Alto,emergencia,2706,"(2, 2, 2, 2)",0.3010,10.0,"(0, 0, 2, 1)",0.0812,4.0,"(0, 2, 2, 1)",0.0454,6.0
c=M dc=+ h=A dh=- L=B dL=0 preo=B,contagio Medio (sube); hospital Alto (baja); restriccion Bajo (estable); cumplimiento Bajo,emergencia,7,"(2, 0, 2, 0)",0.7890,4.0,"(0, 2, 0, 1)",0.0026,4.0,"(0, 2, 1, 0)",0.0026,3.0
c=M dc=+ h=A dh=- L=B dL=0 preo=M,contagio Medio (sube); hospital Alto (baja); restriccion Bajo (estable); cumplimiento Medio,emergencia,9,"(0, 2, 1, 1)",0.9908,5.0,"(2, 2, 2, 2)",0.0001,10.0,"(2, 2, 2, 1)",0.0001,8.0
c=M dc=+ h=A dh=- L=B dL=0 preo=A,contagio Medio (sube); hospital Alto (baja); restriccion Bajo (estable); cumplimiento Alto,emergencia,233,"(2, 2, 0, 0)",0.2886,4.0,"(1, 2, 2, 2)",0.0633,9.0,"(1, 1, 2, 2)",0.0398,8.0
c=M dc=+ h=A dh=- L=B dL=+ preo=B,contagio Medio (sube); hospital Alto (baja); restriccion Bajo (sube); cumplimiento Bajo,emergencia,14,"(2, 1, 1, 2)",0.9879,8.0,"(1, 2, 1, 0)",0.0005,4.0,"(2, 2, 2, 2)",0.0001,10.0
c=M dc=+ h=A dh=- L=B dL=+ preo=M,contagio Medio (sube); hospital Alto (baja); restriccion Bajo (sube); cumplimiento Medio,emergencia,12,"(2, 2, 1, 1)",0.8421,7.0,"(1, 2, 2, 0)",0.0130,5.0,"(2, 2, 2, 2)",0.0019,10.0
c=M dc=+ h=A dh=- L=B dL=+ preo=A,contagio Medio (sube); hospital Alto (baja); restriccion Bajo (sube); cumplimiento Alto,emergencia,192,"(1, 2, 2, 1)",0.3784,7.0,"(1, 1, 1, 1)",0.0577,5.0,"(2, 1, 0, 0)",0.0348,3.0
c=M dc=+ h=A dh=- L=M dL=- preo=B,contagio Medio (sube); hospital Alto (baja); restriccion Medio (baja); cumplimiento Bajo,emergencia,129,"(1, 2, 1, 0)",0.9593,4.0,"(0, 0, 0, 2)",0.0237,4.0,"(2, 2, 2, 2)",0.0002,10.0
c=M dc=+ h=A dh=- L=M dL=- preo=M,contagio Medio (sube); hospital Alto (baja); restriccion Medio (baja); cumplimiento Medio,emergencia,216,"(2, 2, 0, 2)",0.9136,8.0,"(2, 0, 2, 0)",0.0362,4.0,"(1, 2, 1, 0)",0.0143,4.0
c=M dc=+ h=A dh=- L=M dL=- preo=A,contagio Medio (sube); hospital Alto (baja); restriccion Medio (baja); cumplimiento Alto,emergencia,452,"(1, 2, 2, 2)",0.3397,9.0,"(2, 1, 2, 1)",0.0667,7.0,"(2, 1, 1, 0)",0.0451,4.0
c=M dc=+ h=A dh=- L=M dL=0 preo=B,contagio Medio (sube); hospital Alto (baja); restriccion Medio (estable); cumplimiento Bajo,emergencia,13,"(1, 2, 2, 0)",0.9990,5.0,"(2, 2, 2, 2)",0.0000,10.0,"(0, 2, 0, 2)",0.0000,6.0
c=M dc=+ h=A dh=- L=M dL=0 preo=M,contagio Medio (sube); hospital Alto (baja); restriccion Medio (estable); cumplimiento Medio,emergencia,6,"(2, 0, 2, 2)",0.9763,8.0,"(2, 2, 2, 2)",0.0003,10.0,"(1, 0, 0, 1)",0.0003,3.0
c=M dc=+ h=A dh=- L=M dL=0 preo=A,contagio Medio (sube); hospital Alto (baja); restriccion Medio (estable); cumplimiento Alto,emergencia,140,"(2, 1, 0, 1)",0.1465,5.0,"(2, 0, 0, 1)",0.0314,4.0,"(2, 2, 2, 1)",0.0123,8.0
c=M dc=+ h=A dh=- L=M dL=+ preo=B,contagio Medio (sube); hospital Alto (baja); restriccion Medio (sube); cumplimiento Bajo,emergencia,56,"(1, 0, 1, 0)",0.9977,2.0,"(1, 2, 0, 1)",0.0007,5.0,"(2, 2, 2, 2)",0.0000,10.0
c=M dc=+ h=A dh=- L=M dL=+ preo=M,contagio Medio (sube); hospital Alto (baja); restriccion Medio (sube); cumplimiento Medio,emergencia,45,"(2, 1, 0, 0)",0.9914,3.0,"(0, 0, 0, 0)",0.0003,0.0,"(0, 2, 1, 0)",0.0001,3.0
c=M dc=+ h=A dh=- L=M dL=+ preo=A,contagio Medio (sube); hospital Alto (baja); restriccion Medio (sube); cumplimiento Alto,emergencia,322,"(2, 0, 2, 2)",0.4336,8.0,"(1, 2, 2, 2)",0.0563,9.0,"(0, 2, 1, 0)",0.0365,3.0
c=M dc=+ h=A dh=- L=A dL=- preo=B,contagio Medio (sube); hospital Alto (baja); restriccion Alto (baja); cumplimiento Bajo,emergencia,8,"(0, 0, 2, 2)",0.9819,6.0,"(2, 2, 2, 2)",0.0002,10.0,"(1, 0, 0, 2)",0.0002,5.0
c=M dc=+ h=A dh=- L=A dL=- preo=M,contagio Medio (sube); hospital Alto (baja); restriccion Alto (baja); cumplimiento Medio,emergencia,2,"(1, 2, 1, 2)",0.5669,8.0,"(2, 2, 2, 2)",0.0054,10.0,"(0, 2, 0, 2)",0.0054,6.0
c=M dc=+ h=A dh=- L=A dL=- preo=A,contagio Medio (sube); hospital Alto (baja); restriccion Alto (baja); cumplimiento Alto,emergencia,64,"(1, 2, 0, 1)",0.2253,5.0,"(1, 1, 1, 1)",0.0103,5.0,"(1, 0, 2, 0)",0.0103,3.0
c=M dc=+ h=A dh=- L=A dL=0 preo=B,contagio Medio (sube); hospital Alto (baja); restriccion Alto (estable); cumplimiento Bajo,emergencia,5,"(1, 0, 2, 0)",0.8491,3.0,"(2, 2, 2, 2)",0.0019,10.0,"(1, 0, 0, 1)",0.0019,3.0
c=M dc=+ h=A dh=- L=A dL=0 preo=M,contagio Medio (sube); hospital Alto (baja); restriccion Alto (estable); cumplimiento Medio,emergencia,0,"(2, 2, 2, 2)",0.0123,10.0,"(1, 1, 1, 0)",0.0123,3.0,"(0, 2, 1, 0)",0.0123,3.0
c=M dc=+ h=A dh=- L=A dL=0 preo=A,contagio Medio (sube); hospital Alto (baja); restriccion Alto (estable); cumplimiento Alto,emergencia,26,"(2, 2, 1, 2)",0.2362,9.0,"(2, 2, 2, 2)",0.0098,10.0,"(1, 0, 1, 0)",0.0098,2.0
c=M dc=+ h=A dh=- L=A dL=+ preo=B,contagio Medio (sube); hospital Alto (baja); restriccion Alto (sube); cumplimiento Bajo,emergencia,41,"(0, 1, 1, 1)",0.9990,4.0,"(2, 2, 2, 2)",0.0000,10.0,"(0, 2, 0, 2)",0.0000,6.0
c=M dc=+ h=A dh=- L=A dL=+ preo=M,contagio Medio (sube); hospital Alto (baja); restriccion Alto (sube); cumplimiento Medio,emergencia,94,"(2, 1, 2, 2)",0.9208,9.0,"(1, 2, 0, 2)",0.0638,7.0,"(2, 1, 0, 2)",0.0026,7.0
c=M dc=+ h=A dh=- L=A dL=+ preo=A,contagio Medio (sube); hospital Alto (baja); restriccion Alto (sube); cumplimiento Alto,emergencia,102,"(2, 0, 2, 1)",0.2076,6.0,"(0, 1, 1, 0)",0.0555,2.0,"(1, 1, 1, 0)",0.0400,3.0
c=M dc=+ h=A dh=0 L=B dL=- preo=B,contagio Medio (sube); hospital Alto (estable); restriccion Bajo (baja); cumplimiento Bajo,emergencia,728,"(2, 2, 1, 1)",0.9772,7.0,"(1, 2, 1, 2)",0.0103,8.0,"(0, 2, 2, 2)",0.0038,8.0
c=M dc=+ h=A dh=0 L=B dL=- preo=M,contagio Medio (sube); hospital Alto (estable); restriccion Bajo (baja); cumplimiento Medio,emergencia,448,"(2, 2, 0, 2)",0.9674,8.0,"(2, 0, 2, 1)",0.0079,6.0,"(2, 1, 2, 1)",0.0073,7.0
c=M dc=+ h=A dh=0 L=B dL=- preo=A,contagio Medio (sube); hospital Alto (estable); restriccion Bajo (baja); cumplimiento Alto,emergencia,1073,"(0, 2, 2, 2)",0.1943,8.0,"(2, 2, 0, 1)",0.0587,6.0,"(1, 2, 1, 1)",0.0548,6.0
c=M dc=+ h=A dh=0 L=B dL=0 preo=B,contagio Medio (sube); hospital Alto (estable); restriccion Bajo (estable); cumplimiento Bajo,emergencia,1,"(0, 0, 1, 2)",0.4211,5.0,"(2, 2, 2, 2)",0.0072,10.0,"(1, 0, 0, 2)",0.0072,5.0
c=M dc=+ h=A dh=0 L=B dL=0 preo=M,contagio Medio (sube); hospital Alto (estable); restriccion Bajo (estable); cumplimiento Medio,emergencia,4,"(1, 1, 1, 1)",0.9773,5.0,"(1, 1, 1, 0)",0.0003,3.0,"(0, 2, 1, 0)",0.0003,3.0
c=M dc=+ h=A dh=0 L=B dL=0 preo=A,contagio Medio (sube); hospital Alto (estable); restriccion Bajo (estable); cumplimiento Alto,emergencia,39,"(1, 2, 1, 0)",0.0968,4.0,"(2, 2, 2, 2)",0.0125,10.0,"(1, 2, 0, 0)",0.0125,3.0
c=M dc=+ h=A dh=0 L=B dL=+ preo=B,contagio Medio (sube); hospital Alto (estable); restriccion Bajo (sube); cumplimiento Bajo,emergencia,8,"(2, 2, 0, 1)",0.9998,6.0,"(2, 2, 2, 2)",0.0000,10.0,"(1, 0, 1, 0)",0.0000,2.0
c=M dc=+ h=A dh=0 L=B dL=+ preo=M,contagio Medio (sube); hospital Alto (estable); restriccion Bajo (sube); cumplimiento Medio,emergencia,8,"(1, 1, 1, 2)",0.9265,7.0,"(1, 1, 1, 0)",0.0009,3.0,"(0, 2, 1, 0)",0.0009,3.0
c=M dc=+ h=A dh=0 L=B dL=+ preo=A,contagio Medio (sube); hospital Alto (estable); restriccion Bajo (sube); cumplimiento Alto,emergencia,26,"(2, 2, 2, 2)",0.0134,10.0,"(1, 1, 0, 2)",0.0134,6.0,"(1, 2, 1, 1)",0.0134,6.0
c=M dc=+ h=A dh=0 L=M dL=- preo=B,contagio Medio (sube); hospital Alto (estable); restriccion Medio (baja); cumplimiento Bajo,emergencia,61,"(1, 2, 0, 2)",0.9985,7.0,"(0, 1, 0, 0)",0.0003,1.0,"(1, 0, 1, 0)",0.0000,2.0
c=M dc=+ h=A dh=0 L=M dL=- preo=M,contagio Medio (sube); hospital Alto (estable); restriccion Medio (baja); cumplimiento Medio,emergencia,161,"(1, 2, 2, 2)",0.9948,9.0,"(1, 1, 2, 0)",0.0013,4.0,"(1, 0, 1, 0)",0.0013,2.0
c=M dc=+ h=A dh=0 L=M dL=- preo=A,contagio Medio (sube); hospital Alto (estable); restriccion Medio (baja); cumplimiento Alto,emergencia,266,"(2, 2, 2, 1)",0.2254,8.0,"(2, 1, 1, 0)",0.0320,4.0,"(0, 0, 2, 0)",0.0294,2.0
c=M dc=+ h=A dh=0 L=M dL=0 preo=B,contagio Medio (sube); hospital Alto (estable); restriccion Medio (estable); cumplimiento Bajo,emergencia,0,"(2, 2, 2, 2)",0.0123,10.0,"(1, 1, 1, 0)",0.0123,3.0,"(0, 2, 1, 0)",0.0123,3.0
c=M dc=+ h=A dh=0 L=M dL=0 preo=M,contagio Medio (sube); hospital Alto (estable); restriccion Medio (estable); cumplimiento Medio,emergencia,11,"(2, 2, 2, 2)",0.9997,10.0,"(2, 2, 2, 1)",0.0000,8.0,"(0, 2, 1, 0)",0.0000,3.0
c=M dc=+ h=A dh=0 L=M dL=0 preo=A,contagio Medio (sube); hospital Alto (estable); restriccion Medio (estable); cumplimiento Alto,emergencia,40,"(0, 1, 1, 0)",0.5118,2.0,"(2, 2, 2, 2)",0.0064,10.0,"(0, 2, 1, 0)",0.0064,3.0
c=M dc=+ h=A dh=0 L=M dL=+ preo=B,contagio Medio (sube); hospital Alto (estable); restriccion Medio (sube); cumplimiento Bajo,emergencia,43,"(2, 1, 1, 0)",0.9022,4.0,"(0, 1, 0, 2)",0.0680,5.0,"(2, 2, 2, 2)",0.0004,10.0
c=M dc=+ h=A dh=0 L=M dL=+ preo=M,contagio Medio (sube); hospital Alto (estable); restriccion Medio (sube); cumplimiento Medio,emergencia,30,"(2, 1, 1, 2)",0.9642,8.0,"(0, 1, 1, 2)",0.0221,6.0,"(0, 1, 1, 0)",0.0027,2.0
c=M dc=+ h=A dh=0 L=M dL=+ preo=A,contagio Medio (sube); hospital Alto (estable); restriccion Medio (sube); cumplimiento Alto,emergencia,98,"(1, 1, 1, 1)",0.1693,5.0,"(2, 0, 2, 0)",0.0567,4.0,"(0, 1, 2, 0)",0.0502,3.0
c=M dc=+ h=A dh=0 L=A dL=- preo=B,contagio Medio (sube); hospital Alto (estable); restriccion Alto (baja); cumplimiento Bajo,emergencia,5,"(0, 1, 1, 0)",0.9870,2.0,"(2, 2, 2, 2)",0.0002,10.0,"(0, 2, 0, 2)",0.0002,6.0
c=M dc=+ h=A dh=0 L=A dL=- preo=M,contagio Medio (sube); hospital Alto (estable); restriccion Alto (baja); cumplimiento Medio,emergencia,0,"(2, 2, 2, 2)",0.0123,10.0,"(1, 1, 1, 0)",0.0123,3.0,"(0, 2, 1, 0)",0.0123,3.0
c=M dc=+ h=A dh=0 L=A dL=- preo=A,contagio Medio (sube); hospital Alto (estable); restriccion Alto (baja); cumplimiento Alto,emergencia,17,"(0, 2, 0, 2)",0.1246,6.0,"(2, 2, 2, 1)",0.0110,8.0,"(0, 2, 1, 1)",0.0110,5.0
c=M dc=+ h=A dh=0 L=A dL=0 preo=B,contagio Medio (sube); hospital Alto (estable); restriccion Alto (estable); cumplimiento Bajo,emergencia,0,"(2, 2, 2, 2)",0.0123,10.0,"(1, 1, 1, 0)",0.0123,3.0,"(0, 2, 1, 0)",0.0123,3.0
c=M dc=+ h=A dh=0 L=A dL=0 preo=M,contagio Medio (sube); hospital Alto (estable); restriccion Alto (estable); cumplimiento Medio,emergencia,0,"(2, 2, 2, 2)",0.0123,10.0,"(1, 1, 1, 0)",0.0123,3.0,"(0, 2, 1, 0)",0.0123,3.0
c=M dc=+ h=A dh=0 L=A dL=0 preo=A,contagio Medio (sube); hospital Alto (estable); restriccion Alto (estable); cumplimiento Alto,emergencia,4,"(2, 2, 2, 2)",0.0125,10.0,"(1, 0, 1, 0)",0.0125,2.0,"(0, 2, 1, 1)",0.0125,5.0
c=M dc=+ h=A dh=0 L=A dL=+ preo=B,contagio Medio (sube); hospital Alto (estable); restriccion Alto (sube); cumplimiento Bajo,emergencia,16,"(0, 0, 2, 2)",0.9869,6.0,"(0, 0, 2, 1)",0.0033,4.0,"(2, 2, 2, 2)",0.0001,10.0
c=M dc=+ h=A dh=0 L=A dL=+ preo=M,contagio Medio (sube); hospital Alto (estable); restriccion Alto (sube); cumplimiento Medio,emergencia,49,"(1, 1, 1, 0)",0.9796,3.0,"(2, 2, 2, 2)",0.0006,10.0,"(0, 0, 0, 1)",0.0003,2.0
c=M dc=+ h=A dh=0 L=A dL=+ preo=A,contagio Medio (sube); hospital Alto (estable); restriccion Alto (sube); cumplimiento Alto,emergencia,19,"(2, 2, 1, 2)",0.3379,9.0,"(2, 2, 2, 2)",0.0084,10.0,"(1, 0, 0, 2)",0.0084,5.0
c=M dc=+ h=A dh=+ L=B dL=- preo=B,contagio Medio (sube); hospital Alto (sube); restriccion Bajo (baja); cumplimiento Bajo,emergencia,6179,"(2, 1, 2, 2)",0.5012,9.0,"(2, 2, 2, 1)",0.1063,8.0,"(2, 2, 1, 2)",0.0935,9.0
c=M dc=+ h=A dh=+ L=B dL=- preo=M,contagio Medio (sube); hospital Alto (sube); restriccion Bajo (baja); cumplimiento Medio,emergencia,1746,"(2, 2, 2, 0)",0.5059,6.0,"(1, 0, 2, 2)",0.2463,7.0,"(1, 1, 0, 2)",0.1488,6.0
c=M dc=+ h=A dh=+ L=B dL=- preo=A,contagio Medio (sube); hospital Alto (sube); restriccion Bajo (baja); cumplimiento Alto,emergencia,1288,"(1, 2, 1, 2)",0.1163,8.0,"(1, 2, 1, 1)",0.0540,6.0,"(2, 1, 1, 2)",0.0523,8.0
c=M dc=+ h=A dh=+ L=B dL=0 preo=B,contagio Medio (sube); hospital Alto (sube); restriccion Bajo (estable); cumplimiento Bajo,emergencia,9,"(1, 2, 2, 0)",0.9871,5.0,"(2, 2, 2, 2)",0.0002,10.0,"(0, 2, 0, 2)",0.0002,6.0
c=M dc=+ h=A dh=+ L=B dL=0 preo=M,contagio Medio (sube); hospital Alto (sube); restriccion Bajo (estable); cumplimiento Medio,emergencia,28,"(2, 0, 2, 1)",0.9953,6.0,"(1, 0, 1, 0)",0.0001,2.0,"(0, 2, 1, 1)",0.0001,5.0
c=M dc=+ h=A dh=+ L=B dL=0 preo=A,contagio Medio (sube); hospital Alto (sube); restriccion Bajo (estable); cumplimiento Alto,emergencia,81,"(1, 2, 0, 2)",0.1076,7.0,"(2, 0, 2, 1)",0.0304,6.0,"(1, 1, 2, 1)",0.0260,6.0
c=M dc=+ h=A dh=+ L=B dL=+ preo=B,contagio Medio (sube); hospital Alto (sube); restriccion Bajo (sube); cumplimiento Bajo,emergencia,35,"(2, 0, 1, 2)",0.9994,7.0,"(2, 2, 2, 1)",0.0000,8.0,"(0, 2, 1, 1)",0.0000,5.0
c=M dc=+ h=A dh=+ L=B dL=+ preo=M,contagio Medio (sube); hospital Alto (sube); restriccion Bajo (sube); cumplimiento Medio,emergencia,20,"(1, 2, 0, 1)",0.9892,5.0,"(1, 1, 1, 1)",0.0001,5.0,"(1, 0, 1, 1)",0.0001,4.0
c=M dc=+ h=A dh=+ L=B dL=+ preo=A,contagio Medio (sube); hospital Alto (sube); restriccion Bajo (sube); cumplimiento Alto,emergencia,29,"(0, 1, 2, 0)",0.1376,3.0,"(2, 2, 2, 2)",0.0115,10.0,"(1, 0, 2, 2)",0.0115,7.0
c=M dc=+ h=A dh=+ L=M dL=- preo=B,contagio Medio (sube); hospital Alto (sube); restriccion Medio (baja); cumplimiento Bajo,emergencia,118,"(2, 2, 0, 2)",0.9814,8.0,"(1, 1, 1, 0)",0.0003,3.0,"(1, 0, 0, 2)",0.0002,5.0
c=M dc=+ h=A dh=+ L=M dL=- preo=M,contagio Medio (sube); hospital Alto (sube); restriccion Medio (baja); cumplimiento Medio,emergencia,402,"(2, 1, 2, 2)",0.9915,9.0,"(1, 0, 1, 0)",0.0030,2.0,"(2, 1, 1, 2)",0.0015,8.0
c=M dc=+ h=A dh=+ L=M dL=- preo=A,contagio Medio (sube); hospital Alto (sube); restriccion Medio (baja); cumplimiento Alto,emergencia,377,"(0, 1, 2, 0)",0.1030,3.0,"(1, 1, 2, 2)",0.0418,8.0,"(0, 1, 0, 0)",0.0368,1.0
c=M dc=+ h=A dh=+ L=M dL=0 preo=B,contagio Medio (sube); hospital Alto (sube); restriccion Medio (estable); cumplimiento Bajo,emergencia,14,"(0, 2, 2, 1)",0.9950,6.0,"(2, 2, 2, 2)",0.0001,10.0,"(1, 1, 1, 0)",0.0001,3.0
c=M dc=+ h=A dh=+ L=M dL=0 preo=M,contagio Medio (sube); hospital Alto (sube); restriccion Medio (estable); cumplimiento Medio,emergencia,42,"(0, 0, 0, 1)",0.9898,2.0,"(2, 2, 2, 2)",0.0001,10.0,"(1, 0, 1, 0)",0.0001,2.0
c=M dc=+ h=A dh=+ L=M dL=0 preo=A,contagio Medio (sube); hospital Alto (sube); restriccion Medio (estable); cumplimiento Alto,emergencia,82,"(2, 2, 1, 2)",0.1572,9.0,"(0, 2, 1, 0)",0.0517,3.0,"(0, 2, 0, 2)",0.0388,6.0
c=M dc=+ h=A dh=+ L=M dL=+ preo=B,contagio Medio (sube); hospital Alto (sube); restriccion Medio (sube); cumplimiento Bajo,emergencia,86,"(2, 1, 0, 2)",0.9424,7.0,"(0, 1, 2, 2)",0.0437,7.0,"(1, 2, 2, 0)",0.0033,5.0
c=M dc=+ h=A dh=+ L=M dL=+ preo=M,contagio Medio (sube); hospital Alto (sube); restriccion Medio (sube); cumplimiento Medio,emergencia,69,"(2, 1, 0, 2)",0.9929,7.0,"(2, 2, 2, 2)",0.0001,10.0,"(0, 2, 0, 1)",0.0001,4.0
c=M dc=+ h=A dh=+ L=M dL=+ preo=A,contagio Medio (sube); hospital Alto (sube); restriccion Medio (sube); cumplimiento Alto,emergencia,176,"(2, 2, 2, 1)",0.4864,8.0,"(1, 2, 2, 0)",0.0187,5.0,"(1, 0, 2, 1)",0.0181,5.0
c=M dc=+ h=A dh=+ L=A dL=- preo=B,contagio Medio (sube); hospital Alto (sube); restriccion Alto (baja); cumplimiento Bajo,emergencia,12,"(1, 1, 1, 0)",0.9992,3.0,"(2, 2, 2, 2)",0.0000,10.0,"(0, 2, 1, 0)",0.0000,3.0
c=M dc=+ h=A dh=+ L=A dL=- preo=M,contagio Medio (sube); hospital Alto (sube); restriccion Alto (baja); cumplimiento Medio,emergencia,10,"(2, 0, 1, 0)",0.9587,3.0,"(2, 2, 2, 2)",0.0005,10.0,"(0, 2, 0, 2)",0.0005,6.0
c=M dc=+ h=A dh=+ L=A dL=- preo=A,contagio Medio (sube); hospital Alto (sube); restriccion Alto (baja); cumplimiento Alto,emergencia,23,"(1, 1, 2, 1)",0.0543,6.0,"(2, 2, 2, 2)",0.0120,10.0,"(1, 0, 0, 2)",0.0120,5.0
c=M dc=+ h=A dh=+ L=A dL=0 preo=B,contagio Medio (sube); hospital Alto (sube); restriccion Alto (estable); cumplimiento Bajo,emergencia,7,"(1, 1, 0, 0)",0.9763,2.0,"(2, 2, 2, 2)",0.0003,10.0,"(1, 0, 0, 1)",0.0003,3.0
c=M dc=+ h=A dh=+ L=A dL=0 preo=M,contagio Medio (sube); hospital Alto (sube); restriccion Alto (estable); cumplimiento Medio,emergencia,2,"(1, 2, 2, 0)",0.9705,5.0,"(2, 2, 2, 2)",0.0004,10.0,"(0, 2, 0, 2)",0.0004,6.0
c=M dc=+ h=A dh=+ L=A dL=0 preo=A,contagio Medio (sube); hospital Alto (sube); restriccion Alto (estable); cumplimiento Alto,emergencia,7,"(2, 2, 0, 0)",0.1776,4.0,"(2, 2, 2, 2)",0.0103,10.0,"(1, 0, 0, 2)",0.0103,5.0
c=M dc=+ h=A dh=+ L=A dL=+ preo=B,contagio Medio (sube); hospital Alto (sube); restriccion Alto (sube); cumplimiento Bajo,emergencia,32,"(2, 1, 1, 1)",0.9882,6.0,"(2, 1, 2, 1)",0.0097,7.0,"(1, 0, 0, 1)",0.0000,3.0
c=M dc=+ h=A dh=+ L=A dL=+ preo=M,contagio Medio (sube); hospital Alto (sube); restriccion Alto (sube); cumplimiento Medio,emergencia,81,"(1, 1, 2, 2)",0.9968,8.0,"(2, 1, 1, 1)",0.0017,6.0,"(1, 0, 2, 2)",0.0001,7.0
c=M dc=+ h=A dh=+ L=A dL=+ preo=A,contagio Medio (sube); hospital Alto (sube); restriccion Alto (sube); cumplimiento Alto,emergencia,27,"(2, 1, 1, 0)",0.0702,4.0,"(2, 2, 2, 2)",0.0117,10.0,"(0, 2, 1, 0)",0.0117,3.0
c=A dc=- h=B dh=- L=B dL=- preo=B,contagio Alto (baja); hospital Bajo (baja); restriccion Bajo (baja); cumplimiento Bajo,emergencia,26,"(2, 1, 2, 0)",0.9987,5.0,"(1, 0, 0, 2)",0.0008,5.0,"(0, 2, 1, 0)",0.0000,3.0
c=A dc=- h=B dh=- L=B dL=- preo=M,contagio Alto (baja); hospital Bajo (baja); restriccion Bajo (baja); cumplimiento Medio,emergencia,31,"(2, 2, 2, 0)",0.9758,6.0,"(1, 0, 1, 0)",0.0083,2.0,"(1, 0, 0, 2)",0.0002,5.0
c=A dc=- h=B dh=- L=B dL=- preo=A,contagio Alto (baja); hospital Bajo (baja); restriccion Bajo (baja); cumplimiento Alto,emergencia,2,"(2, 2, 2, 2)",0.0124,10.0,"(1, 0, 1, 0)",0.0124,2.0,"(0, 2, 1, 2)",0.0124,7.0
c=A dc=- h=B dh=- L=B dL=0 preo=B,contagio Alto (baja); hospital Bajo (baja); restriccion Bajo (estable); cumplimiento Bajo,emergencia,23,"(1, 0, 1, 0)",0.9999,2.0,"(2, 2, 2, 2)",0.0000,10.0,"(1, 0, 0, 1)",0.0000,3.0
c=A dc=- h=B dh=- L=B dL=0 preo=M,contagio Alto (baja); hospital Bajo (baja); restriccion Bajo (estable); cumplimiento Medio,emergencia,15,"(0, 0, 2, 0)",0.9855,2.0,"(2, 2, 2, 2)",0.0002,10.0,"(1, 0, 0, 2)",0.0002,5.0
c=A dc=- h=B dh=- L=B dL=0 preo=A,contagio Alto (baja); hospital Bajo (baja); restriccion Bajo (estable); cumplimiento Alto,emergencia,0,"(2, 2, 2, 2)",0.0123,10.0,"(1, 1, 1, 0)",0.0123,3.0,"(0, 2, 1, 0)",0.0123,3.0
c=A dc=- h=B dh=- L=B dL=+ preo=B,contagio Alto (baja); hospital Bajo (baja); restriccion Bajo (sube); cumplimiento Bajo,emergencia,100,"(2, 0, 2, 2)",0.9995,8.0,"(2, 0, 0, 0)",0.0005,2.0,"(2, 2, 2, 2)",0.0000,10.0
c=A dc=- h=B dh=- L=B dL=+ preo=M,contagio Alto (baja); hospital Bajo (baja); restriccion Bajo (sube); cumplimiento Medio,emergencia,27,"(1, 1, 2, 1)",0.9763,6.0,"(2, 2, 2, 2)",0.0003,10.0,"(1, 0, 0, 2)",0.0003,5.0
c=A dc=- h=B dh=- L=B dL=+ preo=A,contagio Alto (baja); hospital Bajo (baja); restriccion Bajo (sube); cumplimiento Alto,emergencia,1,"(2, 2, 2, 2)",0.0124,10.0,"(2, 2, 2, 1)",0.0124,8.0,"(0, 2, 1, 1)",0.0124,5.0
c=A dc=- h=B dh=- L=M dL=- preo=B,contagio Alto (baja); hospital Bajo (baja); restriccion Medio (baja); cumplimiento Bajo,emergencia,31,"(2, 0, 0, 1)",0.9938,4.0,"(2, 1, 0, 2)",0.0059,7.0,"(2, 2, 2, 2)",0.0000,10.0
c=A dc=- h=B dh=- L=M dL=- preo=M,contagio Alto (baja); hospital Bajo (baja); restriccion Medio (baja); cumplimiento Medio,emergencia,71,"(2, 0, 0, 1)",0.9953,4.0,"(2, 2, 0, 1)",0.0023,6.0,"(2, 0, 0, 0)",0.0006,2.0
c=A dc=- h=B dh=- L=M dL=- preo=A,contagio Alto (baja); hospital Bajo (baja); restriccion Medio (baja); cumplimiento Alto,emergencia,2,"(2, 2, 0, 1)",0.0768,6.0,"(2, 2, 2, 2)",0.0115,10.0,"(1, 0, 0, 2)",0.0115,5.0
c=A dc=- h=B dh=- L=M dL=0 preo=B,contagio Alto (baja); hospital Bajo (baja); restriccion Medio (estable); cumplimiento Bajo,emergencia,8,"(2, 2, 1, 2)",1.0000,9.0,"(2, 2, 2, 2)",0.0000,10.0,"(1, 0, 0, 2)",0.0000,5.0
c=A dc=- h=B dh=- L=M dL=0 preo=M,contagio Alto (baja); hospital Bajo (baja); restriccion Medio (estable); cumplimiento Medio,emergencia,11,"(2, 0, 1, 0)",0.9920,3.0,"(2, 2, 2, 2)",0.0001,10.0,"(1, 1, 1, 0)",0.0001,3.0
c=A dc=- h=B dh=- L=M dL=0 preo=A,contagio Alto (baja); hospital Bajo (baja); restriccion Medio (estable); cumplimiento Alto,emergencia,5,"(2, 0, 0, 0)",0.0203,2.0,"(2, 2, 2, 2)",0.0124,10.0,"(1, 1, 1, 0)",0.0124,3.0
c=A dc=- h=B dh=- L=M dL=+ preo=B,contagio Alto (baja); hospital Bajo (baja); restriccion Medio (sube); cumplimiento Bajo,emergencia,384,"(0, 2, 0, 0)",0.9975,2.0,"(0, 0, 0, 2)",0.0009,4.0,"(2, 0, 2, 2)",0.0006,8.0
c=A dc=- h=B dh=- L=M dL=+ preo=M,contagio Alto (baja); hospital Bajo (baja); restriccion Medio (sube); cumplimiento Medio,emergencia,155,"(1, 0, 2, 2)",0.9900,7.0,"(1, 2, 0, 1)",0.0023,5.0,"(1, 1, 0, 0)",0.0001,2.0
c=A dc=- h=B dh=- L=M dL=+ preo=A,contagio Alto (baja); hospital Bajo (baja); restriccion Medio (sube); cumplimiento Alto,emergencia,15,"(2, 2, 2, 2)",0.9976,10.0,"(1, 0, 1, 1)",0.0000,4.0,"(0, 2, 1, 2)",0.0000,7.0
c=A dc=- h=B dh=- L=A dL=- preo=B,contagio Alto (baja); hospital Bajo (baja); restriccion Alto (baja); cumplimiento Bajo,emergencia,53,"(0, 0, 1, 0)",0.9997,1.0,"(2, 2, 2, 2)",0.0000,10.0,"(1, 0, 0, 2)",0.0000,5.0
c=A dc=- h=B dh=- L=A dL=- preo=M,contagio Alto (baja); hospital Bajo (baja); restriccion Alto (baja); cumplimiento Medio,emergencia,37,"(1, 0, 2, 1)",0.9846,5.0,"(0, 1, 2, 1)",0.0025,5.0,"(2, 2, 2, 2)",0.0002,10.0
c=A dc=- h=B dh=- L=A dL=- preo=A,contagio Alto (baja); hospital Bajo (baja); restriccion Alto (baja); cumplimiento Alto,emergencia,0,"(2, 2, 2, 2)",0.0123,10.0,"(1, 1, 1, 0)",0.0123,3.0,"(0, 2, 1, 0)",0.0123,3.0
c=A dc=- h=B dh=- L=A dL=0 preo=B,contagio Alto (baja); hospital Bajo (baja); restriccion Alto (estable); cumplimiento Bajo,emergencia,26,"(0, 2, 0, 2)",0.9991,6.0,"(1, 1, 1, 0)",0.0000,3.0,"(0, 2, 1, 0)",0.0000,3.0
c=A dc=- h=B dh=- L=A dL=0 preo=M,contagio Alto (baja); hospital Bajo (baja); restriccion Alto (estable); cumplimiento Medio,emergencia,13,"(1, 2, 1, 1)",0.9697,6.0,"(2, 2, 2, 2)",0.0004,10.0,"(1, 0, 0, 2)",0.0004,5.0
c=A dc=- h=B dh=- L=A dL=0 preo=A,contagio Alto (baja); hospital Bajo (baja); restriccion Alto (estable); cumplimiento Alto,emergencia,3,"(2, 2, 2, 2)",0.0125,10.0,"(1, 0, 0, 2)",0.0125,5.0,"(0, 2, 1, 1)",0.0125,5.0
c=A dc=- h=B dh=- L=A dL=+ preo=B,contagio Alto (baja); hospital Bajo (baja); restriccion Alto (sube); cumplimiento Bajo,emergencia,2145,"(2, 2, 1, 2)",0.9710,9.0,"(2, 1, 2, 2)",0.0148,9.0,"(1, 1, 2, 2)",0.0056,8.0
c=A dc=- h=B dh=- L=A dL=+ preo=M,contagio Alto (baja); hospital Bajo (baja); restriccion Alto (sube); cumplimiento Medio,emergencia,2189,"(1, 2, 2, 2)",0.8951,9.0,"(0, 1, 1, 1)",0.0309,4.0,"(0, 2, 2, 2)",0.0203,8.0
c=A dc=- h=B dh=- L=A dL=+ preo=A,contagio Alto (baja); hospital Bajo (baja); restriccion Alto (sube); cumplimiento Alto,emergencia,30,"(1, 1, 0, 2)",0.6720,6.0,"(2, 2, 2, 2)",0.0042,10.0,"(1, 0, 0, 2)",0.0042,5.0
c=A dc=- h=B dh=0 L=B dL=- preo=B,contagio Alto (baja); hospital Bajo (estable); restriccion Bajo (baja); cumplimiento Bajo,emergencia,17,"(2, 2, 2, 2)",0.9997,10.0,"(1, 1, 1, 2)",0.0003,7.0,"(1, 0, 0, 2)",0.0000,5.0
c=A dc=- h=B dh=0 L=B dL=- preo=M,contagio Alto (baja); hospital Bajo (estable); restriccion Bajo (baja); cumplimiento Medio,emergencia,8,"(2, 0, 0, 0)",0.9916,2.0,"(2, 2, 2, 2)",0.0001,10.0,"(0, 2, 0, 2)",0.0001,6.0
c=A dc=- h=B dh=0 L=B dL=- preo=A,contagio Alto (baja); hospital Bajo (estable); restriccion Bajo (baja); cumplimiento Alto,emergencia,2,"(1, 1, 2, 0)",0.2256,4.0,"(2, 2, 2, 2)",0.0097,10.0,"(1, 0, 0, 2)",0.0097,5.0
c=A dc=- h=B dh=0 L=B dL=0 preo=B,contagio Alto (baja); hospital Bajo (estable); restriccion Bajo (estable); cumplimiento Bajo,emergencia,14,"(2, 0, 2, 2)",0.9986,8.0,"(1, 2, 1, 2)",0.0011,8.0,"(2, 2, 2, 2)",0.0000,10.0
c=A dc=- h=B dh=0 L=B dL=0 preo=M,contagio Alto (baja); hospital Bajo (estable); restriccion Bajo (estable); cumplimiento Medio,emergencia,6,"(0, 1, 0, 1)",0.9256,3.0,"(2, 2, 2, 2)",0.0009,10.0,"(0, 2, 0, 2)",0.0009,6.0
c=A dc=- h=B dh=0 L=B dL=0 preo=A,contagio Alto (baja); hospital Bajo (estable); restriccion Bajo (estable); cumplimiento Alto,emergencia,0,"(2, 2, 2, 2)",0.0123,10.0,"(1, 1, 1, 0)",0.0123,3.0,"(0, 2, 1, 0)",0.0123,3.0
c=A dc=- h=B dh=0 L=B dL=+ preo=B,contagio Alto (baja); hospital Bajo (estable); restriccion Bajo (sube); cumplimiento Bajo,emergencia,61,"(0, 0, 2, 0)",0.9991,2.0,"(1, 0, 2, 0)",0.0006,3.0,"(1, 2, 1, 0)",0.0002,4.0
c=A dc=- h=B dh=0 L=B dL=+ preo=M,contagio Alto (baja); hospital Bajo (estable); restriccion Bajo (sube); cumplimiento Medio,emergencia,10,"(0, 1, 0, 2)",0.9480,5.0,"(1, 1, 0, 1)",0.0114,4.0,"(2, 2, 2, 2)",0.0005,10.0
c=A dc=- h=B dh=0 L=B dL=+ preo=A,contagio Alto (baja); hospital Bajo (estable); restriccion Bajo (sube); cumplimiento Alto,emergencia,0,"(2, 2, 2, 2)",0.0123,10.0,"(1, 1, 1, 0)",0.0123,3.0,"(0, 2, 1, 0)",0.0123,3.0
c=A dc=- h=B dh=0 L=M dL=- preo=B,contagio Alto (baja); hospital Bajo (estable); restriccion Medio (baja); cumplimiento Bajo,emergencia,22,"(0, 0, 1, 1)",0.9999,3.0,"(2, 2, 2, 2)",0.0000,10.0,"(1, 0, 1, 0)",0.0000,2.0
c=A dc=- h=B dh=0 L=M dL=- preo=M,contagio Alto (baja); hospital Bajo (estable); restriccion Medio (baja); cumplimiento Medio,emergencia,23,"(1, 1, 1, 2)",0.9811,7.0,"(1, 0, 1, 0)",0.0114,2.0,"(1, 0, 0, 1)",0.0001,3.0
c=A dc=- h=B dh=0 L=M dL=- preo=A,contagio Alto (baja); hospital Bajo (estable); restriccion Medio (baja); cumplimiento Alto,emergencia,0,"(2, 2, 2, 2)",0.0123,10.0,"(1, 1, 1, 0)",0.0123,3.0,"(0, 2, 1, 0)",0.0123,3.0
c=A dc=- h=B dh=0 L=M dL=0 preo=B,contagio Alto (baja); hospital Bajo (estable); restriccion Medio (estable); cumplimiento Bajo,emergencia,9,"(2, 2, 0, 2)",1.0000,8.0,"(2, 2, 2, 2)",0.0000,10.0,"(1, 0, 0, 2)",0.0000,5.0
c=A dc=- h=B dh=0 L=M dL=0 preo=M,contagio Alto (baja); hospital Bajo (estable); restriccion Medio (estable); cumplimiento Medio,emergencia,2,"(1, 1, 2, 0)",0.6544,4.0,"(2, 2, 2, 2)",0.0043,10.0,"(1, 0, 0, 2)",0.0043,5.0
c=A dc=- h=B dh=0 L=M dL=0 preo=A,contagio Alto (baja); hospital Bajo (estable); restriccion Medio (estable); cumplimiento Alto,emergencia,3,"(2, 2, 2, 2)",0.0125,10.0,"(1, 0, 0, 2)",0.0125,5.0,"(0, 2, 1, 1)",0.0125,5.0
c=A dc=- h=B dh=0 L=M dL=+ preo=B,contagio Alto (baja); hospital Bajo (estable); restriccion Medio (sube); cumplimiento Bajo,emergencia,206,"(0, 2, 0, 1)",0.9985,4.0,"(2, 2, 2, 1)",0.0007,8.0,"(1, 0, 1, 2)",0.0004,6.0
c=A dc=- h=B dh=0 L=M dL=+ preo=M,contagio Alto (baja); hospital Bajo (estable); restriccion Medio (sube); cumplimiento Medio,emergencia,86,"(1, 0, 1, 1)",0.9931,4.0,"(0, 2, 1, 0)",0.0016,3.0,"(1, 2, 2, 2)",0.0006,9.0
c=A dc=- h=B dh=0 L=M dL=+ preo=A,contagio Alto (baja); hospital Bajo (estable); restriccion Medio (sube); cumplimiento Alto,emergencia,7,"(1, 2, 2, 1)",0.7199,7.0,"(2, 2, 2, 2)",0.0036,10.0,"(0, 2, 1, 2)",0.0036,7.0
c=A dc=- h=B dh=0 L=A dL=- preo=B,contagio Alto (baja); hospital Bajo (estable); restriccion Alto (baja); cumplimiento Bajo,emergencia,57,"(2, 2, 1, 2)",0.9997,9.0,"(2, 2, 0, 2)",0.0002,8.0,"(0, 2, 2, 1)",0.0000,6.0
c=A dc=- h=B dh=0 L=A dL=- preo=M,contagio Alto (baja); hospital Bajo (estable); restriccion Alto (baja); cumplimiento Medio,emergencia,27,"(1, 1, 0, 2)",0.9582,6.0,"(1, 0, 1, 2)",0.0186,6.0,"(2, 2, 2, 2)",0.0003,10.0
c=A dc=- h=B dh=0 L=A dL=- preo=A,contagio Alto (baja); hospital Bajo (estable); restriccion Alto (baja); cumplimiento Alto,emergencia,4,"(2, 1, 2, 2)",0.0420,9.0,"(2, 2, 2, 2)",0.0120,10.0,"(1, 0, 0, 2)",0.0120,5.0
c=A dc=- h=B dh=0 L=A dL=0 preo=B,contagio Alto (baja); hospital Bajo (estable); restriccion Alto (estable); cumplimiento Bajo,emergencia,10,"(1, 1, 2, 1)",0.9993,6.0,"(2, 2, 2, 1)",0.0003,8.0,"(1, 0, 0, 2)",0.0000,5.0
c=A dc=- h=B dh=0 L=A dL=0 preo=M,contagio Alto (baja); hospital Bajo (estable); restriccion Alto (estable); cumplimiento Medio,emergencia,10,"(2, 0, 1, 2)",0.8981,7.0,"(2, 0, 1, 1)",0.0413,5.0,"(0, 2, 0, 2)",0.0008,6.0
c=A dc=- h=B dh=0 L=A dL=0 preo=A,contagio Alto (baja); hospital Bajo (estable); restriccion Alto (estable); cumplimiento Alto,emergencia,1,"(2, 1, 1, 2)",0.1892,8.0,"(2, 2, 2, 2)",0.0101,10.0,"(1, 0, 0, 1)",0.0101,3.0
c=A dc=- h=B dh=0 L=A dL=+ preo=B,contagio Alto (baja); hospital Bajo (estable); restriccion Alto (sube); cumplimiento Bajo,emergencia,1150,"(1, 2, 2, 1)",0.9665,7.0,"(2, 2, 0, 1)",0.0094,6.0,"(2, 2, 2, 2)",0.0027,10.0
c=A dc=- h=B dh=0 L=A dL=+ preo=M,contagio Alto (baja); hospital Bajo (estable); restriccion Alto (sube); cumplimiento Medio,emergencia,989,"(2, 2, 2, 2)",0.9635,10.0,"(2, 2, 1, 1)",0.0094,7.0,"(2, 0, 2, 1)",0.0092,6.0
c=A dc=- h=B dh=0 L=A dL=+ preo=A,contagio Alto (baja); hospital Bajo (estable); restriccion Alto (sube); cumplimiento Alto,emergencia,13,"(2, 2, 0, 2)",0.1444,8.0,"(2, 2, 2, 2)",0.0108,10.0,"(1, 0, 0, 2)",0.0108,5.0
c=A dc=- h=B dh=+ L=B dL=- preo=B,contagio Alto (baja); hospital Bajo (sube); restriccion Bajo (baja); cumplimiento Bajo,emergencia,277,"(2, 1, 2, 0)",0.9875,5.0,"(0, 2, 2, 0)",0.0055,4.0,"(1, 2, 1, 0)",0.0021,4.0
c=A dc=- h=B dh=+ L=B dL=- preo=M,contagio Alto (baja); hospital Bajo (sube); restriccion Bajo (baja); cumplimiento Medio,emergencia,124,"(1, 1, 1, 2)",0.5310,7.0,"(2, 2, 2, 2)",0.0062,10.0,"(1, 0, 0, 2)",0.0062,5.0
c=A dc=- h=B dh=+ L=B dL=- preo=A,contagio Alto (baja); hospital Bajo (sube); restriccion Bajo (baja); cumplimiento Alto,emergencia,430,"(2, 2, 2, 2)",0.0430,10.0,"(2, 0, 1, 0)",0.0180,3.0,"(1, 1, 0, 2)",0.0150,6.0
c=A dc=- h=B dh=+ L=B dL=0 preo=B,contagio Alto (baja); hospital Bajo (sube); restriccion Bajo (estable); cumplimiento Bajo,emergencia,26,"(2, 0, 1, 2)",0.9476,7.0,"(2, 2, 2, 2)",0.0007,10.0,"(0, 2, 1, 0)",0.0007,3.0
c=A dc=- h=B dh=+ L=B dL=0 preo=M,contagio Alto (baja); hospital Bajo (sube); restriccion Bajo (estable); cumplimiento Medio,emergencia,7,"(2, 0, 2, 2)",0.9759,8.0,"(2, 1, 2, 1)",0.0098,7.0,"(1, 0, 0, 2)",0.0002,5.0
c=A dc=- h=B dh=+ L=B dL=0 preo=A,contagio Alto (baja); hospital Bajo (sube); restriccion Bajo (estable); cumplimiento Alto,emergencia,77,"(2, 2, 1, 1)",0.0384,7.0,"(1, 2, 1, 1)",0.0162,6.0,"(2, 2, 2, 1)",0.0162,8.0
c=A dc=- h=B dh=+ L=B dL=+ preo=B,contagio Alto (baja); hospital Bajo (sube); restriccion Bajo (sube); cumplimiento Bajo,emergencia,184,"(2, 0, 2, 2)",0.9974,8.0,"(0, 1, 2, 0)",0.0001,3.0,"(2, 2, 2, 2)",0.0000,10.0
c=A dc=- h=B dh=+ L=B dL=+ preo=M,contagio Alto (baja); hospital Bajo (sube); restriccion Bajo (sube); cumplimiento Medio,emergencia,28,"(0, 2, 2, 2)",0.9978,8.0,"(2, 2, 2, 2)",0.0000,10.0,"(2, 2, 2, 1)",0.0000,8.0
c=A dc=- h=B dh=+ L=B dL=+ preo=A,contagio Alto (baja); hospital Bajo (sube); restriccion Bajo (sube); cumplimiento Alto,emergencia,107,"(2, 2, 2, 1)",0.0612,8.0,"(1, 2, 2, 1)",0.0162,7.0,"(1, 0, 2, 2)",0.0162,7.0
c=A dc=- h=B dh=+ L=M dL=- preo=B,contagio Alto (baja); hospital Bajo (sube); restriccion Medio (baja); cumplimiento Bajo,emergencia,162,"(0, 0, 2, 0)",0.9983,2.0,"(0, 1, 2, 2)",0.0011,7.0,"(1, 2, 1, 2)",0.0005,8.0
c=A dc=- h=B dh=+ L=M dL=- preo=M,contagio Alto (baja); hospital Bajo (sube); restriccion Medio (baja); cumplimiento Medio,emergencia,105,"(1, 1, 2, 2)",0.9325,8.0,"(2, 2, 2, 2)",0.0009,10.0,"(1, 0, 1, 0)",0.0009,2.0
c=A dc=- h=B dh=+ L=M dL=- preo=A,contagio Alto (baja); hospital Bajo (sube); restriccion Medio (baja); cumplimiento Alto,emergencia,427,"(1, 0, 0, 0)",0.1452,1.0,"(2, 0, 1, 2)",0.0257,7.0,"(2, 2, 1, 1)",0.0251,7.0
c=A dc=- h=B dh=+ L=M dL=0 preo=B,contagio Alto (baja); hospital Bajo (sube); restriccion Medio (estable); cumplimiento Bajo,emergencia,16,"(1, 2, 0, 0)",0.8313,3.0,"(0, 2, 2, 0)",0.0615,4.0,"(0, 2, 1, 2)",0.0305,7.0
c=A dc=- h=B dh=+ L=M dL=0 preo=M,contagio Alto (baja); hospital Bajo (sube); restriccion Medio (estable); cumplimiento Medio,emergencia,12,"(0, 2, 0, 0)",0.3244,2.0,"(2, 2, 2, 2)",0.0085,10.0,"(0, 2, 1, 0)",0.0085,3.0
c=A dc=- h=B dh=+ L=M dL=0 preo=A,contagio Alto (baja); hospital Bajo (sube); restriccion Medio (estable); cumplimiento Alto,emergencia,128,"(2, 2, 2, 1)",0.0534,8.0,"(1, 1, 1, 0)",0.0142,3.0,"(2, 0, 1, 2)",0.0142,7.0
c=A dc=- h=B dh=+ L=M dL=+ preo=B,contagio Alto (baja); hospital Bajo (sube); restriccion Medio (sube); cumplimiento Bajo,emergencia,1824,"(0, 0, 0, 0)",0.9102,0.0,"(2, 1, 2, 0)",0.0296,5.0,"(1, 0, 0, 0)",0.0295,1.0
c=A dc=- h=B dh=+ L=M dL=+ preo=M,contagio Alto (baja); hospital Bajo (sube); restriccion Medio (sube); cumplimiento Medio,emergencia,207,"(0, 0, 0, 0)",0.8806,0.0,"(2, 1, 0, 1)",0.0378,5.0,"(1, 0, 0, 0)",0.0101,1.0
c=A dc=- h=B dh=+ L=M dL=+ preo=A,contagio Alto (baja); hospital Bajo (sube); restriccion Medio (sube); cumplimiento Alto,emergencia,386,"(2, 2, 1, 1)",0.0614,7.0,"(1, 2, 0, 2)",0.0136,7.0,"(0, 2, 0, 2)",0.0136,6.0
c=A dc=- h=B dh=+ L=A dL=- preo=B,contagio Alto (baja); hospital Bajo (sube); restriccion Alto (baja); cumplimiento Bajo,emergencia,2533,"(0, 0, 2, 0)",0.7890,2.0,"(1, 1, 0, 1)",0.0645,4.0,"(0, 1, 0, 0)",0.0447,1.0
c=A dc=- h=B dh=+ L=A dL=- preo=M,contagio Alto (baja); hospital Bajo (sube); restriccion Alto (baja); cumplimiento Medio,emergencia,163,"(2, 1, 0, 1)",0.9060,5.0,"(1, 2, 1, 0)",0.0158,4.0,"(1, 2, 2, 1)",0.0067,7.0
c=A dc=- h=B dh=+ L=A dL=- preo=A,contagio Alto (baja); hospital Bajo (sube); restriccion Alto (baja); cumplimiento Alto,emergencia,3218,"(2, 2, 1, 2)",0.0777,9.0,"(1, 0, 1, 0)",0.0421,2.0,"(0, 2, 0, 0)",0.0394,2.0
c=A dc=- h=B dh=+ L=A dL=0 preo=B,contagio Alto (baja); hospital Bajo (sube); restriccion Alto (estable); cumplimiento Bajo,emergencia,123,"(0, 2, 1, 0)",0.9644,3.0,"(0, 1, 2, 0)",0.0332,3.0,"(0, 1, 0, 0)",0.0001,1.0
c=A dc=- h=B dh=+ L=A dL=0 preo=M,contagio Alto (baja); hospital Bajo (sube); restriccion Alto (estable); cumplimiento Medio,emergencia,53,"(2, 0, 0, 0)",0.9581,2.0,"(2, 2, 2, 2)",0.0005,10.0,"(0, 2, 0, 2)",0.0005,6.0
c=A dc=- h=B dh=+ L=A dL=0 preo=A,contagio Alto (baja); hospital Bajo (sube); restriccion Alto (estable); cumplimiento Alto,emergencia,926,"(2, 2, 1, 2)",0.0506,9.0,"(1, 2, 2, 1)",0.0409,7.0,"(1, 1, 1, 0)",0.0335,3.0
c=A dc=- h=B dh=+ L=A dL=+ preo=B,contagio Alto (baja); hospital Bajo (sube); restriccion Alto (sube); cumplimiento Bajo,emergencia,7011,"(0, 0, 1, 0)",0.6311,1.0,"(0, 0, 2, 2)",0.0676,6.0,"(1, 1, 0, 2)",0.0510,6.0
c=A dc=- h=B dh=+ L=A dL=+ preo=M,contagio Alto (baja); hospital Bajo (sube); restriccion Alto (sube); cumplimiento Medio,emergencia,2116,"(0, 0, 2, 1)",0.2234,4.0,"(1, 0, 1, 0)",0.1119,2.0,"(2, 0, 0, 1)",0.1010,4.0
c=A dc=- h=B dh=+ L=A dL=+ preo=A,contagio Alto (baja); hospital Bajo (sube); restriccion Alto (sube); cumplimiento Alto,emergencia,5957,"(1, 2, 2, 1)",0.0566,7.0,"(0, 2, 2, 1)",0.0314,6.0,"(1, 1, 0, 1)",0.0310,4.0
c=A dc=- h=M dh=- L=B dL=- preo=B,contagio Alto (baja); hospital Medio (baja); restriccion Bajo (baja); cumplimiento Bajo,emergencia,1,"(2, 0, 0, 1)",0.5288,4.0,"(2, 2, 2, 2)",0.0059,10.0,"(0, 2, 0, 2)",0.0059,6.0
c=A dc=- h=M dh=- L=B dL=- preo=M,contagio Alto (baja); hospital Medio (baja); restriccion Bajo (baja); cumplimiento Medio,emergencia,9,"(2, 0, 0, 1)",0.9455,4.0,"(2, 2, 2, 2)",0.0007,10.0,"(0, 2, 0, 2)",0.0007,6.0
c=A dc=- h=M dh=- L=B dL=- preo=A,contagio Alto (baja); hospital Medio (baja); restriccion Bajo (baja); cumplimiento Alto,emergencia,11,"(2, 2, 2, 2)",0.0127,10.0,"(1, 0, 1, 1)",0.0127,4.0,"(0, 2, 2, 0)",0.0127,4.0
c=A dc=- h=M dh=- L=B dL=0 preo=B,contagio Alto (baja); hospital Medio (baja); restriccion Bajo (estable); cumplimiento Bajo,emergencia,1,"(1, 1, 1, 1)",0.0793,5.0,"(1, 1, 1, 0)",0.0115,3.0,"(0, 2, 1, 0)",0.0115,3.0
c=A dc=- h=M dh=- L=B dL=0 preo=M,contagio Alto (baja); hospital Medio (baja); restriccion Bajo (estable); cumplimiento Medio,emergencia,6,"(0, 1, 1, 2)",0.9800,6.0,"(2, 2, 2, 2)",0.0003,10.0,"(0, 2, 0, 2)",0.0003,6.0
c=A dc=- h=M dh=- L=B dL=0 preo=A,contagio Alto (baja); hospital Medio (baja); restriccion Bajo (estable); cumplimiento Alto,emergencia,1,"(2, 2, 2, 2)",0.0124,10.0,"(1, 1, 1, 0)",0.0124,3.0,"(0, 2, 1, 0)",0.0124,3.0
c=A dc=- h=M dh=- L=B dL=+ preo=B,contagio Alto (baja); hospital Medio (baja); restriccion Bajo (sube); cumplimiento Bajo,emergencia,7,"(0, 2, 2, 0)",0.9875,4.0,"(2, 2, 2, 2)",0.0002,10.0,"(1, 1, 1, 0)",0.0002,3.0
c=A dc=- h=M dh=- L=B dL=+ preo=M,contagio Alto (baja); hospital Medio (baja); restriccion Bajo (sube); cumplimiento Medio,emergencia,16,"(1, 0, 1, 1)",0.9852,4.0,"(2, 2, 2, 2)",0.0002,10.0,"(0, 2, 1, 1)",0.0002,5.0
c=A dc=- h=M dh=- L=B dL=+ preo=A,contagio Alto (baja); hospital Medio (baja); restriccion Bajo (sube); cumplimiento Alto,emergencia,8,"(2, 2, 2, 2)",0.0254,10.0,"(1, 0, 1, 1)",0.0124,4.0,"(0, 2, 1, 1)",0.0124,5.0
c=A dc=- h=M dh=- L=M dL=- preo=B,contagio Alto (baja); hospital Medio (baja); restriccion Medio (baja); cumplimiento Bajo,emergencia,6,"(2, 1, 2, 1)",0.9980,7.0,"(1, 0, 0, 2)",0.0000,5.0,"(0, 2, 1, 0)",0.0000,3.0
c=A dc=- h=M dh=- L=M dL=- preo=M,contagio Alto (baja); hospital Medio (baja); restriccion Medio (baja); cumplimiento Medio,emergencia,63,"(2, 0, 2, 1)",0.9892,6.0,"(2, 1, 2, 2)",0.0077,9.0,"(2, 2, 2, 2)",0.0000,10.0
c=A dc=- h=M dh=- L=M dL=- preo=A,contagio Alto (baja); hospital Medio (baja); restriccion Medio (baja); cumplimiento Alto,emergencia,18,"(2, 2, 0, 1)",0.0738,6.0,"(2, 2, 2, 2)",0.0119,10.0,"(1, 0, 1, 2)",0.0119,6.0
c=A dc=- h=M dh=- L=M dL=0 preo=B,contagio Alto (baja); hospital Medio (baja); restriccion Medio (estable); cumplimiento Bajo,emergencia,1,"(2, 0, 0, 2)",0.4174,6.0,"(2, 2, 2, 2)",0.0073,10.0,"(0, 2, 0, 2)",0.0073,6.0
c=A dc=- h=M dh=- L=M dL=0 preo=M,contagio Alto (baja); hospital Medio (baja); restriccion Medio (estable); cumplimiento Medio,emergencia,9,"(2, 2, 2, 1)",0.9990,8.0,"(0, 2, 0, 2)",0.0000,6.0,"(0, 2, 1, 1)",0.0000,5.0
c=A dc=- h=M dh=- L=M dL=0 preo=A,contagio Alto (baja); hospital Medio (baja); restriccion Medio (estable); cumplimiento Alto,emergencia,5,"(2, 2, 2, 2)",0.0125,10.0,"(2, 2, 2, 1)",0.0125,8.0,"(0, 2, 1, 0)",0.0125,3.0
c=A dc=- h=M dh=- L=M dL=+ preo=B,contagio Alto (baja); hospital Medio (baja); restriccion Medio (sube); cumplimiento Bajo,emergencia,11,"(0, 1, 2, 0)",0.9993,3.0,"(2, 2, 2, 2)",0.0000,10.0,"(0, 2, 0, 2)",0.0000,6.0
c=A dc=- h=M dh=- L=M dL=+ preo=M,contagio Alto (baja); hospital Medio (baja); restriccion Medio (sube); cumplimiento Medio,emergencia,64,"(1, 2, 2, 0)",0.9380,5.0,"(1, 0, 1, 1)",0.0008,4.0,"(0, 2, 2, 0)",0.0008,4.0
c=A dc=- h=M dh=- L=M dL=+ preo=A,contagio Alto (baja); hospital Medio (baja); restriccion Medio (sube); cumplimiento Alto,emergencia,54,"(0, 2, 1, 0)",0.0154,3.0,"(0, 0, 0, 0)",0.0141,0.0,"(1, 2, 0, 1)",0.0141,5.0
c=A dc=- h=M dh=- L=A dL=- preo=B,contagio Alto (baja); hospital Medio (baja); restriccion Alto (baja); cumplimiento Bajo,emergencia,2,"(0, 0, 2, 2)",0.8639,6.0,"(2, 2, 2, 2)",0.0017,10.0,"(1, 0, 0, 2)",0.0017,5.0
c=A dc=- h=M dh=- L=A dL=- preo=M,contagio Alto (baja); hospital Medio (baja); restriccion Alto (baja); cumplimiento Medio,emergencia,3,"(2, 0, 0, 1)",0.9809,4.0,"(2, 2, 2, 2)",0.0002,10.0,"(0, 2, 0, 2)",0.0002,6.0
c=A dc=- h=M dh=- L=A dL=- preo=A,contagio Alto (baja); hospital Medio (baja); restriccion Alto (baja); cumplimiento Alto,emergencia,4,"(2, 2, 2, 2)",0.0124,10.0,"(2, 2, 2, 1)",0.0124,8.0,"(0, 2, 1, 0)",0.0124,3.0
c=A dc=- h=M dh=- L=A dL=0 preo=B,contagio Alto (baja); hospital Medio (baja); restriccion Alto (estable); cumplimiento Bajo,emergencia,1,"(1, 0, 2, 1)",0.2613,5.0,"(2, 2, 2, 2)",0.0092,10.0,"(1, 0, 0, 1)",0.0092,3.0
c=A dc=- h=M dh=- L=A dL=0 preo=M,contagio Alto (baja); hospital Medio (baja); restriccion Alto (estable); cumplimiento Medio,emergencia,3,"(1, 0, 1, 1)",0.9738,4.0,"(2, 2, 2, 2)",0.0003,10.0,"(1, 0, 0, 1)",0.0003,3.0
c=A dc=- h=M dh=- L=A dL=0 preo=A,contagio Alto (baja); hospital Medio (baja); restriccion Alto (estable); cumplimiento Alto,emergencia,2,"(2, 2, 2, 2)",0.0124,10.0,"(1, 0, 1, 0)",0.0124,2.0,"(0, 2, 1, 2)",0.0124,7.0
c=A dc=- h=M dh=- L=A dL=+ preo=B,contagio Alto (baja); hospital Medio (baja); restriccion Alto (sube); cumplimiento Bajo,emergencia,244,"(2, 2, 0, 2)",0.9975,8.0,"(1, 2, 2, 1)",0.0017,7.0,"(0, 1, 1, 1)",0.0004,4.0
c=A dc=- h=M dh=- L=A dL=+ preo=M,contagio Alto (baja); hospital Medio (baja); restriccion Alto (sube); cumplimiento Medio,emergencia,800,"(0, 1, 0, 0)",0.8527,1.0,"(1, 0, 2, 0)",0.0704,3.0,"(2, 0, 0, 1)",0.0169,4.0
c=A dc=- h=M dh=- L=A dL=+ preo=A,contagio Alto (baja); hospital Medio (baja); restriccion Alto (sube); cumplimiento Alto,emergencia,72,"(2, 1, 2, 2)",0.3761,9.0,"(2, 2, 2, 2)",0.0087,10.0,"(0, 1, 2, 0)",0.0087,3.0
c=A dc=- h=M dh=0 L=B dL=- preo=B,contagio Alto (baja); hospital Medio (estable); restriccion Bajo (baja); cumplimiento Bajo,emergencia,6,"(1, 2, 1, 1)",0.9970,6.0,"(0, 2, 0, 2)",0.0000,6.0,"(0, 2, 1, 1)",0.0000,5.0
c=A dc=- h=M dh=0 L=B dL=- preo=M,contagio Alto (baja); hospital Medio (estable); restriccion Bajo (baja); cumplimiento Medio,emergencia,12,"(1, 1, 1, 2)",0.9345,7.0,"(1, 2, 1, 0)",0.0408,4.0,"(2, 2, 2, 2)",0.0003,10.0
c=A dc=- h=M dh=0 L=B dL=- preo=A,contagio Alto (baja); hospital Medio (estable); restriccion Bajo (baja); cumplimiento Alto,emergencia,7,"(2, 0, 1, 1)",0.0357,5.0,"(2, 2, 2, 2)",0.0122,10.0,"(2, 2, 2, 1)",0.0122,8.0
c=A dc=- h=M dh=0 L=B dL=0 preo=B,contagio Alto (baja); hospital Medio (estable); restriccion Bajo (estable); cumplimiento Bajo,emergencia,5,"(2, 1, 0, 0)",0.6091,3.0,"(1, 1, 1, 2)",0.3363,7.0,"(2, 2, 2, 2)",0.0007,10.0
c=A dc=- h=M dh=0 L=B dL=0 preo=M,contagio Alto (baja); hospital Medio (estable); restriccion Bajo (estable); cumplimiento Medio,emergencia,5,"(2, 1, 2, 2)",0.9963,9.0,"(2, 2, 2, 2)",0.0000,10.0,"(1, 0, 0, 2)",0.0000,5.0
c=A dc=- h=M dh=0 L=B dL=0 preo=A,contagio Alto (baja); hospital Medio (estable); restriccion Bajo (estable); cumplimiento Alto,emergencia,1,"(2, 2, 2, 2)",0.0124,10.0,"(1, 1, 1, 0)",0.0124,3.0,"(0, 2, 1, 0)",0.0124,3.0
c=A dc=- h=M dh=0 L=B dL=+ preo=B,contagio Alto (baja); hospital Medio (estable); restriccion Bajo (sube); cumplimiento Bajo,emergencia,8,"(1, 0, 0, 0)",0.9951,1.0,"(2, 2, 2, 2)",0.0001,10.0,"(1, 1, 1, 0)",0.0001,3.0
c=A dc=- h=M dh=0 L=B dL=+ preo=M,contagio Alto (baja); hospital Medio (estable); restriccion Bajo (sube); cumplimiento Medio,emergencia,10,"(0, 0, 1, 0)",0.9906,1.0,"(2, 2, 2, 2)",0.0001,10.0,"(1, 0, 0, 2)",0.0001,5.0
c=A dc=- h=M dh=0 L=B dL=+ preo=A,contagio Alto (baja); hospital Medio (estable); restriccion Bajo (sube); cumplimiento Alto,emergencia,3,"(2, 2, 2, 2)",0.0124,10.0,"(2, 2, 2, 1)",0.0124,8.0,"(0, 2, 1, 0)",0.0124,3.0
c=A dc=- h=M dh=0 L=M dL=- preo=B,contagio Alto (baja); hospital Medio (estable); restriccion Medio (baja); cumplimiento Bajo,emergencia,10,"(2, 2, 0, 2)",0.9791,8.0,"(2, 2, 2, 2)",0.0003,10.0,"(1, 0, 0, 2)",0.0003,5.0
c=A dc=- h=M dh=0 L=M dL=- preo=M,contagio Alto (baja); hospital Medio (estable); restriccion Medio (baja); cumplimiento Medio,emergencia,45,"(2, 1, 2, 2)",0.9983,9.0,"(1, 2, 1, 2)",0.0006,8.0,"(1, 1, 0, 1)",0.0004,4.0
c=A dc=- h=M dh=0 L=M dL=- preo=A,contagio Alto (baja); hospital Medio (estable); restriccion Medio (baja); cumplimiento Alto,emergencia,3,"(2, 2, 2, 2)",0.0125,10.0,"(2, 2, 2, 1)",0.0125,8.0,"(0, 2, 1, 0)",0.0125,3.0
c=A dc=- h=M dh=0 L=M dL=0 preo=B,contagio Alto (baja); hospital Medio (estable); restriccion Medio (estable); cumplimiento Bajo,emergencia,6,"(1, 1, 0, 1)",0.9978,4.0,"(2, 2, 2, 2)",0.0000,10.0,"(1, 0, 0, 1)",0.0000,3.0
c=A dc=- h=M dh=0 L=M dL=0 preo=M,contagio Alto (baja); hospital Medio (estable); restriccion Medio (estable); cumplimiento Medio,emergencia,10,"(1, 1, 2, 0)",0.9437,4.0,"(2, 2, 2, 2)",0.0007,10.0,"(1, 0, 0, 2)",0.0007,5.0
c=A dc=- h=M dh=0 L=M dL=0 preo=A,contagio Alto (baja); hospital Medio (estable); restriccion Medio (estable); cumplimiento Alto,emergencia,8,"(0, 1, 1, 0)",0.0256,2.0,"(2, 2, 2, 2)",0.0124,10.0,"(1, 0, 1, 1)",0.0124,4.0
c=A dc=- h=M dh=0 L=M dL=+ preo=B,contagio Alto (baja); hospital Medio (estable); restriccion Medio (sube); cumplimiento Bajo,emergencia,20,"(2, 0, 0, 1)",0.9953,4.0,"(2, 2, 2, 2)",0.0001,10.0,"(0, 2, 0, 2)",0.0001,6.0
c=A dc=- h=M dh=0 L=M dL=+ preo=M,contagio Alto (baja); hospital Medio (estable); restriccion Medio (sube); cumplimiento Medio,emergencia,47,"(2, 2, 1, 0)",0.9948,5.0,"(1, 0, 1, 2)",0.0005,6.0,"(1, 0, 1, 1)",0.0001,4.0
c=A dc=- h=M dh=0 L=M dL=+ preo=A,contagio Alto (baja); hospital Medio (estable); restriccion Medio (sube); cumplimiento Alto,emergencia,26,"(1, 2, 1, 1)",0.0131,6.0,"(2, 2, 2, 2)",0.0131,10.0,"(0, 2, 1, 2)",0.0131,7.0
c=A dc=- h=M dh=0 L=A dL=- preo=B,contagio Alto (baja); hospital Medio (estable); restriccion Alto (baja); cumplimiento Bajo,emergencia,3,"(2, 2, 1, 0)",0.3802,5.0,"(2, 2, 2, 2)",0.0077,10.0,"(1, 0, 0, 2)",0.0077,5.0
c=A dc=- h=M dh=0 L=A dL=- preo=M,contagio Alto (baja); hospital Medio (estable); restriccion Alto (baja); cumplimiento Medio,emergencia,1,"(2, 0, 0, 2)",0.1085,6.0,"(2, 2, 2, 2)",0.0111,10.0,"(0, 2, 0, 2)",0.0111,6.0
c=A dc=- h=M dh=0 L=A dL=- preo=A,contagio Alto (baja); hospital Medio (estable); restriccion Alto (baja); cumplimiento Alto,emergencia,5,"(2, 0, 0, 0)",0.0162,2.0,"(2, 2, 2, 2)",0.0123,10.0,"(1, 1, 1, 0)",0.0123,3.0
c=A dc=- h=M dh=0 L=A dL=0 preo=B,contagio Alto (baja); hospital Medio (estable); restriccion Alto (estable); cumplimiento Bajo,emergencia,3,"(1, 2, 2, 0)",0.9939,5.0,"(2, 2, 2, 2)",0.0001,10.0,"(0, 2, 0, 2)",0.0001,6.0
c=A dc=- h=M dh=0 L=A dL=0 preo=M,contagio Alto (baja); hospital Medio (estable); restriccion Alto (estable); cumplimiento Medio,emergencia,6,"(0, 0, 2, 0)",0.9842,2.0,"(2, 2, 2, 2)",0.0002,10.0,"(1, 0, 1, 0)",0.0002,2.0
c=A dc=- h=M dh=0 L=A dL=0 preo=A,contagio Alto (baja); hospital Medio (estable); restriccion Alto (estable); cumplimiento Alto,emergencia,4,"(1, 1, 0, 2)",0.0192,6.0,"(2, 2, 2, 2)",0.0124,10.0,"(1, 0, 1, 0)",0.0124,2.0
c=A dc=- h=M dh=0 L=A dL=+ preo=B,contagio Alto (baja); hospital Medio (estable); restriccion Alto (sube); cumplimiento Bajo,emergencia,246,"(2, 2, 0, 2)",0.9973,8.0,"(0, 1, 0, 0)",0.0012,1.0,"(0, 2, 0, 0)",0.0005,2.0
c=A dc=- h=M dh=0 L=A dL=+ preo=M,contagio Alto (baja); hospital Medio (estable); restriccion Alto (sube); cumplimiento Medio,emergencia,609,"(2, 1, 1, 1)",0.9603,6.0,"(1, 2, 1, 0)",0.0142,4.0,"(2, 2, 2, 2)",0.0067,10.0
c=A dc=- h=M dh=0 L=A dL=+ preo=A,contagio Alto (baja); hospital Medio (estable); restriccion Alto (sube); cumplimiento Alto,emergencia,67,"(2, 2, 2, 0)",0.1159,6.0,"(2, 2, 2, 2)",0.0122,10.0,"(0, 2, 0, 1)",0.0122,4.0
c=A dc=- h=M dh=+ L=B dL=- preo=B,contagio Alto (baja); hospital Medio (sube); restriccion Bajo (baja); cumplimiento Bajo,emergencia,52,"(1, 2, 0, 2)",0.0202,7.0,"(2, 2, 2, 2)",0.0130,10.0,"(1, 0, 1, 2)",0.0130,6.0
c=A dc=- h=M dh=+ L=B dL=- preo=M,contagio Alto (baja); hospital Medio (sube); restriccion Bajo (baja); cumplimiento Medio,emergencia,42,"(1, 1, 2, 2)",0.9458,8.0,"(2, 2, 2, 2)",0.0007,10.0,"(1, 0, 1, 1)",0.0007,4.0
c=A dc=- h=M dh=+ L=B dL=- preo=A,contagio Alto (baja); hospital Medio (sube); restriccion Bajo (baja); cumplimiento Alto,emergencia,118,"(2, 2, 1, 2)",0.0202,9.0,"(0, 0, 0, 1)",0.0170,2.0,"(1, 0, 2, 2)",0.0170,7.0
c=A dc=- h=M dh=+ L=B dL=0 preo=B,contagio Alto (baja); hospital Medio (sube); restriccion Bajo (estable); cumplimiento Bajo,emergencia,7,"(1, 1, 1, 1)",0.0960,5.0,"(1, 1, 1, 0)",0.0113,3.0,"(0, 2, 1, 0)",0.0113,3.0
c=A dc=- h=M dh=+ L=B dL=0 preo=M,contagio Alto (baja); hospital Medio (sube); restriccion Bajo (estable); cumplimiento Medio,emergencia,9,"(1, 0, 0, 2)",0.9899,5.0,"(1, 1, 1, 0)",0.0001,3.0,"(0, 2, 1, 0)",0.0001,3.0
c=A dc=- h=M dh=+ L=B dL=0 preo=A,contagio Alto (baja); hospital Medio (sube); restriccion Bajo (estable); cumplimiento Alto,emergencia,29,"(2, 2, 2, 2)",0.0140,10.0,"(1, 2, 1, 0)",0.0140,4.0,"(1, 1, 2, 2)",0.0140,8.0
c=A dc=- h=M dh=+ L=B dL=+ preo=B,contagio Alto (baja); hospital Medio (sube); restriccion Bajo (sube); cumplimiento Bajo,emergencia,49,"(1, 0, 2, 0)",0.9963,3.0,"(2, 2, 2, 2)",0.0000,10.0,"(1, 0, 0, 1)",0.0000,3.0
c=A dc=- h=M dh=+ L=B dL=+ preo=M,contagio Alto (baja); hospital Medio (sube); restriccion Bajo (sube); cumplimiento Medio,emergencia,23,"(1, 1, 1, 2)",0.9972,7.0,"(2, 2, 2, 1)",0.0000,8.0,"(0, 2, 1, 1)",0.0000,5.0
c=A dc=- h=M dh=+ L=B dL=+ preo=A,contagio Alto (baja); hospital Medio (sube); restriccion Bajo (sube); cumplimiento Alto,emergencia,29,"(2, 2, 2, 2)",0.0143,10.0,"(1, 2, 1, 0)",0.0143,4.0,"(1, 2, 0, 0)",0.0143,3.0
c=A dc=- h=M dh=+ L=M dL=- preo=B,contagio Alto (baja); hospital Medio (sube); restriccion Medio (baja); cumplimiento Bajo,emergencia,248,"(0, 0, 0, 1)",0.4699,2.0,"(2, 0, 2, 2)",0.0320,8.0,"(1, 1, 1, 1)",0.0316,5.0
c=A dc=- h=M dh=+ L=M dL=- preo=M,contagio Alto (baja); hospital Medio (sube); restriccion Medio (baja); cumplimiento Medio,emergencia,144,"(1, 2, 2, 1)",0.9920,7.0,"(2, 2, 0, 1)",0.0016,6.0,"(0, 1, 1, 2)",0.0009,6.0
c=A dc=- h=M dh=+ L=M dL=- preo=A,contagio Alto (baja); hospital Medio (sube); restriccion Medio (baja); cumplimiento Alto,emergencia,138,"(1, 1, 2, 2)",0.0485,8.0,"(1, 0, 2, 2)",0.0171,7.0,"(0, 0, 1, 2)",0.0171,5.0
c=A dc=- h=M dh=+ L=M dL=0 preo=B,contagio Alto (baja); hospital Medio (sube); restriccion Medio (estable); cumplimiento Bajo,emergencia,18,"(2, 1, 0, 2)",0.3067,7.0,"(2, 2, 2, 2)",0.0087,10.0,"(0, 2, 1, 0)",0.0087,3.0
c=A dc=- h=M dh=+ L=M dL=0 preo=M,contagio Alto (baja); hospital Medio (sube); restriccion Medio (estable); cumplimiento Medio,emergencia,22,"(1, 1, 1, 2)",0.9948,7.0,"(0, 2, 1, 2)",0.0023,7.0,"(1, 1, 1, 1)",0.0000,5.0
c=A dc=- h=M dh=+ L=M dL=0 preo=A,contagio Alto (baja); hospital Medio (sube); restriccion Medio (estable); cumplimiento Alto,emergencia,51,"(1, 1, 1, 1)",0.0146,5.0,"(0, 2, 0, 2)",0.0146,6.0,"(1, 1, 2, 1)",0.0146,6.0
c=A dc=- h=M dh=+ L=M dL=+ preo=B,contagio Alto (baja); hospital Medio (sube); restriccion Medio (sube); cumplimiento Bajo,emergencia,242,"(0, 0, 0, 1)",0.9932,2.0,"(1, 1, 1, 2)",0.0001,7.0,"(1, 1, 0, 2)",0.0001,6.0
c=A dc=- h=M dh=+ L=M dL=+ preo=M,contagio Alto (baja); hospital Medio (sube); restriccion Medio (sube); cumplimiento Medio,emergencia,137,"(0, 0, 1, 1)",0.8183,3.0,"(2, 0, 2, 0)",0.0107,4.0,"(2, 0, 1, 2)",0.0095,7.0
c=A dc=- h=M dh=+ L=M dL=+ preo=A,contagio Alto (baja); hospital Medio (sube); restriccion Medio (sube); cumplimiento Alto,emergencia,132,"(1, 2, 1, 2)",0.0481,8.0,"(1, 1, 2, 0)",0.0163,4.0,"(0, 0, 2, 2)",0.0163,6.0
c=A dc=- h=M dh=+ L=A dL=- preo=B,contagio Alto (baja); hospital Medio (sube); restriccion Alto (baja); cumplimiento Bajo,emergencia,531,"(0, 1, 1, 0)",0.5183,2.0,"(2, 1, 1, 2)",0.0177,8.0,"(0, 2, 1, 1)",0.0140,5.0
c=A dc=- h=M dh=+ L=A dL=- preo=M,contagio Alto (baja); hospital Medio (sube); restriccion Alto (baja); cumplimiento Medio,emergencia,52,"(2, 2, 0, 2)",0.6312,8.0,"(2, 0, 1, 1)",0.0052,5.0,"(2, 2, 2, 2)",0.0047,10.0
c=A dc=- h=M dh=+ L=A dL=- preo=A,contagio Alto (baja); hospital Medio (sube); restriccion Alto (baja); cumplimiento Alto,emergencia,838,"(1, 2, 2, 1)",0.0237,7.0,"(2, 1, 1, 2)",0.0168,8.0,"(2, 1, 2, 2)",0.0164,9.0
c=A dc=- h=M dh=+ L=A dL=0 preo=B,contagio Alto (baja); hospital Medio (sube); restriccion Alto (estable); cumplimiento Bajo,emergencia,18,"(2, 2, 2, 1)",0.8015,8.0,"(1, 0, 1, 1)",0.0025,4.0,"(0, 2, 2, 0)",0.0025,4.0
c=A dc=- h=M dh=+ L=A dL=0 preo=M,contagio Alto (baja); hospital Medio (sube); restriccion Alto (estable); cumplimiento Medio,emergencia,28,"(1, 1, 0, 1)",0.3738,4.0,"(2, 2, 2, 0)",0.3582,6.0,"(2, 2, 2, 2)",0.0034,10.0
c=A dc=- h=M dh=+ L=A dL=0 preo=A,contagio Alto (baja); hospital Medio (sube); restriccion Alto (estable); cumplimiento Alto,emergencia,255,"(2, 2, 1, 2)",0.0305,9.0,"(0, 2, 2, 2)",0.0162,8.0,"(1, 1, 1, 0)",0.0153,3.0
c=A dc=- h=M dh=+ L=A dL=+ preo=B,contagio Alto (baja); hospital Medio (sube); restriccion Alto (sube); cumplimiento Bajo,emergencia,1502,"(2, 2, 1, 0)",0.2033,5.0,"(0, 0, 0, 0)",0.0782,0.0,"(0, 2, 1, 0)",0.0690,3.0
c=A dc=- h=M dh=+ L=A dL=+ preo=M,contagio Alto (baja); hospital Medio (sube); restriccion Alto (sube); cumplimiento Medio,emergencia,1869,"(0, 0, 1, 1)",0.3955,3.0,"(1, 2, 1, 2)",0.1843,8.0,"(2, 1, 1, 2)",0.1092,8.0
c=A dc=- h=M dh=+ L=A dL=+ preo=A,contagio Alto (baja); hospital Medio (sube); restriccion Alto (sube); cumplimiento Alto,emergencia,1382,"(2, 2, 1, 1)",0.0313,7.0,"(2, 2, 1, 2)",0.0259,9.0,"(0, 0, 2, 2)",0.0185,6.0
c=A dc=- h=A dh=- L=B dL=- preo=B,contagio Alto (baja); hospital Alto (baja); restriccion Bajo (baja); cumplimiento Bajo,emergencia,32,"(2, 0, 0, 0)",0.1734,2.0,"(1, 1, 1, 1)",0.0109,5.0,"(1, 0, 1, 1)",0.0109,4.0
c=A dc=- h=A dh=- L=B dL=- preo=M,contagio Alto (baja); hospital Alto (baja); restriccion Bajo (baja); cumplimiento Medio,emergencia,10,"(1, 2, 2, 2)",0.0130,9.0,"(2, 2, 2, 2)",0.0128,10.0,"(1, 0, 0, 1)",0.0128,3.0
c=A dc=- h=A dh=- L=B dL=- preo=A,contagio Alto (baja); hospital Alto (baja); restriccion Bajo (baja); cumplimiento Alto,emergencia,290,"(1, 0, 2, 2)",0.0399,7.0,"(1, 2, 2, 2)",0.0142,9.0,"(2, 0, 2, 1)",0.0141,6.0
c=A dc=- h=A dh=- L=B dL=0 preo=B,contagio Alto (baja); hospital Alto (baja); restriccion Bajo (estable); cumplimiento Bajo,emergencia,10,"(1, 2, 0, 1)",0.0166,5.0,"(2, 2, 2, 2)",0.0127,10.0,"(1, 0, 1, 0)",0.0127,2.0
c=A dc=- h=A dh=- L=B dL=0 preo=M,contagio Alto (baja); hospital Alto (baja); restriccion Bajo (estable); cumplimiento Medio,emergencia,2,"(2, 2, 2, 2)",0.0125,10.0,"(1, 1, 1, 0)",0.0125,3.0,"(0, 2, 1, 0)",0.0125,3.0
c=A dc=- h=A dh=- L=B dL=0 preo=A,contagio Alto (baja); hospital Alto (baja); restriccion Bajo (estable); cumplimiento Alto,emergencia,166,"(2, 2, 1, 0)",0.0165,5.0,"(2, 0, 1, 0)",0.0152,3.0,"(1, 1, 2, 0)",0.0152,4.0
c=A dc=- h=A dh=- L=B dL=+ preo=B,contagio Alto (baja); hospital Alto (baja); restriccion Bajo (sube); cumplimiento Bajo,emergencia,12,"(2, 1, 2, 1)",0.0154,7.0,"(0, 2, 1, 0)",0.0127,3.0,"(0, 2, 1, 2)",0.0127,7.0
c=A dc=- h=A dh=- L=B dL=+ preo=M,contagio Alto (baja); hospital Alto (baja); restriccion Bajo (sube); cumplimiento Medio,emergencia,2,"(2, 2, 2, 2)",0.0125,10.0,"(1, 1, 1, 0)",0.0125,3.0,"(0, 2, 1, 0)",0.0125,3.0
c=A dc=- h=A dh=- L=B dL=+ preo=A,contagio Alto (baja); hospital Alto (baja); restriccion Bajo (sube); cumplimiento Alto,emergencia,272,"(0, 1, 2, 1)",0.0183,5.0,"(2, 2, 0, 2)",0.0143,8.0,"(1, 1, 2, 0)",0.0143,4.0
c=A dc=- h=A dh=- L=M dL=- preo=B,contagio Alto (baja); hospital Alto (baja); restriccion Medio (baja); cumplimiento Bajo,emergencia,65,"(2, 2, 0, 2)",0.2062,8.0,"(1, 0, 2, 0)",0.0124,3.0,"(2, 2, 2, 2)",0.0110,10.0
c=A dc=- h=A dh=- L=M dL=- preo=M,contagio Alto (baja); hospital Alto (baja); restriccion Medio (baja); cumplimiento Medio,emergencia,15,"(1, 0, 1, 0)",0.0296,2.0,"(2, 2, 2, 2)",0.0125,10.0,"(1, 0, 0, 0)",0.0125,1.0
c=A dc=- h=A dh=- L=M dL=- preo=A,contagio Alto (baja); hospital Alto (baja); restriccion Medio (baja); cumplimiento Alto,emergencia,324,"(2, 1, 1, 2)",0.0350,8.0,"(1, 0, 2, 1)",0.0144,5.0,"(2, 2, 2, 1)",0.0144,8.0
c=A dc=- h=A dh=- L=M dL=0 preo=B,contagio Alto (baja); hospital Alto (baja); restriccion Medio (estable); cumplimiento Bajo,emergencia,25,"(2, 2, 0, 2)",0.0142,8.0,"(2, 2, 2, 2)",0.0129,10.0,"(1, 1, 0, 1)",0.0129,4.0
c=A dc=- h=A dh=- L=M dL=0 preo=M,contagio Alto (baja); hospital Alto (baja); restriccion Medio (estable); cumplimiento Medio,emergencia,10,"(0, 1, 1, 2)",0.0601,6.0,"(2, 2, 2, 2)",0.0122,10.0,"(1, 0, 1, 2)",0.0122,6.0
c=A dc=- h=A dh=- L=M dL=0 preo=A,contagio Alto (baja); hospital Alto (baja); restriccion Medio (estable); cumplimiento Alto,emergencia,239,"(2, 2, 1, 0)",0.0489,5.0,"(0, 2, 1, 1)",0.0141,5.0,"(2, 2, 2, 2)",0.0141,10.0
c=A dc=- h=A dh=- L=M dL=+ preo=B,contagio Alto (baja); hospital Alto (baja); restriccion Medio (sube); cumplimiento Bajo,emergencia,80,"(1, 2, 2, 2)",0.9480,9.0,"(0, 0, 0, 0)",0.0007,0.0,"(1, 1, 2, 1)",0.0007,6.0
c=A dc=- h=A dh=- L=M dL=+ preo=M,contagio Alto (baja); hospital Alto (baja); restriccion Medio (sube); cumplimiento Medio,emergencia,29,"(2, 1, 1, 2)",0.2087,8.0,"(2, 2, 2, 2)",0.0107,10.0,"(0, 2, 0, 1)",0.0107,4.0
c=A dc=- h=A dh=- L=M dL=+ preo=A,contagio Alto (baja); hospital Alto (baja); restriccion Medio (sube); cumplimiento Alto,emergencia,730,"(2, 2, 2, 2)",0.0897,10.0,"(1, 2, 1, 0)",0.0126,4.0,"(2, 0, 2, 2)",0.0126,8.0
c=A dc=- h=A dh=- L=A dL=- preo=B,contagio Alto (baja); hospital Alto (baja); restriccion Alto (baja); cumplimiento Bajo,emergencia,286,"(0, 2, 0, 0)",0.0535,2.0,"(0, 1, 0, 0)",0.0307,1.0,"(1, 1, 1, 2)",0.0235,7.0
c=A dc=- h=A dh=- L=A dL=- preo=M,contagio Alto (baja); hospital Alto (baja); restriccion Alto (baja); cumplimiento Medio,emergencia,69,"(2, 1, 1, 2)",0.0292,8.0,"(2, 2, 2, 2)",0.0126,10.0,"(1, 0, 1, 2)",0.0126,6.0
c=A dc=- h=A dh=- L=A dL=- preo=A,contagio Alto (baja); hospital Alto (baja); restriccion Alto (baja); cumplimiento Alto,emergencia,806,"(2, 2, 2, 2)",0.0946,10.0,"(0, 0, 2, 2)",0.0464,6.0,"(2, 2, 1, 2)",0.0323,9.0
c=A dc=- h=A dh=- L=A dL=0 preo=B,contagio Alto (baja); hospital Alto (baja); restriccion Alto (estable); cumplimiento Bajo,emergencia,336,"(0, 2, 0, 0)",0.1462,2.0,"(0, 0, 0, 2)",0.0347,4.0,"(1, 0, 1, 2)",0.0227,6.0
c=A dc=- h=A dh=- L=A dL=0 preo=M,contagio Alto (baja); hospital Alto (baja); restriccion Alto (estable); cumplimiento Medio,emergencia,80,"(2, 2, 2, 1)",0.0475,8.0,"(0, 1, 0, 2)",0.0145,5.0,"(2, 2, 2, 2)",0.0124,10.0
c=A dc=- h=A dh=- L=A dL=0 preo=A,contagio Alto (baja); hospital Alto (baja); restriccion Alto (estable); cumplimiento Alto,emergencia,773,"(1, 2, 2, 1)",0.0425,7.0,"(1, 2, 2, 2)",0.0376,9.0,"(2, 2, 2, 2)",0.0335,10.0
c=A dc=- h=A dh=- L=A dL=+ preo=B,contagio Alto (baja); hospital Alto (baja); restriccion Alto (sube); cumplimiento Bajo,emergencia,971,"(2, 1, 2, 2)",0.2052,9.0,"(2, 2, 2, 0)",0.0801,6.0,"(0, 1, 1, 0)",0.0526,2.0
c=A dc=- h=A dh=- L=A dL=+ preo=M,contagio Alto (baja); hospital Alto (baja); restriccion Alto (sube); cumplimiento Medio,emergencia,201,"(2, 2, 1, 2)",0.1007,9.0,"(2, 0, 1, 2)",0.0244,7.0,"(1, 2, 2, 1)",0.0173,7.0
c=A dc=- h=A dh=- L=A dL=+ preo=A,contagio Alto (baja); hospital Alto (baja); restriccion Alto (sube); cumplimiento Alto,emergencia,2336,"(2, 1, 0, 2)",0.0702,7.0,"(1, 1, 2, 1)",0.0368,6.0,"(1, 2, 2, 2)",0.0317,9.0
c=A dc=- h=A dh=0 L=B dL=- preo=B,contagio Alto (baja); hospital Alto (estable); restriccion Bajo (baja); cumplimiento Bajo,emergencia,70,"(2, 2, 2, 2)",0.4737,10.0,"(1, 2, 2, 1)",0.0079,7.0,"(1, 2, 0, 1)",0.0079,5.0
c=A dc=- h=A dh=0 L=B dL=- preo=M,contagio Alto (baja); hospital Alto (estable); restriccion Bajo (baja); cumplimiento Medio,emergencia,31,"(0, 1, 2, 2)",0.0195,7.0,"(1, 1, 1, 1)",0.0135,5.0,"(0, 2, 1, 0)",0.0135,3.0
c=A dc=- h=A dh=0 L=B dL=- preo=A,contagio Alto (baja); hospital Alto (estable); restriccion Bajo (baja); cumplimiento Alto,emergencia,545,"(1, 2, 2, 2)",0.0751,9.0,"(1, 2, 1, 1)",0.0157,6.0,"(1, 0, 1, 1)",0.0131,4.0
c=A dc=- h=A dh=0 L=B dL=0 preo=B,contagio Alto (baja); hospital Alto (estable); restriccion Bajo (estable); cumplimiento Bajo,emergencia,16,"(2, 2, 2, 2)",0.0129,10.0,"(0, 2, 1, 0)",0.0129,3.0,"(0, 2, 1, 2)",0.0129,7.0
c=A dc=- h=A dh=0 L=B dL=0 preo=M,contagio Alto (baja); hospital Alto (estable); restriccion Bajo (estable); cumplimiento Medio,emergencia,6,"(2, 2, 2, 2)",0.0127,10.0,"(1, 0, 1, 1)",0.0127,4.0,"(0, 2, 1, 2)",0.0127,7.0
c=A dc=- h=A dh=0 L=B dL=0 preo=A,contagio Alto (baja); hospital Alto (estable); restriccion Bajo (estable); cumplimiento Alto,emergencia,208,"(2, 2, 2, 1)",0.0263,8.0,"(2, 1, 1, 1)",0.0146,6.0,"(1, 1, 2, 2)",0.0145,8.0
c=A dc=- h=A dh=0 L=B dL=+ preo=B,contagio Alto (baja); hospital Alto (estable); restriccion Bajo (sube); cumplimiento Bajo,emergencia,26,"(0, 1, 2, 1)",0.0280,5.0,"(2, 2, 2, 2)",0.0133,10.0,"(0, 2, 1, 1)",0.0133,5.0
c=A dc=- h=A dh=0 L=B dL=+ preo=M,contagio Alto (baja); hospital Alto (estable); restriccion Bajo (sube); cumplimiento Medio,emergencia,12,"(0, 2, 0, 2)",0.0216,6.0,"(1, 0, 1, 1)",0.0129,4.0,"(0, 2, 1, 2)",0.0129,7.0
c=A dc=- h=A dh=0 L=B dL=+ preo=A,contagio Alto (baja); hospital Alto (estable); restriccion Bajo (sube); cumplimiento Alto,emergencia,257,"(2, 0, 2, 2)",0.0540,8.0,"(2, 2, 2, 2)",0.0141,10.0,"(0, 1, 1, 1)",0.0140,4.0
c=A dc=- h=A dh=0 L=M dL=- preo=B,contagio Alto (baja); hospital Alto (estable); restriccion Medio (baja); cumplimiento Bajo,emergencia,100,"(0, 1, 0, 0)",0.0425,1.0,"(1, 2, 1, 2)",0.0152,8.0,"(1, 1, 2, 1)",0.0152,6.0
c=A dc=- h=A dh=0 L=M dL=- preo=M,contagio Alto (baja); hospital Alto (estable); restriccion Medio (baja); cumplimiento Medio,emergencia,53,"(2, 2, 1, 2)",0.0247,9.0,"(2, 2, 2, 2)",0.0137,10.0,"(1, 0, 2, 2)",0.0137,7.0
c=A dc=- h=A dh=0 L=M dL=- preo=A,contagio Alto (baja); hospital Alto (estable); restriccion Medio (baja); cumplimiento Alto,emergencia,617,"(2, 2, 0, 2)",0.0744,8.0,"(1, 2, 2, 2)",0.0220,9.0,"(1, 2, 2, 0)",0.0147,5.0
c=A dc=- h=A dh=0 L=M dL=0 preo=B,contagio Alto (baja); hospital Alto (estable); restriccion Medio (estable); cumplimiento Bajo,emergencia,28,"(2, 2, 2, 2)",0.0191,10.0,"(0, 2, 2, 1)",0.0133,6.0,"(1, 2, 0, 0)",0.0133,3.0
c=A dc=- h=A dh=0 L=M dL=0 preo=M,contagio Alto (baja); hospital Alto (estable); restriccion Medio (estable); cumplimiento Medio,emergencia,7,"(2, 2, 2, 2)",0.0126,10.0,"(1, 0, 1, 1)",0.0126,4.0,"(0, 2, 2, 0)",0.0126,4.0
c=A dc=- h=A dh=0 L=M dL=0 preo=A,contagio Alto (baja); hospital Alto (estable); restriccion Medio (estable); cumplimiento Alto,emergencia,323,"(1, 1, 2, 2)",0.0678,8.0,"(0, 1, 0, 2)",0.0158,5.0,"(2, 0, 0, 0)",0.0131,2.0
c=A dc=- h=A dh=0 L=M dL=+ preo=B,contagio Alto (baja); hospital Alto (estable); restriccion Medio (sube); cumplimiento Bajo,emergencia,55,"(0, 0, 0, 0)",0.0743,0.0,"(0, 1, 2, 0)",0.0139,3.0,"(1, 1, 0, 2)",0.0139,6.0
c=A dc=- h=A dh=0 L=M dL=+ preo=M,contagio Alto (baja); hospital Alto (estable); restriccion Medio (sube); cumplimiento Medio,emergencia,32,"(1, 0, 2, 2)",0.0189,7.0,"(2, 2, 2, 2)",0.0143,10.0,"(1, 2, 1, 2)",0.0143,8.0
c=A dc=- h=A dh=0 L=M dL=+ preo=A,contagio Alto (baja); hospital Alto (estable); restriccion Medio (sube); cumplimiento Alto,emergencia,693,"(2, 2, 1, 1)",0.0614,7.0,"(1, 0, 1, 1)",0.0258,4.0,"(2, 0, 2, 1)",0.0184,6.0
c=A dc=- h=A dh=0 L=A dL=- preo=B,contagio Alto (baja); hospital Alto (estable); restriccion Alto (baja); cumplimiento Bajo,emergencia,532,"(2, 1, 2, 1)",0.0390,7.0,"(2, 1, 1, 1)",0.0161,6.0,"(0, 2, 2, 2)",0.0141,8.0
c=A dc=- h=A dh=0 L=A dL=- preo=M,contagio Alto (baja); hospital Alto (estable); restriccion Alto (baja); cumplimiento Medio,emergencia,278,"(0, 2, 1, 2)",0.0316,7.0,"(0, 2, 0, 1)",0.0172,4.0,"(2, 2, 2, 2)",0.0130,10.0
c=A dc=- h=A dh=0 L=A dL=- preo=A,contagio Alto (baja); hospital Alto (estable); restriccion Alto (baja); cumplimiento Alto,emergencia,4021,"(2, 2, 0, 2)",0.0635,8.0,"(2, 2, 1, 1)",0.0468,7.0,"(2, 2, 2, 2)",0.0447,10.0
c=A dc=- h=A dh=0 L=A dL=0 preo=B,contagio Alto (baja); hospital Alto (estable); restriccion Alto (estable); cumplimiento Bajo,emergencia,537,"(1, 2, 2, 1)",0.0242,7.0,"(0, 1, 2, 0)",0.0242,3.0,"(1, 1, 1, 0)",0.0205,3.0
c=A dc=- h=A dh=0 L=A dL=0 preo=M,contagio Alto (baja); hospital Alto (estable); restriccion Alto (estable); cumplimiento Medio,emergencia,339,"(1, 2, 0, 2)",0.0269,7.0,"(0, 0, 0, 0)",0.0158,0.0,"(1, 0, 1, 2)",0.0127,6.0
c=A dc=- h=A dh=0 L=A dL=0 preo=A,contagio Alto (baja); hospital Alto (estable); restriccion Alto (estable); cumplimiento Alto,emergencia,5913,"(2, 2, 2, 2)",0.0635,10.0,"(1, 2, 2, 2)",0.0423,9.0,"(1, 2, 1, 1)",0.0393,6.0
c=A dc=- h=A dh=0 L=A dL=+ preo=B,contagio Alto (baja); hospital Alto (estable); restriccion Alto (sube); cumplimiento Bajo,emergencia,903,"(2, 2, 1, 1)",0.0607,7.0,"(2, 1, 0, 1)",0.0242,5.0,"(1, 0, 1, 1)",0.0193,4.0
c=A dc=- h=A dh=0 L=A dL=+ preo=M,contagio Alto (baja); hospital Alto (estable); restriccion Alto (sube); cumplimiento Medio,emergencia,297,"(2, 2, 2, 1)",0.0929,8.0,"(1, 1, 1, 1)",0.0146,5.0,"(1, 2, 0, 2)",0.0146,7.0
c=A dc=- h=A dh=0 L=A dL=+ preo=A,contagio Alto (baja); hospital Alto (estable); restriccion Alto (sube); cumplimiento Alto,emergencia,6187,"(2, 1, 1, 2)",0.0606,8.0,"(1, 2, 1, 2)",0.0419,8.0,"(2, 2, 2, 0)",0.0417,6.0
c=A dc=- h=A dh=+ L=B dL=- preo=B,contagio Alto (baja); hospital Alto (sube); restriccion Bajo (baja); cumplimiento Bajo,emergencia,891,"(2, 1, 2, 2)",0.1006,9.0,"(2, 0, 1, 0)",0.0369,3.0,"(1, 0, 0, 2)",0.0162,5.0
c=A dc=- h=A dh=+ L=B dL=- preo=M,contagio Alto (baja); hospital Alto (sube); restriccion Bajo (baja); cumplimiento Medio,emergencia,216,"(2, 2, 1, 2)",0.0276,9.0,"(1, 0, 0, 2)",0.0175,5.0,"(1, 0, 2, 2)",0.0144,7.0
c=A dc=- h=A dh=+ L=B dL=- preo=A,contagio Alto (baja); hospital Alto (sube); restriccion Bajo (baja); cumplimiento Alto,emergencia,1556,"(2, 2, 1, 2)",0.0697,9.0,"(1, 2, 2, 1)",0.0229,7.0,"(1, 0, 2, 1)",0.0229,5.0
c=A dc=- h=A dh=+ L=B dL=0 preo=B,contagio Alto (baja); hospital Alto (sube); restriccion Bajo (estable); cumplimiento Bajo,emergencia,239,"(2, 1, 2, 2)",0.0386,9.0,"(0, 2, 2, 1)",0.0151,6.0,"(1, 1, 1, 2)",0.0150,7.0
c=A dc=- h=A dh=+ L=B dL=0 preo=M,contagio Alto (baja); hospital Alto (sube); restriccion Bajo (estable); cumplimiento Medio,emergencia,62,"(0, 0, 2, 0)",0.0410,2.0,"(2, 2, 2, 2)",0.0173,10.0,"(0, 1, 1, 2)",0.0173,6.0
c=A dc=- h=A dh=+ L=B dL=0 preo=A,contagio Alto (baja); hospital Alto (sube); restriccion Bajo (estable); cumplimiento Alto,emergencia,471,"(2, 2, 2, 1)",0.0517,8.0,"(1, 1, 2, 2)",0.0141,8.0,"(0, 2, 0, 0)",0.0137,2.0
c=A dc=- h=A dh=+ L=B dL=+ preo=B,contagio Alto (baja); hospital Alto (sube); restriccion Bajo (sube); cumplimiento Bajo,emergencia,356,"(2, 2, 0, 2)",0.0444,8.0,"(1, 1, 1, 2)",0.0140,7.0,"(2, 2, 0, 0)",0.0140,4.0
c=A dc=- h=A dh=+ L=B dL=+ preo=M,contagio Alto (baja); hospital Alto (sube); restriccion Bajo (sube); cumplimiento Medio,emergencia,99,"(2, 2, 2, 1)",0.0312,8.0,"(2, 2, 1, 1)",0.0170,7.0,"(2, 1, 1, 1)",0.0165,6.0
c=A dc=- h=A dh=+ L=B dL=+ preo=A,contagio Alto (baja); hospital Alto (sube); restriccion Bajo (sube); cumplimiento Alto,emergencia,589,"(1, 1, 2, 2)",0.0526,8.0,"(0, 0, 2, 2)",0.0157,6.0,"(2, 2, 2, 1)",0.0153,8.0
c=A dc=- h=A dh=+ L=M dL=- preo=B,contagio Alto (baja); hospital Alto (sube); restriccion Medio (baja); cumplimiento Bajo,emergencia,1177,"(2, 2, 2, 1)",0.1685,8.0,"(1, 1, 2, 2)",0.0323,8.0,"(0, 0, 1, 0)",0.0311,1.0
c=A dc=- h=A dh=+ L=M dL=- preo=M,contagio Alto (baja); hospital Alto (sube); restriccion Medio (baja); cumplimiento Medio,emergencia,332,"(1, 2, 2, 2)",0.0607,9.0,"(2, 0, 1, 0)",0.0187,3.0,"(0, 2, 1, 1)",0.0136,5.0
c=A dc=- h=A dh=+ L=M dL=- preo=A,contagio Alto (baja); hospital Alto (sube); restriccion Medio (baja); cumplimiento Alto,emergencia,1572,"(2, 0, 2, 2)",0.0613,8.0,"(1, 2, 1, 0)",0.0213,4.0,"(2, 2, 1, 0)",0.0204,5.0
c=A dc=- h=A dh=+ L=M dL=0 preo=B,contagio Alto (baja); hospital Alto (sube); restriccion Medio (estable); cumplimiento Bajo,emergencia,292,"(2, 1, 0, 2)",0.0336,7.0,"(0, 0, 1, 2)",0.0138,5.0,"(2, 0, 2, 0)",0.0138,4.0
c=A dc=- h=A dh=+ L=M dL=0 preo=M,contagio Alto (baja); hospital Alto (sube); restriccion Medio (estable); cumplimiento Medio,emergencia,87,"(1, 1, 1, 2)",0.4696,7.0,"(0, 1, 0, 0)",0.0113,1.0,"(1, 0, 1, 1)",0.0113,4.0
c=A dc=- h=A dh=+ L=M dL=0 preo=A,contagio Alto (baja); hospital Alto (sube); restriccion Medio (estable); cumplimiento Alto,emergencia,689,"(2, 2, 2, 2)",0.0647,10.0,"(2, 0, 0, 0)",0.0178,2.0,"(0, 2, 0, 2)",0.0153,6.0
c=A dc=- h=A dh=+ L=M dL=+ preo=B,contagio Alto (baja); hospital Alto (sube); restriccion Medio (sube); cumplimiento Bajo,emergencia,879,"(1, 2, 2, 2)",0.0715,9.0,"(2, 0, 1, 0)",0.0282,3.0,"(2, 2, 2, 0)",0.0211,6.0
c=A dc=- h=A dh=+ L=M dL=+ preo=M,contagio Alto (baja); hospital Alto (sube); restriccion Medio (sube); cumplimiento Medio,emergencia,242,"(2, 2, 1, 2)",0.0527,9.0,"(2, 2, 1, 1)",0.0315,7.0,"(1, 0, 0, 1)",0.0138,3.0
c=A dc=- h=A dh=+ L=M dL=+ preo=A,contagio Alto (baja); hospital Alto (sube); restriccion Medio (sube); cumplimiento Alto,emergencia,1624,"(2, 2, 0, 2)",0.0584,8.0,"(1, 1, 0, 2)",0.0221,6.0,"(2, 0, 2, 0)",0.0201,4.0
c=A dc=- h=A dh=+ L=A dL=- preo=B,contagio Alto (baja); hospital Alto (sube); restriccion Alto (baja); cumplimiento Bajo,emergencia,3726,"(2, 2, 2, 2)",0.0990,10.0,"(0, 2, 0, 0)",0.0562,2.0,"(0, 0, 0, 2)",0.0398,4.0
c=A dc=- h=A dh=+ L=A dL=- preo=M,contagio Alto (baja); hospital Alto (sube); restriccion Alto (baja); cumplimiento Medio,emergencia,1309,"(2, 2, 1, 1)",0.0308,7.0,"(2, 1, 0, 2)",0.0204,7.0,"(0, 2, 2, 2)",0.0176,8.0
c=A dc=- h=A dh=+ L=A dL=- preo=A,contagio Alto (baja); hospital Alto (sube); restriccion Alto (baja); cumplimiento Alto,emergencia,11739,"(1, 2, 2, 1)",0.0309,7.0,"(2, 1, 1, 0)",0.0233,4.0,"(2, 0, 1, 2)",0.0225,7.0
c=A dc=- h=A dh=+ L=A dL=0 preo=B,contagio Alto (baja); hospital Alto (sube); restriccion Alto (estable); cumplimiento Bajo,emergencia,6594,"(2, 2, 2, 1)",0.0408,8.0,"(1, 1, 0, 0)",0.0277,2.0,"(0, 1, 1, 0)",0.0256,2.0
c=A dc=- h=A dh=+ L=A dL=0 preo=M,contagio Alto (baja); hospital Alto (sube); restriccion Alto (estable); cumplimiento Medio,emergencia,2632,"(2, 2, 0, 2)",0.0346,8.0,"(2, 1, 1, 1)",0.0254,6.0,"(2, 0, 1, 2)",0.0236,7.0
c=A dc=- h=A dh=+ L=A dL=0 preo=A,contagio Alto (baja); hospital Alto (sube); restriccion Alto (estable); cumplimiento Alto,emergencia,21358,"(2, 2, 0, 2)",0.0264,8.0,"(1, 2, 1, 2)",0.0206,8.0,"(0, 2, 1, 2)",0.0204,7.0
c=A dc=- h=A dh=+ L=A dL=+ preo=B,contagio Alto (baja); hospital Alto (sube); restriccion Alto (sube); cumplimiento Bajo,emergencia,13436,"(2, 2, 2, 1)",0.0312,8.0,"(0, 0, 0, 0)",0.0237,0.0,"(0, 0, 1, 1)",0.0235,3.0
c=A dc=- h=A dh=+ L=A dL=+ preo=M,contagio Alto (baja); hospital Alto (sube); restriccion Alto (sube); cumplimiento Medio,emergencia,3032,"(2, 2, 2, 1)",0.0404,8.0,"(2, 2, 0, 0)",0.0351,4.0,"(1, 2, 1, 1)",0.0312,6.0
c=A dc=- h=A dh=+ L=A dL=+ preo=A,contagio Alto (baja); hospital Alto (sube); restriccion Alto (sube); cumplimiento Alto,emergencia,31538,"(2, 2, 2, 2)",0.0238,10.0,"(1, 2, 1, 2)",0.0203,8.0,"(1, 2, 0, 2)",0.0166,7.0
c=A dc=0 h=B dh=- L=B dL=- preo=B,contagio Alto (estable); hospital Bajo (baja); restriccion Bajo (baja); cumplimiento Bajo,emergencia,215,"(0, 0, 0, 2)",0.9932,4.0,"(0, 2, 2, 2)",0.0030,8.0,"(1, 0, 2, 1)",0.0018,5.0
c=A dc=0 h=B dh=- L=B dL=- preo=M,contagio Alto (estable); hospital Bajo (baja); restriccion Bajo (baja); cumplimiento Medio,emergencia,176,"(2, 1, 2, 2)",0.9993,9.0,"(2, 1, 1, 0)",0.0002,4.0,"(1, 1, 2, 0)",0.0002,4.0
c=A dc=0 h=B dh=- L=B dL=- preo=A,contagio Alto (estable); hospital Bajo (baja); restriccion Bajo (baja); cumplimiento Alto,emergencia,7,"(1, 2, 1, 1)",0.4738,6.0,"(2, 2, 2, 2)",0.0066,10.0,"(1, 0, 0, 2)",0.0066,5.0
c=A dc=0 h=B dh=- L=B dL=0 preo=B,contagio Alto (estable); hospital Bajo (baja); restriccion Bajo (estable); cumplimiento Bajo,emergencia,62,"(2, 1, 0, 0)",0.9988,3.0,"(2, 2, 2, 2)",0.0000,10.0,"(0, 2, 0, 2)",0.0000,6.0
c=A dc=0 h=B dh=- L=B dL=0 preo=M,contagio Alto (estable); hospital Bajo (baja); restriccion Bajo (estable); cumplimiento Medio,emergencia,26,"(2, 2, 2, 2)",0.9988,10.0,"(1, 1, 2, 0)",0.0001,4.0,"(1, 0, 0, 2)",0.0000,5.0
c=A dc=0 h=B dh=- L=B dL=0 preo=A,contagio Alto (estable); hospital Bajo (baja); restriccion Bajo (estable); cumplimiento Alto,emergencia,1,"(0, 2, 0, 2)",0.1140,6.0,"(1, 1, 1, 0)",0.0111,3.0,"(0, 2, 1, 0)",0.0111,3.0
c=A dc=0 h=B dh=- L=B dL=+ preo=B,contagio Alto (estable); hospital Bajo (baja); restriccion Bajo (sube); cumplimiento Bajo,emergencia,379,"(2, 0, 0, 2)",0.8751,6.0,"(2, 1, 0, 0)",0.0653,3.0,"(0, 0, 1, 0)",0.0496,1.0
c=A dc=0 h=B dh=- L=B dL=+ preo=M,contagio Alto (estable); hospital Bajo (baja); restriccion Bajo (sube); cumplimiento Medio,emergencia,48,"(2, 2, 1, 2)",0.9992,9.0,"(1, 0, 1, 0)",0.0001,2.0,"(1, 2, 2, 0)",0.0000,5.0
c=A dc=0 h=B dh=- L=B dL=+ preo=A,contagio Alto (estable); hospital Bajo (baja); restriccion Bajo (sube); cumplimiento Alto,emergencia,2,"(2, 2, 2, 2)",0.0124,10.0,"(2, 2, 2, 1)",0.0124,8.0,"(0, 2, 1, 0)",0.0124,3.0
c=A dc=0 h=B dh=- L=M dL=- preo=B,contagio Alto (estable); hospital Bajo (baja); restriccion Medio (baja); cumplimiento Bajo,emergencia,129,"(1, 1, 2, 0)",0.9723,4.0,"(1, 1, 0, 1)",0.0178,4.0,"(2, 1, 2, 2)",0.0076,9.0
c=A dc=0 h=B dh=- L=M dL=- preo=M,contagio Alto (estable); hospital Bajo (baja); restriccion Medio (baja); cumplimiento Medio,emergencia,67,"(0, 1, 0, 1)",0.9754,3.0,"(2, 2, 2, 2)",0.0135,10.0,"(1, 1, 0, 2)",0.0001,6.0
c=A dc=0 h=B dh=- L=M dL=- preo=A,contagio Alto (estable); hospital Bajo (baja); restriccion Medio (baja); cumplimiento Alto,emergencia,3,"(2, 2, 2, 1)",0.1108,8.0,"(0, 2, 1, 0)",0.0112,3.0,"(0, 2, 1, 1)",0.0112,5.0
c=A dc=0 h=B dh=- L=M dL=0 preo=B,contagio Alto (estable); hospital Bajo (baja); restriccion Medio (estable); cumplimiento Bajo,emergencia,9,"(1, 1, 1, 0)",0.9999,3.0,"(2, 2, 2, 2)",0.0000,10.0,"(0, 2, 1, 0)",0.0000,3.0
c=A dc=0 h=B dh=- L=M dL=0 preo=M,contagio Alto (estable); hospital Bajo (baja); restriccion Medio (estable); cumplimiento Medio,emergencia,23,"(1, 2, 0, 1)",0.9539,5.0,"(2, 2, 2, 2)",0.0006,10.0,"(1, 0, 1, 0)",0.0006,2.0
c=A dc=0 h=B dh=- L=M dL=0 preo=A,contagio Alto (estable); hospital Bajo (baja); restriccion Medio (estable); cumplimiento Alto,emergencia,2,"(2, 2, 1, 2)",0.6425,9.0,"(2, 2, 2, 2)",0.0045,10.0,"(1, 0, 0, 2)",0.0045,5.0
c=A dc=0 h=B dh=- L=M dL=+ preo=B,contagio Alto (estable); hospital Bajo (baja); restriccion Medio (sube); cumplimiento Bajo,emergencia,880,"(0, 0, 1, 0)",0.9848,1.0,"(2, 2, 1, 2)",0.0028,9.0,"(0, 2, 0, 2)",0.0023,6.0
c=A dc=0 h=B dh=- L=M dL=+ preo=M,contagio Alto (estable); hospital Bajo (baja); restriccion Medio (sube); cumplimiento Medio,emergencia,149,"(2, 2, 1, 1)",0.9983,7.0,"(0, 1, 1, 1)",0.0007,4.0,"(0, 0, 0, 2)",0.0003,4.0
c=A dc=0 h=B dh=- L=M dL=+ preo=A,contagio Alto (estable); hospital Bajo (baja); restriccion Medio (sube); cumplimiento Alto,emergencia,12,"(1, 0, 0, 2)",0.4122,5.0,"(2, 2, 2, 2)",0.0074,10.0,"(1, 0, 1, 1)",0.0074,4.0
c=A dc=0 h=B dh=- L=A dL=- preo=B,contagio Alto (estable); hospital Bajo (baja); restriccion Alto (baja); cumplimiento Bajo,emergencia,21,"(2, 2, 2, 1)",1.0000,8.0,"(0, 2, 0, 2)",0.0000,6.0,"(0, 2, 1, 1)",0.0000,5.0
c=A dc=0 h=B dh=- L=A dL=- preo=M,contagio Alto (estable); hospital Bajo (baja); restriccion Alto (baja); cumplimiento Medio,emergencia,2,"(1, 2, 2, 2)",0.9838,9.0,"(2, 2, 2, 2)",0.0002,10.0,"(0, 2, 0, 2)",0.0002,6.0
c=A dc=0 h=B dh=- L=A dL=- preo=A,contagio Alto (estable); hospital Bajo (baja); restriccion Alto (baja); cumplimiento Alto,emergencia,0,"(2, 2, 2, 2)",0.0123,10.0,"(1, 1, 1, 0)",0.0123,3.0,"(0, 2, 1, 0)",0.0123,3.0
c=A dc=0 h=B dh=- L=A dL=0 preo=B,contagio Alto (estable); hospital Bajo (baja); restriccion Alto (estable); cumplimiento Bajo,emergencia,8,"(0, 0, 1, 1)",0.9999,3.0,"(2, 2, 2, 2)",0.0000,10.0,"(1, 0, 0, 2)",0.0000,5.0
c=A dc=0 h=B dh=- L=A dL=0 preo=M,contagio Alto (estable); hospital Bajo (baja); restriccion Alto (estable); cumplimiento Medio,emergencia,3,"(1, 2, 2, 2)",0.9966,9.0,"(2, 2, 2, 2)",0.0000,10.0,"(0, 2, 0, 2)",0.0000,6.0
c=A dc=0 h=B dh=- L=A dL=0 preo=A,contagio Alto (estable); hospital Bajo (baja); restriccion Alto (estable); cumplimiento Alto,emergencia,0,"(2, 2, 2, 2)",0.0123,10.0,"(1, 1, 1, 0)",0.0123,3.0,"(0, 2, 1, 0)",0.0123,3.0
c=A dc=0 h=B dh=- L=A dL=+ preo=B,contagio Alto (estable); hospital Bajo (baja); restriccion Alto (sube); cumplimiento Bajo,emergencia,1079,"(1, 1, 2, 1)",0.8083,6.0,"(1, 2, 2, 1)",0.0604,7.0,"(1, 1, 2, 0)",0.0600,4.0
c=A dc=0 h=B dh=- L=A dL=+ preo=M,contagio Alto (estable); hospital Bajo (baja); restriccion Alto (sube); cumplimiento Medio,emergencia,178,"(0, 1, 1, 0)",0.9444,2.0,"(0, 0, 1, 1)",0.0292,3.0,"(0, 1, 2, 1)",0.0098,5.0
c=A dc=0 h=B dh=- L=A dL=+ preo=A,contagio Alto (estable); hospital Bajo (baja); restriccion Alto (sube); cumplimiento Alto,emergencia,0,"(2, 2, 2, 2)",0.0123,10.0,"(1, 1, 1, 0)",0.0123,3.0,"(0, 2, 1, 0)",0.0123,3.0
c=A dc=0 h=B dh=0 L=B dL=- preo=B,contagio Alto (estable); hospital Bajo (estable); restriccion Bajo (baja); cumplimiento Bajo,emergencia,1530,"(2, 1, 2, 0)",0.6478,5.0,"(2, 2, 2, 1)",0.0716,8.0,"(2, 1, 1, 2)",0.0638,8.0
c=A dc=0 h=B dh=0 L=B dL=- preo=M,contagio Alto (estable); hospital Bajo (estable); restriccion Bajo (baja); cumplimiento Medio,emergencia,209,"(2, 1, 0, 2)",0.8454,7.0,"(0, 0, 2, 2)",0.0383,6.0,"(2, 2, 2, 2)",0.0015,10.0
c=A dc=0 h=B dh=0 L=B dL=- preo=A,contagio Alto (estable); hospital Bajo (estable); restriccion Bajo (baja); cumplimiento Alto,emergencia,1693,"(2, 2, 2, 2)",0.0774,10.0,"(0, 0, 1, 2)",0.0520,5.0,"(2, 2, 1, 0)",0.0459,5.0
c=A dc=0 h=B dh=0 L=B dL=0 preo=B,contagio Alto (estable); hospital Bajo (estable); restriccion Bajo (estable); cumplimiento Bajo,emergencia,254,"(1, 0, 0, 0)",0.9935,1.0,"(1, 0, 0, 1)",0.0048,3.0,"(1, 1, 1, 0)",0.0005,3.0
c=A dc=0 h=B dh=0 L=B dL=0 preo=M,contagio Alto (estable); hospital Bajo (estable); restriccion Bajo (estable); cumplimiento Medio,emergencia,30,"(2, 1, 1, 2)",0.9858,8.0,"(2, 2, 2, 2)",0.0002,10.0,"(1, 0, 0, 1)",0.0002,3.0
c=A dc=0 h=B dh=0 L=B dL=0 preo=A,contagio Alto (estable); hospital Bajo (estable); restriccion Bajo (estable); cumplimiento Alto,emergencia,287,"(2, 2, 1, 2)",0.0345,9.0,"(1, 0, 2, 2)",0.0283,7.0,"(2, 2, 2, 2)",0.0140,10.0
c=A dc=0 h=B dh=0 L=B dL=+ preo=B,contagio Alto (estable); hospital Bajo (estable); restriccion Bajo (sube); cumplimiento Bajo,emergencia,479,"(2, 0, 1, 1)",0.8750,5.0,"(1, 1, 2, 2)",0.0271,8.0,"(1, 0, 1, 0)",0.0236,2.0
c=A dc=0 h=B dh=0 L=B dL=+ preo=M,contagio Alto (estable); hospital Bajo (estable); restriccion Bajo (sube); cumplimiento Medio,emergencia,32,"(1, 1, 2, 0)",0.3025,4.0,"(2, 2, 2, 2)",0.0088,10.0,"(1, 0, 0, 1)",0.0088,3.0
c=A dc=0 h=B dh=0 L=B dL=+ preo=A,contagio Alto (estable); hospital Bajo (estable); restriccion Bajo (sube); cumplimiento Alto,emergencia,357,"(2, 2, 0, 2)",0.0350,8.0,"(1, 2, 2, 2)",0.0188,9.0,"(2, 1, 1, 2)",0.0184,8.0
c=A dc=0 h=B dh=0 L=M dL=- preo=B,contagio Alto (estable); hospital Bajo (estable); restriccion Medio (baja); cumplimiento Bajo,emergencia,564,"(0, 0, 1, 1)",0.9985,3.0,"(0, 1, 2, 1)",0.0005,5.0,"(0, 1, 0, 1)",0.0002,3.0
c=A dc=0 h=B dh=0 L=M dL=- preo=M,contagio Alto (estable); hospital Bajo (estable); restriccion Medio (baja); cumplimiento Medio,emergencia,63,"(2, 2, 1, 1)",0.9584,7.0,"(1, 1, 0, 0)",0.0037,2.0,"(1, 2, 0, 1)",0.0006,5.0
c=A dc=0 h=B dh=0 L=M dL=- preo=A,contagio Alto (estable); hospital Bajo (estable); restriccion Medio (baja); cumplimiento Alto,emergencia,651,"(2, 2, 1, 1)",0.0488,7.0,"(0, 0, 0, 1)",0.0327,2.0,"(2, 0, 2, 2)",0.0317,8.0
c=A dc=0 h=B dh=0 L=M dL=0 preo=B,contagio Alto (estable); hospital Bajo (estable); restriccion Medio (estable); cumplimiento Bajo,emergencia,254,"(2, 1, 2, 2)",0.9910,9.0,"(0, 0, 0, 1)",0.0046,2.0,"(2, 1, 1, 2)",0.0020,8.0
c=A dc=0 h=B dh=0 L=M dL=0 preo=M,contagio Alto (estable); hospital Bajo (estable); restriccion Medio (estable); cumplimiento Medio,emergencia,24,"(0, 2, 1, 2)",0.9609,7.0,"(2, 2, 2, 2)",0.0005,10.0,"(2, 2, 2, 1)",0.0005,8.0
c=A dc=0 h=B dh=0 L=M dL=0 preo=A,contagio Alto (estable); hospital Bajo (estable); restriccion Medio (estable); cumplimiento Alto,emergencia,294,"(2, 2, 1, 2)",0.0495,9.0,"(0, 0, 2, 0)",0.0374,2.0,"(0, 0, 2, 1)",0.0292,4.0
c=A dc=0 h=B dh=0 L=M dL=+ preo=B,contagio Alto (estable); hospital Bajo (estable); restriccion Medio (sube); cumplimiento Bajo,emergencia,1215,"(2, 2, 1, 2)",0.8919,9.0,"(2, 1, 1, 0)",0.0430,4.0,"(1, 1, 0, 1)",0.0135,4.0
c=A dc=0 h=B dh=0 L=M dL=+ preo=M,contagio Alto (estable); hospital Bajo (estable); restriccion Medio (sube); cumplimiento Medio,emergencia,105,"(2, 1, 0, 2)",0.9944,7.0,"(2, 2, 2, 2)",0.0001,10.0,"(0, 2, 0, 1)",0.0001,4.0
c=A dc=0 h=B dh=0 L=M dL=+ preo=A,contagio Alto (estable); hospital Bajo (estable); restriccion Medio (sube); cumplimiento Alto,emergencia,919,"(1, 2, 2, 2)",0.0556,9.0,"(1, 1, 2, 1)",0.0368,6.0,"(1, 0, 0, 0)",0.0298,1.0
c=A dc=0 h=B dh=0 L=A dL=- preo=B,contagio Alto (estable); hospital Bajo (estable); restriccion Alto (baja); cumplimiento Bajo,emergencia,106,"(1, 0, 1, 0)",0.9997,2.0,"(1, 1, 0, 1)",0.0000,4.0,"(2, 0, 2, 0)",0.0000,4.0
c=A dc=0 h=B dh=0 L=A dL=- preo=M,contagio Alto (estable); hospital Bajo (estable); restriccion Alto (baja); cumplimiento Medio,emergencia,15,"(1, 2, 0, 0)",0.1005,3.0,"(2, 0, 1, 0)",0.0853,3.0,"(2, 2, 2, 2)",0.0104,10.0
c=A dc=0 h=B dh=0 L=A dL=- preo=A,contagio Alto (estable); hospital Bajo (estable); restriccion Alto (baja); cumplimiento Alto,emergencia,118,"(1, 0, 0, 2)",0.0270,5.0,"(2, 2, 2, 2)",0.0131,10.0,"(0, 2, 2, 0)",0.0131,4.0
c=A dc=0 h=B dh=0 L=A dL=0 preo=B,contagio Alto (estable); hospital Bajo (estable); restriccion Alto (estable); cumplimiento Bajo,emergencia,119,"(2, 2, 1, 0)",0.9882,5.0,"(2, 2, 2, 2)",0.0001,10.0,"(1, 0, 0, 2)",0.0001,5.0
c=A dc=0 h=B dh=0 L=A dL=0 preo=M,contagio Alto (estable); hospital Bajo (estable); restriccion Alto (estable); cumplimiento Medio,emergencia,6,"(1, 0, 1, 2)",0.8221,6.0,"(2, 2, 2, 2)",0.0022,10.0,"(1, 0, 0, 1)",0.0022,3.0
c=A dc=0 h=B dh=0 L=A dL=0 preo=A,contagio Alto (estable); hospital Bajo (estable); restriccion Alto (estable); cumplimiento Alto,emergencia,152,"(2, 2, 1, 1)",0.0279,7.0,"(2, 2, 1, 2)",0.0199,9.0,"(2, 2, 2, 2)",0.0159,10.0
c=A dc=0 h=B dh=0 L=A dL=+ preo=B,contagio Alto (estable); hospital Bajo (estable); restriccion Alto (sube); cumplimiento Bajo,emergencia,1280,"(2, 2, 2, 2)",0.9236,10.0,"(2, 2, 2, 1)",0.0300,8.0,"(2, 0, 1, 1)",0.0250,5.0
c=A dc=0 h=B dh=0 L=A dL=+ preo=M,contagio Alto (estable); hospital Bajo (estable); restriccion Alto (sube); cumplimiento Medio,emergencia,134,"(0, 1, 1, 0)",0.9299,2.0,"(1, 1, 1, 1)",0.0311,5.0,"(0, 2, 1, 0)",0.0005,3.0
c=A dc=0 h=B dh=0 L=A dL=+ preo=A,contagio Alto (estable); hospital Bajo (estable); restriccion Alto (sube); cumplimiento Alto,emergencia,1204,"(0, 2, 2, 2)",0.0853,8.0,"(2, 2, 2, 2)",0.0336,10.0,"(0, 2, 2, 0)",0.0307,4.0
c=A dc=0 h=B dh=+ L=B dL=- preo=B,contagio Alto (estable); hospital Bajo (sube); restriccion Bajo (baja); cumplimiento Bajo,emergencia,477,"(0, 0, 0, 0)",0.9963,0.0,"(0, 0, 2, 0)",0.0008,2.0,"(2, 2, 2, 2)",0.0006,10.0
c=A dc=0 h=B dh=+ L=B dL=- preo=M,contagio Alto (estable); hospital Bajo (sube); restriccion Bajo (baja); cumplimiento Medio,emergencia,247,"(2, 1, 1, 2)",0.9039,8.0,"(1, 0, 2, 2)",0.0227,7.0,"(1, 2, 2, 0)",0.0069,5.0
c=A dc=0 h=B dh=+ L=B dL=- preo=A,contagio Alto (estable); hospital Bajo (sube); restriccion Bajo (baja); cumplimiento Alto,emergencia,207,"(1, 0, 0, 0)",0.1070,1.0,"(2, 0, 1, 0)",0.0280,3.0,"(1, 2, 2, 0)",0.0239,5.0
c=A dc=0 h=B dh=+ L=B dL=0 preo=B,contagio Alto (estable); hospital Bajo (sube); restriccion Bajo (estable); cumplimiento Bajo,emergencia,73,"(1, 2, 2, 2)",0.9999,9.0,"(1, 1, 0, 1)",0.0000,4.0,"(0, 2, 1, 0)",0.0000,3.0
c=A dc=0 h=B dh=+ L=B dL=0 preo=M,contagio Alto (estable); hospital Bajo (sube); restriccion Bajo (estable); cumplimiento Medio,emergencia,19,"(2, 1, 2, 2)",0.9990,9.0,"(2, 2, 2, 2)",0.0000,10.0,"(1, 0, 0, 2)",0.0000,5.0
c=A dc=0 h=B dh=+ L=B dL=0 preo=A,contagio Alto (estable); hospital Bajo (sube); restriccion Bajo (estable); cumplimiento Alto,emergencia,16,"(2, 2, 2, 2)",0.0128,10.0,"(1, 1, 2, 2)",0.0128,8.0,"(0, 2, 2, 1)",0.0128,6.0
c=A dc=0 h=B dh=+ L=B dL=+ preo=B,contagio Alto (estable); hospital Bajo (sube); restriccion Bajo (sube); cumplimiento Bajo,emergencia,355,"(1, 2, 2, 1)",0.9702,7.0,"(1, 2, 1, 2)",0.0277,8.0,"(1, 2, 1, 1)",0.0009,6.0
c=A dc=0 h=B dh=+ L=B dL=+ preo=M,contagio Alto (estable); hospital Bajo (sube); restriccion Bajo (sube); cumplimiento Medio,emergencia,27,"(2, 1, 0, 1)",0.9600,5.0,"(2, 2, 2, 2)",0.0005,10.0,"(0, 2, 0, 2)",0.0005,6.0
c=A dc=0 h=B dh=+ L=B dL=+ preo=A,contagio Alto (estable); hospital Bajo (sube); restriccion Bajo (sube); cumplimiento Alto,emergencia,28,"(1, 0, 1, 2)",0.8634,6.0,"(1, 0, 1, 1)",0.0017,4.0,"(0, 2, 1, 2)",0.0017,7.0
c=A dc=0 h=B dh=+ L=M dL=- preo=B,contagio Alto (estable); hospital Bajo (sube); restriccion Medio (baja); cumplimiento Bajo,emergencia,141,"(2, 2, 0, 2)",0.9991,8.0,"(0, 1, 2, 2)",0.0006,7.0,"(2, 1, 2, 0)",0.0003,5.0
c=A dc=0 h=B dh=+ L=M dL=- preo=M,contagio Alto (estable); hospital Bajo (sube); restriccion Medio (baja); cumplimiento Medio,emergencia,44,"(1, 1, 2, 0)",0.9969,4.0,"(2, 1, 1, 1)",0.0009,6.0,"(2, 2, 2, 2)",0.0000,10.0
c=A dc=0 h=B dh=+ L=M dL=- preo=A,contagio Alto (estable); hospital Bajo (sube); restriccion Medio (baja); cumplimiento Alto,emergencia,41,"(0, 1, 1, 0)",0.5782,2.0,"(1, 1, 1, 1)",0.0056,5.0,"(1, 0, 2, 2)",0.0056,7.0
c=A dc=0 h=B dh=+ L=M dL=0 preo=B,contagio Alto (estable); hospital Bajo (sube); restriccion Medio (estable); cumplimiento Bajo,emergencia,6,"(2, 0, 2, 1)",0.9996,6.0,"(2, 2, 2, 2)",0.0000,10.0,"(1, 0, 0, 1)",0.0000,3.0
c=A dc=0 h=B dh=+ L=M dL=0 preo=M,contagio Alto (estable); hospital Bajo (sube); restriccion Medio (estable); cumplimiento Medio,emergencia,1,"(0, 2, 1, 0)",0.2780,3.0,"(2, 2, 2, 2)",0.0090,10.0,"(1, 1, 1, 0)",0.0090,3.0
c=A dc=0 h=B dh=+ L=M dL=0 preo=A,contagio Alto (estable); hospital Bajo (sube); restriccion Medio (estable); cumplimiento Alto,emergencia,14,"(1, 2, 1, 2)",0.5172,8.0,"(1, 0, 1, 0)",0.0063,2.0,"(0, 2, 1, 2)",0.0063,7.0
c=A dc=0 h=B dh=+ L=M dL=+ preo=B,contagio Alto (estable); hospital Bajo (sube); restriccion Medio (sube); cumplimiento Bajo,emergencia,993,"(0, 0, 1, 1)",0.9714,3.0,"(0, 0, 0, 1)",0.0153,2.0,"(2, 1, 1, 0)",0.0040,4.0
c=A dc=0 h=B dh=+ L=M dL=+ preo=M,contagio Alto (estable); hospital Bajo (sube); restriccion Medio (sube); cumplimiento Medio,emergencia,60,"(2, 2, 0, 2)",0.9987,8.0,"(1, 2, 0, 1)",0.0007,5.0,"(2, 2, 2, 2)",0.0000,10.0
c=A dc=0 h=B dh=+ L=M dL=+ preo=A,contagio Alto (estable); hospital Bajo (sube); restriccion Medio (sube); cumplimiento Alto,emergencia,41,"(1, 0, 2, 2)",0.6308,7.0,"(2, 2, 2, 2)",0.0048,10.0,"(1, 0, 1, 2)",0.0048,6.0
c=A dc=0 h=B dh=+ L=A dL=- preo=B,contagio Alto (estable); hospital Bajo (sube); restriccion Alto (baja); cumplimiento Bajo,emergencia,131,"(0, 1, 0, 1)",0.9985,3.0,"(0, 0, 1, 1)",0.0007,3.0,"(2, 0, 0, 0)",0.0007,2.0
c=A dc=0 h=B dh=+ L=A dL=- preo=M,contagio Alto (estable); hospital Bajo (sube); restriccion Alto (baja); cumplimiento Medio,emergencia,4,"(2, 0, 2, 2)",0.9940,8.0,"(2, 2, 2, 2)",0.0001,10.0,"(1, 0, 0, 1)",0.0001,3.0
c=A dc=0 h=B dh=+ L=A dL=- preo=A,contagio Alto (estable); hospital Bajo (sube); restriccion Alto (baja); cumplimiento Alto,emergencia,6,"(2, 2, 1, 0)",0.0523,5.0,"(2, 2, 2, 2)",0.0118,10.0,"(1, 0, 0, 2)",0.0118,5.0
c=A dc=0 h=B dh=+ L=A dL=0 preo=B,contagio Alto (estable); hospital Bajo (sube); restriccion Alto (estable); cumplimiento Bajo,emergencia,8,"(1, 2, 2, 2)",0.9999,9.0,"(2, 2, 1, 1)",0.0001,7.0,"(2, 2, 2, 2)",0.0000,10.0
c=A dc=0 h=B dh=+ L=A dL=0 preo=M,contagio Alto (estable); hospital Bajo (sube); restriccion Alto (estable); cumplimiento Medio,emergencia,2,"(0, 0, 1, 2)",0.1589,5.0,"(2, 2, 2, 2)",0.0105,10.0,"(1, 0, 0, 2)",0.0105,5.0
c=A dc=0 h=B dh=+ L=A dL=0 preo=A,contagio Alto (estable); hospital Bajo (sube); restriccion Alto (estable); cumplimiento Alto,emergencia,2,"(0, 1, 1, 1)",0.1410,4.0,"(2, 2, 2, 2)",0.0108,10.0,"(0, 2, 0, 2)",0.0108,6.0
c=A dc=0 h=B dh=+ L=A dL=+ preo=B,contagio Alto (estable); hospital Bajo (sube); restriccion Alto (sube); cumplimiento Bajo,emergencia,541,"(0, 0, 0, 1)",0.9888,2.0,"(2, 2, 1, 2)",0.0020,9.0,"(1, 0, 2, 1)",0.0016,5.0
c=A dc=0 h=B dh=+ L=A dL=+ preo=M,contagio Alto (estable); hospital Bajo (sube); restriccion Alto (sube); cumplimiento Medio,emergencia,95,"(2, 1, 1, 1)",0.9974,6.0,"(2, 2, 1, 1)",0.0012,7.0,"(2, 2, 2, 2)",0.0000,10.0
c=A dc=0 h=B dh=+ L=A dL=+ preo=A,contagio Alto (estable); hospital Bajo (sube); restriccion Alto (sube); cumplimiento Alto,emergencia,3,"(0, 0, 1, 1)",0.0632,3.0,"(2, 2, 2, 2)",0.0117,10.0,"(1, 0, 0, 2)",0.0117,5.0
c=A dc=0 h=M dh=- L=B dL=- preo=B,contagio Alto (estable); hospital Medio (baja); restriccion Bajo (baja); cumplimiento Bajo,emergencia,24,"(2, 0, 1, 2)",0.9971,7.0,"(2, 2, 0, 1)",0.0013,6.0,"(2, 2, 2, 2)",0.0000,10.0
c=A dc=0 h=M dh=- L=B dL=- preo=M,contagio Alto (estable); hospital Medio (baja); restriccion Bajo (baja); cumplimiento Medio,emergencia,72,"(0, 0, 2, 1)",0.9807,4.0,"(1, 0, 2, 0)",0.0081,3.0,"(2, 2, 2, 2)",0.0001,10.0
c=A dc=0 h=M dh=- L=B dL=- preo=A,contagio Alto (estable); hospital Medio (baja); restriccion Bajo (baja); cumplimiento Alto,emergencia,24,"(1, 2, 0, 0)",0.0259,3.0,"(0, 2, 1, 2)",0.0128,7.0,"(0, 2, 2, 0)",0.0128,4.0
c=A dc=0 h=M dh=- L=B dL=0 preo=B,contagio Alto (estable); hospital Medio (baja); restriccion Bajo (estable); cumplimiento Bajo,emergencia,10,"(2, 0, 0, 2)",0.9994,6.0,"(2, 2, 2, 2)",0.0000,10.0,"(0, 2, 0, 2)",0.0000,6.0
c=A dc=0 h=M dh=- L=B dL=0 preo=M,contagio Alto (estable); hospital Medio (baja); restriccion Bajo (estable); cumplimiento Medio,emergencia,16,"(2, 2, 1, 0)",0.9971,5.0,"(2, 2, 2, 2)",0.0000,10.0,"(1, 0, 0, 2)",0.0000,5.0
c=A dc=0 h=M dh=- L=B dL=0 preo=A,contagio Alto (estable); hospital Medio (baja); restriccion Bajo (estable); cumplimiento Alto,emergencia,7,"(2, 2, 2, 2)",0.0126,10.0,"(0, 2, 0, 2)",0.0126,6.0,"(0, 2, 1, 2)",0.0126,7.0
c=A dc=0 h=M dh=- L=B dL=+ preo=B,contagio Alto (estable); hospital Medio (baja); restriccion Bajo (sube); cumplimiento Bajo,emergencia,36,"(2, 0, 2, 1)",0.9997,6.0,"(0, 1, 2, 1)",0.0000,5.0,"(2, 2, 2, 2)",0.0000,10.0
c=A dc=0 h=M dh=- L=B dL=+ preo=M,contagio Alto (estable); hospital Medio (baja); restriccion Bajo (sube); cumplimiento Medio,emergencia,35,"(2, 0, 2, 2)",0.9967,8.0,"(2, 2, 2, 2)",0.0000,10.0,"(0, 2, 0, 1)",0.0000,4.0
c=A dc=0 h=M dh=- L=B dL=+ preo=A,contagio Alto (estable); hospital Medio (baja); restriccion Bajo (sube); cumplimiento Alto,emergencia,8,"(2, 2, 2, 2)",0.0126,10.0,"(1, 0, 1, 1)",0.0126,4.0,"(0, 2, 1, 1)",0.0126,5.0
c=A dc=0 h=M dh=- L=M dL=- preo=B,contagio Alto (estable); hospital Medio (baja); restriccion Medio (baja); cumplimiento Bajo,emergencia,17,"(0, 2, 1, 1)",0.9639,5.0,"(2, 2, 2, 2)",0.0005,10.0,"(1, 1, 1, 0)",0.0005,3.0
c=A dc=0 h=M dh=- L=M dL=- preo=M,contagio Alto (estable); hospital Medio (baja); restriccion Medio (baja); cumplimiento Medio,emergencia,40,"(1, 1, 0, 0)",0.9938,2.0,"(2, 0, 1, 1)",0.0019,5.0,"(1, 1, 1, 1)",0.0001,5.0
c=A dc=0 h=M dh=- L=M dL=- preo=A,contagio Alto (estable); hospital Medio (baja); restriccion Medio (baja); cumplimiento Alto,emergencia,2,"(2, 2, 2, 2)",0.0124,10.0,"(1, 0, 1, 0)",0.0124,2.0,"(0, 2, 1, 2)",0.0124,7.0
c=A dc=0 h=M dh=- L=M dL=0 preo=B,contagio Alto (estable); hospital Medio (baja); restriccion Medio (estable); cumplimiento Bajo,emergencia,5,"(0, 0, 2, 0)",0.9924,2.0,"(2, 2, 2, 2)",0.0001,10.0,"(1, 0, 0, 2)",0.0001,5.0
c=A dc=0 h=M dh=- L=M dL=0 preo=M,contagio Alto (estable); hospital Medio (baja); restriccion Medio (estable); cumplimiento Medio,emergencia,18,"(0, 2, 0, 0)",0.9959,2.0,"(0, 2, 0, 2)",0.0001,6.0,"(0, 2, 1, 0)",0.0001,3.0
c=A dc=0 h=M dh=- L=M dL=0 preo=A,contagio Alto (estable); hospital Medio (baja); restriccion Medio (estable); cumplimiento Alto,emergencia,3,"(0, 1, 1, 1)",0.0481,4.0,"(2, 2, 2, 2)",0.0120,10.0,"(0, 2, 1, 0)",0.0120,3.0
c=A dc=0 h=M dh=- L=M dL=+ preo=B,contagio Alto (estable); hospital Medio (baja); restriccion Medio (sube); cumplimiento Bajo,emergencia,59,"(0, 0, 0, 2)",0.9932,4.0,"(2, 2, 2, 2)",0.0001,10.0,"(1, 0, 0, 2)",0.0001,5.0
c=A dc=0 h=M dh=- L=M dL=+ preo=M,contagio Alto (estable); hospital Medio (baja); restriccion Medio (sube); cumplimiento Medio,emergencia,103,"(1, 1, 2, 2)",0.9975,8.0,"(2, 1, 0, 1)",0.0011,5.0,"(2, 2, 2, 2)",0.0000,10.0
c=A dc=0 h=M dh=- L=M dL=+ preo=A,contagio Alto (estable); hospital Medio (baja); restriccion Medio (sube); cumplimiento Alto,emergencia,30,"(2, 2, 2, 2)",0.0131,10.0,"(0, 2, 2, 0)",0.0131,4.0,"(1, 1, 2, 1)",0.0131,6.0
c=A dc=0 h=M dh=- L=A dL=- preo=B,contagio Alto (estable); hospital Medio (baja); restriccion Alto (baja); cumplimiento Bajo,emergencia,0,"(2, 2, 2, 2)",0.0123,10.0,"(1, 1, 1, 0)",0.0123,3.0,"(0, 2, 1, 0)",0.0123,3.0
c=A dc=0 h=M dh=- L=A dL=- preo=M,contagio Alto (estable); hospital Medio (baja); restriccion Alto (baja); cumplimiento Medio,emergencia,0,"(2, 2, 2, 2)",0.0123,10.0,"(1, 1, 1, 0)",0.0123,3.0,"(0, 2, 1, 0)",0.0123,3.0
c=A dc=0 h=M dh=- L=A dL=- preo=A,contagio Alto (estable); hospital Medio (baja); restriccion Alto (baja); cumplimiento Alto,emergencia,1,"(2, 2, 2, 2)",0.0124,10.0,"(2, 2, 2, 1)",0.0124,8.0,"(0, 2, 1, 0)",0.0124,3.0
c=A dc=0 h=M dh=- L=A dL=0 preo=B,contagio Alto (estable); hospital Medio (baja); restriccion Alto (estable); cumplimiento Bajo,emergencia,0,"(2, 2, 2, 2)",0.0123,10.0,"(1, 1, 1, 0)",0.0123,3.0,"(0, 2, 1, 0)",0.0123,3.0
c=A dc=0 h=M dh=- L=A dL=0 preo=M,contagio Alto (estable); hospital Medio (baja); restriccion Alto (estable); cumplimiento Medio,emergencia,1,"(2, 2, 2, 2)",0.0124,10.0,"(1, 1, 1, 0)",0.0124,3.0,"(0, 2, 1, 0)",0.0124,3.0
c=A dc=0 h=M dh=- L=A dL=0 preo=A,contagio Alto (estable); hospital Medio (baja); restriccion Alto (estable); cumplimiento Alto,emergencia,0,"(2, 2, 2, 2)",0.0123,10.0,"(1, 1, 1, 0)",0.0123,3.0,"(0, 2, 1, 0)",0.0123,3.0
c=A dc=0 h=M dh=- L=A dL=+ preo=B,contagio Alto (estable); hospital Medio (baja); restriccion Alto (sube); cumplimiento Bajo,emergencia,315,"(0, 1, 1, 0)",0.9885,2.0,"(2, 1, 2, 2)",0.0054,9.0,"(0, 2, 2, 2)",0.0019,8.0
c=A dc=0 h=M dh=- L=A dL=+ preo=M,contagio Alto (estable); hospital Medio (baja); restriccion Alto (sube); cumplimiento Medio,emergencia,153,"(0, 1, 0, 1)",0.9565,3.0,"(1, 2, 2, 2)",0.0342,9.0,"(2, 2, 2, 2)",0.0001,10.0
c=A dc=0 h=M dh=- L=A dL=+ preo=A,contagio Alto (estable); hospital Medio (baja); restriccion Alto (sube); cumplimiento Alto,emergencia,5,"(2, 1, 2, 0)",0.0482,5.0,"(2, 2, 2, 2)",0.0120,10.0,"(0, 2, 0, 1)",0.0120,4.0
c=A dc=0 h=M dh=0 L=B dL=- preo=B,contagio Alto (estable); hospital Medio (estable); restriccion Bajo (baja); cumplimiento Bajo,emergencia,161,"(2, 1, 0, 0)",0.4560,3.0,"(1, 1, 0, 2)",0.0092,6.0,"(2, 2, 2, 2)",0.0072,10.0
c=A dc=0 h=M dh=0 L=B dL=- preo=M,contagio Alto (estable); hospital Medio (estable); restriccion Bajo (baja); cumplimiento Medio,emergencia,74,"(2, 1, 2, 2)",0.9985,9.0,"(0, 1, 1, 1)",0.0004,4.0,"(1, 2, 2, 1)",0.0001,7.0
c=A dc=0 h=M dh=0 L=B dL=- preo=A,contagio Alto (estable); hospital Medio (estable); restriccion Bajo (baja); cumplimiento Alto,emergencia,166,"(2, 1, 0, 2)",0.0166,7.0,"(1, 2, 1, 2)",0.0165,8.0,"(2, 1, 2, 1)",0.0162,7.0
c=A dc=0 h=M dh=0 L=B dL=0 preo=B,contagio Alto (estable); hospital Medio (estable); restriccion Bajo (estable); cumplimiento Bajo,emergencia,35,"(1, 1, 1, 1)",0.7766,5.0,"(1, 1, 1, 0)",0.0028,3.0,"(0, 2, 1, 0)",0.0028,3.0
c=A dc=0 h=M dh=0 L=B dL=0 preo=M,contagio Alto (estable); hospital Medio (estable); restriccion Bajo (estable); cumplimiento Medio,emergencia,17,"(0, 0, 2, 1)",0.9893,4.0,"(2, 2, 2, 2)",0.0001,10.0,"(1, 0, 1, 0)",0.0001,2.0
c=A dc=0 h=M dh=0 L=B dL=0 preo=A,contagio Alto (estable); hospital Medio (estable); restriccion Bajo (estable); cumplimiento Alto,emergencia,33,"(2, 2, 2, 2)",0.0134,10.0,"(1, 0, 0, 2)",0.0134,5.0,"(0, 2, 1, 1)",0.0134,5.0
c=A dc=0 h=M dh=0 L=B dL=+ preo=B,contagio Alto (estable); hospital Medio (estable); restriccion Bajo (sube); cumplimiento Bajo,emergencia,78,"(2, 0, 2, 1)",0.3818,6.0,"(0, 2, 0, 2)",0.0077,6.0,"(0, 2, 1, 0)",0.0077,3.0
c=A dc=0 h=M dh=0 L=B dL=+ preo=M,contagio Alto (estable); hospital Medio (estable); restriccion Bajo (sube); cumplimiento Medio,emergencia,33,"(2, 2, 2, 2)",0.9996,10.0,"(1, 0, 1, 1)",0.0000,4.0,"(0, 2, 1, 2)",0.0000,7.0
c=A dc=0 h=M dh=0 L=B dL=+ preo=A,contagio Alto (estable); hospital Medio (estable); restriccion Bajo (sube); cumplimiento Alto,emergencia,29,"(1, 1, 2, 2)",0.0163,8.0,"(0, 2, 1, 2)",0.0133,7.0,"(0, 2, 2, 0)",0.0133,4.0
c=A dc=0 h=M dh=0 L=M dL=- preo=B,contagio Alto (estable); hospital Medio (estable); restriccion Medio (baja); cumplimiento Bajo,emergencia,66,"(0, 0, 1, 0)",0.8152,1.0,"(2, 2, 2, 2)",0.0024,10.0,"(1, 0, 1, 0)",0.0024,2.0
c=A dc=0 h=M dh=0 L=M dL=- preo=M,contagio Alto (estable); hospital Medio (estable); restriccion Medio (baja); cumplimiento Medio,emergencia,52,"(0, 2, 2, 1)",0.9166,6.0,"(2, 2, 2, 1)",0.0200,8.0,"(1, 0, 0, 2)",0.0008,5.0
c=A dc=0 h=M dh=0 L=M dL=- preo=A,contagio Alto (estable); hospital Medio (estable); restriccion Medio (baja); cumplimiento Alto,emergencia,64,"(2, 1, 2, 2)",0.0171,9.0,"(0, 0, 0, 0)",0.0134,0.0,"(1, 1, 0, 1)",0.0134,4.0
c=A dc=0 h=M dh=0 L=M dL=0 preo=B,contagio Alto (estable); hospital Medio (estable); restriccion Medio (estable); cumplimiento Bajo,emergencia,23,"(1, 0, 0, 0)",0.0795,1.0,"(2, 2, 2, 2)",0.0117,10.0,"(1, 0, 0, 2)",0.0117,5.0
c=A dc=0 h=M dh=0 L=M dL=0 preo=M,contagio Alto (estable); hospital Medio (estable); restriccion Medio (estable); cumplimiento Medio,emergencia,20,"(1, 0, 2, 2)",0.9848,7.0,"(2, 0, 2, 2)",0.0094,8.0,"(1, 1, 1, 1)",0.0001,5.0
c=A dc=0 h=M dh=0 L=M dL=0 preo=A,contagio Alto (estable); hospital Medio (estable); restriccion Medio (estable); cumplimiento Alto,emergencia,38,"(2, 2, 2, 2)",0.0131,10.0,"(1, 0, 2, 0)",0.0131,3.0,"(1, 0, 0, 0)",0.0131,1.0
c=A dc=0 h=M dh=0 L=M dL=+ preo=B,contagio Alto (estable); hospital Medio (estable); restriccion Medio (sube); cumplimiento Bajo,emergencia,152,"(2, 2, 2, 0)",0.5278,6.0,"(0, 2, 1, 0)",0.0236,3.0,"(1, 0, 0, 2)",0.0058,5.0
c=A dc=0 h=M dh=0 L=M dL=+ preo=M,contagio Alto (estable); hospital Medio (estable); restriccion Medio (sube); cumplimiento Medio,emergencia,76,"(2, 0, 1, 2)",0.9978,7.0,"(1, 0, 0, 0)",0.0007,1.0,"(2, 2, 2, 2)",0.0000,10.0
c=A dc=0 h=M dh=0 L=M dL=+ preo=A,contagio Alto (estable); hospital Medio (estable); restriccion Medio (sube); cumplimiento Alto,emergencia,102,"(0, 1, 0, 0)",0.0192,1.0,"(0, 0, 0, 0)",0.0143,0.0,"(1, 1, 1, 0)",0.0143,3.0
c=A dc=0 h=M dh=0 L=A dL=- preo=B,contagio Alto (estable); hospital Medio (estable); restriccion Alto (baja); cumplimiento Bajo,emergencia,9,"(2, 2, 1, 0)",0.1112,5.0,"(2, 2, 2, 2)",0.0113,10.0,"(1, 0, 0, 2)",0.0113,5.0
c=A dc=0 h=M dh=0 L=A dL=- preo=M,contagio Alto (estable); hospital Medio (estable); restriccion Alto (baja); cumplimiento Medio,emergencia,0,"(2, 2, 2, 2)",0.0123,10.0,"(1, 1, 1, 0)",0.0123,3.0,"(0, 2, 1, 0)",0.0123,3.0
c=A dc=0 h=M dh=0 L=A dL=- preo=A,contagio Alto (estable); hospital Medio (estable); restriccion Alto (baja); cumplimiento Alto,emergencia,9,"(1, 1, 1, 2)",0.0133,7.0,"(0, 2, 1, 0)",0.0125,3.0,"(0, 2, 1, 1)",0.0125,5.0
c=A dc=0 h=M dh=0 L=A dL=0 preo=B,contagio Alto (estable); hospital Medio (estable); restriccion Alto (estable); cumplimiento Bajo,emergencia,17,"(0, 1, 2, 0)",0.4741,3.0,"(1, 2, 2, 0)",0.0191,5.0,"(2, 2, 2, 2)",0.0065,10.0
c=A dc=0 h=M dh=0 L=A dL=0 preo=M,contagio Alto (estable); hospital Medio (estable); restriccion Alto (estable); cumplimiento Medio,emergencia,3,"(0, 1, 2, 1)",0.9048,5.0,"(2, 2, 2, 2)",0.0012,10.0,"(0, 2, 0, 2)",0.0012,6.0
c=A dc=0 h=M dh=0 L=A dL=0 preo=A,contagio Alto (estable); hospital Medio (estable); restriccion Alto (estable); cumplimiento Alto,emergencia,6,"(2, 2, 2, 2)",0.0125,10.0,"(1, 0, 1, 1)",0.0125,4.0,"(0, 2, 2, 0)",0.0125,4.0
c=A dc=0 h=M dh=0 L=A dL=+ preo=B,contagio Alto (estable); hospital Medio (estable); restriccion Alto (sube); cumplimiento Bajo,emergencia,407,"(2, 0, 2, 1)",0.5950,6.0,"(2, 0, 1, 1)",0.0420,5.0,"(2, 0, 1, 0)",0.0266,3.0
c=A dc=0 h=M dh=0 L=A dL=+ preo=M,contagio Alto (estable); hospital Medio (estable); restriccion Alto (sube); cumplimiento Medio,emergencia,111,"(2, 1, 2, 1)",0.8883,7.0,"(0, 1, 2, 0)",0.0110,3.0,"(0, 1, 2, 2)",0.0055,7.0
c=A dc=0 h=M dh=0 L=A dL=+ preo=A,contagio Alto (estable); hospital Medio (estable); restriccion Alto (sube); cumplimiento Alto,emergencia,117,"(1, 2, 2, 2)",0.0153,9.0,"(2, 1, 0, 2)",0.0153,7.0,"(1, 1, 1, 2)",0.0153,7.0
c=A dc=0 h=M dh=+ L=B dL=- preo=B,contagio Alto (estable); hospital Medio (sube); restriccion Bajo (baja); cumplimiento Bajo,emergencia,121,"(2, 1, 0, 2)",0.1333,7.0,"(2, 1, 2, 0)",0.0809,5.0,"(0, 2, 0, 0)",0.0609,2.0
c=A dc=0 h=M dh=+ L=B dL=- preo=M,contagio Alto (estable); hospital Medio (sube); restriccion Bajo (baja); cumplimiento Medio,emergencia,171,"(0, 0, 0, 0)",0.9760,0.0,"(0, 0, 0, 2)",0.0037,4.0,"(1, 0, 1, 0)",0.0003,2.0
c=A dc=0 h=M dh=+ L=B dL=- preo=A,contagio Alto (estable); hospital Medio (sube); restriccion Bajo (baja); cumplimiento Alto,emergencia,78,"(1, 1, 1, 1)",0.0151,5.0,"(2, 0, 1, 0)",0.0151,3.0,"(2, 0, 0, 1)",0.0151,4.0
c=A dc=0 h=M dh=+ L=B dL=0 preo=B,contagio Alto (estable); hospital Medio (sube); restriccion Bajo (estable); cumplimiento Bajo,emergencia,30,"(1, 1, 0, 0)",0.9876,2.0,"(1, 1, 2, 1)",0.0079,6.0,"(2, 2, 2, 2)",0.0001,10.0
c=A dc=0 h=M dh=+ L=B dL=0 preo=M,contagio Alto (estable); hospital Medio (sube); restriccion Bajo (estable); cumplimiento Medio,emergencia,20,"(1, 2, 1, 1)",0.9693,6.0,"(2, 2, 2, 2)",0.0004,10.0,"(1, 0, 1, 1)",0.0004,4.0
c=A dc=0 h=M dh=+ L=B dL=0 preo=A,contagio Alto (estable); hospital Medio (sube); restriccion Bajo (estable); cumplimiento Alto,emergencia,11,"(2, 2, 2, 2)",0.0127,10.0,"(1, 0, 0, 2)",0.0127,5.0,"(0, 2, 1, 0)",0.0127,3.0
c=A dc=0 h=M dh=+ L=B dL=+ preo=B,contagio Alto (estable); hospital Medio (sube); restriccion Bajo (sube); cumplimiento Bajo,emergencia,115,"(2, 1, 0, 2)",0.9968,7.0,"(2, 0, 0, 2)",0.0020,6.0,"(1, 1, 2, 0)",0.0005,4.0
c=A dc=0 h=M dh=+ L=B dL=+ preo=M,contagio Alto (estable); hospital Medio (sube); restriccion Bajo (sube); cumplimiento Medio,emergencia,67,"(0, 2, 1, 0)",0.9799,3.0,"(2, 2, 0, 1)",0.0063,6.0,"(0, 1, 1, 1)",0.0005,4.0
c=A dc=0 h=M dh=+ L=B dL=+ preo=A,contagio Alto (estable); hospital Medio (sube); restriccion Bajo (sube); cumplimiento Alto,emergencia,22,"(0, 0, 1, 2)",0.0362,5.0,"(2, 2, 2, 2)",0.0131,10.0,"(1, 1, 0, 0)",0.0131,2.0
c=A dc=0 h=M dh=+ L=M dL=- preo=B,contagio Alto (estable); hospital Medio (sube); restriccion Medio (baja); cumplimiento Bajo,emergencia,101,"(1, 1, 0, 1)",0.9322,4.0,"(0, 1, 2, 2)",0.0170,7.0,"(2, 2, 2, 2)",0.0006,10.0
c=A dc=0 h=M dh=+ L=M dL=- preo=M,contagio Alto (estable); hospital Medio (sube); restriccion Medio (baja); cumplimiento Medio,emergencia,96,"(2, 2, 1, 0)",0.9982,5.0,"(2, 2, 2, 2)",0.0000,10.0,"(1, 0, 1, 0)",0.0000,2.0
c=A dc=0 h=M dh=+ L=M dL=- preo=A,contagio Alto (estable); hospital Medio (sube); restriccion Medio (baja); cumplimiento Alto,emergencia,21,"(0, 0, 1, 0)",0.0136,1.0,"(2, 2, 2, 2)",0.0131,10.0,"(1, 0, 1, 2)",0.0131,6.0
c=A dc=0 h=M dh=+ L=M dL=0 preo=B,contagio Alto (estable); hospital Medio (sube); restriccion Medio (estable); cumplimiento Bajo,emergencia,11,"(0, 2, 0, 2)",0.9157,6.0,"(1, 1, 1, 0)",0.0011,3.0,"(0, 2, 1, 0)",0.0011,3.0
c=A dc=0 h=M dh=+ L=M dL=0 preo=M,contagio Alto (estable); hospital Medio (sube); restriccion Medio (estable); cumplimiento Medio,emergencia,27,"(0, 0, 0, 2)",0.9946,4.0,"(1, 1, 1, 1)",0.0001,5.0,"(1, 0, 1, 0)",0.0001,2.0
c=A dc=0 h=M dh=+ L=M dL=0 preo=A,contagio Alto (estable); hospital Medio (sube); restriccion Medio (estable); cumplimiento Alto,emergencia,10,"(2, 2, 2, 2)",0.0127,10.0,"(1, 1, 2, 1)",0.0127,6.0,"(0, 2, 1, 0)",0.0127,3.0
c=A dc=0 h=M dh=+ L=M dL=+ preo=B,contagio Alto (estable); hospital Medio (sube); restriccion Medio (sube); cumplimiento Bajo,emergencia,243,"(2, 2, 2, 2)",0.9983,10.0,"(2, 0, 1, 2)",0.0008,7.0,"(0, 0, 1, 1)",0.0002,3.0
c=A dc=0 h=M dh=+ L=M dL=+ preo=M,contagio Alto (estable); hospital Medio (sube); restriccion Medio (sube); cumplimiento Medio,emergencia,139,"(2, 0, 0, 0)",0.9586,2.0,"(0, 2, 2, 1)",0.0133,6.0,"(1, 2, 2, 1)",0.0125,7.0
c=A dc=0 h=M dh=+ L=M dL=+ preo=A,contagio Alto (estable); hospital Medio (sube); restriccion Medio (sube); cumplimiento Alto,emergencia,39,"(0, 2, 2, 1)",0.0416,6.0,"(1, 1, 1, 1)",0.0132,5.0,"(0, 1, 0, 2)",0.0132,5.0
c=A dc=0 h=M dh=+ L=A dL=- preo=B,contagio Alto (estable); hospital Medio (sube); restriccion Alto (baja); cumplimiento Bajo,emergencia,18,"(1, 0, 1, 1)",0.9826,4.0,"(0, 2, 1, 0)",0.0003,3.0,"(1, 1, 1, 1)",0.0002,5.0
c=A dc=0 h=M dh=+ L=A dL=- preo=M,contagio Alto (estable); hospital Medio (sube); restriccion Alto (baja); cumplimiento Medio,emergencia,5,"(2, 2, 0, 2)",0.9981,8.0,"(2, 2, 2, 2)",0.0000,10.0,"(1, 0, 0, 2)",0.0000,5.0
c=A dc=0 h=M dh=+ L=A dL=- preo=A,contagio Alto (estable); hospital Medio (sube); restriccion Alto (baja); cumplimiento Alto,emergencia,2,"(0, 0, 1, 1)",0.0200,3.0,"(2, 2, 2, 2)",0.0123,10.0,"(1, 0, 0, 2)",0.0123,5.0
c=A dc=0 h=M dh=+ L=A dL=0 preo=B,contagio Alto (estable); hospital Medio (sube); restriccion Alto (estable); cumplimiento Bajo,emergencia,2,"(0, 0, 1, 2)",0.7557,5.0,"(2, 2, 2, 2)",0.0031,10.0,"(1, 0, 0, 2)",0.0031,5.0
c=A dc=0 h=M dh=+ L=A dL=0 preo=M,contagio Alto (estable); hospital Medio (sube); restriccion Alto (estable); cumplimiento Medio,emergencia,3,"(1, 0, 2, 0)",0.9757,3.0,"(2, 2, 2, 2)",0.0003,10.0,"(1, 0, 0, 1)",0.0003,3.0
c=A dc=0 h=M dh=+ L=A dL=0 preo=A,contagio Alto (estable); hospital Medio (sube); restriccion Alto (estable); cumplimiento Alto,emergencia,0,"(2, 2, 2, 2)",0.0123,10.0,"(1, 1, 1, 0)",0.0123,3.0,"(0, 2, 1, 0)",0.0123,3.0
c=A dc=0 h=M dh=+ L=A dL=+ preo=B,contagio Alto (estable); hospital Medio (sube); restriccion Alto (sube); cumplimiento Bajo,emergencia,480,"(1, 0, 0, 1)",0.9904,3.0,"(0, 2, 2, 0)",0.0019,4.0,"(0, 0, 0, 0)",0.0015,0.0
c=A dc=0 h=M dh=+ L=A dL=+ preo=M,contagio Alto (estable); hospital Medio (sube); restriccion Alto (sube); cumplimiento Medio,emergencia,177,"(2, 2, 1, 2)",0.9975,9.0,"(1, 1, 2, 0)",0.0006,4.0,"(0, 1, 2, 1)",0.0006,5.0
c=A dc=0 h=M dh=+ L=A dL=+ preo=A,contagio Alto (estable); hospital Medio (sube); restriccion Alto (sube); cumplimiento Alto,emergencia,11,"(1, 0, 0, 0)",0.1524,1.0,"(2, 2, 2, 2)",0.0108,10.0,"(1, 0, 1, 1)",0.0108,4.0
c=A dc=0 h=A dh=- L=B dL=- preo=B,contagio Alto (estable); hospital Alto (baja); restriccion Bajo (baja); cumplimiento Bajo,emergencia,72,"(0, 1, 0, 0)",0.0791,1.0,"(2, 2, 2, 2)",0.0131,10.0,"(0, 2, 2, 1)",0.0131,6.0
c=A dc=0 h=A dh=- L=B dL=- preo=M,contagio Alto (estable); hospital Alto (baja); restriccion Bajo (baja); cumplimiento Medio,emergencia,17,"(2, 0, 0, 2)",0.1781,6.0,"(1, 0, 0, 0)",0.0126,1.0,"(1, 1, 1, 1)",0.0105,5.0
c=A dc=0 h=A dh=- L=B dL=- preo=A,contagio Alto (estable); hospital Alto (baja); restriccion Bajo (baja); cumplimiento Alto,emergencia,319,"(2, 1, 2, 1)",0.0650,7.0,"(0, 0, 1, 1)",0.0134,3.0,"(2, 2, 0, 0)",0.0133,4.0
c=A dc=0 h=A dh=- L=B dL=0 preo=B,contagio Alto (estable); hospital Alto (baja); restriccion Bajo (estable); cumplimiento Bajo,emergencia,3,"(1, 0, 2, 1)",0.0142,5.0,"(2, 2, 2, 2)",0.0124,10.0,"(1, 0, 0, 1)",0.0124,3.0
c=A dc=0 h=A dh=- L=B dL=0 preo=M,contagio Alto (estable); hospital Alto (baja); restriccion Bajo (estable); cumplimiento Medio,emergencia,3,"(2, 2, 2, 2)",0.0126,10.0,"(2, 2, 2, 1)",0.0126,8.0,"(0, 2, 1, 1)",0.0126,5.0
c=A dc=0 h=A dh=- L=B dL=0 preo=A,contagio Alto (estable); hospital Alto (baja); restriccion Bajo (estable); cumplimiento Alto,emergencia,129,"(2, 1, 2, 1)",0.0179,7.0,"(1, 1, 0, 2)",0.0147,6.0,"(2, 0, 1, 2)",0.0146,7.0
c=A dc=0 h=A dh=- L=B dL=+ preo=B,contagio Alto (estable); hospital Alto (baja); restriccion Bajo (sube); cumplimiento Bajo,emergencia,12,"(2, 1, 2, 2)",0.0139,9.0,"(1, 0, 1, 2)",0.0128,6.0,"(0, 2, 1, 1)",0.0128,5.0
c=A dc=0 h=A dh=- L=B dL=+ preo=M,contagio Alto (estable); hospital Alto (baja); restriccion Bajo (sube); cumplimiento Medio,emergencia,4,"(2, 2, 2, 2)",0.0124,10.0,"(1, 0, 1, 1)",0.0124,4.0,"(0, 2, 1, 1)",0.0124,5.0
c=A dc=0 h=A dh=- L=B dL=+ preo=A,contagio Alto (estable); hospital Alto (baja); restriccion Bajo (sube); cumplimiento Alto,emergencia,192,"(0, 2, 0, 1)",0.0146,4.0,"(1, 0, 0, 1)",0.0145,3.0,"(0, 2, 1, 0)",0.0145,3.0
c=A dc=0 h=A dh=- L=M dL=- preo=B,contagio Alto (estable); hospital Alto (baja); restriccion Medio (baja); cumplimiento Bajo,emergencia,40,"(2, 2, 0, 1)",0.6448,6.0,"(2, 2, 2, 2)",0.0045,10.0,"(1, 0, 2, 0)",0.0045,3.0
c=A dc=0 h=A dh=- L=M dL=- preo=M,contagio Alto (estable); hospital Alto (baja); restriccion Medio (baja); cumplimiento Medio,emergencia,12,"(2, 0, 1, 2)",0.1073,7.0,"(1, 0, 0, 2)",0.0114,5.0,"(0, 2, 0, 2)",0.0114,6.0
c=A dc=0 h=A dh=- L=M dL=- preo=A,contagio Alto (estable); hospital Alto (baja); restriccion Medio (baja); cumplimiento Alto,emergencia,137,"(2, 1, 2, 2)",0.0474,9.0,"(2, 0, 1, 1)",0.0144,5.0,"(0, 1, 0, 1)",0.0144,3.0
c=A dc=0 h=A dh=- L=M dL=0 preo=B,contagio Alto (estable); hospital Alto (baja); restriccion Medio (estable); cumplimiento Bajo,emergencia,7,"(2, 2, 2, 2)",0.0125,10.0,"(1, 1, 1, 0)",0.0125,3.0,"(0, 2, 1, 0)",0.0125,3.0
c=A dc=0 h=A dh=- L=M dL=0 preo=M,contagio Alto (estable); hospital Alto (baja); restriccion Medio (estable); cumplimiento Medio,emergencia,3,"(1, 2, 2, 1)",0.0251,7.0,"(2, 2, 2, 2)",0.0122,10.0,"(1, 1, 1, 0)",0.0122,3.0
c=A dc=0 h=A dh=- L=M dL=0 preo=A,contagio Alto (estable); hospital Alto (baja); restriccion Medio (estable); cumplimiento Alto,emergencia,94,"(2, 2, 0, 1)",0.0155,6.0,"(0, 2, 2, 0)",0.0154,4.0,"(1, 1, 0, 1)",0.0154,4.0
c=A dc=0 h=A dh=- L=M dL=+ preo=B,contagio Alto (estable); hospital Alto (baja); restriccion Medio (sube); cumplimiento Bajo,emergencia,29,"(0, 0, 0, 0)",0.0693,0.0,"(1, 0, 2, 2)",0.0123,7.0,"(0, 2, 2, 1)",0.0123,6.0
c=A dc=0 h=A dh=- L=M dL=+ preo=M,contagio Alto (estable); hospital Alto (baja); restriccion Medio (sube); cumplimiento Medio,emergencia,13,"(2, 0, 0, 0)",0.6050,2.0,"(2, 2, 2, 2)",0.0051,10.0,"(1, 0, 1, 0)",0.0051,2.0
c=A dc=0 h=A dh=- L=M dL=+ preo=A,contagio Alto (estable); hospital Alto (baja); restriccion Medio (sube); cumplimiento Alto,emergencia,222,"(2, 2, 2, 2)",0.0267,10.0,"(0, 0, 2, 0)",0.0144,2.0,"(2, 1, 0, 1)",0.0144,5.0
c=A dc=0 h=A dh=- L=A dL=- preo=B,contagio Alto (estable); hospital Alto (baja); restriccion Alto (baja); cumplimiento Bajo,emergencia,15,"(2, 0, 2, 0)",0.0220,4.0,"(2, 2, 2, 1)",0.0124,8.0,"(0, 2, 1, 0)",0.0124,3.0
c=A dc=0 h=A dh=- L=A dL=- preo=M,contagio Alto (estable); hospital Alto (baja); restriccion Alto (baja); cumplimiento Medio,emergencia,3,"(2, 2, 2, 2)",0.0125,10.0,"(1, 0, 1, 0)",0.0125,2.0,"(0, 2, 1, 1)",0.0125,5.0
c=A dc=0 h=A dh=- L=A dL=- preo=A,contagio Alto (estable); hospital Alto (baja); restriccion Alto (baja); cumplimiento Alto,emergencia,13,"(2, 2, 1, 1)",0.0641,7.0,"(1, 1, 1, 1)",0.0120,5.0,"(1, 0, 0, 2)",0.0120,5.0
c=A dc=0 h=A dh=- L=A dL=0 preo=B,contagio Alto (estable); hospital Alto (baja); restriccion Alto (estable); cumplimiento Bajo,emergencia,12,"(2, 2, 1, 2)",0.9440,9.0,"(2, 2, 2, 2)",0.0007,10.0,"(1, 0, 0, 2)",0.0007,5.0
c=A dc=0 h=A dh=- L=A dL=0 preo=M,contagio Alto (estable); hospital Alto (baja); restriccion Alto (estable); cumplimiento Medio,emergencia,1,"(2, 1, 0, 0)",0.0825,3.0,"(2, 2, 2, 2)",0.0115,10.0,"(1, 0, 0, 1)",0.0115,3.0
c=A dc=0 h=A dh=- L=A dL=0 preo=A,contagio Alto (estable); hospital Alto (baja); restriccion Alto (estable); cumplimiento Alto,emergencia,5,"(1, 1, 1, 0)",0.0149,3.0,"(1, 0, 1, 0)",0.0125,2.0,"(0, 2, 1, 1)",0.0125,5.0
c=A dc=0 h=A dh=- L=A dL=+ preo=B,contagio Alto (estable); hospital Alto (baja); restriccion Alto (sube); cumplimiento Bajo,emergencia,53,"(1, 1, 1, 1)",0.1122,5.0,"(2, 2, 2, 1)",0.0112,8.0,"(0, 2, 1, 0)",0.0112,3.0
c=A dc=0 h=A dh=- L=A dL=+ preo=M,contagio Alto (estable); hospital Alto (baja); restriccion Alto (sube); cumplimiento Medio,emergencia,9,"(1, 2, 2, 0)",0.8270,5.0,"(2, 2, 2, 2)",0.0022,10.0,"(1, 1, 1, 0)",0.0022,3.0
c=A dc=0 h=A dh=- L=A dL=+ preo=A,contagio Alto (estable); hospital Alto (baja); restriccion Alto (sube); cumplimiento Alto,emergencia,36,"(1, 0, 0, 0)",0.0219,1.0,"(1, 1, 1, 1)",0.0138,5.0,"(0, 2, 0, 0)",0.0138,2.0
c=A dc=0 h=A dh=0 L=B dL=- preo=B,contagio Alto (estable); hospital Alto (estable); restriccion Bajo (baja); cumplimiento Bajo,emergencia,3405,"(2, 0, 1, 2)",0.0471,7.0,"(2, 2, 2, 2)",0.0303,10.0,"(2, 0, 1, 1)",0.0296,5.0
c=A dc=0 h=A dh=0 L=B dL=- preo=M,contagio Alto (estable); hospital Alto (estable); restriccion Bajo (baja); cumplimiento Medio,emergencia,326,"(2, 2, 1, 2)",0.0235,9.0,"(1, 1, 0, 0)",0.0168,2.0,"(0, 0, 2, 0)",0.0168,2.0
c=A dc=0 h=A dh=0 L=B dL=- preo=A,contagio Alto (estable); hospital Alto (estable); restriccion Bajo (baja); cumplimiento Alto,emergencia,4486,"(0, 2, 2, 2)",0.0314,8.0,"(2, 1, 2, 1)",0.0265,7.0,"(1, 2, 0, 2)",0.0252,7.0
c=A dc=0 h=A dh=0 L=B dL=0 preo=B,contagio Alto (estable); hospital Alto (estable); restriccion Bajo (estable); cumplimiento Bajo,emergencia,548,"(2, 2, 2, 2)",0.0351,10.0,"(1, 0, 0, 2)",0.0269,5.0,"(2, 2, 2, 0)",0.0187,6.0
c=A dc=0 h=A dh=0 L=B dL=0 preo=M,contagio Alto (estable); hospital Alto (estable); restriccion Bajo (estable); cumplimiento Medio,emergencia,45,"(1, 1, 1, 1)",0.0137,5.0,"(1, 2, 2, 1)",0.0137,7.0,"(1, 2, 1, 2)",0.0137,8.0
c=A dc=0 h=A dh=0 L=B dL=0 preo=A,contagio Alto (estable); hospital Alto (estable); restriccion Bajo (estable); cumplimiento Alto,emergencia,811,"(2, 2, 0, 2)",0.0302,8.0,"(2, 2, 1, 0)",0.0212,5.0,"(1, 2, 0, 2)",0.0208,7.0
c=A dc=0 h=A dh=0 L=B dL=+ preo=B,contagio Alto (estable); hospital Alto (estable); restriccion Bajo (sube); cumplimiento Bajo,emergencia,709,"(2, 1, 2, 1)",0.0389,7.0,"(2, 0, 1, 0)",0.0241,3.0,"(1, 2, 0, 1)",0.0198,5.0
c=A dc=0 h=A dh=0 L=B dL=+ preo=M,contagio Alto (estable); hospital Alto (estable); restriccion Bajo (sube); cumplimiento Medio,emergencia,59,"(2, 2, 2, 2)",0.0144,10.0,"(1, 2, 2, 2)",0.0144,9.0,"(1, 2, 0, 1)",0.0144,5.0
c=A dc=0 h=A dh=0 L=B dL=+ preo=A,contagio Alto (estable); hospital Alto (estable); restriccion Bajo (sube); cumplimiento Alto,emergencia,958,"(2, 2, 2, 1)",0.0358,8.0,"(1, 0, 1, 2)",0.0280,6.0,"(2, 0, 0, 0)",0.0250,2.0
c=A dc=0 h=A dh=0 L=M dL=- preo=B,contagio Alto (estable); hospital Alto (estable); restriccion Medio (baja); cumplimiento Bajo,emergencia,1206,"(1, 0, 2, 2)",0.0427,7.0,"(0, 2, 0, 2)",0.0269,6.0,"(2, 1, 1, 0)",0.0245,4.0
c=A dc=0 h=A dh=0 L=M dL=- preo=M,contagio Alto (estable); hospital Alto (estable); restriccion Medio (baja); cumplimiento Medio,emergencia,84,"(1, 1, 1, 1)",0.0147,5.0,"(1, 0, 1, 0)",0.0147,2.0,"(1, 2, 1, 0)",0.0147,4.0
c=A dc=0 h=A dh=0 L=M dL=- preo=A,contagio Alto (estable); hospital Alto (estable); restriccion Medio (baja); cumplimiento Alto,emergencia,1665,"(2, 2, 2, 2)",0.0497,10.0,"(2, 1, 2, 2)",0.0322,9.0,"(1, 0, 2, 2)",0.0259,7.0
c=A dc=0 h=A dh=0 L=M dL=0 preo=B,contagio Alto (estable); hospital Alto (estable); restriccion Medio (estable); cumplimiento Bajo,emergencia,594,"(2, 2, 1, 1)",0.0878,7.0,"(1, 0, 2, 2)",0.0236,7.0,"(0, 0, 2, 0)",0.0198,2.0
c=A dc=0 h=A dh=0 L=M dL=0 preo=M,contagio Alto (estable); hospital Alto (estable); restriccion Medio (estable); cumplimiento Medio,emergencia,41,"(2, 2, 2, 2)",0.0135,10.0,"(1, 2, 0, 2)",0.0135,7.0,"(1, 1, 2, 2)",0.0135,8.0
c=A dc=0 h=A dh=0 L=M dL=0 preo=A,contagio Alto (estable); hospital Alto (estable); restriccion Medio (estable); cumplimiento Alto,emergencia,781,"(2, 2, 2, 2)",0.0347,10.0,"(1, 2, 1, 0)",0.0222,4.0,"(2, 2, 1, 2)",0.0215,9.0
c=A dc=0 h=A dh=0 L=M dL=+ preo=B,contagio Alto (estable); hospital Alto (estable); restriccion Medio (sube); cumplimiento Bajo,emergencia,1773,"(2, 2, 2, 2)",0.0598,10.0,"(2, 2, 0, 1)",0.0248,6.0,"(0, 0, 2, 0)",0.0240,2.0
c=A dc=0 h=A dh=0 L=M dL=+ preo=M,contagio Alto (estable); hospital Alto (estable); restriccion Medio (sube); cumplimiento Medio,emergencia,132,"(1, 1, 2, 2)",0.0157,8.0,"(2, 1, 1, 0)",0.0155,4.0,"(2, 1, 1, 2)",0.0154,8.0
c=A dc=0 h=A dh=0 L=M dL=+ preo=A,contagio Alto (estable); hospital Alto (estable); restriccion Medio (sube); cumplimiento Alto,emergencia,2267,"(2, 2, 0, 2)",0.0354,8.0,"(2, 2, 1, 2)",0.0281,9.0,"(2, 0, 2, 2)",0.0261,8.0
c=A dc=0 h=A dh=0 L=A dL=- preo=B,contagio Alto (estable); hospital Alto (estable); restriccion Alto (baja); cumplimiento Bajo,emergencia,235,"(2, 2, 1, 1)",0.0275,7.0,"(0, 2, 2, 2)",0.0161,8.0,"(2, 2, 2, 2)",0.0158,10.0
c=A dc=0 h=A dh=0 L=A dL=- preo=M,contagio Alto (estable); hospital Alto (estable); restriccion Alto (baja); cumplimiento Medio,emergencia,23,"(1, 1, 1, 1)",0.0126,5.0,"(1, 0, 1, 0)",0.0126,2.0,"(0, 2, 1, 2)",0.0126,7.0
c=A dc=0 h=A dh=0 L=A dL=- preo=A,contagio Alto (estable); hospital Alto (estable); restriccion Alto (baja); cumplimiento Alto,emergencia,335,"(2, 2, 2, 2)",0.0316,10.0,"(1, 1, 1, 2)",0.0174,7.0,"(1, 0, 2, 2)",0.0160,7.0
c=A dc=0 h=A dh=0 L=A dL=0 preo=B,contagio Alto (estable); hospital Alto (estable); restriccion Alto (estable); cumplimiento Bajo,emergencia,296,"(2, 2, 1, 1)",0.1302,7.0,"(1, 2, 0, 1)",0.0176,5.0,"(2, 1, 1, 1)",0.0158,6.0
c=A dc=0 h=A dh=0 L=A dL=0 preo=M,contagio Alto (estable); hospital Alto (estable); restriccion Alto (estable); cumplimiento Medio,emergencia,23,"(2, 2, 2, 1)",0.0205,8.0,"(0, 2, 0, 2)",0.0126,6.0,"(0, 2, 1, 0)",0.0126,3.0
c=A dc=0 h=A dh=0 L=A dL=0 preo=A,contagio Alto (estable); hospital Alto (estable); restriccion Alto (estable); cumplimiento Alto,emergencia,371,"(2, 1, 0, 2)",0.0279,7.0,"(0, 2, 1, 2)",0.0168,7.0,"(1, 0, 2, 2)",0.0168,7.0
c=A dc=0 h=A dh=0 L=A dL=+ preo=B,contagio Alto (estable); hospital Alto (estable); restriccion Alto (sube); cumplimiento Bajo,emergencia,2372,"(2, 1, 1, 2)",0.0571,8.0,"(1, 2, 0, 1)",0.0452,5.0,"(2, 0, 0, 2)",0.0340,6.0
c=A dc=0 h=A dh=0 L=A dL=+ preo=M,contagio Alto (estable); hospital Alto (estable); restriccion Alto (sube); cumplimiento Medio,emergencia,192,"(2, 2, 2, 2)",0.0306,10.0,"(2, 1, 2, 2)",0.0165,9.0,"(2, 1, 0, 2)",0.0164,7.0
c=A dc=0 h=A dh=0 L=A dL=+ preo=A,contagio Alto (estable); hospital Alto (estable); restriccion Alto (sube); cumplimiento Alto,emergencia,3054,"(2, 2, 2, 1)",0.0354,8.0,"(1, 1, 2, 2)",0.0302,8.0,"(1, 2, 0, 2)",0.0272,7.0
c=A dc=0 h=A dh=+ L=B dL=- preo=B,contagio Alto (estable); hospital Alto (sube); restriccion Bajo (baja); cumplimiento Bajo,emergencia,384,"(0, 2, 1, 2)",0.0645,7.0,"(0, 1, 1, 1)",0.0144,4.0,"(0, 1, 0, 2)",0.0143,5.0
c=A dc=0 h=A dh=+ L=B dL=- preo=M,contagio Alto (estable); hospital Alto (sube); restriccion Bajo (baja); cumplimiento Medio,emergencia,147,"(2, 2, 1, 2)",0.1059,9.0,"(1, 2, 0, 2)",0.0156,7.0,"(1, 1, 2, 1)",0.0154,6.0
c=A dc=0 h=A dh=+ L=B dL=- preo=A,contagio Alto (estable); hospital Alto (sube); restriccion Bajo (baja); cumplimiento Alto,emergencia,646,"(1, 2, 2, 2)",0.0537,9.0,"(0, 0, 0, 0)",0.0194,0.0,"(2, 1, 0, 2)",0.0189,7.0
c=A dc=0 h=A dh=+ L=B dL=0 preo=B,contagio Alto (estable); hospital Alto (sube); restriccion Bajo (estable); cumplimiento Bajo,emergencia,44,"(1, 1, 1, 1)",0.0216,5.0,"(1, 0, 0, 2)",0.0149,5.0,"(1, 2, 1, 1)",0.0149,6.0
c=A dc=0 h=A dh=+ L=B dL=0 preo=M,contagio Alto (estable); hospital Alto (sube); restriccion Bajo (estable); cumplimiento Medio,emergencia,17,"(2, 0, 0, 2)",0.3855,6.0,"(1, 1, 2, 0)",0.0819,4.0,"(1, 0, 0, 2)",0.0071,5.0
c=A dc=0 h=A dh=+ L=B dL=0 preo=A,contagio Alto (estable); hospital Alto (sube); restriccion Bajo (estable); cumplimiento Alto,emergencia,125,"(1, 1, 2, 2)",0.0200,8.0,"(2, 1, 0, 2)",0.0159,7.0,"(1, 1, 2, 0)",0.0158,4.0
c=A dc=0 h=A dh=+ L=B dL=+ preo=B,contagio Alto (estable); hospital Alto (sube); restriccion Bajo (sube); cumplimiento Bajo,emergencia,51,"(1, 2, 0, 1)",0.0157,5.0,"(1, 2, 1, 0)",0.0151,4.0,"(2, 0, 1, 0)",0.0151,3.0
c=A dc=0 h=A dh=+ L=B dL=+ preo=M,contagio Alto (estable); hospital Alto (sube); restriccion Bajo (sube); cumplimiento Medio,emergencia,26,"(1, 1, 2, 2)",0.1035,8.0,"(0, 2, 1, 2)",0.0121,7.0,"(0, 2, 2, 1)",0.0121,6.0
c=A dc=0 h=A dh=+ L=B dL=+ preo=A,contagio Alto (estable); hospital Alto (sube); restriccion Bajo (sube); cumplimiento Alto,emergencia,162,"(1, 2, 2, 1)",0.0373,7.0,"(2, 0, 0, 0)",0.0154,2.0,"(1, 1, 2, 0)",0.0153,4.0
c=A dc=0 h=A dh=+ L=M dL=- preo=B,contagio Alto (estable); hospital Alto (sube); restriccion Medio (baja); cumplimiento Bajo,emergencia,134,"(1, 0, 0, 0)",0.1399,1.0,"(2, 1, 1, 2)",0.0244,8.0,"(2, 1, 2, 2)",0.0154,9.0
c=A dc=0 h=A dh=+ L=M dL=- preo=M,contagio Alto (estable); hospital Alto (sube); restriccion Medio (baja); cumplimiento Medio,emergencia,47,"(1, 2, 1, 2)",0.3109,8.0,"(2, 2, 2, 2)",0.0096,10.0,"(1, 0, 2, 0)",0.0096,3.0
c=A dc=0 h=A dh=+ L=M dL=- preo=A,contagio Alto (estable); hospital Alto (sube); restriccion Medio (baja); cumplimiento Alto,emergencia,245,"(0, 2, 1, 2)",0.0577,7.0,"(0, 0, 2, 2)",0.0146,6.0,"(1, 0, 1, 1)",0.0145,4.0
c=A dc=0 h=A dh=+ L=M dL=0 preo=B,contagio Alto (estable); hospital Alto (sube); restriccion Medio (estable); cumplimiento Bajo,emergencia,32,"(1, 0, 2, 0)",0.0288,3.0,"(0, 0, 0, 0)",0.0136,0.0,"(1, 0, 2, 2)",0.0136,7.0
c=A dc=0 h=A dh=+ L=M dL=0 preo=M,contagio Alto (estable); hospital Alto (sube); restriccion Medio (estable); cumplimiento Medio,emergencia,8,"(0, 0, 0, 1)",0.0390,2.0,"(2, 2, 2, 2)",0.0125,10.0,"(1, 0, 1, 1)",0.0125,4.0
c=A dc=0 h=A dh=+ L=M dL=0 preo=A,contagio Alto (estable); hospital Alto (sube); restriccion Medio (estable); cumplimiento Alto,emergencia,98,"(2, 2, 1, 2)",0.0462,9.0,"(0, 2, 1, 1)",0.0167,5.0,"(1, 2, 2, 0)",0.0165,5.0
c=A dc=0 h=A dh=+ L=M dL=+ preo=B,contagio Alto (estable); hospital Alto (sube); restriccion Medio (sube); cumplimiento Bajo,emergencia,58,"(1, 1, 2, 0)",0.1114,4.0,"(2, 2, 2, 2)",0.0124,10.0,"(1, 2, 2, 2)",0.0124,9.0
c=A dc=0 h=A dh=+ L=M dL=+ preo=M,contagio Alto (estable); hospital Alto (sube); restriccion Medio (sube); cumplimiento Medio,emergencia,28,"(1, 0, 1, 0)",0.0466,2.0,"(2, 2, 2, 2)",0.0125,10.0,"(1, 1, 2, 1)",0.0125,6.0
c=A dc=0 h=A dh=+ L=M dL=+ preo=A,contagio Alto (estable); hospital Alto (sube); restriccion Medio (sube); cumplimiento Alto,emergencia,190,"(1, 2, 0, 2)",0.0196,7.0,"(0, 2, 2, 2)",0.0163,8.0,"(2, 0, 2, 0)",0.0163,4.0
c=A dc=0 h=A dh=+ L=A dL=- preo=B,contagio Alto (estable); hospital Alto (sube); restriccion Alto (baja); cumplimiento Bajo,emergencia,19,"(1, 0, 2, 1)",0.1503,5.0,"(2, 2, 2, 2)",0.0109,10.0,"(1, 0, 1, 0)",0.0109,2.0
c=A dc=0 h=A dh=+ L=A dL=- preo=M,contagio Alto (estable); hospital Alto (sube); restriccion Alto (baja); cumplimiento Medio,emergencia,14,"(2, 1, 2, 0)",0.0133,5.0,"(2, 2, 2, 2)",0.0126,10.0,"(0, 2, 0, 2)",0.0126,6.0
c=A dc=0 h=A dh=+ L=A dL=- preo=A,contagio Alto (estable); hospital Alto (sube); restriccion Alto (baja); cumplimiento Alto,emergencia,45,"(2, 2, 2, 1)",0.0206,8.0,"(2, 2, 2, 2)",0.0129,10.0,"(1, 0, 1, 1)",0.0129,4.0
c=A dc=0 h=A dh=+ L=A dL=0 preo=B,contagio Alto (estable); hospital Alto (sube); restriccion Alto (estable); cumplimiento Bajo,emergencia,5,"(0, 2, 0, 0)",0.4397,2.0,"(2, 2, 2, 2)",0.0070,10.0,"(0, 2, 1, 0)",0.0070,3.0
c=A dc=0 h=A dh=+ L=A dL=0 preo=M,contagio Alto (estable); hospital Alto (sube); restriccion Alto (estable); cumplimiento Medio,emergencia,2,"(2, 1, 1, 1)",0.0208,6.0,"(2, 2, 2, 2)",0.0123,10.0,"(1, 0, 0, 1)",0.0123,3.0
c=A dc=0 h=A dh=+ L=A dL=0 preo=A,contagio Alto (estable); hospital Alto (sube); restriccion Alto (estable); cumplimiento Alto,emergencia,36,"(2, 2, 2, 2)",0.0640,10.0,"(1, 0, 2, 1)",0.0124,5.0,"(0, 2, 2, 1)",0.0124,6.0
c=A dc=0 h=A dh=+ L=A dL=+ preo=B,contagio Alto (estable); hospital Alto (sube); restriccion Alto (sube); cumplimiento Bajo,emergencia,50,"(1, 2, 0, 0)",0.0227,3.0,"(2, 2, 2, 2)",0.0128,10.0,"(1, 0, 1, 1)",0.0128,4.0
c=A dc=0 h=A dh=+ L=A dL=+ preo=M,contagio Alto (estable); hospital Alto (sube); restriccion Alto (sube); cumplimiento Medio,emergencia,5,"(1, 0, 0, 1)",0.0822,3.0,"(2, 2, 2, 2)",0.0115,10.0,"(1, 1, 1, 0)",0.0115,3.0
c=A dc=0 h=A dh=+ L=A dL=+ preo=A,contagio Alto (estable); hospital Alto (sube); restriccion Alto (sube); cumplimiento Alto,emergencia,18,"(1, 2, 2, 2)",0.0499,9.0,"(2, 2, 2, 2)",0.0124,10.0,"(1, 0, 1, 0)",0.0124,2.0
c=A dc=+ h=B dh=- L=B dL=- preo=B,contagio Alto (sube); hospital Bajo (baja); restriccion Bajo (baja); cumplimiento Bajo,emergencia,83769,"(2, 2, 2, 2)",0.1133,10.0,"(2, 2, 0, 2)",0.0533,8.0,"(2, 1, 0, 2)",0.0521,7.0
c=A dc=+ h=B dh=- L=B dL=- preo=M,contagio Alto (sube); hospital Bajo (baja); restriccion Bajo (baja); cumplimiento Medio,emergencia,3504,"(1, 2, 2, 1)",0.3915,7.0,"(2, 2, 1, 1)",0.2921,7.0,"(2, 1, 2, 2)",0.0959,9.0
c=A dc=+ h=B dh=- L=B dL=- preo=A,contagio Alto (sube); hospital Bajo (baja); restriccion Bajo (baja); cumplimiento Alto,emergencia,55,"(0, 2, 2, 1)",0.9844,6.0,"(0, 1, 0, 2)",0.0005,5.0,"(2, 2, 2, 2)",0.0002,10.0
c=A dc=+ h=B dh=- L=B dL=0 preo=B,contagio Alto (sube); hospital Bajo (baja); restriccion Bajo (estable); cumplimiento Bajo,emergencia,1007,"(1, 1, 2, 0)",0.9246,4.0,"(2, 0, 0, 0)",0.0393,2.0,"(1, 1, 1, 2)",0.0201,7.0
c=A dc=+ h=B dh=- L=B dL=0 preo=M,contagio Alto (sube); hospital Bajo (baja); restriccion Bajo (estable); cumplimiento Medio,emergencia,122,"(2, 0, 1, 1)",0.9828,5.0,"(0, 2, 2, 1)",0.0075,6.0,"(1, 2, 2, 1)",0.0074,7.0
c=A dc=+ h=B dh=- L=B dL=0 preo=A,contagio Alto (sube); hospital Bajo (baja); restriccion Bajo (estable); cumplimiento Alto,emergencia,9,"(0, 2, 0, 2)",0.6522,6.0,"(0, 0, 2, 2)",0.1217,6.0,"(2, 2, 2, 2)",0.0029,10.0
c=A dc=+ h=B dh=- L=B dL=+ preo=B,contagio Alto (sube); hospital Bajo (baja); restriccion Bajo (sube); cumplimiento Bajo,emergencia,6122,"(2, 2, 1, 1)",0.5580,7.0,"(1, 2, 1, 2)",0.0801,8.0,"(2, 2, 2, 2)",0.0686,10.0
c=A dc=+ h=B dh=- L=B dL=+ preo=M,contagio Alto (sube); hospital Bajo (baja); restriccion Bajo (sube); cumplimiento Medio,emergencia,137,"(2, 0, 0, 0)",0.9286,2.0,"(1, 2, 1, 0)",0.0260,4.0,"(1, 0, 0, 2)",0.0231,5.0
c=A dc=+ h=B dh=- L=B dL=+ preo=A,contagio Alto (sube); hospital Bajo (baja); restriccion Bajo (sube); cumplimiento Alto,emergencia,24,"(1, 2, 2, 2)",0.9424,9.0,"(0, 2, 0, 1)",0.0126,4.0,"(2, 2, 2, 2)",0.0006,10.0
c=A dc=+ h=B dh=- L=M dL=- preo=B,contagio Alto (sube); hospital Bajo (baja); restriccion Medio (baja); cumplimiento Bajo,emergencia,169,"(2, 1, 2, 1)",0.9992,7.0,"(0, 2, 1, 2)",0.0003,7.0,"(0, 0, 0, 0)",0.0003,0.0
c=A dc=+ h=B dh=- L=M dL=- preo=M,contagio Alto (sube); hospital Bajo (baja); restriccion Medio (baja); cumplimiento Medio,emergencia,74,"(1, 0, 2, 0)",0.9825,3.0,"(1, 0, 1, 2)",0.0101,6.0,"(2, 2, 2, 2)",0.0001,10.0
c=A dc=+ h=B dh=- L=M dL=- preo=A,contagio Alto (sube); hospital Bajo (baja); restriccion Medio (baja); cumplimiento Alto,emergencia,3,"(1, 0, 2, 0)",0.0242,3.0,"(2, 2, 2, 2)",0.0123,10.0,"(1, 0, 0, 2)",0.0123,5.0
c=A dc=+ h=B dh=- L=M dL=0 preo=B,contagio Alto (sube); hospital Bajo (baja); restriccion Medio (estable); cumplimiento Bajo,emergencia,14,"(2, 1, 0, 2)",0.9999,7.0,"(2, 2, 2, 2)",0.0000,10.0,"(1, 0, 0, 1)",0.0000,3.0
c=A dc=+ h=B dh=- L=M dL=0 preo=M,contagio Alto (sube); hospital Bajo (baja); restriccion Medio (estable); cumplimiento Medio,emergencia,20,"(2, 1, 2, 1)",0.9508,7.0,"(0, 2, 1, 0)",0.0006,3.0,"(0, 2, 1, 2)",0.0006,7.0
c=A dc=+ h=B dh=- L=M dL=0 preo=A,contagio Alto (sube); hospital Bajo (baja); restriccion Medio (estable); cumplimiento Alto,emergencia,3,"(0, 0, 2, 2)",0.7537,6.0,"(2, 2, 2, 2)",0.0031,10.0,"(1, 0, 1, 0)",0.0031,2.0
c=A dc=+ h=B dh=- L=M dL=+ preo=B,contagio Alto (sube); hospital Bajo (baja); restriccion Medio (sube); cumplimiento Bajo,emergencia,1519,"(1, 0, 1, 1)",0.8757,4.0,"(2, 1, 2, 2)",0.0779,9.0,"(0, 1, 1, 2)",0.0085,6.0
c=A dc=+ h=B dh=- L=M dL=+ preo=M,contagio Alto (sube); hospital Bajo (baja); restriccion Medio (sube); cumplimiento Medio,emergencia,201,"(1, 0, 2, 2)",0.9785,7.0,"(1, 2, 1, 2)",0.0182,8.0,"(1, 1, 2, 2)",0.0006,8.0
c=A dc=+ h=B dh=- L=M dL=+ preo=A,contagio Alto (sube); hospital Bajo (baja); restriccion Medio (sube); cumplimiento Alto,emergencia,6,"(0, 2, 0, 2)",0.3496,6.0,"(2, 2, 2, 2)",0.0082,10.0,"(1, 0, 1, 1)",0.0082,4.0
c=A dc=+ h=B dh=- L=A dL=- preo=B,contagio Alto (sube); hospital Bajo (baja); restriccion Alto (baja); cumplimiento Bajo,emergencia,3,"(0, 0, 2, 1)",0.9992,4.0,"(2, 2, 2, 2)",0.0000,10.0,"(1, 0, 0, 2)",0.0000,5.0
c=A dc=+ h=B dh=- L=A dL=- preo=M,contagio Alto (sube); hospital Bajo (baja); restriccion Alto (baja); cumplimiento Medio,emergencia,0,"(2, 2, 2, 2)",0.0123,10.0,"(1, 1, 1, 0)",0.0123,3.0,"(0, 2, 1, 0)",0.0123,3.0
c=A dc=+ h=B dh=- L=A dL=- preo=A,contagio Alto (sube); hospital Bajo (baja); restriccion Alto (baja); cumplimiento Alto,emergencia,0,"(2, 2, 2, 2)",0.0123,10.0,"(1, 1, 1, 0)",0.0123,3.0,"(0, 2, 1, 0)",0.0123,3.0
c=A dc=+ h=B dh=- L=A dL=0 preo=B,contagio Alto (sube); hospital Bajo (baja); restriccion Alto (estable); cumplimiento Bajo,emergencia,1,"(2, 1, 0, 0)",0.9038,3.0,"(2, 2, 2, 2)",0.0012,10.0,"(1, 0, 0, 1)",0.0012,3.0
c=A dc=+ h=B dh=- L=A dL=0 preo=M,contagio Alto (sube); hospital Bajo (baja); restriccion Alto (estable); cumplimiento Medio,emergencia,0,"(2, 2, 2, 2)",0.0123,10.0,"(1, 1, 1, 0)",0.0123,3.0,"(0, 2, 1, 0)",0.0123,3.0
c=A dc=+ h=B dh=- L=A dL=0 preo=A,contagio Alto (sube); hospital Bajo (baja); restriccion Alto (estable); cumplimiento Alto,emergencia,0,"(2, 2, 2, 2)",0.0123,10.0,"(1, 1, 1, 0)",0.0123,3.0,"(0, 2, 1, 0)",0.0123,3.0
c=A dc=+ h=B dh=- L=A dL=+ preo=B,contagio Alto (sube); hospital Bajo (baja); restriccion Alto (sube); cumplimiento Bajo,emergencia,236,"(0, 1, 0, 1)",0.9902,3.0,"(0, 2, 2, 2)",0.0040,8.0,"(0, 2, 1, 0)",0.0021,3.0
c=A dc=+ h=B dh=- L=A dL=+ preo=M,contagio Alto (sube); hospital Bajo (baja); restriccion Alto (sube); cumplimiento Medio,emergencia,35,"(1, 1, 1, 0)",0.9564,3.0,"(1, 2, 2, 2)",0.0314,9.0,"(1, 0, 0, 1)",0.0002,3.0
c=A dc=+ h=B dh=- L=A dL=+ preo=A,contagio Alto (sube); hospital Bajo (baja); restriccion Alto (sube); cumplimiento Alto,emergencia,0,"(2, 2, 2, 2)",0.0123,10.0,"(1, 1, 1, 0)",0.0123,3.0,"(0, 2, 1, 0)",0.0123,3.0
c=A dc=+ h=B dh=0 L=B dL=- preo=B,contagio Alto (sube); hospital Bajo (estable); restriccion Bajo (baja); cumplimiento Bajo,emergencia,55635,"(2, 2, 1, 2)",0.0717,9.0,"(1, 1, 2, 2)",0.0566,8.0,"(2, 2, 2, 2)",0.0564,10.0
c=A dc=+ h=B dh=0 L=B dL=- preo=M,contagio Alto (sube); hospital Bajo (estable); restriccion Bajo (baja); cumplimiento Medio,emergencia,1114,"(2, 2, 2, 2)",0.9929,10.0,"(2, 2, 0, 2)",0.0021,8.0,"(1, 1, 2, 2)",0.0013,8.0
c=A dc=+ h=B dh=0 L=B dL=- preo=A,contagio Alto (sube); hospital Bajo (estable); restriccion Bajo (baja); cumplimiento Alto,emergencia,36,"(2, 2, 2, 1)",0.7471,8.0,"(2, 0, 0, 0)",0.0282,2.0,"(1, 0, 1, 0)",0.0029,2.0
c=A dc=+ h=B dh=0 L=B dL=0 preo=B,contagio Alto (sube); hospital Bajo (estable); restriccion Bajo (estable); cumplimiento Bajo,emergencia,532,"(1, 0, 2, 1)",0.9389,5.0,"(1, 2, 1, 2)",0.0239,8.0,"(2, 2, 0, 2)",0.0067,8.0
c=A dc=+ h=B dh=0 L=B dL=0 preo=M,contagio Alto (sube); hospital Bajo (estable); restriccion Bajo (estable); cumplimiento Medio,emergencia,32,"(0, 2, 0, 1)",0.8982,4.0,"(1, 2, 2, 1)",0.0280,7.0,"(2, 2, 2, 2)",0.0009,10.0
c=A dc=+ h=B dh=0 L=B dL=0 preo=A,contagio Alto (sube); hospital Bajo (estable); restriccion Bajo (estable); cumplimiento Alto,emergencia,11,"(2, 2, 1, 2)",0.6912,9.0,"(2, 2, 2, 2)",0.0039,10.0,"(1, 0, 0, 2)",0.0039,5.0
c=A dc=+ h=B dh=0 L=B dL=+ preo=B,contagio Alto (sube); hospital Bajo (estable); restriccion Bajo (sube); cumplimiento Bajo,emergencia,2879,"(1, 1, 1, 1)",0.5317,5.0,"(1, 2, 2, 1)",0.1666,7.0,"(2, 1, 0, 1)",0.0717,5.0
c=A dc=+ h=B dh=0 L=B dL=+ preo=M,contagio Alto (sube); hospital Bajo (estable); restriccion Bajo (sube); cumplimiento Medio,emergencia,32,"(0, 1, 0, 2)",0.9427,5.0,"(1, 1, 2, 2)",0.0190,8.0,"(0, 1, 2, 0)",0.0103,3.0
c=A dc=+ h=B dh=0 L=B dL=+ preo=A,contagio Alto (sube); hospital Bajo (estable); restriccion Bajo (sube); cumplimiento Alto,emergencia,14,"(0, 2, 1, 2)",0.8955,7.0,"(2, 2, 2, 2)",0.0013,10.0,"(1, 1, 1, 0)",0.0013,3.0
c=A dc=+ h=B dh=0 L=M dL=- preo=B,contagio Alto (sube); hospital Bajo (estable); restriccion Medio (baja); cumplimiento Bajo,emergencia,97,"(0, 0, 1, 0)",1.0000,1.0,"(2, 2, 2, 2)",0.0000,10.0,"(1, 0, 0, 2)",0.0000,5.0
c=A dc=+ h=B dh=0 L=M dL=- preo=M,contagio Alto (sube); hospital Bajo (estable); restriccion Medio (baja); cumplimiento Medio,emergencia,35,"(1, 1, 0, 0)",0.9869,2.0,"(2, 2, 2, 2)",0.0002,10.0,"(1, 0, 0, 2)",0.0002,5.0
c=A dc=+ h=B dh=0 L=M dL=- preo=A,contagio Alto (sube); hospital Bajo (estable); restriccion Medio (baja); cumplimiento Alto,emergencia,2,"(1, 1, 0, 2)",0.0157,6.0,"(1, 1, 1, 0)",0.0123,3.0,"(0, 2, 1, 0)",0.0123,3.0
c=A dc=+ h=B dh=0 L=M dL=0 preo=B,contagio Alto (sube); hospital Bajo (estable); restriccion Medio (estable); cumplimiento Bajo,emergencia,5,"(0, 2, 0, 0)",0.9997,2.0,"(0, 2, 0, 2)",0.0000,6.0,"(0, 2, 1, 0)",0.0000,3.0
c=A dc=+ h=B dh=0 L=M dL=0 preo=M,contagio Alto (sube); hospital Bajo (estable); restriccion Medio (estable); cumplimiento Medio,emergencia,5,"(1, 2, 2, 2)",0.7785,9.0,"(2, 2, 2, 2)",0.0028,10.0,"(1, 1, 1, 0)",0.0028,3.0
c=A dc=+ h=B dh=0 L=M dL=0 preo=A,contagio Alto (sube); hospital Bajo (estable); restriccion Medio (estable); cumplimiento Alto,emergencia,2,"(2, 2, 2, 2)",0.0124,10.0,"(1, 0, 1, 0)",0.0124,2.0,"(0, 2, 1, 1)",0.0124,5.0
c=A dc=+ h=B dh=0 L=M dL=+ preo=B,contagio Alto (sube); hospital Bajo (estable); restriccion Medio (sube); cumplimiento Bajo,emergencia,782,"(2, 2, 0, 1)",0.8881,6.0,"(1, 2, 1, 2)",0.1084,8.0,"(1, 1, 1, 0)",0.0012,3.0
c=A dc=+ h=B dh=0 L=M dL=+ preo=M,contagio Alto (sube); hospital Bajo (estable); restriccion Medio (sube); cumplimiento Medio,emergencia,72,"(1, 1, 1, 2)",0.9989,7.0,"(1, 0, 1, 1)",0.0000,4.0,"(0, 2, 2, 0)",0.0000,4.0
c=A dc=+ h=B dh=0 L=M dL=+ preo=A,contagio Alto (sube); hospital Bajo (estable); restriccion Medio (sube); cumplimiento Alto,emergencia,7,"(1, 0, 1, 2)",0.6755,6.0,"(1, 0, 1, 1)",0.0041,4.0,"(0, 2, 1, 2)",0.0041,7.0
c=A dc=+ h=B dh=0 L=A dL=- preo=B,contagio Alto (sube); hospital Bajo (estable); restriccion Alto (baja); cumplimiento Bajo,emergencia,4,"(2, 0, 1, 0)",0.9951,3.0,"(2, 2, 2, 2)",0.0001,10.0,"(1, 1, 1, 0)",0.0001,3.0
c=A dc=+ h=B dh=0 L=A dL=- preo=M,contagio Alto (sube); hospital Bajo (estable); restriccion Alto (baja); cumplimiento Medio,emergencia,0,"(2, 2, 2, 2)",0.0123,10.0,"(1, 1, 1, 0)",0.0123,3.0,"(0, 2, 1, 0)",0.0123,3.0
c=A dc=+ h=B dh=0 L=A dL=- preo=A,contagio Alto (sube); hospital Bajo (estable); restriccion Alto (baja); cumplimiento Alto,emergencia,0,"(2, 2, 2, 2)",0.0123,10.0,"(1, 1, 1, 0)",0.0123,3.0,"(0, 2, 1, 0)",0.0123,3.0
c=A dc=+ h=B dh=0 L=A dL=0 preo=B,contagio Alto (sube); hospital Bajo (estable); restriccion Alto (estable); cumplimiento Bajo,emergencia,0,"(2, 2, 2, 2)",0.0123,10.0,"(1, 1, 1, 0)",0.0123,3.0,"(0, 2, 1, 0)",0.0123,3.0
c=A dc=+ h=B dh=0 L=A dL=0 preo=M,contagio Alto (sube); hospital Bajo (estable); restriccion Alto (estable); cumplimiento Medio,emergencia,1,"(2, 1, 0, 0)",0.8183,3.0,"(2, 2, 2, 2)",0.0023,10.0,"(1, 0, 0, 1)",0.0023,3.0
c=A dc=+ h=B dh=0 L=A dL=0 preo=A,contagio Alto (sube); hospital Bajo (estable); restriccion Alto (estable); cumplimiento Alto,emergencia,0,"(2, 2, 2, 2)",0.0123,10.0,"(1, 1, 1, 0)",0.0123,3.0,"(0, 2, 1, 0)",0.0123,3.0
c=A dc=+ h=B dh=0 L=A dL=+ preo=B,contagio Alto (sube); hospital Bajo (estable); restriccion Alto (sube); cumplimiento Bajo,emergencia,95,"(2, 2, 1, 0)",0.9956,5.0,"(2, 1, 2, 2)",0.0014,9.0,"(0, 0, 2, 2)",0.0013,6.0
c=A dc=+ h=B dh=0 L=A dL=+ preo=M,contagio Alto (sube); hospital Bajo (estable); restriccion Alto (sube); cumplimiento Medio,emergencia,9,"(1, 0, 2, 0)",0.9858,3.0,"(2, 2, 2, 2)",0.0002,10.0,"(1, 0, 0, 1)",0.0002,3.0
c=A dc=+ h=B dh=0 L=A dL=+ preo=A,contagio Alto (sube); hospital Bajo (estable); restriccion Alto (sube); cumplimiento Alto,emergencia,1,"(2, 2, 2, 2)",0.0124,10.0,"(1, 1, 1, 0)",0.0124,3.0,"(0, 2, 1, 0)",0.0124,3.0
c=A dc=+ h=B dh=+ L=B dL=- preo=B,contagio Alto (sube); hospital Bajo (sube); restriccion Bajo (baja); cumplimiento Bajo,emergencia,114824,"(2, 2, 2, 2)",0.1200,10.0,"(1, 2, 1, 2)",0.0506,8.0,"(2, 2, 2, 1)",0.0414,8.0
c=A dc=+ h=B dh=+ L=B dL=- preo=M,contagio Alto (sube); hospital Bajo (sube); restriccion Bajo (baja); cumplimiento Medio,emergencia,1926,"(2, 1, 0, 2)",0.7448,7.0,"(1, 1, 0, 2)",0.0629,6.0,"(0, 0, 1, 2)",0.0310,5.0
c=A dc=+ h=B dh=+ L=B dL=- preo=A,contagio Alto (sube); hospital Bajo (sube); restriccion Bajo (baja); cumplimiento Alto,emergencia,931,"(2, 2, 0, 2)",0.4181,8.0,"(0, 0, 0, 2)",0.0451,4.0,"(2, 2, 1, 2)",0.0421,9.0
c=A dc=+ h=B dh=+ L=B dL=0 preo=B,contagio Alto (sube); hospital Bajo (sube); restriccion Bajo (estable); cumplimiento Bajo,emergencia,969,"(1, 0, 2, 1)",0.9466,5.0,"(2, 1, 2, 1)",0.0122,7.0,"(1, 0, 2, 2)",0.0088,7.0
c=A dc=+ h=B dh=+ L=B dL=0 preo=M,contagio Alto (sube); hospital Bajo (sube); restriccion Bajo (estable); cumplimiento Medio,emergencia,62,"(2, 2, 2, 0)",0.9840,6.0,"(0, 0, 0, 2)",0.0075,4.0,"(2, 2, 2, 2)",0.0001,10.0
c=A dc=+ h=B dh=+ L=B dL=0 preo=A,contagio Alto (sube); hospital Bajo (sube); restriccion Bajo (estable); cumplimiento Alto,emergencia,68,"(1, 2, 0, 2)",0.9304,7.0,"(0, 2, 2, 0)",0.0009,4.0,"(1, 2, 0, 0)",0.0009,3.0
c=A dc=+ h=B dh=+ L=B dL=+ preo=B,contagio Alto (sube); hospital Bajo (sube); restriccion Bajo (sube); cumplimiento Bajo,emergencia,4527,"(2, 1, 2, 2)",0.6323,9.0,"(1, 0, 0, 0)",0.1084,1.0,"(2, 1, 1, 2)",0.0571,8.0
c=A dc=+ h=B dh=+ L=B dL=+ preo=M,contagio Alto (sube); hospital Bajo (sube); restriccion Bajo (sube); cumplimiento Medio,emergencia,44,"(2, 2, 0, 0)",0.9318,4.0,"(1, 2, 2, 1)",0.0486,7.0,"(2, 2, 2, 2)",0.0002,10.0
c=A dc=+ h=B dh=+ L=B dL=+ preo=A,contagio Alto (sube); hospital Bajo (sube); restriccion Bajo (sube); cumplimiento Alto,emergencia,56,"(1, 1, 2, 1)",0.2549,6.0,"(2, 2, 2, 2)",0.0099,10.0,"(1, 0, 2, 0)",0.0099,3.0
c=A dc=+ h=B dh=+ L=M dL=- preo=B,contagio Alto (sube); hospital Bajo (sube); restriccion Medio (baja); cumplimiento Bajo,emergencia,185,"(2, 2, 2, 2)",0.9994,10.0,"(0, 2, 2, 0)",0.0003,4.0,"(1, 2, 1, 1)",0.0002,6.0
c=A dc=+ h=B dh=+ L=M dL=- preo=M,contagio Alto (sube); hospital Bajo (sube); restriccion Medio (baja); cumplimiento Medio,emergencia,55,"(2, 1, 1, 2)",0.9993,8.0,"(2, 1, 0, 2)",0.0002,7.0,"(2, 2, 2, 2)",0.0000,10.0
c=A dc=+ h=B dh=+ L=M dL=- preo=A,contagio Alto (sube); hospital Bajo (sube); restriccion Medio (baja); cumplimiento Alto,emergencia,26,"(2, 0, 2, 0)",0.0148,4.0,"(2, 2, 2, 2)",0.0131,10.0,"(1, 1, 2, 2)",0.0131,8.0
c=A dc=+ h=B dh=+ L=M dL=0 preo=B,contagio Alto (sube); hospital Bajo (sube); restriccion Medio (estable); cumplimiento Bajo,emergencia,11,"(1, 1, 1, 1)",0.9998,5.0,"(1, 1, 1, 0)",0.0000,3.0,"(0, 2, 1, 0)",0.0000,3.0
c=A dc=+ h=B dh=+ L=M dL=0 preo=M,contagio Alto (sube); hospital Bajo (sube); restriccion Medio (estable); cumplimiento Medio,emergencia,6,"(1, 1, 2, 0)",0.9847,4.0,"(2, 2, 2, 2)",0.0002,10.0,"(1, 0, 0, 2)",0.0002,5.0
c=A dc=+ h=B dh=+ L=M dL=0 preo=A,contagio Alto (sube); hospital Bajo (sube); restriccion Medio (estable); cumplimiento Alto,emergencia,4,"(0, 2, 2, 2)",0.0923,8.0,"(2, 2, 2, 2)",0.0114,10.0,"(1, 1, 1, 0)",0.0114,3.0
c=A dc=+ h=B dh=+ L=M dL=+ preo=B,contagio Alto (sube); hospital Bajo (sube); restriccion Medio (sube); cumplimiento Bajo,emergencia,1427,"(2, 2, 2, 1)",0.9153,8.0,"(2, 2, 0, 2)",0.0238,8.0,"(2, 0, 2, 2)",0.0233,8.0
c=A dc=+ h=B dh=+ L=M dL=+ preo=M,contagio Alto (sube); hospital Bajo (sube); restriccion Medio (sube); cumplimiento Medio,emergencia,101,"(0, 2, 1, 2)",0.9881,7.0,"(2, 2, 1, 2)",0.0047,9.0,"(1, 2, 0, 0)",0.0047,3.0
c=A dc=+ h=B dh=+ L=M dL=+ preo=A,contagio Alto (sube); hospital Bajo (sube); restriccion Medio (sube); cumplimiento Alto,emergencia,56,"(0, 2, 2, 0)",0.0799,4.0,"(2, 2, 2, 2)",0.0119,10.0,"(0, 2, 2, 2)",0.0119,8.0
c=A dc=+ h=B dh=+ L=A dL=- preo=B,contagio Alto (sube); hospital Bajo (sube); restriccion Alto (baja); cumplimiento Bajo,emergencia,10,"(0, 2, 2, 0)",0.9998,4.0,"(2, 2, 2, 2)",0.0000,10.0,"(1, 1, 1, 0)",0.0000,3.0
c=A dc=+ h=B dh=+ L=A dL=- preo=M,contagio Alto (sube); hospital Bajo (sube); restriccion Alto (baja); cumplimiento Medio,emergencia,0,"(2, 2, 2, 2)",0.0123,10.0,"(1, 1, 1, 0)",0.0123,3.0,"(0, 2, 1, 0)",0.0123,3.0
c=A dc=+ h=B dh=+ L=A dL=- preo=A,contagio Alto (sube); hospital Bajo (sube); restriccion Alto (baja); cumplimiento Alto,emergencia,0,"(2, 2, 2, 2)",0.0123,10.0,"(1, 1, 1, 0)",0.0123,3.0,"(0, 2, 1, 0)",0.0123,3.0
c=A dc=+ h=B dh=+ L=A dL=0 preo=B,contagio Alto (sube); hospital Bajo (sube); restriccion Alto (estable); cumplimiento Bajo,emergencia,5,"(1, 1, 0, 0)",0.9997,2.0,"(2, 2, 2, 2)",0.0000,10.0,"(1, 0, 0, 1)",0.0000,3.0
c=A dc=+ h=B dh=+ L=A dL=0 preo=M,contagio Alto (sube); hospital Bajo (sube); restriccion Alto (estable); cumplimiento Medio,emergencia,0,"(2, 2, 2, 2)",0.0123,10.0,"(1, 1, 1, 0)",0.0123,3.0,"(0, 2, 1, 0)",0.0123,3.0
c=A dc=+ h=B dh=+ L=A dL=0 preo=A,contagio Alto (sube); hospital Bajo (sube); restriccion Alto (estable); cumplimiento Alto,emergencia,0,"(2, 2, 2, 2)",0.0123,10.0,"(1, 1, 1, 0)",0.0123,3.0,"(0, 2, 1, 0)",0.0123,3.0
c=A dc=+ h=B dh=+ L=A dL=+ preo=B,contagio Alto (sube); hospital Bajo (sube); restriccion Alto (sube); cumplimiento Bajo,emergencia,143,"(2, 1, 0, 1)",0.9965,5.0,"(1, 2, 2, 2)",0.0030,9.0,"(1, 2, 2, 1)",0.0003,7.0
c=A dc=+ h=B dh=+ L=A dL=+ preo=M,contagio Alto (sube); hospital Bajo (sube); restriccion Alto (sube); cumplimiento Medio,emergencia,18,"(0, 0, 2, 1)",0.9930,4.0,"(2, 2, 2, 2)",0.0001,10.0,"(1, 0, 1, 0)",0.0001,2.0
c=A dc=+ h=B dh=+ L=A dL=+ preo=A,contagio Alto (sube); hospital Bajo (sube); restriccion Alto (sube); cumplimiento Alto,emergencia,5,"(0, 1, 0, 0)",0.0709,1.0,"(0, 2, 1, 0)",0.0117,3.0,"(0, 2, 1, 2)",0.0117,7.0
c=A dc=+ h=M dh=- L=B dL=- preo=B,contagio Alto (sube); hospital Medio (baja); restriccion Bajo (baja); cumplimiento Bajo,emergencia,7993,"(2, 2, 2, 2)",0.4942,10.0,"(1, 1, 2, 2)",0.0975,8.0,"(0, 2, 2, 1)",0.0737,6.0
c=A dc=+ h=M dh=- L=B dL=- preo=M,contagio Alto (sube); hospital Medio (baja); restriccion Bajo (baja); cumplimiento Medio,emergencia,3648,"(2, 2, 0, 2)",0.7019,8.0,"(2, 1, 0, 2)",0.0686,7.0,"(1, 2, 2, 2)",0.0372,9.0
c=A dc=+ h=M dh=- L=B dL=- preo=A,contagio Alto (sube); hospital Medio (baja); restriccion Bajo (baja); cumplimiento Alto,emergencia,162,"(2, 2, 1, 1)",0.4997,7.0,"(0, 2, 2, 2)",0.0067,8.0,"(1, 0, 1, 2)",0.0067,6.0
c=A dc=+ h=M dh=- L=B dL=0 preo=B,contagio Alto (sube); hospital Medio (baja); restriccion Bajo (estable); cumplimiento Bajo,emergencia,118,"(0, 0, 0, 2)",0.9886,4.0,"(0, 1, 2, 1)",0.0040,5.0,"(2, 1, 1, 0)",0.0008,4.0
c=A dc=+ h=M dh=- L=B dL=0 preo=M,contagio Alto (sube); hospital Medio (baja); restriccion Bajo (estable); cumplimiento Medio,emergencia,124,"(2, 0, 0, 2)",0.9942,6.0,"(1, 0, 0, 1)",0.0012,3.0,"(1, 2, 1, 1)",0.0004,6.0
c=A dc=+ h=M dh=- L=B dL=0 preo=A,contagio Alto (sube); hospital Medio (baja); restriccion Bajo (estable); cumplimiento Alto,emergencia,19,"(2, 2, 0, 2)",0.3808,8.0,"(2, 2, 2, 2)",0.0080,10.0,"(1, 0, 1, 0)",0.0080,2.0
c=A dc=+ h=M dh=- L=B dL=+ preo=B,contagio Alto (sube); hospital Medio (baja); restriccion Bajo (sube); cumplimiento Bajo,emergencia,706,"(2, 0, 1, 2)",0.9655,7.0,"(2, 2, 1, 0)",0.0109,5.0,"(0, 0, 2, 2)",0.0070,6.0
c=A dc=+ h=M dh=- L=B dL=+ preo=M,contagio Alto (sube); hospital Medio (baja); restriccion Bajo (sube); cumplimiento Medio,emergencia,228,"(2, 0, 2, 2)",0.9953,8.0,"(2, 2, 0, 0)",0.0015,4.0,"(0, 0, 1, 2)",0.0014,5.0
c=A dc=+ h=M dh=- L=B dL=+ preo=A,contagio Alto (sube); hospital Medio (baja); restriccion Bajo (sube); cumplimiento Alto,emergencia,22,"(2, 2, 2, 2)",0.0130,10.0,"(1, 0, 1, 2)",0.0130,6.0,"(0, 2, 2, 0)",0.0130,4.0
c=A dc=+ h=M dh=- L=M dL=- preo=B,contagio Alto (sube); hospital Medio (baja); restriccion Medio (baja); cumplimiento Bajo,emergencia,26,"(0, 1, 2, 0)",0.9781,3.0,"(1, 2, 2, 2)",0.0193,9.0,"(2, 2, 2, 2)",0.0000,10.0
c=A dc=+ h=M dh=- L=M dL=- preo=M,contagio Alto (sube); hospital Medio (baja); restriccion Medio (baja); cumplimiento Medio,emergencia,60,"(1, 2, 1, 1)",0.9426,6.0,"(0, 2, 2, 1)",0.0354,6.0,"(0, 1, 1, 0)",0.0094,2.0
c=A dc=+ h=M dh=- L=M dL=- preo=A,contagio Alto (sube); hospital Medio (baja); restriccion Medio (baja); cumplimiento Alto,emergencia,10,"(2, 2, 2, 2)",0.0126,10.0,"(1, 0, 0, 2)",0.0126,5.0,"(0, 2, 1, 0)",0.0126,3.0
c=A dc=+ h=M dh=- L=M dL=0 preo=B,contagio Alto (sube); hospital Medio (baja); restriccion Medio (estable); cumplimiento Bajo,emergencia,2,"(2, 1, 1, 2)",0.9761,8.0,"(2, 2, 2, 2)",0.0003,10.0,"(1, 0, 0, 1)",0.0003,3.0
c=A dc=+ h=M dh=- L=M dL=0 preo=M,contagio Alto (sube); hospital Medio (baja); restriccion Medio (estable); cumplimiento Medio,emergencia,25,"(2, 2, 1, 0)",0.9831,5.0,"(2, 2, 2, 2)",0.0002,10.0,"(1, 0, 0, 2)",0.0002,5.0
c=A dc=+ h=M dh=- L=M dL=0 preo=A,contagio Alto (sube); hospital Medio (baja); restriccion Medio (estable); cumplimiento Alto,emergencia,6,"(2, 2, 2, 2)",0.0125,10.0,"(1, 0, 1, 0)",0.0125,2.0,"(0, 2, 1, 2)",0.0125,7.0
c=A dc=+ h=M dh=- L=M dL=+ preo=B,contagio Alto (sube); hospital Medio (baja); restriccion Medio (sube); cumplimiento Bajo,emergencia,185,"(1, 2, 2, 2)",0.9996,9.0,"(2, 0, 1, 0)",0.0002,3.0,"(2, 2, 2, 2)",0.0000,10.0
c=A dc=+ h=M dh=- L=M dL=+ preo=M,contagio Alto (sube); hospital Medio (baja); restriccion Medio (sube); cumplimiento Medio,emergencia,122,"(1, 0, 0, 0)",0.9923,1.0,"(1, 0, 1, 0)",0.0034,2.0,"(2, 2, 2, 2)",0.0001,10.0
c=A dc=+ h=M dh=- L=M dL=+ preo=A,contagio Alto (sube); hospital Medio (baja); restriccion Medio (sube); cumplimiento Alto,emergencia,18,"(1, 2, 2, 1)",0.6277,7.0,"(0, 2, 1, 0)",0.0048,3.0,"(0, 2, 1, 2)",0.0048,7.0
c=A dc=+ h=M dh=- L=A dL=- preo=B,contagio Alto (sube); hospital Medio (baja); restriccion Alto (baja); cumplimiento Bajo,emergencia,0,"(2, 2, 2, 2)",0.0123,10.0,"(1, 1, 1, 0)",0.0123,3.0,"(0, 2, 1, 0)",0.0123,3.0
c=A dc=+ h=M dh=- L=A dL=- preo=M,contagio Alto (sube); hospital Medio (baja); restriccion Alto (baja); cumplimiento Medio,emergencia,0,"(2, 2, 2, 2)",0.0123,10.0,"(1, 1, 1, 0)",0.0123,3.0,"(0, 2, 1, 0)",0.0123,3.0
c=A dc=+ h=M dh=- L=A dL=- preo=A,contagio Alto (sube); hospital Medio (baja); restriccion Alto (baja); cumplimiento Alto,emergencia,1,"(2, 2, 2, 1)",0.0171,8.0,"(0, 2, 0, 2)",0.0123,6.0,"(0, 2, 1, 1)",0.0123,5.0
c=A dc=+ h=M dh=- L=A dL=0 preo=B,contagio Alto (sube); hospital Medio (baja); restriccion Alto (estable); cumplimiento Bajo,emergencia,0,"(2, 2, 2, 2)",0.0123,10.0,"(1, 1, 1, 0)",0.0123,3.0,"(0, 2, 1, 0)",0.0123,3.0
c=A dc=+ h=M dh=- L=A dL=0 preo=M,contagio Alto (sube); hospital Medio (baja); restriccion Alto (estable); cumplimiento Medio,emergencia,1,"(2, 2, 2, 2)",0.0124,10.0,"(1, 1, 1, 0)",0.0124,3.0,"(0, 2, 1, 0)",0.0124,3.0
c=A dc=+ h=M dh=- L=A dL=0 preo=A,contagio Alto (sube); hospital Medio (baja); restriccion Alto (estable); cumplimiento Alto,emergencia,1,"(2, 2, 2, 2)",0.0124,10.0,"(2, 2, 2, 1)",0.0124,8.0,"(0, 2, 1, 1)",0.0124,5.0
c=A dc=+ h=M dh=- L=A dL=+ preo=B,contagio Alto (sube); hospital Medio (baja); restriccion Alto (sube); cumplimiento Bajo,emergencia,61,"(2, 0, 0, 1)",0.9809,4.0,"(2, 2, 2, 2)",0.0002,10.0,"(0, 2, 0, 2)",0.0002,6.0
c=A dc=+ h=M dh=- L=A dL=+ preo=M,contagio Alto (sube); hospital Medio (baja); restriccion Alto (sube); cumplimiento Medio,emergencia,33,"(0, 2, 0, 1)",0.9807,4.0,"(1, 1, 1, 0)",0.0002,3.0,"(0, 2, 1, 0)",0.0002,3.0
c=A dc=+ h=M dh=- L=A dL=+ preo=A,contagio Alto (sube); hospital Medio (baja); restriccion Alto (sube); cumplimiento Alto,emergencia,2,"(2, 2, 2, 2)",0.0124,10.0,"(1, 0, 0, 2)",0.0124,5.0,"(0, 2, 1, 1)",0.0124,5.0
c=A dc=+ h=M dh=0 L=B dL=- preo=B,contagio Alto (sube); hospital Medio (estable); restriccion Bajo (baja); cumplimiento Bajo,emergencia,7903,"(2, 2, 1, 2)",0.4918,9.0,"(1, 2, 1, 2)",0.1119,8.0,"(2, 2, 2, 0)",0.0748,6.0
c=A dc=+ h=M dh=0 L=B dL=- preo=M,contagio Alto (sube); hospital Medio (estable); restriccion Bajo (baja); cumplimiento Medio,emergencia,2528,"(2, 1, 2, 2)",0.8434,9.0,"(0, 2, 2, 0)",0.0581,4.0,"(0, 1, 2, 2)",0.0315,7.0
c=A dc=+ h=M dh=0 L=B dL=- preo=A,contagio Alto (sube); hospital Medio (estable); restriccion Bajo (baja); cumplimiento Alto,emergencia,74,"(1, 1, 0, 2)",0.7198,6.0,"(2, 2, 0, 1)",0.0128,6.0,"(0, 0, 0, 0)",0.0040,0.0
c=A dc=+ h=M dh=0 L=B dL=0 preo=B,contagio Alto (sube); hospital Medio (estable); restriccion Bajo (estable); cumplimiento Bajo,emergencia,116,"(2, 1, 1, 2)",0.9990,8.0,"(2, 2, 2, 2)",0.0009,10.0,"(2, 0, 0, 0)",0.0000,2.0
c=A dc=+ h=M dh=0 L=B dL=0 preo=M,contagio Alto (sube); hospital Medio (estable); restriccion Bajo (estable); cumplimiento Medio,emergencia,56,"(2, 1, 2, 2)",0.9905,9.0,"(2, 2, 2, 2)",0.0001,10.0,"(1, 0, 1, 0)",0.0001,2.0
c=A dc=+ h=M dh=0 L=B dL=0 preo=A,contagio Alto (sube); hospital Medio (estable); restriccion Bajo (estable); cumplimiento Alto,emergencia,8,"(2, 2, 2, 2)",0.0126,10.0,"(1, 0, 1, 0)",0.0126,2.0,"(0, 2, 1, 1)",0.0126,5.0
c=A dc=+ h=M dh=0 L=B dL=+ preo=B,contagio Alto (sube); hospital Medio (estable); restriccion Bajo (sube); cumplimiento Bajo,emergencia,540,"(0, 2, 2, 0)",0.7469,4.0,"(2, 2, 1, 2)",0.0900,9.0,"(2, 2, 2, 2)",0.0827,10.0
c=A dc=+ h=M dh=0 L=B dL=+ preo=M,contagio Alto (sube); hospital Medio (estable); restriccion Bajo (sube); cumplimiento Medio,emergencia,149,"(1, 1, 0, 0)",0.9591,2.0,"(2, 2, 0, 2)",0.0304,8.0,"(2, 2, 2, 2)",0.0001,10.0
c=A dc=+ h=M dh=0 L=B dL=+ preo=A,contagio Alto (sube); hospital Medio (estable); restriccion Bajo (sube); cumplimiento Alto,emergencia,13,"(2, 2, 1, 1)",0.0187,7.0,"(2, 2, 2, 2)",0.0126,10.0,"(1, 0, 1, 1)",0.0126,4.0
c=A dc=+ h=M dh=0 L=M dL=- preo=B,contagio Alto (sube); hospital Medio (estable); restriccion Medio (baja); cumplimiento Bajo,emergencia,36,"(2, 1, 2, 1)",0.9999,7.0,"(1, 0, 0, 2)",0.0000,5.0,"(0, 2, 1, 0)",0.0000,3.0
c=A dc=+ h=M dh=0 L=M dL=- preo=M,contagio Alto (sube); hospital Medio (estable); restriccion Medio (baja); cumplimiento Medio,emergencia,40,"(1, 0, 0, 0)",0.9926,1.0,"(0, 0, 1, 2)",0.0015,5.0,"(2, 2, 2, 2)",0.0001,10.0
c=A dc=+ h=M dh=0 L=M dL=- preo=A,contagio Alto (sube); hospital Medio (estable); restriccion Medio (baja); cumplimiento Alto,emergencia,7,"(2, 2, 2, 2)",0.0126,10.0,"(2, 2, 2, 1)",0.0126,8.0,"(0, 2, 1, 1)",0.0126,5.0
c=A dc=+ h=M dh=0 L=M dL=0 preo=B,contagio Alto (sube); hospital Medio (estable); restriccion Medio (estable); cumplimiento Bajo,emergencia,4,"(2, 2, 1, 0)",0.9813,5.0,"(2, 2, 2, 2)",0.0002,10.0,"(1, 0, 0, 2)",0.0002,5.0
c=A dc=+ h=M dh=0 L=M dL=0 preo=M,contagio Alto (sube); hospital Medio (estable); restriccion Medio (estable); cumplimiento Medio,emergencia,14,"(0, 2, 0, 1)",0.8203,4.0,"(2, 2, 2, 2)",0.0023,10.0,"(1, 0, 0, 2)",0.0023,5.0
c=A dc=+ h=M dh=0 L=M dL=0 preo=A,contagio Alto (sube); hospital Medio (estable); restriccion Medio (estable); cumplimiento Alto,emergencia,2,"(2, 2, 2, 2)",0.0124,10.0,"(1, 1, 1, 0)",0.0124,3.0,"(0, 2, 1, 0)",0.0124,3.0
c=A dc=+ h=M dh=0 L=M dL=+ preo=B,contagio Alto (sube); hospital Medio (estable); restriccion Medio (sube); cumplimiento Bajo,emergencia,167,"(2, 1, 0, 1)",0.9777,5.0,"(1, 0, 0, 2)",0.0079,5.0,"(1, 0, 2, 1)",0.0059,5.0
c=A dc=+ h=M dh=0 L=M dL=+ preo=M,contagio Alto (sube); hospital Medio (estable); restriccion Medio (sube); cumplimiento Medio,emergencia,75,"(1, 2, 2, 2)",0.9962,9.0,"(2, 1, 0, 1)",0.0012,5.0,"(2, 2, 2, 2)",0.0000,10.0
c=A dc=+ h=M dh=0 L=M dL=+ preo=A,contagio Alto (sube); hospital Medio (estable); restriccion Medio (sube); cumplimiento Alto,emergencia,10,"(1, 2, 0, 2)",0.0165,7.0,"(1, 1, 1, 1)",0.0126,5.0,"(1, 0, 1, 0)",0.0126,2.0
c=A dc=+ h=M dh=0 L=A dL=- preo=B,contagio Alto (sube); hospital Medio (estable); restriccion Alto (baja); cumplimiento Bajo,emergencia,0,"(2, 2, 2, 2)",0.0123,10.0,"(1, 1, 1, 0)",0.0123,3.0,"(0, 2, 1, 0)",0.0123,3.0
c=A dc=+ h=M dh=0 L=A dL=- preo=M,contagio Alto (sube); hospital Medio (estable); restriccion Alto (baja); cumplimiento Medio,emergencia,0,"(2, 2, 2, 2)",0.0123,10.0,"(1, 1, 1, 0)",0.0123,3.0,"(0, 2, 1, 0)",0.0123,3.0
c=A dc=+ h=M dh=0 L=A dL=- preo=A,contagio Alto (sube); hospital Medio (estable); restriccion Alto (baja); cumplimiento Alto,emergencia,0,"(2, 2, 2, 2)",0.0123,10.0,"(1, 1, 1, 0)",0.0123,3.0,"(0, 2, 1, 0)",0.0123,3.0
c=A dc=+ h=M dh=0 L=A dL=0 preo=B,contagio Alto (sube); hospital Medio (estable); restriccion Alto (estable); cumplimiento Bajo,emergencia,0,"(2, 2, 2, 2)",0.0123,10.0,"(1, 1, 1, 0)",0.0123,3.0,"(0, 2, 1, 0)",0.0123,3.0
c=A dc=+ h=M dh=0 L=A dL=0 preo=M,contagio Alto (sube); hospital Medio (estable); restriccion Alto (estable); cumplimiento Medio,emergencia,0,"(2, 2, 2, 2)",0.0123,10.0,"(1, 1, 1, 0)",0.0123,3.0,"(0, 2, 1, 0)",0.0123,3.0
c=A dc=+ h=M dh=0 L=A dL=0 preo=A,contagio Alto (sube); hospital Medio (estable); restriccion Alto (estable); cumplimiento Alto,emergencia,0,"(2, 2, 2, 2)",0.0123,10.0,"(1, 1, 1, 0)",0.0123,3.0,"(0, 2, 1, 0)",0.0123,3.0
c=A dc=+ h=M dh=0 L=A dL=+ preo=B,contagio Alto (sube); hospital Medio (estable); restriccion Alto (sube); cumplimiento Bajo,emergencia,62,"(0, 2, 2, 2)",0.9997,8.0,"(2, 2, 2, 2)",0.0000,10.0,"(1, 1, 1, 0)",0.0000,3.0
c=A dc=+ h=M dh=0 L=A dL=+ preo=M,contagio Alto (sube); hospital Medio (estable); restriccion Alto (sube); cumplimiento Medio,emergencia,18,"(0, 1, 0, 1)",0.9861,3.0,"(2, 2, 2, 1)",0.0073,8.0,"(0, 2, 1, 1)",0.0001,5.0
c=A dc=+ h=M dh=0 L=A dL=+ preo=A,contagio Alto (sube); hospital Medio (estable); restriccion Alto (sube); cumplimiento Alto,emergencia,1,"(2, 2, 2, 2)",0.0124,10.0,"(1, 1, 1, 0)",0.0124,3.0,"(0, 2, 1, 0)",0.0124,3.0
c=A dc=+ h=M dh=+ L=B dL=- preo=B,contagio Alto (sube); hospital Medio (sube); restriccion Bajo (baja); cumplimiento Bajo,emergencia,31234,"(2, 2, 2, 1)",0.0932,8.0,"(2, 2, 1, 2)",0.0505,9.0,"(2, 0, 2, 1)",0.0489,6.0
c=A dc=+ h=M dh=+ L=B dL=- preo=M,contagio Alto (sube); hospital Medio (sube); restriccion Bajo (baja); cumplimiento Medio,emergencia,5149,"(2, 2, 2, 2)",0.3719,10.0,"(2, 2, 1, 0)",0.1647,5.0,"(2, 1, 2, 1)",0.0527,7.0
c=A dc=+ h=M dh=+ L=B dL=- preo=A,contagio Alto (sube); hospital Medio (sube); restriccion Bajo (baja); cumplimiento Alto,emergencia,384,"(2, 2, 0, 2)",0.1802,8.0,"(1, 1, 2, 2)",0.0154,8.0,"(2, 1, 0, 0)",0.0133,3.0
c=A dc=+ h=M dh=+ L=B dL=0 preo=B,contagio Alto (sube); hospital Medio (sube); restriccion Bajo (estable); cumplimiento Bajo,emergencia,313,"(1, 0, 0, 2)",0.9706,5.0,"(1, 2, 2, 1)",0.0121,7.0,"(1, 1, 0, 1)",0.0118,4.0
c=A dc=+ h=M dh=+ L=B dL=0 preo=M,contagio Alto (sube); hospital Medio (sube); restriccion Bajo (estable); cumplimiento Medio,emergencia,125,"(1, 1, 2, 2)",0.9904,8.0,"(1, 1, 1, 2)",0.0039,7.0,"(2, 1, 0, 2)",0.0023,7.0
c=A dc=+ h=M dh=+ L=B dL=0 preo=A,contagio Alto (sube); hospital Medio (sube); restriccion Bajo (estable); cumplimiento Alto,emergencia,37,"(2, 1, 1, 2)",0.1604,8.0,"(2, 2, 2, 2)",0.0116,10.0,"(0, 2, 2, 0)",0.0116,4.0
c=A dc=+ h=M dh=+ L=B dL=+ preo=B,contagio Alto (sube); hospital Medio (sube); restriccion Bajo (sube); cumplimiento Bajo,emergencia,1428,"(2, 2, 1, 1)",0.9805,7.0,"(2, 2, 0, 0)",0.0095,4.0,"(0, 2, 1, 1)",0.0011,5.0
c=A dc=+ h=M dh=+ L=B dL=+ preo=M,contagio Alto (sube); hospital Medio (sube); restriccion Bajo (sube); cumplimiento Medio,emergencia,172,"(2, 0, 1, 2)",0.9918,7.0,"(2, 2, 2, 2)",0.0001,10.0,"(1, 0, 1, 0)",0.0001,2.0
c=A dc=+ h=M dh=+ L=B dL=+ preo=A,contagio Alto (sube); hospital Medio (sube); restriccion Bajo (sube); cumplimiento Alto,emergencia,24,"(1, 1, 2, 2)",0.1358,8.0,"(0, 2, 2, 1)",0.0114,6.0,"(1, 0, 0, 0)",0.0114,1.0
c=A dc=+ h=M dh=+ L=M dL=- preo=B,contagio Alto (sube); hospital Medio (sube); restriccion Medio (baja); cumplimiento Bajo,emergencia,103,"(2, 1, 2, 1)",0.9785,7.0,"(2, 1, 1, 1)",0.0058,6.0,"(1, 0, 0, 1)",0.0002,3.0
c=A dc=+ h=M dh=+ L=M dL=- preo=M,contagio Alto (sube); hospital Medio (sube); restriccion Medio (baja); cumplimiento Medio,emergencia,94,"(2, 1, 2, 2)",0.9991,9.0,"(0, 1, 1, 0)",0.0004,2.0,"(1, 1, 1, 1)",0.0000,5.0
c=A dc=+ h=M dh=+ L=M dL=- preo=A,contagio Alto (sube); hospital Medio (sube); restriccion Medio (baja); cumplimiento Alto,emergencia,15,"(2, 2, 2, 2)",0.0129,10.0,"(1, 0, 0, 2)",0.0129,5.0,"(1, 1, 2, 2)",0.0129,8.0
c=A dc=+ h=M dh=+ L=M dL=0 preo=B,contagio Alto (sube); hospital Medio (sube); restriccion Medio (estable); cumplimiento Bajo,emergencia,8,"(2, 2, 1, 0)",0.9886,5.0,"(2, 2, 2, 2)",0.0001,10.0,"(1, 0, 0, 2)",0.0001,5.0
c=A dc=+ h=M dh=+ L=M dL=0 preo=M,contagio Alto (sube); hospital Medio (sube); restriccion Medio (estable); cumplimiento Medio,emergencia,23,"(2, 2, 1, 2)",0.9978,9.0,"(2, 2, 2, 2)",0.0000,10.0,"(1, 0, 1, 0)",0.0000,2.0
c=A dc=+ h=M dh=+ L=M dL=0 preo=A,contagio Alto (sube); hospital Medio (sube); restriccion Medio (estable); cumplimiento Alto,emergencia,4,"(2, 2, 2, 2)",0.0125,10.0,"(1, 0, 0, 2)",0.0125,5.0,"(0, 2, 1, 1)",0.0125,5.0
c=A dc=+ h=M dh=+ L=M dL=+ preo=B,contagio Alto (sube); hospital Medio (sube); restriccion Medio (sube); cumplimiento Bajo,emergencia,447,"(0, 0, 1, 0)",0.9729,1.0,"(1, 0, 2, 2)",0.0055,7.0,"(1, 2, 2, 2)",0.0051,9.0
c=A dc=+ h=M dh=+ L=M dL=+ preo=M,contagio Alto (sube); hospital Medio (sube); restriccion Medio (sube); cumplimiento Medio,emergencia,142,"(2, 2, 2, 1)",0.9988,8.0,"(2, 0, 0, 0)",0.0003,2.0,"(2, 1, 1, 0)",0.0003,4.0
c=A dc=+ h=M dh=+ L=M dL=+ preo=A,contagio Alto (sube); hospital Medio (sube); restriccion Medio (sube); cumplimiento Alto,emergencia,20,"(2, 0, 0, 1)",0.0143,4.0,"(2, 2, 2, 2)",0.0130,10.0,"(1, 1, 2, 2)",0.0130,8.0
c=A dc=+ h=M dh=+ L=A dL=- preo=B,contagio Alto (sube); hospital Medio (sube); restriccion Alto (baja); cumplimiento Bajo,emergencia,1,"(2, 0, 1, 2)",0.7041,7.0,"(2, 2, 2, 2)",0.0037,10.0,"(0, 2, 1, 0)",0.0037,3.0
c=A dc=+ h=M dh=+ L=A dL=- preo=M,contagio Alto (sube); hospital Medio (sube); restriccion Alto (baja); cumplimiento Medio,emergencia,1,"(2, 2, 1, 0)",0.1440,5.0,"(2, 2, 2, 2)",0.0107,10.0,"(1, 0, 0, 2)",0.0107,5.0
c=A dc=+ h=M dh=+ L=A dL=- preo=A,contagio Alto (sube); hospital Medio (sube); restriccion Alto (baja); cumplimiento Alto,emergencia,0,"(2, 2, 2, 2)",0.0123,10.0,"(1, 1, 1, 0)",0.0123,3.0,"(0, 2, 1, 0)",0.0123,3.0
c=A dc=+ h=M dh=+ L=A dL=0 preo=B,contagio Alto (sube); hospital Medio (sube); restriccion Alto (estable); cumplimiento Bajo,emergencia,0,"(2, 2, 2, 2)",0.0123,10.0,"(1, 1, 1, 0)",0.0123,3.0,"(0, 2, 1, 0)",0.0123,3.0
c=A dc=+ h=M dh=+ L=A dL=0 preo=M,contagio Alto (sube); hospital Medio (sube); restriccion Alto (estable); cumplimiento Medio,emergencia,1,"(1, 0, 1, 1)",0.1442,4.0,"(2, 2, 2, 2)",0.0107,10.0,"(1, 0, 0, 1)",0.0107,3.0
c=A dc=+ h=M dh=+ L=A dL=0 preo=A,contagio Alto (sube); hospital Medio (sube); restriccion Alto (estable); cumplimiento Alto,emergencia,0,"(2, 2, 2, 2)",0.0123,10.0,"(1, 1, 1, 0)",0.0123,3.0,"(0, 2, 1, 0)",0.0123,3.0
c=A dc=+ h=M dh=+ L=A dL=+ preo=B,contagio Alto (sube); hospital Medio (sube); restriccion Alto (sube); cumplimiento Bajo,emergencia,87,"(2, 2, 0, 0)",0.8939,4.0,"(1, 2, 0, 1)",0.0789,5.0,"(1, 0, 1, 2)",0.0098,6.0
c=A dc=+ h=M dh=+ L=A dL=+ preo=M,contagio Alto (sube); hospital Medio (sube); restriccion Alto (sube); cumplimiento Medio,emergencia,40,"(0, 1, 0, 0)",0.9956,1.0,"(1, 1, 1, 0)",0.0003,3.0,"(1, 1, 0, 1)",0.0001,4.0
c=A dc=+ h=M dh=+ L=A dL=+ preo=A,contagio Alto (sube); hospital Medio (sube); restriccion Alto (sube); cumplimiento Alto,emergencia,1,"(2, 2, 2, 2)",0.0124,10.0,"(2, 2, 2, 1)",0.0124,8.0,"(0, 2, 1, 0)",0.0124,3.0
c=A dc=+ h=A dh=- L=B dL=- preo=B,contagio Alto (sube); hospital Alto (baja); restriccion Bajo (baja); cumplimiento Bajo,emergencia,408,"(2, 2, 2, 1)",0.3999,8.0,"(2, 1, 1, 1)",0.0083,6.0,"(0, 1, 2, 1)",0.0083,5.0
c=A dc=+ h=A dh=- L=B dL=- preo=M,contagio Alto (sube); hospital Alto (baja); restriccion Bajo (baja); cumplimiento Medio,emergencia,160,"(2, 2, 2, 2)",0.1198,10.0,"(2, 1, 0, 1)",0.0141,5.0,"(0, 2, 1, 2)",0.0141,7.0
c=A dc=+ h=A dh=- L=B dL=- preo=A,contagio Alto (sube); hospital Alto (baja); restriccion Bajo (baja); cumplimiento Alto,emergencia,1480,"(1, 2, 1, 2)",0.0964,8.0,"(0, 1, 0, 2)",0.0292,5.0,"(0, 0, 2, 2)",0.0159,6.0
c=A dc=+ h=A dh=- L=B dL=0 preo=B,contagio Alto (sube); hospital Alto (baja); restriccion Bajo (estable); cumplimiento Bajo,emergencia,22,"(1, 1, 0, 1)",0.4823,4.0,"(2, 2, 2, 2)",0.0067,10.0,"(1, 0, 1, 0)",0.0067,2.0
c=A dc=+ h=A dh=- L=B dL=0 preo=M,contagio Alto (sube); hospital Alto (baja); restriccion Bajo (estable); cumplimiento Medio,emergencia,13,"(0, 0, 1, 1)",0.4988,3.0,"(2, 2, 2, 2)",0.0064,10.0,"(1, 0, 1, 1)",0.0064,4.0
c=A dc=+ h=A dh=- L=B dL=0 preo=A,contagio Alto (sube); hospital Alto (baja); restriccion Bajo (estable); cumplimiento Alto,emergencia,257,"(2, 0, 2, 1)",0.0286,6.0,"(2, 2, 0, 0)",0.0141,4.0,"(1, 0, 1, 1)",0.0140,4.0
c=A dc=+ h=A dh=- L=B dL=+ preo=B,contagio Alto (sube); hospital Alto (baja); restriccion Bajo (sube); cumplimiento Bajo,emergencia,34,"(1, 1, 2, 2)",0.2836,8.0,"(1, 0, 2, 1)",0.0096,5.0,"(0, 2, 2, 2)",0.0096,8.0
c=A dc=+ h=A dh=- L=B dL=+ preo=M,contagio Alto (sube); hospital Alto (baja); restriccion Bajo (sube); cumplimiento Medio,emergencia,25,"(0, 0, 1, 1)",0.0251,3.0,"(1, 2, 2, 1)",0.0157,7.0,"(0, 0, 2, 0)",0.0128,2.0
c=A dc=+ h=A dh=- L=B dL=+ preo=A,contagio Alto (sube); hospital Alto (baja); restriccion Bajo (sube); cumplimiento Alto,emergencia,270,"(0, 0, 1, 2)",0.0236,5.0,"(2, 1, 1, 2)",0.0144,8.0,"(2, 1, 0, 2)",0.0143,7.0
c=A dc=+ h=A dh=- L=M dL=- preo=B,contagio Alto (sube); hospital Alto (baja); restriccion Medio (baja); cumplimiento Bajo,emergencia,42,"(2, 2, 2, 2)",0.9890,10.0,"(1, 2, 0, 2)",0.0002,7.0,"(1, 0, 1, 1)",0.0001,4.0
c=A dc=+ h=A dh=- L=M dL=- preo=M,contagio Alto (sube); hospital Alto (baja); restriccion Medio (baja); cumplimiento Medio,emergencia,12,"(2, 2, 2, 2)",0.7122,10.0,"(1, 1, 1, 0)",0.0036,3.0,"(0, 2, 1, 0)",0.0036,3.0
c=A dc=+ h=A dh=- L=M dL=- preo=A,contagio Alto (sube); hospital Alto (baja); restriccion Medio (baja); cumplimiento Alto,emergencia,195,"(2, 2, 1, 2)",0.0533,9.0,"(1, 0, 2, 0)",0.0248,3.0,"(2, 1, 0, 2)",0.0137,7.0
c=A dc=+ h=A dh=- L=M dL=0 preo=B,contagio Alto (sube); hospital Alto (baja); restriccion Medio (estable); cumplimiento Bajo,emergencia,6,"(2, 2, 2, 2)",0.0124,10.0,"(1, 0, 0, 2)",0.0124,5.0,"(0, 2, 1, 1)",0.0124,5.0
c=A dc=+ h=A dh=- L=M dL=0 preo=M,contagio Alto (sube); hospital Alto (baja); restriccion Medio (estable); cumplimiento Medio,emergencia,2,"(1, 2, 0, 2)",0.0222,7.0,"(2, 2, 2, 2)",0.0122,10.0,"(1, 0, 0, 2)",0.0122,5.0
c=A dc=+ h=A dh=- L=M dL=0 preo=A,contagio Alto (sube); hospital Alto (baja); restriccion Medio (estable); cumplimiento Alto,emergencia,115,"(2, 2, 2, 1)",0.0182,8.0,"(2, 1, 0, 0)",0.0148,3.0,"(0, 2, 1, 1)",0.0147,5.0
c=A dc=+ h=A dh=- L=M dL=+ preo=B,contagio Alto (sube); hospital Alto (baja); restriccion Medio (sube); cumplimiento Bajo,emergencia,24,"(0, 2, 0, 0)",0.2475,2.0,"(2, 2, 2, 2)",0.0098,10.0,"(0, 2, 2, 1)",0.0098,6.0
c=A dc=+ h=A dh=- L=M dL=+ preo=M,contagio Alto (sube); hospital Alto (baja); restriccion Medio (sube); cumplimiento Medio,emergencia,19,"(1, 2, 2, 1)",0.4334,7.0,"(0, 2, 1, 2)",0.0075,7.0,"(0, 2, 2, 1)",0.0075,6.0
c=A dc=+ h=A dh=- L=M dL=+ preo=A,contagio Alto (sube); hospital Alto (baja); restriccion Medio (sube); cumplimiento Alto,emergencia,194,"(2, 2, 1, 2)",0.1203,9.0,"(0, 1, 2, 1)",0.0130,5.0,"(1, 1, 1, 0)",0.0130,3.0
c=A dc=+ h=A dh=- L=A dL=- preo=B,contagio Alto (sube); hospital Alto (baja); restriccion Alto (baja); cumplimiento Bajo,emergencia,2,"(2, 1, 1, 0)",0.2407,4.0,"(2, 2, 2, 2)",0.0096,10.0,"(1, 0, 0, 1)",0.0096,3.0
c=A dc=+ h=A dh=- L=A dL=- preo=M,contagio Alto (sube); hospital Alto (baja); restriccion Alto (baja); cumplimiento Medio,emergencia,0,"(2, 2, 2, 2)",0.0123,10.0,"(1, 1, 1, 0)",0.0123,3.0,"(0, 2, 1, 0)",0.0123,3.0
c=A dc=+ h=A dh=- L=A dL=- preo=A,contagio Alto (sube); hospital Alto (baja); restriccion Alto (baja); cumplimiento Alto,emergencia,4,"(1, 1, 0, 0)",0.0195,2.0,"(2, 2, 2, 2)",0.0123,10.0,"(1, 0, 0, 2)",0.0123,5.0
c=A dc=+ h=A dh=- L=A dL=0 preo=B,contagio Alto (sube); hospital Alto (baja); restriccion Alto (estable); cumplimiento Bajo,emergencia,1,"(2, 2, 2, 1)",0.0162,8.0,"(0, 2, 0, 2)",0.0123,6.0,"(0, 2, 1, 1)",0.0123,5.0
c=A dc=+ h=A dh=- L=A dL=0 preo=M,contagio Alto (sube); hospital Alto (baja); restriccion Alto (estable); cumplimiento Medio,emergencia,0,"(2, 2, 2, 2)",0.0123,10.0,"(1, 1, 1, 0)",0.0123,3.0,"(0, 2, 1, 0)",0.0123,3.0
c=A dc=+ h=A dh=- L=A dL=0 preo=A,contagio Alto (sube); hospital Alto (baja); restriccion Alto (estable); cumplimiento Alto,emergencia,4,"(1, 0, 1, 2)",0.0137,6.0,"(2, 2, 2, 2)",0.0124,10.0,"(1, 0, 1, 0)",0.0124,2.0
c=A dc=+ h=A dh=- L=A dL=+ preo=B,contagio Alto (sube); hospital Alto (baja); restriccion Alto (sube); cumplimiento Bajo,emergencia,18,"(0, 2, 0, 0)",0.0855,2.0,"(1, 2, 0, 2)",0.0281,7.0,"(1, 1, 2, 2)",0.0203,8.0
c=A dc=+ h=A dh=- L=A dL=+ preo=M,contagio Alto (sube); hospital Alto (baja); restriccion Alto (sube); cumplimiento Medio,emergencia,1,"(2, 2, 0, 1)",0.2837,6.0,"(2, 2, 2, 2)",0.0090,10.0,"(1, 0, 0, 2)",0.0090,5.0
c=A dc=+ h=A dh=- L=A dL=+ preo=A,contagio Alto (sube); hospital Alto (baja); restriccion Alto (sube); cumplimiento Alto,emergencia,4,"(2, 2, 2, 2)",0.0125,10.0,"(1, 0, 0, 1)",0.0125,3.0,"(0, 2, 1, 0)",0.0125,3.0
c=A dc=+ h=A dh=0 L=B dL=- preo=B,contagio Alto (sube); hospital Alto (estable); restriccion Bajo (baja); cumplimiento Bajo,emergencia,194,"(1, 2, 2, 2)",0.0548,9.0,"(2, 2, 2, 2)",0.0147,10.0,"(1, 1, 1, 0)",0.0147,3.0
c=A dc=+ h=A dh=0 L=B dL=- preo=M,contagio Alto (sube); hospital Alto (estable); restriccion Bajo (baja); cumplimiento Medio,emergencia,159,"(2, 0, 1, 2)",0.1203,7.0,"(0, 2, 2, 0)",0.0140,4.0,"(1, 2, 2, 0)",0.0136,5.0
c=A dc=+ h=A dh=0 L=B dL=- preo=A,contagio Alto (sube); hospital Alto (estable); restriccion Bajo (baja); cumplimiento Alto,emergencia,1005,"(1, 2, 2, 1)",0.0632,7.0,"(2, 0, 1, 2)",0.0357,7.0,"(0, 1, 1, 2)",0.0310,6.0
c=A dc=+ h=A dh=0 L=B dL=0 preo=B,contagio Alto (sube); hospital Alto (estable); restriccion Bajo (estable); cumplimiento Bajo,emergencia,9,"(2, 2, 1, 2)",0.1402,9.0,"(2, 2, 2, 2)",0.0109,10.0,"(1, 0, 0, 2)",0.0109,5.0
c=A dc=+ h=A dh=0 L=B dL=0 preo=M,contagio Alto (sube); hospital Alto (estable); restriccion Bajo (estable); cumplimiento Medio,emergencia,9,"(2, 1, 0, 2)",0.1171,7.0,"(2, 2, 2, 2)",0.0113,10.0,"(0, 2, 0, 1)",0.0113,4.0
c=A dc=+ h=A dh=0 L=B dL=0 preo=A,contagio Alto (sube); hospital Alto (estable); restriccion Bajo (estable); cumplimiento Alto,emergencia,126,"(0, 0, 1, 2)",0.0163,5.0,"(0, 1, 2, 2)",0.0158,7.0,"(2, 2, 0, 2)",0.0157,8.0
c=A dc=+ h=A dh=0 L=B dL=+ preo=B,contagio Alto (sube); hospital Alto (estable); restriccion Bajo (sube); cumplimiento Bajo,emergencia,4,"(2, 0, 2, 1)",0.3578,6.0,"(0, 2, 0, 1)",0.0081,4.0,"(0, 2, 0, 2)",0.0081,6.0
c=A dc=+ h=A dh=0 L=B dL=+ preo=M,contagio Alto (sube); hospital Alto (estable); restriccion Bajo (sube); cumplimiento Medio,emergencia,5,"(2, 2, 0, 2)",0.9691,8.0,"(2, 2, 2, 2)",0.0004,10.0,"(1, 0, 1, 0)",0.0004,2.0
c=A dc=+ h=A dh=0 L=B dL=+ preo=A,contagio Alto (sube); hospital Alto (estable); restriccion Bajo (sube); cumplimiento Alto,emergencia,119,"(1, 1, 1, 2)",0.0243,7.0,"(0, 2, 0, 2)",0.0152,6.0,"(1, 2, 0, 1)",0.0152,5.0
c=A dc=+ h=A dh=0 L=M dL=- preo=B,contagio Alto (sube); hospital Alto (estable); restriccion Medio (baja); cumplimiento Bajo,emergencia,15,"(2, 2, 2, 2)",0.8697,10.0,"(1, 0, 0, 1)",0.0017,3.0,"(0, 2, 1, 0)",0.0017,3.0
c=A dc=+ h=A dh=0 L=M dL=- preo=M,contagio Alto (sube); hospital Alto (estable); restriccion Medio (baja); cumplimiento Medio,emergencia,9,"(2, 2, 2, 0)",0.7679,6.0,"(2, 2, 2, 2)",0.0029,10.0,"(1, 0, 0, 2)",0.0029,5.0
c=A dc=+ h=A dh=0 L=M dL=- preo=A,contagio Alto (sube); hospital Alto (estable); restriccion Medio (baja); cumplimiento Alto,emergencia,117,"(1, 2, 0, 2)",0.0434,7.0,"(2, 2, 2, 0)",0.0159,6.0,"(0, 0, 0, 2)",0.0158,4.0
c=A dc=+ h=A dh=0 L=M dL=0 preo=B,contagio Alto (sube); hospital Alto (estable); restriccion Medio (estable); cumplimiento Bajo,emergencia,1,"(2, 2, 2, 2)",0.0124,10.0,"(1, 1, 1, 0)",0.0124,3.0,"(0, 2, 1, 0)",0.0124,3.0
c=A dc=+ h=A dh=0 L=M dL=0 preo=M,contagio Alto (sube); hospital Alto (estable); restriccion Medio (estable); cumplimiento Medio,emergencia,2,"(2, 2, 2, 2)",0.0124,10.0,"(2, 2, 2, 1)",0.0124,8.0,"(0, 2, 1, 0)",0.0124,3.0
c=A dc=+ h=A dh=0 L=M dL=0 preo=A,contagio Alto (sube); hospital Alto (estable); restriccion Medio (estable); cumplimiento Alto,emergencia,47,"(0, 0, 0, 2)",0.0163,4.0,"(1, 1, 1, 1)",0.0156,5.0,"(1, 1, 0, 2)",0.0156,6.0
c=A dc=+ h=A dh=0 L=M dL=+ preo=B,contagio Alto (sube); hospital Alto (estable); restriccion Medio (sube); cumplimiento Bajo,emergencia,5,"(1, 1, 2, 1)",0.0129,6.0,"(2, 2, 2, 2)",0.0125,10.0,"(1, 0, 0, 2)",0.0125,5.0
c=A dc=+ h=A dh=0 L=M dL=+ preo=M,contagio Alto (sube); hospital Alto (estable); restriccion Medio (sube); cumplimiento Medio,emergencia,7,"(2, 2, 2, 2)",0.0124,10.0,"(1, 0, 1, 0)",0.0124,2.0,"(0, 2, 1, 1)",0.0124,5.0
c=A dc=+ h=A dh=0 L=M dL=+ preo=A,contagio Alto (sube); hospital Alto (estable); restriccion Medio (sube); cumplimiento Alto,emergencia,73,"(2, 1, 2, 2)",0.0651,9.0,"(1, 1, 1, 1)",0.0166,5.0,"(2, 1, 1, 0)",0.0166,4.0
c=A dc=+ h=A dh=0 L=A dL=- preo=B,contagio Alto (sube); hospital Alto (estable); restriccion Alto (baja); cumplimiento Bajo,emergencia,1,"(1, 2, 2, 2)",0.4075,9.0,"(2, 2, 2, 2)",0.0074,10.0,"(0, 2, 0, 2)",0.0074,6.0
c=A dc=+ h=A dh=0 L=A dL=- preo=M,contagio Alto (sube); hospital Alto (estable); restriccion Alto (baja); cumplimiento Medio,emergencia,0,"(2, 2, 2, 2)",0.0123,10.0,"(1, 1, 1, 0)",0.0123,3.0,"(0, 2, 1, 0)",0.0123,3.0
c=A dc=+ h=A dh=0 L=A dL=- preo=A,contagio Alto (sube); hospital Alto (estable); restriccion Alto (baja); cumplimiento Alto,emergencia,2,"(2, 2, 2, 2)",0.0124,10.0,"(2, 2, 2, 1)",0.0124,8.0,"(0, 2, 1, 0)",0.0124,3.0
c=A dc=+ h=A dh=0 L=A dL=0 preo=B,contagio Alto (sube); hospital Alto (estable); restriccion Alto (estable); cumplimiento Bajo,emergencia,2,"(0, 0, 2, 0)",0.0294,2.0,"(2, 2, 2, 2)",0.0122,10.0,"(1, 0, 1, 0)",0.0122,2.0
c=A dc=+ h=A dh=0 L=A dL=0 preo=M,contagio Alto (sube); hospital Alto (estable); restriccion Alto (estable); cumplimiento Medio,emergencia,0,"(2, 2, 2, 2)",0.0123,10.0,"(1, 1, 1, 0)",0.0123,3.0,"(0, 2, 1, 0)",0.0123,3.0
c=A dc=+ h=A dh=0 L=A dL=0 preo=A,contagio Alto (sube); hospital Alto (estable); restriccion Alto (estable); cumplimiento Alto,emergencia,1,"(2, 2, 2, 2)",0.0124,10.0,"(2, 2, 2, 1)",0.0124,8.0,"(0, 2, 1, 0)",0.0124,3.0
c=A dc=+ h=A dh=0 L=A dL=+ preo=B,contagio Alto (sube); hospital Alto (estable); restriccion Alto (sube); cumplimiento Bajo,emergencia,0,"(2, 2, 2, 2)",0.0123,10.0,"(1, 1, 1, 0)",0.0123,3.0,"(0, 2, 1, 0)",0.0123,3.0
c=A dc=+ h=A dh=0 L=A dL=+ preo=M,contagio Alto (sube); hospital Alto (estable); restriccion Alto (sube); cumplimiento Medio,emergencia,0,"(2, 2, 2, 2)",0.0123,10.0,"(1, 1, 1, 0)",0.0123,3.0,"(0, 2, 1, 0)",0.0123,3.0
c=A dc=+ h=A dh=0 L=A dL=+ preo=A,contagio Alto (sube); hospital Alto (estable); restriccion Alto (sube); cumplimiento Alto,emergencia,5,"(2, 0, 2, 1)",0.0494,6.0,"(1, 0, 0, 2)",0.0121,5.0,"(0, 2, 1, 1)",0.0121,5.0
c=A dc=+ h=A dh=+ L=B dL=- preo=B,contagio Alto (sube); hospital Alto (sube); restriccion Bajo (baja); cumplimiento Bajo,emergencia,1912,"(2, 2, 1, 2)",0.1574,9.0,"(2, 0, 2, 2)",0.0283,8.0,"(0, 0, 1, 0)",0.0279,1.0
c=A dc=+ h=A dh=+ L=B dL=- preo=M,contagio Alto (sube); hospital Alto (sube); restriccion Bajo (baja); cumplimiento Medio,emergencia,1011,"(2, 2, 2, 1)",0.1222,8.0,"(0, 2, 1, 1)",0.0667,5.0,"(2, 2, 1, 0)",0.0421,5.0
c=A dc=+ h=A dh=+ L=B dL=- preo=A,contagio Alto (sube); hospital Alto (sube); restriccion Bajo (baja); cumplimiento Alto,emergencia,2063,"(2, 1, 2, 2)",0.0732,9.0,"(2, 2, 2, 0)",0.0674,6.0,"(2, 0, 2, 1)",0.0431,6.0
c=A dc=+ h=A dh=+ L=B dL=0 preo=B,contagio Alto (sube); hospital Alto (sube); restriccion Bajo (estable); cumplimiento Bajo,emergencia,76,"(2, 1, 2, 0)",0.1559,5.0,"(0, 0, 2, 2)",0.0137,6.0,"(1, 0, 2, 0)",0.0137,3.0
c=A dc=+ h=A dh=+ L=B dL=0 preo=M,contagio Alto (sube); hospital Alto (sube); restriccion Bajo (estable); cumplimiento Medio,emergencia,48,"(2, 2, 2, 0)",0.0391,6.0,"(1, 1, 1, 1)",0.0137,5.0,"(0, 2, 2, 0)",0.0137,4.0
c=A dc=+ h=A dh=+ L=B dL=0 preo=A,contagio Alto (sube); hospital Alto (sube); restriccion Bajo (estable); cumplimiento Alto,emergencia,218,"(0, 2, 1, 2)",0.0268,7.0,"(0, 0, 2, 1)",0.0156,4.0,"(1, 2, 0, 2)",0.0153,7.0
c=A dc=+ h=A dh=+ L=B dL=+ preo=B,contagio Alto (sube); hospital Alto (sube); restriccion Bajo (sube); cumplimiento Bajo,emergencia,93,"(1, 0, 0, 0)",0.2518,1.0,"(0, 1, 2, 2)",0.0129,7.0,"(0, 2, 2, 1)",0.0129,6.0
c=A dc=+ h=A dh=+ L=B dL=+ preo=M,contagio Alto (sube); hospital Alto (sube); restriccion Bajo (sube); cumplimiento Medio,emergencia,57,"(1, 0, 1, 2)",0.7855,6.0,"(2, 2, 2, 2)",0.0032,10.0,"(1, 2, 1, 1)",0.0032,6.0
c=A dc=+ h=A dh=+ L=B dL=+ preo=A,contagio Alto (sube); hospital Alto (sube); restriccion Bajo (sube); cumplimiento Alto,emergencia,220,"(1, 0, 2, 2)",0.0316,7.0,"(0, 0, 1, 2)",0.0151,5.0,"(1, 1, 1, 0)",0.0151,3.0
c=A dc=+ h=A dh=+ L=M dL=- preo=B,contagio Alto (sube); hospital Alto (sube); restriccion Medio (baja); cumplimiento Bajo,emergencia,102,"(0, 0, 1, 1)",0.1101,3.0,"(1, 1, 0, 0)",0.0210,2.0,"(2, 2, 2, 2)",0.0128,10.0
c=A dc=+ h=A dh=+ L=M dL=- preo=M,contagio Alto (sube); hospital Alto (sube); restriccion Medio (baja); cumplimiento Medio,emergencia,35,"(0, 0, 0, 2)",0.1114,4.0,"(2, 1, 1, 0)",0.0188,4.0,"(2, 2, 2, 2)",0.0116,10.0
c=A dc=+ h=A dh=+ L=M dL=- preo=A,contagio Alto (sube); hospital Alto (sube); restriccion Medio (baja); cumplimiento Alto,emergencia,162,"(2, 2, 2, 1)",0.0939,8.0,"(0, 1, 0, 1)",0.0177,3.0,"(2, 1, 0, 0)",0.0155,3.0
c=A dc=+ h=A dh=+ L=M dL=0 preo=B,contagio Alto (sube); hospital Alto (sube); restriccion Medio (estable); cumplimiento Bajo,emergencia,25,"(2, 2, 2, 0)",0.3514,6.0,"(2, 2, 2, 2)",0.0084,10.0,"(1, 0, 1, 0)",0.0084,2.0
c=A dc=+ h=A dh=+ L=M dL=0 preo=M,contagio Alto (sube); hospital Alto (sube); restriccion Medio (estable); cumplimiento Medio,emergencia,6,"(0, 2, 1, 1)",0.1201,5.0,"(2, 2, 2, 2)",0.0111,10.0,"(2, 2, 2, 1)",0.0111,8.0
c=A dc=+ h=A dh=+ L=M dL=0 preo=A,contagio Alto (sube); hospital Alto (sube); restriccion Medio (estable); cumplimiento Alto,emergencia,48,"(2, 2, 2, 2)",0.0161,10.0,"(2, 0, 0, 0)",0.0161,2.0,"(1, 2, 2, 0)",0.0161,5.0
c=A dc=+ h=A dh=+ L=M dL=+ preo=B,contagio Alto (sube); hospital Alto (sube); restriccion Medio (sube); cumplimiento Bajo,emergencia,28,"(0, 2, 0, 2)",0.0301,6.0,"(0, 0, 0, 0)",0.0133,0.0,"(1, 0, 1, 1)",0.0133,4.0
c=A dc=+ h=A dh=+ L=M dL=+ preo=M,contagio Alto (sube); hospital Alto (sube); restriccion Medio (sube); cumplimiento Medio,emergencia,23,"(1, 2, 1, 0)",0.1112,4.0,"(1, 1, 1, 1)",0.0116,5.0,"(1, 1, 0, 1)",0.0116,4.0
c=A dc=+ h=A dh=+ L=M dL=+ preo=A,contagio Alto (sube); hospital Alto (sube); restriccion Medio (sube); cumplimiento Alto,emergencia,109,"(1, 1, 2, 1)",0.0216,6.0,"(0, 0, 1, 2)",0.0161,5.0,"(0, 1, 0, 2)",0.0161,5.0
c=A dc=+ h=A dh=+ L=A dL=- preo=B,contagio Alto (sube); hospital Alto (sube); restriccion Alto (baja); cumplimiento Bajo,emergencia,4,"(2, 1, 0, 0)",0.0228,3.0,"(2, 2, 2, 2)",0.0122,10.0,"(0, 2, 0, 1)",0.0122,4.0
c=A dc=+ h=A dh=+ L=A dL=- preo=M,contagio Alto (sube); hospital Alto (sube); restriccion Alto (baja); cumplimiento Medio,emergencia,0,"(2, 2, 2, 2)",0.0123,10.0,"(1, 1, 1, 0)",0.0123,3.0,"(0, 2, 1, 0)",0.0123,3.0
c=A dc=+ h=A dh=+ L=A dL=- preo=A,contagio Alto (sube); hospital Alto (sube); restriccion Alto (baja); cumplimiento Alto,emergencia,5,"(1, 1, 1, 1)",0.0125,5.0,"(2, 2, 2, 1)",0.0125,8.0,"(0, 2, 1, 0)",0.0125,3.0
c=A dc=+ h=A dh=+ L=A dL=0 preo=B,contagio Alto (sube); hospital Alto (sube); restriccion Alto (estable); cumplimiento Bajo,emergencia,3,"(2, 1, 0, 0)",0.0180,3.0,"(2, 2, 2, 2)",0.0123,10.0,"(1, 0, 0, 1)",0.0123,3.0
c=A dc=+ h=A dh=+ L=A dL=0 preo=M,contagio Alto (sube); hospital Alto (sube); restriccion Alto (estable); cumplimiento Medio,emergencia,0,"(2, 2, 2, 2)",0.0123,10.0,"(1, 1, 1, 0)",0.0123,3.0,"(0, 2, 1, 0)",0.0123,3.0
c=A dc=+ h=A dh=+ L=A dL=0 preo=A,contagio Alto (sube); hospital Alto (sube); restriccion Alto (estable); cumplimiento Alto,emergencia,1,"(2, 2, 2, 2)",0.0124,10.0,"(2, 2, 2, 1)",0.0124,8.0,"(0, 2, 1, 0)",0.0124,3.0
c=A dc=+ h=A dh=+ L=A dL=+ preo=B,contagio Alto (sube); hospital Alto (sube); restriccion Alto (sube); cumplimiento Bajo,emergencia,10,"(2, 2, 1, 1)",0.0239,7.0,"(2, 2, 2, 2)",0.0123,10.0,"(1, 0, 0, 1)",0.0123,3.0
c=A dc=+ h=A dh=+ L=A dL=+ preo=M,contagio Alto (sube); hospital Alto (sube); restriccion Alto (sube); cumplimiento Medio,emergencia,0,"(2, 2, 2, 2)",0.0123,10.0,"(1, 1, 1, 0)",0.0123,3.0,"(0, 2, 1, 0)",0.0123,3.0
c=A dc=+ h=A dh=+ L=A dL=+ preo=A,contagio Alto (sube); hospital Alto (sube); restriccion Alto (sube); cumplimiento Alto,emergencia,5,"(0, 1, 0, 0)",0.0130,1.0,"(2, 2, 2, 2)",0.0125,10.0,"(1, 0, 1, 0)",0.0125,2.0
